Participant_ID,Pred_PSS_Value,Pred_Accuracy,RMSE
Participant_0,400,0.5,27.27636339397171
Participant_1,400,0.3,8.689073598491383
Participant_2,400,0.2,21.319005605327842
Participant_3,400,0.2,17.909494688572316
Participant_4,400,0.6,30.05744500119729
Participant_5,100,0.2,32.82262938888352
Participant_6,200,0.3,19.7721394896961
Participant_7,150,0.5,22.186144324780727
Participant_8,400,0.0,31.032644102622
Participant_9,400,0.2,30.793668180325643
Participant_10,100,0.5,23.078128173662613
Participant_11,400,0.5,28.02231253840411
Participant_12,350,0.3,8.74642784226795
Participant_13,150,0.5,17.384619639209827
Participant_14,400,0.0,13.80307936657614
Participant_15,400,0.4,19.974358562917608
Participant_16,300,0.5,14.788931672030944
Participant_17,150,0.1,17.439538411322705
Participant_18,400,0.6,27.31208523712534
Participant_19,400,0.2,51.655106233556424
Participant_20,350,0.3,21.071307505705477
Participant_21,400,0.2,36.41085003127502
Participant_22,250,0.3,18.800930828020192
Participant_23,400,0.3,20.47559522944327
Participant_24,100,0.3,17.33890134927816
Participant_25,250,0.4,24.40542972373156
Participant_26,100,0.4,25.004749548835715
Participant_27,200,0.3,19.677080576142387
Participant_28,250,0.4,24.328481251405726
Participant_29,400,0.2,21.72556098240043
Participant_30,150,0.4,21.234406043023665
Participant_31,400,0.2,23.521266972678152
Participant_32,300,0.3,32.32607306803596
Participant_33,400,0.1,22.871379494905856
Participant_34,100,0.3,29.738653298359022
Participant_35,100,0.6,37.80707605726737
Participant_36,350,0.4,21.666217944071366
Participant_37,100,0.1,32.24806195727117
Participant_38,400,0.4,21.598032317783026
Participant_39,100,0.4,14.150530025408942
Participant_40,250,0.5,18.400747267434546
Participant_41,400,0.5,18.848076824970764
Participant_42,200,0.3,22.851422275210794
Participant_43,100,0.1,44.51053246142985
Participant_44,100,0.2,21.93342198563644
Participant_45,100,0.2,19.1983072170439
Participant_46,150,0.2,14.854292308959051
Participant_47,350,0.7,33.400973039718465
Participant_48,100,0.2,18.803590082747498
Participant_49,100,0.2,20.21323823636381
Participant_50,200,0.3,19.866743568083823
Participant_51,400,0.3,10.688779163215974
Participant_52,150,0.5,23.552600705654566
Participant_53,350,0.3,13.285330255586423
Participant_54,350,0.3,14.882876066137216
Participant_55,300,0.5,15.531017352382296
Participant_56,100,0.1,24.31434761617099
Participant_57,100,0.2,21.031523958096805
Participant_58,100,0.6,21.34537420613656
Participant_59,100,0.2,36.55235970494928
Participant_60,250,0.5,35.72236694285529
Participant_61,150,0.3,13.654669530969983
Participant_62,400,0.2,20.359273071502333
Participant_63,300,0.5,14.446885477499986
Participant_64,350,0.5,13.223085872821065
Participant_65,100,0.5,50.31252329192007
Participant_66,100,0.5,16.58613879117138
Participant_67,400,0.6,20.879415700636834
Participant_68,400,0.2,17.944358444926362
Participant_69,100,0.4,23.827242811538223
Participant_70,400,0.5,16.62828914831589
Participant_71,350,0.2,29.522660787943895
Participant_72,100,0.2,21.990338787749497
Participant_73,100,0.4,42.85425883153272
Participant_74,350,0.6,31.651224304914336
Participant_75,100,0.2,18.936076679185685
Participant_76,150,0.4,17.5968747225182
Participant_77,400,0.0,43.09031213625634
Participant_78,350,0.3,17.649362594722792
Participant_79,400,0.1,22.14949209349957
Participant_80,100,0.1,17.173744495595596
Participant_81,100,0.4,27.99977678482455
Participant_82,100,0.4,30.86644618351779
Participant_83,400,0.2,30.240701050074883
Participant_84,250,0.5,19.839039795312676
Participant_85,400,0.2,31.096623610932426
Participant_86,100,0.2,34.001102923287654
Participant_87,400,0.5,30.273751006441206
Participant_88,400,0.2,22.15287791687572
Participant_89,100,0.5,25.10179276466125
Participant_90,300,0.2,30.04226189886507
Participant_91,400,0.4,16.627537400348857
Participant_92,400,0.1,18.11353085403285
Participant_93,250,0.5,19.067970526513825
Participant_94,100,0.4,14.713514196139547
Participant_95,150,0.4,17.418381095842403
Participant_96,350,0.4,20.04806723851454
Participant_97,100,0.1,21.992896580487074
Participant_98,250,0.4,17.08434956326989
Participant_99,100,0.2,23.153293502221235
Participant_0,150,0.2,30.690389375177368
Participant_1,400,0.6,20.517066067057442
Participant_2,350,0.2,21.426327263439248
Participant_3,400,0.4,15.73928206748961
Participant_4,100,0.2,32.381707799311634
Participant_5,400,0.4,26.31966945081188
Participant_6,100,0.1,19.233759382918358
Participant_7,150,0.4,21.613653092432106
Participant_8,100,0.4,33.320226589865804
Participant_9,300,0.4,19.684384674152252
Participant_10,400,0.0,28.513593249536264
Participant_11,150,0.2,18.149380154705007
Participant_12,100,0.2,20.822463831160807
Participant_13,150,0.2,22.48666271370654
Participant_14,200,0.4,18.9940780244791
Participant_15,350,0.3,20.5
Participant_16,400,0.1,17.193021840269964
Participant_17,400,0.0,41.34337915555525
Participant_18,250,0.2,12.059747095192337
Participant_19,350,0.6,20.89976076418101
Participant_20,350,0.3,20.952326839756964
Participant_21,150,0.4,12.23315167894194
Participant_22,250,0.3,19.51858089103816
Participant_23,150,0.2,20.691785809832847
Participant_24,350,0.2,16.21226387646093
Participant_25,100,0.3,24.456849756254382
Participant_26,100,0.1,29.473505051147207
Participant_27,400,0.1,27.80467586576042
Participant_28,150,0.2,28.09626309671804
Participant_29,400,0.2,30.426140077242792
Participant_30,100,0.4,27.390463668948723
Participant_31,400,0.1,33.88362436340009
Participant_32,400,0.2,29.59307351391538
Participant_33,100,0.3,6.567914433060163
Participant_34,350,0.5,16.72871782295344
Participant_35,100,0.4,23.56347809641013
Participant_36,300,0.5,18.873592662765613
Participant_37,100,0.5,20.064894716892987
Participant_38,350,0.4,25.16296882325295
Participant_39,200,0.5,18.426204166892322
Participant_40,400,0.3,31.272991542223778
Participant_41,400,0.6,32.706268512320385
Participant_42,100,0.1,29.55820529057879
Participant_43,400,0.0,26.301615919939216
Participant_44,400,0.4,30.663088559373794
Participant_45,150,0.4,15.318289721767245
Participant_46,200,0.3,19.581560203415865
Participant_47,100,0.4,28.354673336153954
Participant_48,250,0.3,13.075740896790514
Participant_49,300,0.3,19.99937499023407
Participant_50,400,0.2,17.909494688572316
Participant_51,400,0.2,24.072806234421446
Participant_52,400,0.5,29.605742686174924
Participant_53,400,0.2,27.536339626028727
Participant_54,350,0.1,36.16507292955456
Participant_55,150,0.2,20.44871634113007
Participant_56,400,0.2,27.60434748368452
Participant_57,100,0.1,31.483130403439873
Participant_58,100,0.4,10.676492869851971
Participant_59,150,0.4,14.129755836531642
Participant_60,150,0.2,22.235107375499673
Participant_61,400,0.2,29.90819285747636
Participant_62,400,0.0,19.020383802647096
Participant_63,400,0.4,22.67101673944069
Participant_64,400,0.3,24.351591323771842
Participant_65,100,0.3,15.672826803100964
Participant_66,250,0.0,27.654565626673655
Participant_67,100,0.1,26.409042012159397
Participant_68,100,0.2,11.394077408899765
Participant_69,400,0.1,25.384050110256243
Participant_70,200,0.3,19.517620244281833
Participant_71,150,0.2,16.565023392678924
Participant_72,100,0.2,21.179589231144213
Participant_73,400,0.2,29.866369046136157
Participant_74,300,0.4,21.005356459722364
Participant_75,300,0.3,18.47227652456513
Participant_76,350,0.4,19.252921856175494
Participant_77,400,0.2,28.36370920736567
Participant_78,200,0.5,14.68928180681411
Participant_79,350,0.4,17.83746058159625
Participant_80,400,0.2,32.56915718897251
Participant_81,150,0.3,21.070121024806667
Participant_82,400,0.3,12.718097341976904
Participant_83,100,0.2,20.244134953116667
Participant_84,250,0.3,11.334681292387536
Participant_85,100,0.4,20.5909567529049
Participant_86,350,0.2,24.755554932176334
Participant_87,150,0.2,26.017301935442884
Participant_88,100,0.2,21.530791903689934
Participant_89,100,0.5,31.683591968083416
Participant_90,350,0.3,11.575836902790225
Participant_91,100,0.4,22.25393223679806
Participant_92,400,0.5,16.054594358002323
Participant_93,400,0.5,19.78635893740938
Participant_94,100,0.2,23.474986687962147
Participant_95,400,0.2,43.754999714318366
Participant_96,400,0.5,24.397745797511703
Participant_97,400,0.2,21.72556098240043
Participant_98,150,0.2,33.69940652296417
Participant_99,100,0.2,18.022902097054182
Participant_0,100,0.2,31.62000948766461
Participant_1,150,0.2,24.148498918152242
Participant_2,100,0.2,38.88862301496416
Participant_3,100,0.6,35.5228799508148
Participant_4,400,0.0,30.15418710560774
Participant_5,400,0.2,24.407990494917847
Participant_6,250,0.3,16.984551804507532
Participant_7,150,0.2,30.87312747358129
Participant_8,100,0.2,24.41464724299739
Participant_9,150,0.8,19.093192504136127
Participant_10,400,0.5,29.180472922829747
Participant_11,200,0.3,14.947825928876748
Participant_12,200,0.3,18.122844699439433
Participant_13,400,0.2,26.612966764342527
Participant_14,100,0.5,10.786565718522276
Participant_15,100,0.4,31.941156835656408
Participant_16,100,0.1,33.37195679009548
Participant_17,100,0.1,46.83681778259492
Participant_18,400,0.5,13.143439428094915
Participant_19,100,0.5,30.147139167755206
Participant_20,150,0.2,15.31012736720371
Participant_21,150,0.5,22.214297197975903
Participant_22,100,0.2,32.265693855858736
Participant_23,150,0.6,17.819932659805424
Participant_24,250,0.2,21.28232835006546
Participant_25,150,0.2,28.449956063234964
Participant_26,100,0.1,23.182698289888517
Participant_27,100,0.4,21.159808600268576
Participant_28,150,0.3,20.741263220932325
Participant_29,150,0.5,17.348631069914422
Participant_30,150,0.3,20.98094373473224
Participant_31,100,0.3,22.899508728354853
Participant_32,250,0.3,21.382820206885714
Participant_33,400,0.4,20.981539505002964
Participant_34,250,0.2,14.592378147512488
Participant_35,100,0.3,29.229907629002184
Participant_36,400,0.5,21.307275752662516
Participant_37,400,0.2,30.651264247988205
Participant_38,250,0.4,12.918010682763812
Participant_39,100,0.4,14.628311590884302
Participant_40,300,0.3,20.30948054480961
Participant_41,400,0.2,30.012497396917837
Participant_42,100,0.2,17.637318390276906
Participant_43,150,0.3,12.204507364084796
Participant_44,100,0.3,24.27730421607803
Participant_45,350,0.1,23.1119557805046
Participant_46,250,0.1,25.048203528397003
Participant_47,150,0.2,26.844925032489847
Participant_48,300,0.5,28.393881383143093
Participant_49,350,0.2,26.15506643080839
Participant_50,400,0.2,35.64758056306206
Participant_51,400,0.2,18.527007313648905
Participant_52,400,0.2,35.64758056306206
Participant_53,100,0.2,24.593190114338565
Participant_54,150,0.6,19.844394674567425
Participant_55,350,0.4,31.732081557943847
Participant_56,100,0.2,17.45923824226017
Participant_57,100,0.4,17.255071718193467
Participant_58,400,0.2,23.33452377915607
Participant_59,400,0.2,39.52214569073901
Participant_60,150,0.2,28.690590792104647
Participant_61,100,0.3,21.722971711991892
Participant_62,400,0.5,12.409673645990857
Participant_63,400,0.5,35.72814016989969
Participant_64,200,0.3,17.166464400102893
Participant_65,150,0.2,26.82163305990148
Participant_66,400,0.2,35.70014005574768
Participant_67,150,0.2,17.482848738120456
Participant_68,150,0.2,21.080796948882174
Participant_69,100,0.3,25.31081784534036
Participant_70,150,0.3,18.444511378727277
Participant_71,100,0.5,34.07858565140285
Participant_72,350,0.6,16.67483133347981
Participant_73,400,0.2,28.75760768909681
Participant_74,100,0.4,27.66292645401061
Participant_75,200,0.3,23.84192735497699
Participant_76,150,0.5,17.02131017283922
Participant_77,100,0.2,24.234789043851816
Participant_78,400,0.3,23.46273641330013
Participant_79,200,0.6,27.598686562950782
Participant_80,300,0.5,17.49892853862773
Participant_81,100,0.5,34.24324750954558
Participant_82,150,0.5,20.055547860878796
Participant_83,400,0.2,35.082046690579496
Participant_84,350,0.2,18.209544200775593
Participant_85,100,0.5,23.13222859994255
Participant_86,100,0.1,19.070592544543548
Participant_87,400,0.5,27.02313823374332
Participant_88,400,0.0,17.550641013934506
Participant_89,400,0.6,25.854400012377006
Participant_90,400,0.1,25.8476304523258
Participant_91,400,0.0,32.45034668535916
Participant_92,100,0.1,39.85834291588149
Participant_93,400,0.2,26.800186566514792
Participant_94,100,0.0,29.61671825169021
Participant_95,350,0.4,18.491214129959126
Participant_96,400,0.4,17.78974423649761
Participant_97,400,0.1,14.163332941084171
Participant_98,100,0.2,17.423403800635512
Participant_99,150,0.6,18.541844568434932
Participant_0,100,0.5,24.90180716333656
Participant_1,400,0.0,38.97787834143875
Participant_2,100,0.4,26.24857138969662
Participant_3,300,0.3,15.731338150329107
Participant_4,100,0.0,19.193748982416125
Participant_5,100,0.2,32.11035658475315
Participant_6,100,0.5,24.317689034939153
Participant_7,100,0.2,27.496817997724754
Participant_8,250,0.4,17.906004579469982
Participant_9,400,0.5,32.657311585615865
Participant_10,100,0.0,50.90088407876625
Participant_11,100,0.2,19.8702038238162
Participant_12,100,0.5,32.67414880299103
Participant_13,100,0.5,29.07060370890154
Participant_14,150,0.3,18.308467986153293
Participant_15,100,0.4,31.646287301988522
Participant_16,400,0.3,19.085334683992315
Participant_17,300,0.2,30.22891827373252
Participant_18,350,0.4,19.702157242292024
Participant_19,400,0.4,19.75411349567477
Participant_20,300,0.3,21.330142990613073
Participant_21,150,0.2,26.469794105734938
Participant_22,350,0.5,25.443073713684832
Participant_23,100,0.5,22.833090023034554
Participant_24,400,0.0,24.960468745598508
Participant_25,100,0.4,17.10957334359919
Participant_26,400,0.6,16.26960356001338
Participant_27,400,0.5,16.24807680927192
Participant_28,150,0.2,30.32160945596391
Participant_29,150,0.5,20.759937379481663
Participant_30,350,0.4,19.670409248411687
Participant_31,100,0.1,28.699956445959984
Participant_32,100,0.1,27.815238629211866
Participant_33,200,0.2,12.604066804012108
Participant_34,100,0.5,27.885480092693403
Participant_35,400,0.5,24.904818810824544
Participant_36,400,0.1,35.924921711814484
Participant_37,400,0.0,25.676350986851695
Participant_38,400,0.2,16.0312195418814
Participant_39,100,0.5,48.567993576016704
Participant_40,100,0.2,37.179631520497885
Participant_41,100,0.5,23.64000846023537
Participant_42,100,0.5,21.244999411626257
Participant_43,250,0.4,29.357707676179352
Participant_44,350,0.4,16.938860646454355
Participant_45,400,0.6,28.56483852571199
Participant_46,150,0.6,24.006249186409775
Participant_47,400,0.3,20.35313243704762
Participant_48,100,0.2,17.848669418194735
Participant_49,100,0.2,27.700631761748685
Participant_50,350,0.2,24.679698134296537
Participant_51,100,0.2,20.45910555229627
Participant_52,350,0.1,32.4678687320249
Participant_53,100,0.5,22.10995251012539
Participant_54,100,0.4,26.153154685429442
Participant_55,100,0.2,29.087368392482674
Participant_56,250,0.4,17.730623226497144
Participant_57,250,0.2,17.65467360219384
Participant_58,350,0.2,20.132995306213132
Participant_59,200,0.2,27.043714611717082
Participant_60,200,0.3,18.15729880791744
Participant_61,100,0.4,25.86479267266606
Participant_62,350,0.3,15.700318468107582
Participant_63,150,0.2,13.671137480107499
Participant_64,350,0.3,16.09347693943108
Participant_65,100,0.5,53.910574101932916
Participant_66,250,0.4,30.09360397160832
Participant_67,400,0.6,21.440615662802223
Participant_68,150,0.3,17.071906747636596
Participant_69,400,0.0,21.048159064393257
Participant_70,400,0.4,12.558861413360686
Participant_71,100,0.0,22.128036514792722
Participant_72,150,0.5,29.150042881615114
Participant_73,100,0.1,24.416951079117148
Participant_74,300,0.3,20.030601588569425
Participant_75,150,0.3,20.951133620880757
Participant_76,200,0.4,19.95682840533535
Participant_77,150,0.4,22.519991119003578
Participant_78,400,0.5,15.660459763365825
Participant_79,100,0.1,35.65371649632055
Participant_80,200,0.4,20.23672404318446
Participant_81,100,0.5,19.464069461446133
Participant_82,300,0.3,30.80137983922149
Participant_83,300,0.4,21.03508973120866
Participant_84,350,0.4,21.55052203544035
Participant_85,400,0.5,19.72308292331602
Participant_86,400,0.1,24.65968369626829
Participant_87,400,0.4,24.929400313685846
Participant_88,350,0.6,15.30686120666154
Participant_89,100,0.5,23.427547887049553
Participant_90,100,0.5,21.508137994721906
Participant_91,100,0.5,29.433824080469055
Participant_92,300,0.5,24.848792727213127
Participant_93,350,0.5,10.947602477255009
Participant_94,150,0.3,23.77393530739074
Participant_95,200,0.3,27.105119442644042
Participant_96,200,0.3,20.054612935681405
Participant_97,400,0.4,21.452855287816586
Participant_98,300,0.2,26.220936291444666
Participant_99,300,0.3,27.29423015950441
Participant_0,350,0.3,14.966629547095765
Participant_1,100,0.5,39.876057979695034
Participant_2,400,0.2,41.40652122552678
Participant_3,200,0.3,17.73943347460679
Participant_4,400,0.2,18.289341158171883
Participant_5,350,0.5,21.933991884743644
Participant_6,100,0.2,21.238526314224345
Participant_7,400,0.3,19.150718002205558
Participant_8,400,0.1,22.706827167175955
Participant_9,150,0.2,28.31783890059409
Participant_10,400,0.5,18.580904176062045
Participant_11,400,0.1,21.049940617493437
Participant_12,250,0.3,22.186144324780727
Participant_13,150,0.2,29.46438528121705
Participant_14,400,0.5,24.03643068344383
Participant_15,400,0.5,10.793516572461451
Participant_16,400,0.4,26.88354515312294
Participant_17,250,0.3,20.939794650378023
Participant_18,350,0.4,24.96347331602716
Participant_19,100,0.1,18.73999733191016
Participant_20,150,0.2,29.187326016612072
Participant_21,350,0.3,20.982135258357285
Participant_22,150,0.3,16.776471619503308
Participant_23,100,0.2,16.38825799162315
Participant_24,100,0.5,33.876245364561875
Participant_25,150,0.5,13.95438999025038
Participant_26,100,0.6,26.23213677914935
Participant_27,400,0.5,35.18167136450456
Participant_28,150,0.5,22.326553697335378
Participant_29,100,0.3,18.591328623850423
Participant_30,100,0.2,32.574146189885006
Participant_31,150,0.3,22.889954128394404
Participant_32,100,0.3,23.170832958700473
Participant_33,150,0.3,18.308467986153293
Participant_34,150,0.2,26.540535036053814
Participant_35,350,0.2,12.662444471743992
Participant_36,150,0.2,26.184919323916198
Participant_37,150,0.4,15.154207336578182
Participant_38,100,0.1,20.27775875189366
Participant_39,100,0.5,24.649543606322613
Participant_40,100,0.4,31.088382074337673
Participant_41,100,0.5,28.74630411026781
Participant_42,100,0.4,21.74252745197761
Participant_43,400,0.0,10.333198923857026
Participant_44,100,0.2,28.828371442036055
Participant_45,400,0.1,27.578977500987957
Participant_46,400,0.5,22.44994432064365
Participant_47,300,0.0,23.497606261064128
Participant_48,100,0.5,13.878040207464453
Participant_49,100,0.1,21.821720830401986
Participant_50,350,0.4,15.513703619703453
Participant_51,400,0.6,31.834729463276425
Participant_52,400,0.2,19.4164878389476
Participant_53,100,0.0,18.39565166010707
Participant_54,150,0.2,26.844925032489847
Participant_55,100,0.3,20.931734280751797
Participant_56,400,0.3,15.508062419270823
Participant_57,250,0.3,12.030170406108136
Participant_58,400,0.7,36.051005533826654
Participant_59,100,0.0,25.414562754452415
Participant_60,100,0.3,18.891466327418843
Participant_61,350,0.4,18.491214129959126
Participant_62,350,0.3,15.540270267920054
Participant_63,400,0.2,26.800186566514792
Participant_64,350,0.4,22.542737189613867
Participant_65,250,0.3,22.60475613670716
Participant_66,100,0.6,17.266296649832007
Participant_67,100,0.3,24.91259721506371
Participant_68,350,0.6,23.8861884778631
Participant_69,100,0.4,16.740295696313133
Participant_70,150,0.2,30.176977979910447
Participant_71,100,0.2,26.782923664155863
Participant_72,400,0.2,22.124646889837585
Participant_73,400,0.2,21.494185260204677
Participant_74,100,0.6,22.92651303622075
Participant_75,100,0.5,37.250503352303845
Participant_76,150,0.3,18.171406109599772
Participant_77,250,0.7,24.448159439925124
Participant_78,250,0.2,21.223512904323826
Participant_79,400,0.4,18.103176516843668
Participant_80,350,0.4,21.405022775040443
Participant_81,100,0.4,23.85345886868401
Participant_82,400,0.3,21.97726097583591
Participant_83,100,0.1,24.595477226514635
Participant_84,100,0.4,15.739679158102303
Participant_85,200,0.2,23.078398991264535
Participant_86,300,0.6,18.028103061609116
Participant_87,300,0.4,28.19530102694419
Participant_88,100,0.1,27.725214156071004
Participant_89,400,0.3,14.33527118683145
Participant_90,200,0.3,18.89940475253123
Participant_91,400,0.4,19.110860786474273
Participant_92,200,0.3,26.80368444822465
Participant_93,100,0.0,34.436898815079154
Participant_94,200,0.4,16.109779638468055
Participant_95,100,0.2,19.067642748908423
Participant_96,100,0.5,24.496938584239462
Participant_97,100,0.2,17.988190570482622
Participant_98,200,0.6,13.055171389146908
Participant_99,100,0.5,19.655787951644168
Participant_0,100,0.4,22.99972825926428
Participant_1,100,0.2,16.876759167565318
Participant_2,250,0.2,27.55335732719336
Participant_3,400,0.6,38.07492613256131
Participant_4,400,0.5,29.008619408720573
Participant_5,400,0.3,22.89650628371062
Participant_6,100,0.5,31.166488413037488
Participant_7,300,0.5,20.33992379533414
Participant_8,300,0.4,18.027062988740013
Participant_9,150,0.5,21.701958436970614
Participant_10,400,0.4,25.621768088873182
Participant_11,400,0.3,21.25441130683228
Participant_12,100,0.2,20.580937782326636
Participant_13,100,0.4,26.296149908304066
Participant_14,300,0.6,18.234925280899837
Participant_15,150,0.5,28.411705334245603
Participant_16,150,0.3,22.559920212624867
Participant_17,400,0.5,36.19737559547653
Participant_18,400,0.2,31.595094555959157
Participant_19,400,0.1,35.733037934102384
Participant_20,400,0.2,25.16445906432324
Participant_21,400,0.2,42.58227330709341
Participant_22,300,0.3,24.082670117742342
Participant_23,400,0.2,37.60983913818298
Participant_24,200,0.5,18.72898822681033
Participant_25,150,0.4,17.0923959701383
Participant_26,400,0.3,17.406895185529212
Participant_27,400,0.2,18.527007313648905
Participant_28,150,0.5,25.069403662632265
Participant_29,150,0.5,15.197861691698606
Participant_30,100,0.2,17.243114567849975
Participant_31,150,0.5,24.386984233397946
Participant_32,100,0.5,26.62423707827137
Participant_33,100,0.1,21.90747589294577
Participant_34,100,0.3,36.6317826484052
Participant_35,100,0.2,28.850043327523792
Participant_36,100,0.4,18.747999893321953
Participant_37,400,0.1,20.447493733951845
Participant_38,350,0.4,23.036384264897126
Participant_39,350,0.4,18.491214129959126
Participant_40,400,0.0,36.85139074716177
Participant_41,150,0.5,20.055547860878796
Participant_42,100,0.2,24.41464724299739
Participant_43,400,0.5,28.33284313301438
Participant_44,150,0.4,21.1163443805977
Participant_45,250,0.4,17.765838004439868
Participant_46,100,0.5,18.03052966498766
Participant_47,200,0.5,27.009720472452134
Participant_48,250,0.5,15.56719306747366
Participant_49,150,0.5,16.154720672298858
Participant_50,100,0.4,21.511334221753888
Participant_51,300,0.2,20.52528927932564
Participant_52,100,0.1,16.80587694825831
Participant_53,250,0.4,19.541622245862804
Participant_54,150,0.5,20.608857319123736
Participant_55,250,0.4,21.95165141851519
Participant_56,100,0.5,38.569417937013256
Participant_57,300,0.5,17.747182875036813
Participant_58,400,0.5,31.388692231439016
Participant_59,400,0.0,45.36546042971459
Participant_60,200,0.3,25.018742974018497
Participant_61,100,0.2,31.202163386534597
Participant_62,100,0.1,25.346350822159785
Participant_63,150,0.5,19.228234448331445
Participant_64,100,0.1,26.38536526182649
Participant_65,350,0.1,20.04151940347837
Participant_66,100,0.4,18.343595612638214
Participant_67,150,0.2,18.045775128821703
Participant_68,100,0.1,19.84155991851447
Participant_69,400,0.1,35.62793847530334
Participant_70,150,0.1,25.379864065829825
Participant_71,400,0.5,28.59632843565761
Participant_72,350,0.2,23.45927321977388
Participant_73,150,0.3,13.745908482162974
Participant_74,150,0.4,18.224982853215526
Participant_75,100,0.5,15.12778899905733
Participant_76,200,0.3,12.587195875174105
Participant_77,400,0.5,23.296995514443488
Participant_78,400,0.5,20.952326839756964
Participant_79,100,0.2,21.179589231144213
Participant_80,100,0.6,22.597013076953335
Participant_81,100,0.3,19.023340926346243
Participant_82,100,0.5,24.547912334860577
Participant_83,400,0.2,19.4164878389476
Participant_84,400,0.1,24.224987100099764
Participant_85,400,0.1,25.13662666309861
Participant_86,400,0.6,25.635912310662945
Participant_87,100,0.5,28.197517621237512
Participant_88,100,0.4,18.946965456241273
Participant_89,100,0.0,27.899820787954894
Participant_90,100,0.3,18.891466327418843
Participant_91,100,0.2,25.195733765858062
Participant_92,100,0.2,21.819142971253477
Participant_93,400,0.2,27.919527216627433
Participant_94,400,0.5,17.435595774162696
Participant_95,100,0.4,28.244247201863956
Participant_96,300,0.3,20.67546855575467
Participant_97,300,0.4,15.928747596719587
Participant_98,400,0.2,34.93923296238771
Participant_99,100,0.2,27.428543526771524
Participant_0,100,0.6,25.285865616980566
Participant_1,100,0.4,27.207306004086476
Participant_2,150,0.2,27.625169682736793
Participant_3,300,0.3,15.41022387897074
Participant_4,100,0.3,27.53429679508812
Participant_5,100,0.6,38.94707947972479
Participant_6,100,0.2,25.73567562742428
Participant_7,200,0.3,17.984368212422698
Participant_8,100,0.4,27.572404682943414
Participant_9,400,0.1,21.286145729088673
Participant_10,400,0.2,26.043233286210835
Participant_11,400,0.5,23.0
Participant_12,350,0.4,18.925511882112993
Participant_13,150,0.6,16.356955706976773
Participant_14,100,0.4,25.548727952678973
Participant_15,100,0.4,27.27613425689205
Participant_16,200,0.3,20.638253317565418
Participant_17,400,0.2,20.573040611440984
Participant_18,300,0.5,16.354280785164477
Participant_19,100,0.5,18.677526602845465
Participant_20,250,0.4,21.980104640333266
Participant_21,350,0.5,24.87167063146342
Participant_22,350,0.2,17.47390912188798
Participant_23,100,0.5,33.299399393983066
Participant_24,100,0.1,14.66074691139575
Participant_25,300,0.4,17.53496506982549
Participant_26,350,0.2,24.11612531067128
Participant_27,400,0.5,22.22611077089287
Participant_28,400,0.6,21.323695739716413
Participant_29,100,0.5,24.111200716679374
Participant_30,250,0.3,21.959622036820214
Participant_31,100,0.2,25.046456835249174
Participant_32,300,0.4,17.81782815047895
Participant_33,400,0.4,12.853987708100549
Participant_34,150,0.1,18.983874736207042
Participant_35,250,0.4,18.285923547909743
Participant_36,250,0.3,15.238930408660575
Participant_37,400,0.2,29.295904150580505
Participant_38,150,0.2,18.490538120887667
Participant_39,350,0.4,10.813186394398276
Participant_40,100,0.5,16.243460222501856
Participant_41,400,0.2,20.994046775217015
Participant_42,400,0.4,20.74186587556674
Participant_43,100,0.5,21.156559266572625
Participant_44,200,0.4,23.361827839447837
Participant_45,150,0.5,27.7664365736765
Participant_46,100,0.2,25.63835018093013
Participant_47,350,0.2,21.191684689991025
Participant_48,250,0.4,17.011025836204
Participant_49,300,0.3,24.13451884749311
Participant_50,250,0.3,24.15522717756966
Participant_51,250,0.5,27.17696635020178
Participant_52,250,0.3,14.738554881670048
Participant_53,400,0.2,14.474114826130128
Participant_54,350,0.1,31.091196503190417
Participant_55,100,0.4,16.962827004954097
Participant_56,100,0.5,22.72333602268822
Participant_57,100,0.2,27.45132055111375
Participant_58,100,0.5,13.185218997043622
Participant_59,300,0.3,28.39410150013555
Participant_60,100,0.1,27.949731662397046
Participant_61,400,0.2,27.536339626028727
Participant_62,100,0.6,27.48863401480692
Participant_63,100,0.5,35.585811779415685
Participant_64,200,0.2,12.504499190291469
Participant_65,250,0.2,25.74757270113049
Participant_66,400,0.3,12.010412149464313
Participant_67,250,0.3,17.705225217432282
Participant_68,400,0.4,26.813709180193626
Participant_69,400,0.4,22.698568236785334
Participant_70,100,0.2,17.060920256539504
Participant_71,400,0.5,28.61817604250837
Participant_72,150,0.6,23.82330791472922
Participant_73,100,0.3,22.008805056158774
Participant_74,350,0.4,20.54081303162073
Participant_75,150,0.5,18.734326782673563
Participant_76,400,0.0,13.342600945842607
Participant_77,250,0.2,15.904008928568922
Participant_78,100,0.5,14.233762678926468
Participant_79,100,0.5,27.479082954130767
Participant_80,100,0.3,17.730975720472916
Participant_81,350,0.6,17.69321904007295
Participant_82,400,0.1,13.850992744204294
Participant_83,400,0.6,40.58571177150895
Participant_84,150,0.3,20.0049993751562
Participant_85,100,0.5,15.332971010211947
Participant_86,150,0.4,21.234406043023665
Participant_87,400,0.4,20.981539505002964
Participant_88,400,0.1,21.635618780150477
Participant_89,100,0.4,28.726947279514402
Participant_90,400,0.0,18.248972573819053
Participant_91,100,0.1,24.595477226514635
Participant_92,150,0.2,15.752777532867022
Participant_93,350,0.2,14.154063020913819
Participant_94,100,0.2,25.368780025850672
Participant_95,250,0.3,25.95139687955159
Participant_96,150,0.2,24.122603507913485
Participant_97,400,0.2,21.982947936980608
Participant_98,350,0.2,27.82242800332135
Participant_99,100,0.5,36.879533619610754
Participant_0,150,0.5,27.059656317107947
Participant_1,400,0.0,20.65853334581136
Participant_2,400,0.5,26.603571188846058
Participant_3,200,0.2,18.030876295954116
Participant_4,400,0.2,34.813790371058424
Participant_5,150,0.2,22.981514310419147
Participant_6,350,0.6,23.14195324513469
Participant_7,100,0.5,24.826397241645836
Participant_8,100,0.2,23.341486670732866
Participant_9,150,0.3,19.72181533226594
Participant_10,400,0.1,23.80861188729826
Participant_11,100,0.5,18.099723754798028
Participant_12,100,0.4,21.914321801050562
Participant_13,100,0.2,21.90490812580596
Participant_14,350,0.2,11.525515172867545
Participant_15,100,0.2,16.653077793609203
Participant_16,200,0.5,19.481401386963928
Participant_17,100,0.2,25.418005429222806
Participant_18,350,0.2,19.081077013627926
Participant_19,100,0.2,15.805853346149963
Participant_20,200,0.3,29.23503890881625
Participant_21,150,0.3,19.973732750790475
Participant_22,350,0.3,14.5
Participant_23,150,0.5,18.566771394079264
Participant_24,350,0.4,18.115601011283065
Participant_25,400,0.4,22.698568236785334
Participant_26,400,0.2,21.9260119492807
Participant_27,100,0.4,14.798226245060588
Participant_28,100,0.5,30.333150182597258
Participant_29,350,0.4,14.165980375533492
Participant_30,100,0.2,27.56492336285374
Participant_31,350,0.2,13.521741751712314
Participant_32,100,0.0,31.57768199219189
Participant_33,100,0.2,24.820858164052268
Participant_34,100,0.3,16.489011492506155
Participant_35,250,0.4,18.079684731764544
Participant_36,150,0.5,13.637265121717038
Participant_37,100,0.5,22.334950190228767
Participant_38,100,0.2,24.567763430967826
Participant_39,200,0.5,16.568795973153872
Participant_40,150,0.2,20.479257799051215
Participant_41,400,0.4,21.684672005820147
Participant_42,100,0.2,26.430569422545556
Participant_43,100,0.2,20.397916560276443
Participant_44,400,0.5,28.552583070538468
Participant_45,300,0.3,18.027062988740013
Participant_46,400,0.5,25.352514668174436
Participant_47,100,0.3,18.25205467885739
Participant_48,100,0.0,19.323560748474904
Participant_49,100,0.2,24.896284863408837
Participant_50,100,0.2,19.74398642625141
Participant_51,400,0.5,22.282279955157193
Participant_52,400,0.4,16.85155779149216
Participant_53,350,0.4,17.907400704736578
Participant_54,100,0.5,37.53465065775889
Participant_55,350,0.2,19.945864232968198
Participant_56,100,0.1,22.637082409179854
Participant_57,350,0.2,22.001988546492793
Participant_58,150,0.3,18.240065789355036
Participant_59,400,0.3,21.719806628973473
Participant_60,100,0.2,22.018742016745644
Participant_61,250,0.5,25.270288878443793
Participant_62,400,0.4,18.240751081027337
Participant_63,400,0.0,41.222263402195665
Participant_64,400,0.2,27.536339626028727
Participant_65,400,0.1,18.72431574183687
Participant_66,250,0.5,17.531043893619113
Participant_67,350,0.5,11.395174417269795
Participant_68,300,0.2,14.959528735892718
Participant_69,400,0.6,16.61174283451318
Participant_70,150,0.3,17.362315513778686
Participant_71,150,0.4,15.957756734578956
Participant_72,100,0.5,31.782070417139284
Participant_73,350,0.1,29.226058577919808
Participant_74,100,0.3,19.121650033404542
Participant_75,400,0.4,18.780974415615393
Participant_76,150,0.2,15.910688231500233
Participant_77,100,0.4,22.02810704531826
Participant_78,350,0.5,22.854977576011752
Participant_79,150,0.6,24.521419208520538
Participant_80,100,0.4,18.27532489451282
Participant_81,100,0.5,30.701791478674334
Participant_82,300,0.3,19.588899918065845
Participant_83,100,0.3,18.95751829749875
Participant_84,100,0.2,20.026856967582308
Participant_85,350,0.3,27.253440149823287
Participant_86,400,0.2,16.454482671904334
Participant_87,100,0.1,19.524023663169434
Participant_88,400,0.3,16.859715300087366
Participant_89,150,0.4,20.63734479045209
Participant_90,400,0.6,47.16672555944498
Participant_91,100,0.3,18.354495362172177
Participant_92,300,0.3,15.889461916628894
Participant_93,200,0.4,19.1252450964687
Participant_94,300,0.5,15.81020240224647
Participant_95,100,0.2,22.606967952381407
Participant_96,100,0.5,38.16215402725585
Participant_97,400,0.2,20.96425529323663
Participant_98,150,0.2,26.72826219566098
Participant_99,200,0.2,23.693089709871103
Participant_0,100,0.5,31.146428366668303
Participant_1,100,0.3,19.669456016880588
Participant_2,400,0.5,35.90264614203248
Participant_3,150,0.3,14.498275759551547
Participant_4,100,0.2,23.6606212936178
Participant_5,400,0.2,35.75262228144951
Participant_6,200,0.4,20.019365624314872
Participant_7,300,0.3,37.53298549276356
Participant_8,350,0.4,29.037475785611942
Participant_9,150,0.4,18.73232500251904
Participant_10,400,0.4,22.4493875194848
Participant_11,400,0.3,10.452272480183437
Participant_12,400,0.2,15.190457530963313
Participant_13,400,0.4,16.925572368460692
Participant_14,100,0.4,18.513170987164788
Participant_15,350,0.2,14.801604642740598
Participant_16,200,0.3,20.085753657754545
Participant_17,400,0.1,29.9683166027056
Participant_18,400,0.5,24.576411454889016
Participant_19,100,0.2,23.501595690505784
Participant_20,400,0.4,19.59528004392895
Participant_21,150,0.2,30.19768203024861
Participant_22,400,0.2,31.811947441173732
Participant_23,400,0.5,21.88606862823929
Participant_24,100,0.3,25.872524036127594
Participant_25,100,0.4,31.10847955140206
Participant_26,200,0.3,21.23528902558192
Participant_27,400,0.1,23.331309436034662
Participant_28,400,0.4,30.845988393954894
Participant_29,200,0.3,14.175242502334836
Participant_30,150,0.4,19.676127667811063
Participant_31,300,0.2,15.042855447022017
Participant_32,200,0.4,19.41713161102844
Participant_33,150,0.5,19.51858089103816
Participant_34,100,0.2,43.35694869337555
Participant_35,100,0.2,21.530791903689934
Participant_36,400,0.1,14.163332941084171
Participant_37,100,0.1,22.71976012197312
Participant_38,100,0.3,26.208538684940066
Participant_39,100,0.2,31.65951673667809
Participant_40,350,0.3,18.681541692269406
Participant_41,400,0.2,24.279621084357967
Participant_42,400,0.2,23.33452377915607
Participant_43,100,0.6,47.38802591372635
Participant_44,100,0.2,35.66966498300762
Participant_45,100,0.5,19.687559523719543
Participant_46,250,0.4,20.7213657851021
Participant_47,350,0.5,17.352233285660954
Participant_48,400,0.1,33.62439590535419
Participant_49,100,0.2,22.440476822028536
Participant_50,100,0.3,19.764551601288606
Participant_51,100,0.4,21.189325142627833
Participant_52,350,0.5,38.92107398312641
Participant_53,250,0.3,17.669889643118886
Participant_54,400,0.4,13.237258024228431
Participant_55,100,0.5,31.34645115479582
Participant_56,400,0.2,20.994046775217015
Participant_57,100,0.5,10.611314715905847
Participant_58,100,0.4,19.338756423307057
Participant_59,400,0.0,22.51166364354265
Participant_60,400,0.2,22.48888614404902
Participant_61,150,0.3,23.77393530739074
Participant_62,350,0.4,19.702157242292024
Participant_63,350,0.3,22.863726730347352
Participant_64,100,0.4,13.331822831106031
Participant_65,400,0.2,27.536339626028727
Participant_66,100,0.4,27.413272332941208
Participant_67,100,0.2,24.770446100141193
Participant_68,300,0.4,20.06177958208095
Participant_69,100,0.0,30.59248273677702
Participant_70,100,0.6,57.50543452579069
Participant_71,400,0.4,22.58816061568538
Participant_72,100,0.1,22.02129651042372
Participant_73,350,0.2,19.438042596928323
Participant_74,300,0.4,10.838588468984327
Participant_75,100,0.2,20.580937782326636
Participant_76,400,0.1,29.335984728657056
Participant_77,250,0.4,21.780151514624503
Participant_78,100,0.3,15.552732878822294
Participant_79,400,0.4,16.09270020847962
Participant_80,400,0.2,37.85828839237189
Participant_81,150,0.4,14.608216865860118
Participant_82,350,0.5,20.21385663350762
Participant_83,400,0.2,17.014699527173555
Participant_84,400,0.0,43.88080445935329
Participant_85,400,0.5,26.057628441590765
Participant_86,350,0.2,20.318402988424065
Participant_87,250,0.4,18.25171224844398
Participant_88,100,0.2,18.43434295004842
Participant_89,400,0.0,27.09750911061753
Participant_90,100,0.1,41.50225897466306
Participant_91,350,0.7,22.150056433336687
Participant_92,350,0.2,21.309328942977064
Participant_93,150,0.6,22.913969538253294
Participant_94,400,0.3,17.406895185529212
Participant_95,100,0.5,34.53404117678671
Participant_96,100,0.1,28.547110186496987
Participant_97,350,0.2,23.0290577314835
Participant_98,400,0.2,12.175795661885921
Participant_99,150,0.3,17.683325479106017
Participant_0,350,0.6,17.586926962946084
Participant_1,100,0.2,21.2090782449403
Participant_2,400,0.4,26.105076134729046
Participant_3,100,0.2,10.299271818920015
Participant_4,400,0.5,18.848076824970764
Participant_5,150,0.4,13.996428115772966
Participant_6,100,0.4,17.649008470732852
Participant_7,100,0.1,27.792759848564877
Participant_8,350,0.1,23.778404067556764
Participant_9,150,0.2,23.41260344344473
Participant_10,400,0.5,22.169799277395363
Participant_11,100,0.2,27.222692739697887
Participant_12,100,0.5,30.043302082161343
Participant_13,150,0.3,22.971721746530015
Participant_14,100,0.5,26.741353742845558
Participant_15,100,0.2,25.22052735372518
Participant_16,100,0.5,18.509457042279767
Participant_17,100,0.4,18.37763586536636
Participant_18,400,0.3,14.807092894960848
Participant_19,350,0.3,15.09138827278657
Participant_20,150,0.3,11.945710527214361
Participant_21,400,0.4,22.309751231244153
Participant_22,400,0.4,23.188898205822543
Participant_23,300,0.3,21.908331748446756
Participant_24,250,0.5,19.002302492066587
Participant_25,100,0.1,28.76521336614766
Participant_26,100,0.2,20.64158424152565
Participant_27,400,0.5,28.574464124459098
Participant_28,400,0.0,51.15442307366979
Participant_29,350,0.4,20.01686788685982
Participant_30,100,0.4,25.888945517343885
Participant_31,250,0.4,18.89113548731256
Participant_32,350,0.2,17.3302481228631
Participant_33,150,0.2,20.812256004575765
Participant_34,150,0.2,39.21925547483022
Participant_35,100,0.3,23.465666408606427
Participant_36,350,0.3,16.740669042783207
Participant_37,300,0.2,21.737927684119295
Participant_38,400,0.2,19.189841062395487
Participant_39,400,0.0,25.480875181202077
Participant_40,400,0.2,26.471682983898095
Participant_41,150,0.2,40.65894735479511
Participant_42,100,0.2,28.610749728030548
Participant_43,100,0.3,25.58099880770882
Participant_44,200,0.3,21.26470079733077
Participant_45,400,0.5,21.88606862823929
Participant_46,100,0.3,16.22151349288962
Participant_47,400,0.3,17.727097901235837
Participant_48,150,0.2,19.574217736604442
Participant_49,150,0.4,18.052700628991772
Participant_50,100,0.4,16.888975694221365
Participant_51,150,0.6,21.18490028298458
Participant_52,150,0.4,16.610237806846715
Participant_53,400,0.5,20.130822139197395
Participant_54,100,0.4,19.627467997681208
Participant_55,100,0.4,29.542130931941927
Participant_56,300,0.3,19.90540127704036
Participant_57,400,0.6,23.71075705244352
Participant_58,350,0.4,27.6934107686287
Participant_59,100,0.2,18.670163362970342
Participant_60,150,0.4,12.58570617804182
Participant_61,100,0.2,20.88240886487955
Participant_62,250,0.3,23.658507983387288
Participant_63,350,0.2,29.4802900257104
Participant_64,250,0.4,16.789133390380815
Participant_65,150,0.2,27.07674278786132
Participant_66,400,0.6,23.231444208227778
Participant_67,400,0.5,21.94310825749169
Participant_68,150,0.5,15.763089798640367
Participant_69,150,0.2,25.605663436044768
Participant_70,100,0.1,26.878197484206414
Participant_71,300,0.3,18.33643913086726
Participant_72,400,0.1,23.250806437627062
Participant_73,300,0.3,16.392833800170123
Participant_74,250,0.3,17.950626730005837
Participant_75,350,0.4,15.98984052453307
Participant_76,400,0.3,16.140012391568973
Participant_77,100,0.4,22.75384582878244
Participant_78,400,0.5,24.06241883103193
Participant_79,100,0.2,31.85631805466539
Participant_80,150,0.5,23.973422784408573
Participant_81,400,0.2,19.448650338776723
Participant_82,400,0.4,15.377743657637163
Participant_83,150,0.2,22.009089031579656
Participant_84,100,0.2,24.18315529454335
Participant_85,350,0.1,32.77441837775309
Participant_86,400,0.3,25.0099980007996
Participant_87,300,0.2,10.78366820706201
Participant_88,400,0.6,15.238110119040353
Participant_89,100,0.2,19.034836484719275
Participant_90,350,0.5,16.04213202788208
Participant_91,400,0.0,26.67911167936444
Participant_92,150,0.4,16.459040069214243
Participant_93,100,0.4,16.40083839320417
Participant_94,150,0.2,18.792285651298513
Participant_95,250,0.4,21.722683996228458
Participant_96,100,0.3,24.0184824666339
Participant_97,150,0.5,17.24021461583353
Participant_98,100,0.5,22.72333602268822
Participant_99,100,0.5,18.237324365158393
Participant_0,200,0.2,21.215854920318435
Participant_1,100,0.2,25.39340465553999
Participant_2,100,0.4,26.813942268901826
Participant_3,250,0.3,17.167556611236208
Participant_4,400,0.3,21.37171027316251
Participant_5,150,0.5,23.23198226583345
Participant_6,400,0.2,28.605069480775605
Participant_7,100,0.3,20.264192557316463
Participant_8,400,0.6,29.5118620219057
Participant_9,250,0.3,15.842190505103769
Participant_10,100,0.5,23.023900625219873
Participant_11,100,0.2,15.884741105853756
Participant_12,400,0.4,27.252981488270233
Participant_13,100,0.5,28.89809682314737
Participant_14,100,0.2,30.77864519435513
Participant_15,150,0.6,18.676188047886004
Participant_16,150,0.1,19.915760090943053
Participant_17,400,0.2,17.944358444926362
Participant_18,350,0.2,23.881739886365065
Participant_19,150,0.4,23.78865275714453
Participant_20,250,0.3,21.088503977285825
Participant_21,100,0.1,29.998958315248213
Participant_22,400,0.0,29.24935896733465
Participant_23,300,0.3,18.907009282274128
Participant_24,100,0.3,19.381369920622227
Participant_25,400,0.0,22.400334818926257
Participant_26,200,0.3,18.498310733685926
Participant_27,350,0.4,16.975717952416623
Participant_28,300,0.5,29.43148823963885
Participant_29,100,0.2,25.759949534112057
Participant_30,100,0.1,41.87705218851967
Participant_31,400,0.4,21.713475078853683
Participant_32,400,0.4,19.88026659781
Participant_33,250,0.2,33.9365216249397
Participant_34,100,0.5,38.423300222651356
Participant_35,100,0.4,31.8235368870275
Participant_36,150,0.2,25.605663436044768
Participant_37,100,0.1,33.353223232545304
Participant_38,100,0.2,24.131411065248546
Participant_39,100,0.2,21.559800555663774
Participant_40,250,0.5,12.443371729559477
Participant_41,350,0.6,10.15135458941318
Participant_42,350,0.2,21.916603295218902
Participant_43,400,0.1,20.20148509392317
Participant_44,350,0.4,13.016335889949984
Participant_45,300,0.5,17.782364859601774
Participant_46,250,0.2,14.635146053251399
Participant_47,100,0.6,36.85274752308164
Participant_48,100,0.0,31.41894333041772
Participant_49,100,0.1,32.61422235773835
Participant_50,100,0.2,22.7172841686677
Participant_51,400,0.2,18.186533479473212
Participant_52,100,0.1,43.68852824254898
Participant_53,100,0.1,17.640507362318125
Participant_54,100,0.2,24.15729703422964
Participant_55,100,0.5,19.009208294929067
Participant_56,400,0.2,21.811694111187236
Participant_57,100,0.5,20.70869382650678
Participant_58,400,0.2,14.773286702694158
Participant_59,100,0.4,25.253465108772694
Participant_60,400,0.5,22.891046284519195
Participant_61,150,0.5,25.243315946998724
Participant_62,250,0.2,20.986602869449833
Participant_63,400,0.4,27.88772131243426
Participant_64,100,0.2,28.325342010291774
Participant_65,100,0.5,15.57562197795003
Participant_66,350,0.3,24.03643068344383
Participant_67,350,0.4,19.478834667402463
Participant_68,400,0.3,14.203872711341791
Participant_69,100,0.4,15.132332933160042
Participant_70,300,0.5,16.917816052907064
Participant_71,400,0.6,20.394852291693606
Participant_72,400,0.4,16.285729949867154
Participant_73,400,0.3,27.509089406957838
Participant_74,350,0.3,19.62778642639052
Participant_75,400,0.4,19.24123176930209
Participant_76,100,0.5,34.224990869246405
Participant_77,400,0.2,24.279621084357967
Participant_78,350,0.2,20.95441480929496
Participant_79,400,0.2,26.542418879973994
Participant_80,100,0.5,18.509457042279767
Participant_81,400,0.3,19.72941965694886
Participant_82,200,0.3,23.551804601770964
Participant_83,100,0.2,20.792426505821776
Participant_84,350,0.4,20.54081303162073
Participant_85,400,0.0,24.428978693346966
Participant_86,400,0.2,16.070158679988197
Participant_87,300,0.5,13.737266831506187
Participant_88,200,0.3,23.204256075125528
Participant_89,400,0.1,20.41690476051647
Participant_90,300,0.3,26.785723809522118
Participant_91,150,0.2,25.1127457678367
Participant_92,300,0.5,18.640346026831153
Participant_93,150,0.3,19.498717906570164
Participant_94,100,0.1,53.47838348342253
Participant_95,350,0.7,13.393095235978874
Participant_96,100,0.6,26.610618181470343
Participant_97,400,0.5,32.33032632065442
Participant_98,250,0.3,12.133630948730886
Participant_99,100,0.5,28.89809682314737
Participant_0,400,0.5,25.985572920372565
Participant_1,400,0.2,30.137186331839274
Participant_2,400,0.5,24.269322199023193
Participant_3,400,0.5,17.89553016817328
Participant_4,100,0.2,32.42028685869389
Participant_5,100,0.4,24.19168245492653
Participant_6,100,0.3,15.021234969202764
Participant_7,100,0.3,21.49156811403021
Participant_8,150,0.5,15.115389508709328
Participant_9,400,0.0,22.147798987709816
Participant_10,200,0.3,13.77270852083932
Participant_11,350,0.4,28.340342270339644
Participant_12,100,0.2,25.17091575608643
Participant_13,150,0.5,19.097774739482084
Participant_14,400,0.2,25.534290669607408
Participant_15,300,0.5,19.169311411733077
Participant_16,150,0.2,25.212100269513446
Participant_17,350,0.2,16.965774370773648
Participant_18,350,0.1,32.60233887315448
Participant_19,100,0.4,26.177041467667806
Participant_20,100,0.5,29.813587506370315
Participant_21,100,0.2,24.74520155504901
Participant_22,100,0.2,15.364732343910193
Participant_23,150,0.4,18.665476152512156
Participant_24,100,0.1,32.91940916845258
Participant_25,250,0.3,21.73073859766391
Participant_26,100,0.5,36.470536053093596
Participant_27,250,0.4,18.04508243261859
Participant_28,100,0.3,18.456367464915733
Participant_29,300,0.5,22.88476567500747
Participant_30,100,0.1,27.747747656341406
Participant_31,400,0.5,19.43579172557681
Participant_32,400,0.1,18.923530326025322
Participant_33,250,0.3,29.321067511262275
Participant_34,350,0.6,25.943207203428027
Participant_35,300,0.2,29.30507635205887
Participant_36,100,0.2,26.02546829549855
Participant_37,300,0.2,14.275415930893223
Participant_38,150,0.5,28.14649178849826
Participant_39,400,0.4,20.377070446950906
Participant_40,150,0.4,21.584716815376567
Participant_41,250,0.4,18.285923547909743
Participant_42,400,0.1,23.57116882973774
Participant_43,100,0.3,13.014895312679238
Participant_44,100,0.2,29.492795730483063
Participant_45,400,0.5,16.62828914831589
Participant_46,150,0.2,24.812295339206326
Participant_47,250,0.4,13.941843493598686
Participant_48,400,0.2,33.88583774971485
Participant_49,100,0.4,15.007914578648162
Participant_50,400,0.5,16.170961628796228
Participant_51,250,0.3,12.133630948730886
Participant_52,400,0.5,40.761501444377636
Participant_53,300,0.5,19.96778655735282
Participant_54,250,0.4,17.120893668263932
Participant_55,400,0.0,45.626472578975466
Participant_56,150,0.4,31.971080682391705
Participant_57,200,0.3,31.77558024647229
Participant_58,100,0.2,18.22978332290321
Participant_59,400,0.2,23.173260452512935
Participant_60,250,0.3,12.337949586539896
Participant_61,100,0.2,20.15130268741949
Participant_62,250,0.3,24.206920498072446
Participant_63,200,0.5,17.161730681956293
Participant_64,100,0.1,22.02129651042372
Participant_65,250,0.5,13.080042048862076
Participant_66,100,0.5,40.82095050338735
Participant_67,150,0.2,19.349418595916518
Participant_68,150,0.4,24.589631961458878
Participant_69,400,0.4,19.24123176930209
Participant_70,150,0.4,23.122499864850255
Participant_71,400,0.6,23.99895831072674
Participant_72,100,0.2,35.75716711374099
Participant_73,300,0.4,19.234734206637743
Participant_74,100,0.2,22.88176129584434
Participant_75,400,0.2,30.17863482664516
Participant_76,150,0.1,16.557098175706997
Participant_77,100,0.2,32.955652019039164
Participant_78,100,0.6,32.08387445431116
Participant_79,400,0.5,23.18943725061046
Participant_80,100,0.2,21.3266265499258
Participant_81,100,0.4,32.0973129716492
Participant_82,400,0.3,15.0996688705415
Participant_83,200,0.3,15.958931668504631
Participant_84,350,0.2,10.739529784864885
Participant_85,300,0.5,21.30052816246583
Participant_86,150,0.3,21.539498601406674
Participant_87,400,0.0,18.58830277351862
Participant_88,300,0.5,19.428394169359443
Participant_89,150,0.2,24.17436658942691
Participant_90,150,0.4,23.122499864850255
Participant_91,150,0.2,20.842264752180842
Participant_92,100,0.6,24.1479812820865
Participant_93,100,0.5,26.764715578537352
Participant_94,400,0.5,29.116146723081336
Participant_95,150,0.1,25.157255414691008
Participant_96,200,0.6,19.279198634798075
Participant_97,400,0.5,15.132745950421556
Participant_98,400,0.1,17.765134392961965
Participant_99,400,0.2,27.807373122968663
Participant_0,400,0.2,19.384271974980127
Participant_1,400,0.6,41.28801278821736
Participant_2,100,0.5,19.042058712229622
Participant_3,100,0.5,17.142053552593985
Participant_4,400,0.5,25.42636427018224
Participant_5,150,0.2,28.559586831745307
Participant_6,100,0.5,35.70854239534288
Participant_7,100,0.2,23.39497809359949
Participant_8,100,0.5,27.112727638509558
Participant_9,100,0.2,20.397916560276443
Participant_10,350,0.2,19.661828500930426
Participant_11,400,0.2,16.3783393541592
Participant_12,150,0.4,30.38749742904144
Participant_13,250,0.3,15.523369479594306
Participant_14,100,0.1,25.247524631139584
Participant_15,350,0.5,18.804254837669053
Participant_16,100,0.1,31.383713929361516
Participant_17,350,0.5,13.687585616170589
Participant_18,350,0.4,26.564544039000555
Participant_19,100,0.2,28.05931217973812
Participant_20,100,0.7,44.0096580309368
Participant_21,150,0.4,18.93145530591877
Participant_22,100,0.2,31.87593135894228
Participant_23,400,0.3,19.85572965166478
Participant_24,400,0.0,25.259156755521353
Participant_25,100,0.1,25.931399885081408
Participant_26,200,0.5,23.441949577626858
Participant_27,400,0.3,19.019726601610234
Participant_28,200,0.3,16.64894891577243
Participant_29,100,0.1,28.061316790200706
Participant_30,400,0.4,26.813709180193626
Participant_31,250,0.3,17.27642902917151
Participant_32,400,0.2,24.73863375370596
Participant_33,100,0.4,30.947334295541513
Participant_34,400,0.5,20.346989949375804
Participant_35,100,0.4,28.177783802137455
Participant_36,400,0.5,31.04834939252005
Participant_37,100,0.6,15.592466129512676
Participant_38,100,0.4,23.536939053326368
Participant_39,100,0.3,18.388515437631174
Participant_40,100,0.7,28.863471724655717
Participant_41,250,0.3,14.567944261288206
Participant_42,400,0.4,15.73928206748961
Participant_43,100,0.3,15.831534985591258
Participant_44,400,0.4,15.659661554452574
Participant_45,350,0.2,22.50749875041649
Participant_46,400,0.2,29.21044333795706
Participant_47,100,0.2,17.988190570482622
Participant_48,100,0.5,14.36488774756002
Participant_49,200,0.4,14.47497841103744
Participant_50,100,0.4,24.702985649512083
Participant_51,100,0.3,17.766189799729148
Participant_52,100,0.2,24.719931229677805
Participant_53,300,0.5,25.297480111663294
Participant_54,100,0.4,25.20391834616197
Participant_55,100,0.1,42.32242313478754
Participant_56,350,0.2,23.352462396929365
Participant_57,350,0.5,18.837462674150146
Participant_58,100,0.2,36.32939581110592
Participant_59,100,0.4,20.223439371185112
Participant_60,400,0.4,18.309150717605664
Participant_61,200,0.4,17.59332259694001
Participant_62,400,0.2,21.61018278497431
Participant_63,100,0.2,14.485337414088772
Participant_64,400,0.1,34.6135811496008
Participant_65,100,0.1,24.107830678018296
Participant_66,100,0.3,15.870964053894143
Participant_67,350,0.2,21.62955154412592
Participant_68,150,0.2,17.44706279005151
Participant_69,400,0.0,34.48586667027523
Participant_70,400,0.5,19.241881404893856
Participant_71,250,0.3,22.65998676080814
Participant_72,100,0.6,26.8211670141327
Participant_73,150,0.2,26.961083064298435
Participant_74,350,0.2,22.001988546492793
Participant_75,350,0.1,20.6860460214126
Participant_76,100,0.6,23.835372873106056
Participant_77,400,0.4,32.25251928144529
Participant_78,400,0.1,22.898689918857805
Participant_79,400,0.1,27.82714502064486
Participant_80,400,0.2,17.874562931719478
Participant_81,250,0.4,24.173849507267146
Participant_82,350,0.1,27.16454490691865
Participant_83,400,0.3,18.688231591030757
Participant_84,400,0.4,17.542092235534508
Participant_85,400,0.2,19.704060495238032
Participant_86,400,0.6,28.367234620244535
Participant_87,100,0.5,20.70869382650678
Participant_88,300,0.4,11.123174007449492
Participant_89,400,0.5,16.439282222773596
Participant_90,100,0.5,35.10840355242602
Participant_91,350,0.2,18.482085921237353
Participant_92,100,0.2,25.540653867902442
Participant_93,100,0.5,20.064894716892987
Participant_94,400,0.5,29.201883500897676
Participant_95,350,0.5,19.996249648371567
Participant_96,300,0.4,21.93684115819778
Participant_97,200,0.3,18.05373922488081
Participant_98,150,0.0,30.36712860973194
Participant_99,100,0.2,16.950663703819977
Participant_0,350,0.2,23.75052630995785
Participant_1,100,0.5,43.36011992603341
Participant_2,100,0.2,22.68975539753569
Participant_3,350,0.4,17.590480380023735
Participant_4,250,0.5,19.74430297579532
Participant_5,250,0.4,23.358617253596154
Participant_6,100,0.2,28.281177486094883
Participant_7,400,0.5,43.76356932426787
Participant_8,150,0.3,20.921281031523858
Participant_9,100,0.5,30.558959406367226
Participant_10,400,0.0,28.271452032041086
Participant_11,150,0.2,25.012996621756457
Participant_12,100,0.5,24.471411892246838
Participant_13,150,0.3,19.81665965797465
Participant_14,100,0.3,19.827695277061327
Participant_15,400,0.5,17.471405209656147
Participant_16,400,0.3,24.351591323771842
Participant_17,250,0.4,24.354157755915107
Participant_18,400,0.2,29.656365252673833
Participant_19,400,0.5,19.78635893740938
Participant_20,100,0.2,17.49499928551013
Participant_21,100,0.5,11.184811129384348
Participant_22,350,0.5,28.082022719170357
Participant_23,350,0.4,13.763175505674553
Participant_24,150,0.3,15.618898808814915
Participant_25,300,0.3,23.21045023259997
Participant_26,350,0.2,16.81777333656272
Participant_27,400,0.6,43.08073815523592
Participant_28,150,0.5,20.669421859355428
Participant_29,100,0.2,25.83263439914714
Participant_30,400,0.0,30.891341829062718
Participant_31,400,0.1,19.3481265242917
Participant_32,100,0.4,20.254320526741942
Participant_33,100,0.4,11.357266396452978
Participant_34,400,0.5,19.144189719076646
Participant_35,100,0.3,18.08003042032839
Participant_36,350,0.2,16.59329683938668
Participant_37,400,0.2,25.85053190942113
Participant_38,300,0.3,21.9653135648003
Participant_39,400,0.3,32.71849629796577
Participant_40,300,0.5,14.403558588071213
Participant_41,400,0.3,20.627651344736268
Participant_42,150,0.3,25.742960202742807
Participant_43,350,0.2,19.534264767326157
Participant_44,400,0.0,24.708804098944164
Participant_45,400,0.3,26.419689627245813
Participant_46,100,0.2,20.52011208546386
Participant_47,200,0.3,25.950674365033368
Participant_48,100,0.6,26.844459391092233
Participant_49,400,0.3,14.115594213493104
Participant_50,400,0.5,25.937424698685874
Participant_51,100,0.4,25.93718373301157
Participant_52,400,0.5,17.96524422322168
Participant_53,100,0.4,12.30802583682696
Participant_54,100,0.1,29.957261223282746
Participant_55,150,0.5,18.29549124784574
Participant_56,150,0.4,23.814911295236858
Participant_57,100,0.5,25.026985435725177
Participant_58,100,0.2,25.68705899864755
Participant_59,150,0.7,28.561556330144196
Participant_60,400,0.1,16.751119365582706
Participant_61,150,0.3,16.09192344003662
Participant_62,100,0.1,40.956531835593694
Participant_63,200,0.3,28.123611076815866
Participant_64,150,0.4,12.078907235342111
Participant_65,100,0.2,18.969053745508763
Participant_66,100,0.4,21.942823428173504
Participant_67,200,0.3,22.465250944514285
Participant_68,400,0.2,29.402380855978315
Participant_69,100,0.4,19.499679484545382
Participant_70,100,0.4,23.510370052383266
Participant_71,100,0.2,28.369437780823223
Participant_72,250,0.4,26.160561920570437
Participant_73,300,0.2,17.030487368246394
Participant_74,250,0.4,28.051292305346646
Participant_75,150,0.3,12.949903474543738
Participant_76,400,0.4,15.579634142045826
Participant_77,250,0.4,11.911129249571596
Participant_78,150,0.2,17.58976975403601
Participant_79,400,0.2,26.40075756488817
Participant_80,100,0.5,24.801209647918387
Participant_81,100,0.5,17.751056306597643
Participant_82,200,0.3,24.717149916606484
Participant_83,400,0.1,16.936646657470305
Participant_84,350,0.5,26.619541694026214
Participant_85,250,0.4,15.592466129512676
Participant_86,150,0.2,24.122603507913485
Participant_87,100,0.6,20.077973005261263
Participant_88,100,0.2,35.29978753477137
Participant_89,300,0.3,19.1370060354278
Participant_90,100,0.5,16.548413821270003
Participant_91,400,0.2,24.510201957552287
Participant_92,400,0.4,24.087860012877858
Participant_93,100,0.5,22.25084268067167
Participant_94,250,0.4,16.564268773477444
Participant_95,300,0.3,21.908331748446756
Participant_96,350,0.5,24.157814470684222
Participant_97,400,0.5,27.730849247724095
Participant_98,100,0.4,20.377377161941133
Participant_99,350,0.2,21.07338368653691
Participant_0,350,0.2,19.788569933171015
Participant_1,400,0.3,13.481468762712764
Participant_2,100,0.4,21.248235220836577
Participant_3,100,0.2,26.312069473912537
Participant_4,300,0.3,19.169637450927443
Participant_5,350,0.2,25.526212018237253
Participant_6,100,0.2,36.001041651596694
Participant_7,150,0.4,22.26881227187476
Participant_8,100,0.6,20.14013406112283
Participant_9,300,0.3,20.030601588569425
Participant_10,100,0.5,19.845654436173174
Participant_11,400,0.6,20.456050449683584
Participant_12,100,0.1,17.498214194597114
Participant_13,300,0.4,21.592243977873167
Participant_14,150,0.2,30.893364983439405
Participant_15,250,0.6,25.10926123963029
Participant_16,100,0.1,27.680092124124155
Participant_17,100,0.1,20.154093876927337
Participant_18,100,0.1,31.897296123652865
Participant_19,250,0.2,17.65467360219384
Participant_20,100,0.2,22.35676631357943
Participant_21,300,0.3,15.450728138181708
Participant_22,300,0.5,21.475858539299423
Participant_23,400,0.1,28.928359787585606
Participant_24,100,0.3,21.722971711991892
Participant_25,100,0.4,18.913949878330545
Participant_26,100,0.2,31.26219761948926
Participant_27,150,0.2,34.830302898481946
Participant_28,100,0.2,17.637318390276906
Participant_29,100,0.5,19.33520105920805
Participant_30,400,0.3,18.986837546047525
Participant_31,400,0.3,23.515952032609693
Participant_32,100,0.2,26.782923664155863
Participant_33,100,0.2,21.79047957251056
Participant_34,400,0.2,22.433234274174556
Participant_35,100,0.2,25.096314470455617
Participant_36,100,0.6,30.300577552251376
Participant_37,100,0.4,19.176482993500137
Participant_38,200,0.4,23.627843744192994
Participant_39,150,0.2,19.349418595916518
Participant_40,100,0.3,16.22151349288962
Participant_41,400,0.4,18.5802314302056
Participant_42,150,0.3,18.813558940296225
Participant_43,400,0.4,24.165574687972974
Participant_44,350,0.4,24.380832635494627
Participant_45,100,0.3,23.224717436386605
Participant_46,150,0.1,23.406996817191224
Participant_47,150,0.2,18.080376102282827
Participant_48,400,0.6,33.55517843791029
Participant_49,100,0.2,24.5168309534491
Participant_50,350,0.4,23.359687497909725
Participant_51,400,0.5,20.83266665599966
Participant_52,100,0.1,44.552637407902125
Participant_53,400,0.2,29.06028217344078
Participant_54,400,0.2,34.56153931757091
Participant_55,100,0.1,26.503537499737654
Participant_56,100,0.5,17.85637141190785
Participant_57,100,0.4,14.326112522244127
Participant_58,100,0.5,28.81145605484041
Participant_59,150,0.1,23.406996817191224
Participant_60,100,0.3,17.83640939202731
Participant_61,400,0.5,14.84082207965583
Participant_62,400,0.2,18.861336113860016
Participant_63,400,0.2,26.377073378219958
Participant_64,350,0.3,15.7797338380595
Participant_65,150,0.6,23.453144778472673
Participant_66,250,0.2,15.58645245076634
Participant_67,300,0.3,20.18601000693302
Participant_68,350,0.1,24.70652747757159
Participant_69,400,0.2,12.579745625409124
Participant_70,100,0.3,18.658443129050184
Participant_71,100,0.5,43.15784980742205
Participant_72,400,0.5,30.087372766660767
Participant_73,400,0.2,31.555506650979318
Participant_74,400,0.6,49.97199215560652
Participant_75,350,0.2,25.915005305806904
Participant_76,350,0.5,23.97602969634464
Participant_77,150,0.2,13.897841559033546
Participant_78,400,0.2,16.147755261955144
Participant_79,400,0.0,21.892350262134944
Participant_80,400,0.4,21.569075084481486
Participant_81,350,0.5,21.032118295597332
Participant_82,100,0.4,21.423993558624872
Participant_83,200,0.4,16.031999251496988
Participant_84,100,0.2,25.929230609487817
Participant_85,100,0.4,24.753535101071925
Participant_86,100,0.1,66.43558910704412
Participant_87,100,0.0,24.411063065749513
Participant_88,150,0.4,21.584716815376567
Participant_89,100,0.4,23.589987282743497
Participant_90,100,0.2,25.953323486598013
Participant_91,350,0.4,29.144896637318855
Participant_92,400,0.4,23.80073528275965
Participant_93,400,0.0,15.86741944992947
Participant_94,100,0.2,30.595342782848505
Participant_95,350,0.4,23.83642171132236
Participant_96,100,0.3,15.632898003889105
Participant_97,350,0.2,19.37362898375005
Participant_98,400,0.3,14.551632210855248
Participant_99,100,0.5,42.26523393996536
Participant_0,100,0.2,18.903042083220363
Participant_1,400,0.6,52.24653098531997
Participant_2,400,0.5,21.828879952943073
Participant_3,100,0.6,46.32089161490742
Participant_4,100,0.1,39.22610737761268
Participant_5,400,0.0,27.48681502102417
Participant_6,400,0.4,24.57590283183916
Participant_7,250,0.4,28.711931317833706
Participant_8,100,0.2,28.7849787215485
Participant_9,400,0.5,34.31836243179444
Participant_10,350,0.2,19.725301011644916
Participant_11,400,0.2,27.829840100151493
Participant_12,400,0.0,47.38697078311717
Participant_13,400,0.5,25.524498036200438
Participant_14,150,0.4,17.98332561013118
Participant_15,400,0.4,24.854074112708364
Participant_16,200,0.4,12.125386591775126
Participant_17,400,0.5,26.057628441590765
Participant_18,400,0.5,35.815499438092445
Participant_19,100,0.2,41.06184360205957
Participant_20,400,0.0,23.08733418998391
Participant_21,100,0.4,23.800997878240313
Participant_22,300,0.3,27.860814776312626
Participant_23,150,0.5,15.802689644487739
Participant_24,100,0.6,43.19288135792749
Participant_25,350,0.1,16.931110418398436
Participant_26,400,0.3,18.48648154733615
Participant_27,250,0.2,23.699947257325277
Participant_28,150,0.2,22.84513077222365
Participant_29,100,0.3,17.51820481670425
Participant_30,400,0.3,23.03258561256204
Participant_31,100,0.2,18.70360927735607
Participant_32,350,0.5,17.884350701101788
Participant_33,350,0.4,17.977068726574977
Participant_34,150,0.4,9.534149149242422
Participant_35,100,0.4,26.31990691472901
Participant_36,300,0.3,18.506080081962253
Participant_37,300,0.3,22.07883602004417
Participant_38,100,0.4,24.854325579262856
Participant_39,400,0.3,13.573871960498227
Participant_40,100,0.2,27.790735866471763
Participant_41,400,0.2,25.26361019331956
Participant_42,400,0.5,21.453437952924933
Participant_43,100,0.5,18.407878747970937
Participant_44,250,0.3,26.26261601592652
Participant_45,250,0.4,17.765838004439868
Participant_46,400,0.0,41.614600803083526
Participant_47,350,0.6,23.8861884778631
Participant_48,150,0.4,12.43583531573171
Participant_49,150,0.2,23.11709324287982
Participant_50,400,0.0,46.292818017485175
Participant_51,200,0.3,24.717149916606484
Participant_52,400,0.2,22.572106680591425
Participant_53,400,0.1,28.580587817607952
Participant_54,100,0.5,39.71901307938051
Participant_55,100,0.0,24.615036055224458
Participant_56,300,0.5,23.47791515445952
Participant_57,150,0.2,29.12301495381273
Participant_58,100,0.3,19.413590600401566
Participant_59,400,0.4,26.390812795364983
Participant_60,400,0.4,17.145699169179426
Participant_61,200,0.4,19.768029745020115
Participant_62,100,0.2,26.852839700858457
Participant_63,250,0.3,17.56345637965375
Participant_64,400,0.0,31.273391245594073
Participant_65,100,0.4,19.659285337977064
Participant_66,400,0.2,20.81465829649865
Participant_67,100,0.2,26.24071264276182
Participant_68,150,0.3,15.417522498767433
Participant_69,100,0.3,20.07828428925141
Participant_70,150,0.3,11.840608092492547
Participant_71,400,0.5,33.581989220413966
Participant_72,100,0.4,19.84911836833062
Participant_73,300,0.5,18.740664342546665
Participant_74,400,0.3,19.345542122153102
Participant_75,150,0.2,28.251548630119377
Participant_76,400,0.2,18.728320800328042
Participant_77,400,0.4,26.673488710702994
Participant_78,400,0.6,22.353970564532826
Participant_79,350,0.5,16.91449082887215
Participant_80,100,0.6,21.198466925700075
Participant_81,100,0.4,28.66160323499019
Participant_82,100,0.5,20.40465633133771
Participant_83,300,0.4,15.41022387897074
Participant_84,350,0.2,16.6684582370416
Participant_85,200,0.3,16.535945694153693
Participant_86,250,0.2,23.19347968718795
Participant_87,100,0.2,22.468311017964833
Participant_88,100,0.5,40.48271235972214
Participant_89,100,0.1,39.400983490263286
Participant_90,100,0.3,22.45857297336587
Participant_91,100,0.4,21.011603936872596
Participant_92,400,0.5,25.985572920372565
Participant_93,100,0.1,29.978117018918983
Participant_94,400,0.2,18.117670931993437
Participant_95,100,0.0,48.730380667505564
Participant_96,400,0.2,30.116440692751194
Participant_97,100,0.5,17.961069010501575
Participant_98,150,0.2,28.029448799432355
Participant_99,400,0.5,15.378556499229699
Participant_0,100,0.2,21.675446938875332
Participant_1,100,0.1,26.456331945301866
Participant_2,100,0.4,17.999652774428732
Participant_3,300,0.3,11.724973347517682
Participant_4,150,0.3,30.56059554393533
Participant_5,350,0.3,17.327723451163457
Participant_6,400,0.4,18.411273720196547
Participant_7,100,0.5,17.431293698403454
Participant_8,100,0.2,22.523876220579798
Participant_9,350,0.2,20.894676355473898
Participant_10,400,0.6,22.241852440837746
Participant_11,100,0.4,14.106292921955081
Participant_12,100,0.5,20.799038439312525
Participant_13,400,0.2,18.7949461292125
Participant_14,350,0.5,18.33303030052588
Participant_15,100,0.5,28.854808957953612
Participant_16,100,0.4,20.952028541408588
Participant_17,150,0.3,22.670465367962787
Participant_18,100,0.4,16.131878377919914
Participant_19,400,0.4,20.771976314255706
Participant_20,250,0.2,21.25294097295713
Participant_21,150,0.4,19.802777582955375
Participant_22,100,0.3,23.358884819271662
Participant_23,100,0.1,19.29863984844528
Participant_24,350,0.5,13.82389236069205
Participant_25,400,0.2,29.949958263743873
Participant_26,400,0.5,17.72004514666935
Participant_27,250,0.3,17.77568564078472
Participant_28,100,0.2,25.24529659164257
Participant_29,150,0.2,15.432109382712397
Participant_30,400,0.6,30.735972410190637
Participant_31,100,0.4,19.880580977426188
Participant_32,400,0.5,24.677925358506133
Participant_33,100,0.3,28.405765259890465
Participant_34,100,0.2,17.953411931997774
Participant_35,300,0.3,18.19958790742252
Participant_36,100,0.4,17.578040277573606
Participant_37,100,0.3,19.5419420733969
Participant_38,400,0.6,15.998437423698602
Participant_39,100,0.1,16.04485898972004
Participant_40,200,0.4,14.47497841103744
Participant_41,200,0.3,11.871710070583767
Participant_42,100,0.5,41.20194170181789
Participant_43,400,0.5,25.42636427018224
Participant_44,400,0.5,41.7612260356422
Participant_45,300,0.2,15.77299908070751
Participant_46,150,0.2,24.78709341572747
Participant_47,400,0.0,48.14587209720061
Participant_48,250,0.4,32.39405809712639
Participant_49,100,0.5,29.22071183253413
Participant_50,400,0.2,24.78911051248108
Participant_51,100,0.3,18.456367464915733
Participant_52,100,0.3,23.278477183870944
Participant_53,400,0.2,21.840329667841555
Participant_54,100,0.2,18.803590082747498
Participant_55,400,0.6,19.929877069364977
Participant_56,100,0.4,26.767284135675773
Participant_57,100,0.2,19.553132741328177
Participant_58,150,0.1,18.003819039303856
Participant_59,400,0.2,22.03973684053419
Participant_60,150,0.2,22.06581065811995
Participant_61,250,0.4,17.695338369186388
Participant_62,350,0.2,24.6036074590699
Participant_63,200,0.2,22.530257433060992
Participant_64,100,0.0,18.898412631752965
Participant_65,400,0.5,19.974984355438178
Participant_66,200,0.5,15.796360340280922
Participant_67,200,0.3,23.44541533008106
Participant_68,100,0.2,27.01527345780531
Participant_69,100,0.3,22.65253848909654
Participant_70,400,0.5,25.029982021567655
Participant_71,350,0.2,20.532596036546376
Participant_72,200,0.3,15.682394587562195
Participant_73,400,0.0,36.40776016181166
Participant_74,100,0.5,34.67852361332587
Participant_75,400,0.4,24.0098937940175
Participant_76,300,0.3,14.096985493359918
Participant_77,150,0.5,22.93414484998296
Participant_78,100,0.1,29.431063521388417
Participant_79,100,0.2,26.264519793820714
Participant_80,150,0.2,26.469794105734938
Participant_81,350,0.2,27.11710714659659
Participant_82,100,0.6,29.738443133425797
Participant_83,350,0.5,20.120884672399473
Participant_84,400,0.3,15.427248620541512
Participant_85,350,0.4,12.822831200635841
Participant_86,150,0.2,29.52795285826635
Participant_87,100,0.1,34.78415587591569
Participant_88,250,0.3,16.574830315873523
Participant_89,100,0.2,22.468311017964833
Participant_90,100,0.1,16.880091824394796
Participant_91,350,0.6,17.33637793773544
Participant_92,100,0.5,28.63738814906136
Participant_93,400,0.0,30.688352839473154
Participant_94,100,0.6,43.7964039619693
Participant_95,100,0.5,27.020362691866296
Participant_96,100,0.3,23.170832958700473
Participant_97,400,0.4,25.524008305906815
Participant_98,150,0.2,17.55420177621301
Participant_99,150,0.5,15.920898215867092
Participant_0,350,0.4,15.022483150265138
Participant_1,300,0.5,28.217237639428845
Participant_2,350,0.6,13.436889521016388
Participant_3,100,0.4,26.837240916308815
Participant_4,400,0.5,13.656500283747663
Participant_5,150,0.2,35.890806622309285
Participant_6,250,0.4,22.81720841820927
Participant_7,100,0.4,31.58698307847712
Participant_8,350,0.4,27.806024527069667
Participant_9,400,0.4,19.88026659781
Participant_10,400,0.4,26.200667930417346
Participant_11,250,0.4,22.402566817219853
Participant_12,100,0.4,26.88377763633675
Participant_13,400,0.3,18.24828759089466
Participant_14,400,0.5,21.365860619221497
Participant_15,400,0.3,12.913171570144957
Participant_16,250,0.4,28.20682541513667
Participant_17,250,0.5,16.765664317288472
Participant_18,100,0.1,31.24399942388938
Participant_19,100,0.5,21.79678875430966
Participant_20,100,0.3,20.509449041844103
Participant_21,100,0.5,25.398818870175834
Participant_22,400,0.6,25.168432609123677
Participant_23,100,0.2,21.267933609074483
Participant_24,200,0.3,18.833148966649205
Participant_25,100,0.2,30.30800224363196
Participant_26,100,0.5,17.538529014715003
Participant_27,250,0.4,15.90990257669732
Participant_28,100,0.2,37.078632660873566
Participant_29,150,0.3,23.589192440607203
Participant_30,400,0.0,28.84050970423373
Participant_31,400,0.4,20.438321848919006
Participant_32,150,0.2,19.89095271725314
Participant_33,100,0.2,36.82492362517538
Participant_34,100,0.3,16.826690108277386
Participant_35,100,0.2,21.090874804047367
Participant_36,350,0.2,22.115322742388365
Participant_37,400,0.1,24.65968369626829
Participant_38,350,0.6,28.92749557082327
Participant_39,100,0.3,23.465666408606427
Participant_40,200,0.3,22.24157143728833
Participant_41,350,0.6,30.525399260288143
Participant_42,300,0.5,22.665226669945305
Participant_43,200,0.6,20.535031044534605
Participant_44,400,0.5,17.790446874657196
Participant_45,150,0.5,17.2039239710015
Participant_46,100,0.5,18.976301009416982
Participant_47,400,0.2,16.75559608011604
Participant_48,150,0.3,23.322735688593653
Participant_49,400,0.5,19.75474626513841
Participant_50,400,0.2,21.696773953747133
Participant_51,100,0.2,19.067642748908423
Participant_52,400,0.1,15.226621424334422
Participant_53,100,0.3,10.278010507875539
Participant_54,100,0.3,13.852346371644046
Participant_55,150,0.4,16.459040069214243
Participant_56,250,0.5,18.603427103627975
Participant_57,200,0.4,13.721333754413235
Participant_58,300,0.5,19.201887928013743
Participant_59,100,0.5,19.782568084048137
Participant_60,200,0.3,24.968730444297723
Participant_61,150,0.2,26.540535036053814
Participant_62,100,0.4,22.918060563668995
Participant_63,300,0.5,28.809069752423454
Participant_64,100,0.5,26.671145457216493
Participant_65,200,0.3,22.353690970396812
Participant_66,100,0.2,27.01527345780531
Participant_67,100,0.3,15.792007472136023
Participant_68,100,0.0,44.43703410444941
Participant_69,400,0.1,16.601204775557708
Participant_70,400,0.3,10.63014581273465
Participant_71,400,0.5,23.243278598338918
Participant_72,100,0.5,14.919785521246611
Participant_73,300,0.3,25.149055648274352
Participant_74,100,0.2,16.11908806353511
Participant_75,200,0.3,20.054612935681405
Participant_76,100,0.2,26.430569422545556
Participant_77,400,0.3,15.548311805466213
Participant_78,150,0.3,20.160605149647665
Participant_79,250,0.3,21.470328362649695
Participant_80,100,0.4,16.247692143809225
Participant_81,100,0.2,22.440476822028536
Participant_82,400,0.3,21.459263733874934
Participant_83,100,0.5,18.509457042279767
Participant_84,400,0.5,23.80126047082381
Participant_85,400,0.0,49.09709767389514
Participant_86,400,0.4,20.223130321490785
Participant_87,100,0.2,16.727970588209438
Participant_88,350,0.6,19.53970317072396
Participant_89,100,0.4,26.650281424405257
Participant_90,250,0.4,19.573579131063383
Participant_91,100,0.2,22.662193186009162
Participant_92,100,0.6,30.321197205915205
Participant_93,100,0.1,29.55820529057879
Participant_94,100,0.4,31.92158360733377
Participant_95,150,0.2,22.514439810930227
Participant_96,100,0.4,27.88794542450196
Participant_97,150,0.3,18.102486017119308
Participant_98,400,0.2,13.629013170439011
Participant_99,100,0.4,24.423093579643016
Participant_0,100,0.5,21.47905956972977
Participant_1,250,0.0,40.1687067255096
Participant_2,400,0.4,29.815683792259403
Participant_3,400,0.5,21.77154105707724
Participant_4,400,0.4,26.15291570743117
Participant_5,400,0.2,14.256577429383253
Participant_6,100,0.2,23.60773178431168
Participant_7,100,0.2,23.448347489748613
Participant_8,100,0.4,14.456399966796713
Participant_9,250,0.4,24.53314085069419
Participant_10,400,0.7,47.69355302344333
Participant_11,250,0.5,13.641389225441813
Participant_12,100,0.2,19.9016330988188
Participant_13,100,0.2,24.41464724299739
Participant_14,400,0.5,25.129663746258124
Participant_15,200,0.6,27.50795339533641
Participant_16,100,0.2,22.77224187470351
Participant_17,250,0.4,21.665064043293295
Participant_18,400,0.1,27.213967002258233
Participant_19,150,0.4,15.681198933755034
Participant_20,400,0.2,34.03307215048327
Participant_21,250,0.3,23.552600705654566
Participant_22,100,0.3,19.605802712462452
Participant_23,300,0.3,25.859717709209434
Participant_24,150,0.4,20.239812252093643
Participant_25,400,0.2,32.817678162843876
Participant_26,100,0.2,22.990759013133953
Participant_27,150,0.4,22.85060174262376
Participant_28,100,0.1,31.32391259086259
Participant_29,400,0.0,46.535201729443486
Participant_30,400,0.2,25.705057868053906
Participant_31,100,0.6,26.255951706232246
Participant_32,400,0.3,17.514279888136993
Participant_33,100,0.4,21.857207049392198
Participant_34,300,0.5,20.3091728044251
Participant_35,400,0.2,18.527007313648905
Participant_36,100,0.2,15.566791576943528
Participant_37,400,0.0,27.21258899847642
Participant_38,400,0.3,15.98436736314578
Participant_39,400,0.5,17.109938632268673
Participant_40,400,0.2,17.76935564391686
Participant_41,200,0.3,24.462982238476158
Participant_42,100,0.3,17.157724208064426
Participant_43,100,0.2,25.319458919969044
Participant_44,100,0.5,29.813587506370315
Participant_45,100,0.3,15.672826803100964
Participant_46,100,0.1,50.37298383062095
Participant_47,100,0.3,18.658443129050184
Participant_48,400,0.4,23.02661503564951
Participant_49,150,0.5,19.70976915136248
Participant_50,400,0.1,20.78100093835713
Participant_51,150,0.3,16.437761404765553
Participant_52,100,0.2,28.214801080284087
Participant_53,400,0.4,21.011306480083526
Participant_54,400,0.5,30.785548557724287
Participant_55,150,0.4,11.764352935882194
Participant_56,100,0.3,17.230423674419615
Participant_57,100,0.5,41.30798954197601
Participant_58,400,0.2,21.66794868002045
Participant_59,400,0.5,17.073371078963874
Participant_60,100,0.5,24.496938584239462
Participant_61,300,0.5,19.071247992724544
Participant_62,250,0.3,18.99934209387262
Participant_63,100,0.2,20.912316944805518
Participant_64,400,0.4,16.400457310697163
Participant_65,100,0.1,39.03443992168967
Participant_66,100,0.5,19.687559523719543
Participant_67,100,0.3,22.954030147231226
Participant_68,150,0.2,20.356817039999154
Participant_69,150,0.1,27.278883774817473
Participant_70,400,0.0,27.441300989566802
Participant_71,100,0.3,14.811735212324043
Participant_72,100,0.4,36.60925429450865
Participant_73,400,0.5,20.316249653910045
Participant_74,100,0.2,24.053586011237496
Participant_75,100,0.1,18.403464347779742
Participant_76,400,0.2,19.767397400770797
Participant_77,100,0.1,18.972018869904172
Participant_78,100,0.3,21.780438471252133
Participant_79,100,0.2,24.234789043851816
Participant_80,100,0.4,23.29672723796199
Participant_81,300,0.5,25.543345513068566
Participant_82,350,0.2,26.815806905629373
Participant_83,100,0.2,42.39486997267476
Participant_84,400,0.2,21.754309917807092
Participant_85,150,0.4,19.030239094661948
Participant_86,100,0.5,37.700795747570105
Participant_87,150,0.3,22.027255843613386
Participant_88,100,0.4,17.825192846081638
Participant_89,100,0.4,36.999831080695486
Participant_90,400,0.4,7.086959855960806
Participant_91,400,0.5,20.09975124224178
Participant_92,400,0.3,25.821502667350714
Participant_93,100,0.2,19.807195662182973
Participant_94,100,0.4,22.141307549465093
Participant_95,400,0.2,18.828170383762732
Participant_96,350,0.4,19.155286476583953
Participant_97,100,0.5,23.850576512948276
Participant_98,150,0.4,20.54628920267599
Participant_99,400,0.2,14.035668847618199
Participant_0,100,0.1,20.614012224698033
Participant_1,100,0.2,17.024247413615676
Participant_2,250,0.2,23.514623109886326
Participant_3,200,0.4,14.9841583013528
Participant_4,100,0.1,26.1951808545007
Participant_5,200,0.6,16.59630983080275
Participant_6,300,0.2,14.749152518026248
Participant_7,400,0.4,14.923974001585503
Participant_8,100,0.0,28.388377903642187
Participant_9,100,0.3,21.722971711991892
Participant_10,150,0.4,24.334132406971076
Participant_11,100,0.4,13.095323592794491
Participant_12,250,0.2,25.108514492100085
Participant_13,100,0.5,26.950881247187446
Participant_14,150,0.2,24.04474994671394
Participant_15,300,0.4,15.164926640112704
Participant_16,400,0.4,19.56335860735574
Participant_17,150,0.6,19.71801207018598
Participant_18,300,0.5,16.354280785164477
Participant_19,250,0.5,18.502364713733215
Participant_20,200,0.3,24.488517717493643
Participant_21,100,0.4,18.714633311929997
Participant_22,350,0.5,19.996249648371567
Participant_23,150,0.5,24.667286028260182
Participant_24,400,0.5,25.104780421266383
Participant_25,200,0.4,16.71900116633766
Participant_26,100,0.4,25.327603518690825
Participant_27,100,0.4,17.895180915542596
Participant_28,100,0.4,22.084779826840023
Participant_29,400,0.1,20.960677469967425
Participant_30,100,0.1,20.029665498954294
Participant_31,100,0.4,16.054205056619903
Participant_32,350,0.2,14.020966443152199
Participant_33,350,0.2,18.982557783396842
Participant_34,200,0.6,18.78663088475419
Participant_35,100,0.4,24.24329804296437
Participant_36,350,0.1,14.023640754098059
Participant_37,100,0.2,21.238526314224345
Participant_38,300,0.2,21.737927684119295
Participant_39,100,0.5,17.82133552795637
Participant_40,400,0.5,24.5
Participant_41,400,0.4,34.11707783500808
Participant_42,400,0.2,31.83158808479401
Participant_43,150,0.4,19.70786644972002
Participant_44,100,0.2,31.93469899654606
Participant_45,100,0.4,18.913949878330545
Participant_46,350,0.2,23.539063277879176
Participant_47,400,0.1,32.48999846106491
Participant_48,350,0.2,27.46065367029707
Participant_49,100,0.1,23.76841391426866
Participant_50,400,0.0,28.818830649420875
Participant_51,100,0.3,17.302817689613445
Participant_52,100,0.3,29.379201827142957
Participant_53,100,0.2,22.88176129584434
Participant_54,150,0.2,21.433618453261687
Participant_55,100,0.2,31.322116786705205
Participant_56,400,0.2,30.385029208476993
Participant_57,250,0.3,15.115389508709328
Participant_58,200,0.2,24.92714383959783
Participant_59,300,0.3,17.992359489516655
Participant_60,400,0.3,16.635804759614125
Participant_61,150,0.4,23.230368055629253
Participant_62,400,0.1,24.735601872604597
Participant_63,400,0.2,38.80399463972749
Participant_64,400,0.1,25.92006944435142
Participant_65,100,0.2,20.792426505821776
Participant_66,250,0.5,16.502651302139302
Participant_67,100,0.3,26.704634429252163
Participant_68,300,0.5,18.539484890363052
Participant_69,100,0.4,14.0619166545674
Participant_70,150,0.4,20.75813093705693
Participant_71,350,0.4,20.32670657042109
Participant_72,100,0.0,24.023946386886564
Participant_73,250,0.4,14.075688260259247
Participant_74,300,0.3,25.297727170637287
Participant_75,400,0.1,28.139829423790047
Participant_76,350,0.3,14.5
Participant_77,150,0.2,21.980673329086166
Participant_78,400,0.6,26.89702585788994
Participant_79,150,0.6,22.1934675073545
Participant_80,100,0.2,29.130310674622063
Participant_81,250,0.3,23.895083176251973
Participant_82,400,0.5,35.58791929854849
Participant_83,100,0.2,20.089176190177636
Participant_84,100,0.4,30.25289242370058
Participant_85,300,0.3,26.90213746154755
Participant_86,400,0.2,20.29778313018444
Participant_87,100,0.1,23.397382332218278
Participant_88,100,0.2,21.090874804047367
Participant_89,400,0.6,43.49942528355978
Participant_90,100,0.3,22.234826286706177
Participant_91,300,0.3,18.268141667942036
Participant_92,400,0.5,25.5
Participant_93,100,0.4,17.327362753748766
Participant_94,150,0.5,31.220586157213642
Participant_95,350,0.5,15.687574701017363
Participant_96,400,0.5,23.958297101421877
Participant_97,100,0.4,17.399353436263084
Participant_98,400,0.5,11.302654555457314
Participant_99,400,0.1,23.304506002058915
Participant_0,100,0.7,19.60484633961715
Participant_1,400,0.4,24.828914595688634
Participant_2,400,0.6,18.599731180853126
Participant_3,400,0.0,30.708712118875972
Participant_4,100,0.2,22.523876220579798
Participant_5,250,0.3,26.475932467053923
Participant_6,150,0.3,14.964959071110083
Participant_7,350,0.2,13.146767663574192
Participant_8,400,0.5,42.089191011469914
Participant_9,100,0.4,17.073005007906488
Participant_10,100,0.3,18.49020010708375
Participant_11,200,0.3,19.09679292446771
Participant_12,300,0.2,14.664156982247565
Participant_13,150,0.4,13.024976007655447
Participant_14,400,0.5,31.70567772497538
Participant_15,300,0.4,25.641275319297204
Participant_16,100,0.4,26.033392018713197
Participant_17,400,0.0,51.61661554189697
Participant_18,100,0.0,24.867649667791284
Participant_19,100,0.3,22.06552741268606
Participant_20,300,0.4,26.219744468625166
Participant_21,150,0.2,18.286607121059937
Participant_22,400,0.4,17.03599131251246
Participant_23,100,0.2,20.15130268741949
Participant_24,100,0.4,23.26988397048855
Participant_25,100,0.4,22.338028113510827
Participant_26,100,0.1,34.11286414243166
Participant_27,150,0.2,25.751698973077485
Participant_28,400,0.1,14.683323874382122
Participant_29,250,0.4,18.65810815704529
Participant_30,400,0.3,18.214005600086985
Participant_31,400,0.2,37.29276069158732
Participant_32,200,0.3,15.11414900019184
Participant_33,100,0.1,29.642663510555188
Participant_34,400,0.5,30.967725134404045
Participant_35,200,0.5,25.632498902760144
Participant_36,150,0.4,11.65761553663527
Participant_37,400,0.5,20.89258241577618
Participant_38,100,0.1,19.556009306604455
Participant_39,150,0.2,26.611087914626864
Participant_40,350,0.2,22.645915746553506
Participant_41,400,0.2,24.253865671269807
Participant_42,100,0.4,21.248235220836577
Participant_43,100,0.6,23.571699132646334
Participant_44,150,0.4,12.928650354928777
Participant_45,100,0.3,17.302817689613445
Participant_46,400,0.6,32.166753022336586
Participant_47,100,0.2,16.727970588209438
Participant_48,250,0.4,18.957188610128878
Participant_49,100,0.3,15.552732878822294
Participant_50,250,0.2,28.314086600135983
Participant_51,100,0.4,27.481584743242156
Participant_52,250,0.3,14.865227882545225
Participant_53,100,0.5,25.765286724583525
Participant_54,100,0.5,28.21967398819483
Participant_55,250,0.3,20.57850820637881
Participant_56,400,0.6,20.819462048765814
Participant_57,100,0.3,23.358884819271662
Participant_58,400,0.2,25.753640519351823
Participant_59,400,0.2,26.870057685088806
Participant_60,100,0.4,19.111187822843455
Participant_61,200,0.2,26.64793613021466
Participant_62,100,0.3,20.5703062689888
Participant_63,400,0.3,20.59732992404598
Participant_64,150,0.4,18.698930450696906
Participant_65,100,0.5,20.374003043093914
Participant_66,350,0.6,13.575713609236164
Participant_67,100,0.2,27.65546962175837
Participant_68,400,0.6,52.58041460467956
Participant_69,400,0.5,19.11151485361639
Participant_70,100,0.5,29.26345844222791
Participant_71,250,0.3,20.517675306915255
Participant_72,150,0.4,15.721005056929407
Participant_73,150,0.5,17.131112047966997
Participant_74,400,0.3,15.264337522473747
Participant_75,400,0.2,29.146183283579344
Participant_76,100,0.2,20.580937782326636
Participant_77,400,0.2,18.728320800328042
Participant_78,100,0.5,30.29191311224829
Participant_79,250,0.4,19.60548392669765
Participant_80,400,0.5,22.726636354727024
Participant_81,150,0.5,16.23191301110254
Participant_82,400,0.2,15.953056133543816
Participant_83,350,0.4,18.491214129959126
Participant_84,150,0.4,17.632356620712955
Participant_85,100,0.5,25.0019999200064
Participant_86,200,0.3,15.237699957670777
Participant_87,400,0.4,21.247941076725528
Participant_88,100,0.2,25.24529659164257
Participant_89,100,0.1,29.83182025958188
Participant_90,100,0.1,23.07460725559592
Participant_91,400,0.0,21.284383946922212
Participant_92,150,0.4,18.964440408301005
Participant_93,400,0.1,23.250806437627062
Participant_94,150,0.2,23.83589729798314
Participant_95,300,0.4,14.31694799878801
Participant_96,400,0.4,22.25365138578386
Participant_97,400,0.3,17.937391114652097
Participant_98,400,0.2,16.605721905415614
Participant_99,100,0.2,37.31387141533293
Participant_0,400,0.2,40.33608806019741
Participant_1,350,0.5,19.29637271613502
Participant_2,150,0.2,27.214885632682712
Participant_3,250,0.4,18.1142209327368
Participant_4,100,0.2,24.820858164052268
Participant_5,150,0.4,21.20495225177364
Participant_6,100,0.4,21.59832169405762
Participant_7,100,0.5,32.65501492879769
Participant_8,400,0.1,24.986996618241257
Participant_9,100,0.3,16.489011492506155
Participant_10,150,0.6,31.285779517218362
Participant_11,400,0.0,24.171781068014
Participant_12,400,0.5,16.24807680927192
Participant_13,200,0.3,17.491069149711805
Participant_14,250,0.4,28.449516691852605
Participant_15,400,0.4,13.284389334854652
Participant_16,100,0.5,30.985480470697883
Participant_17,400,0.5,34.5
Participant_18,250,0.4,18.89113548731256
Participant_19,100,0.5,15.535443347391151
Participant_20,400,0.5,39.87793876318083
Participant_21,100,0.1,35.56595984927161
Participant_22,300,0.3,15.850078864157112
Participant_23,350,0.2,24.679698134296537
Participant_24,100,0.2,20.52011208546386
Participant_25,100,0.4,26.438371735036934
Participant_26,100,0.4,27.504317842840603
Participant_27,150,0.5,22.466085551337155
Participant_28,100,0.5,23.560560264985213
Participant_29,100,0.6,31.57332735078772
Participant_30,350,0.2,21.571682827262226
Participant_31,150,0.2,32.45227264768987
Participant_32,100,0.5,34.13356119715609
Participant_33,100,0.4,20.1925109879876
Participant_34,200,0.3,20.33316256758894
Participant_35,100,0.2,24.28631301782961
Participant_36,350,0.2,14.674382440157405
Participant_37,400,0.2,21.0535032714273
Participant_38,100,0.2,16.0802674107118
Participant_39,200,0.3,17.80975856096876
Participant_40,350,0.6,12.670832648251654
Participant_41,400,0.4,14.36923797562
Participant_42,100,0.6,49.415331628959045
Participant_43,300,0.3,16.08493083603408
Participant_44,150,0.5,25.119215752089076
Participant_45,350,0.4,20.69238990547008
Participant_46,400,0.3,21.863211109075447
Participant_47,300,0.5,22.912060143077486
Participant_48,100,0.5,46.58433213001985
Participant_49,150,0.2,23.704429965725815
Participant_50,150,0.5,17.880855684222723
Participant_51,100,0.2,12.59265659025132
Participant_52,100,0.3,25.23663012369124
Participant_53,400,0.2,17.839562774911272
Participant_54,100,0.2,23.844810756221154
Participant_55,100,0.5,28.352248588074985
Participant_56,100,0.6,22.81720841820927
Participant_57,100,0.1,30.206580408910902
Participant_58,100,0.5,21.333072915077192
Participant_59,400,0.0,18.385456208644918
Participant_60,100,0.2,19.77561629886664
Participant_61,350,0.2,19.276604991543504
Participant_62,150,0.4,27.173516518846064
Participant_63,350,0.4,26.72872986133086
Participant_64,350,0.4,22.066377138080462
Participant_65,100,0.1,45.34520371549785
Participant_66,100,0.2,24.079555643740605
Participant_67,150,0.3,17.82414093301554
Participant_68,250,0.5,19.585389962929
Participant_69,100,0.3,26.798087618335753
Participant_70,400,0.4,26.41448466277546
Participant_71,250,0.3,14.61078368876906
Participant_72,400,0.6,31.24019846287792
Participant_73,400,0.2,22.929238975596203
Participant_74,100,0.5,24.445858544956035
Participant_75,400,0.3,23.059705115200412
Participant_76,400,0.2,17.08800749063506
Participant_77,400,0.5,18.275666882497067
Participant_78,150,0.4,20.818261214616363
Participant_79,150,0.3,16.246538092775335
Participant_80,350,0.2,22.14356565686746
Participant_81,300,0.5,13.180003793626161
Participant_82,100,0.1,18.232868671714826
Participant_83,400,0.4,18.64738587577358
Participant_84,100,0.3,16.974613397659457
Participant_85,100,0.4,16.209179498049863
Participant_86,100,0.1,29.74789908548165
Participant_87,400,0.3,14.849242404917497
Participant_88,400,0.0,33.790161289937636
Participant_89,400,0.4,22.917787851361222
Participant_90,400,0.0,32.043330039182884
Participant_91,100,0.5,15.854021571828392
Participant_92,200,0.3,28.212364310706043
Participant_93,150,0.3,11.519548602267365
Participant_94,100,0.1,23.42407949098534
Participant_95,150,0.5,22.044840666242067
Participant_96,100,0.1,25.907286619790966
Participant_97,100,0.3,28.11827697423866
Participant_98,400,0.4,18.103176516843668
Participant_99,350,0.4,21.434201641302156
Participant_0,200,0.3,16.611366590380214
Participant_1,100,0.4,32.0973129716492
Participant_2,100,0.2,25.540653867902442
Participant_3,100,0.5,39.60871116307624
Participant_4,100,0.5,22.138202275704323
Participant_5,350,0.6,27.60072462816873
Participant_6,250,0.1,17.425914610143135
Participant_7,100,0.2,21.179589231144213
Participant_8,100,0.4,20.952028541408588
Participant_9,400,0.3,24.708298201211672
Participant_10,350,0.2,23.432616157825827
Participant_11,350,0.2,26.059307358408436
Participant_12,350,0.4,25.993749248617444
Participant_13,400,0.6,24.565219315121126
Participant_14,100,0.4,17.684385768241995
Participant_15,100,0.4,25.004749548835715
Participant_16,400,0.0,57.166642371229045
Participant_17,300,0.3,21.212614171761103
Participant_18,200,0.3,13.40475661845451
Participant_19,150,0.3,10.848963084092414
Participant_20,100,0.2,20.611283317639394
Participant_21,100,0.6,44.546324203013654
Participant_22,100,0.4,19.531704994700284
Participant_23,100,0.5,34.570218396764574
Participant_24,300,0.5,15.490723030252655
Participant_25,100,0.2,18.126637857032396
Participant_26,200,0.3,27.87808278917329
Participant_27,100,0.4,15.214713273670325
Participant_28,150,0.2,32.72078849905668
Participant_29,150,0.3,20.284230328015898
Participant_30,100,0.3,17.41084432185872
Participant_31,100,0.1,26.31420718927325
Participant_32,100,0.2,18.636657425622225
Participant_33,100,0.2,33.10702342404101
Participant_34,100,0.2,25.467135685035334
Participant_35,100,0.5,25.17637781731121
Participant_36,100,0.2,15.606889504318277
Participant_37,150,0.3,19.46663812783296
Participant_38,150,0.3,15.254507530562892
Participant_39,250,0.3,20.456661506707295
Participant_40,100,0.4,28.199955673724027
Participant_41,250,0.4,21.6072904363319
Participant_42,100,0.3,27.07651196147687
Participant_43,100,0.1,14.872373717735847
Participant_44,100,0.6,24.558603380485625
Participant_45,400,0.6,24.968980756130197
Participant_46,400,0.4,16.01483687085198
Participant_47,250,0.3,18.60040322143582
Participant_48,150,0.5,26.781056737925784
Participant_49,350,0.4,25.31155862447036
Participant_50,400,0.2,22.181073012818835
Participant_51,100,0.2,32.59332753800999
Participant_52,150,0.2,16.48939052845799
Participant_53,400,0.1,35.89011005834337
Participant_54,100,0.1,54.3708331736787
Participant_55,250,0.4,16.18255233268226
Participant_56,300,0.4,24.18625642797992
Participant_57,400,0.6,13.9534941860453
Participant_58,100,0.5,30.06409819036653
Participant_59,100,0.2,30.7176659269548
Participant_60,400,0.2,28.735866091002023
Participant_61,250,0.5,19.489420206871213
Participant_62,100,0.6,62.973208589049996
Participant_63,300,0.3,12.989418770676384
Participant_64,100,0.2,14.135947085356538
Participant_65,150,0.3,30.865838721797275
Participant_66,150,0.2,17.941571837495175
Participant_67,100,0.4,19.75442988294018
Participant_68,100,0.4,27.138303189403718
Participant_69,200,0.3,8.714212528966687
Participant_70,100,0.2,21.73303936406503
Participant_71,150,0.2,24.482646915723798
Participant_72,100,0.2,39.542066208027116
Participant_73,250,0.3,20.334084685571664
Participant_74,100,0.2,20.274984586923857
Participant_75,400,0.0,31.05277765353689
Participant_76,200,0.5,26.091665335888393
Participant_77,400,0.5,17.684739183827393
Participant_78,400,0.6,36.99256682091688
Participant_79,400,0.5,21.540659228538015
Participant_80,400,0.5,19.176808910765107
Participant_81,100,0.1,36.70745837020046
Participant_82,100,0.4,29.008403954716293
Participant_83,400,0.3,14.551632210855248
Participant_84,400,0.4,12.508996762330703
Participant_85,400,0.4,25.22845615569847
Participant_86,150,0.1,20.44229683768436
Participant_87,400,0.1,26.303041649208556
Participant_88,100,0.4,16.81480002854628
Participant_89,400,0.4,14.965794332410157
Participant_90,100,0.2,32.727282196968325
Participant_91,400,0.2,23.706539182259394
Participant_92,400,0.6,56.56589078234338
Participant_93,100,0.1,16.161296358893985
Participant_94,400,0.2,34.106451002706216
Participant_95,100,0.2,23.897175565325707
Participant_96,100,0.2,25.270041551212376
Participant_97,400,0.4,21.684672005820147
Participant_98,100,0.5,53.88738256772173
Participant_99,100,0.6,21.751436734156208
Participant_0,200,0.3,20.998511852033705
Participant_1,100,0.1,20.8851023459307
Participant_2,400,0.3,16.896745248715803
Participant_3,100,0.5,28.89809682314737
Participant_4,150,0.2,20.661558508495915
Participant_5,100,0.3,22.346979661690302
Participant_6,150,0.3,16.9617216107328
Participant_7,400,0.3,20.38381711063951
Participant_8,100,0.2,24.15729703422964
Participant_9,400,0.0,18.655428164478025
Participant_10,100,0.5,21.739365216123492
Participant_11,400,0.6,20.1791972090071
Participant_12,400,0.5,28.81405906844782
Participant_13,100,0.2,16.502272570770366
Participant_14,150,0.4,14.261837188805655
Participant_15,400,0.2,16.0312195418814
Participant_16,400,0.3,12.519984025548915
Participant_17,400,0.0,59.47079114994183
Participant_18,400,0.4,20.377070446950906
Participant_19,400,0.2,17.944358444926362
Participant_20,150,0.3,18.780308836651223
Participant_21,100,0.1,19.967160539245434
Participant_22,150,0.3,27.36695087144346
Participant_23,250,0.4,14.684175155588413
Participant_24,200,0.5,14.77413280026953
Participant_25,150,0.2,26.469794105734938
Participant_26,100,0.5,31.366383278918214
Participant_27,100,0.4,20.530160739750677
Participant_28,400,0.2,36.78654645383282
Participant_29,150,0.2,27.145902084845144
Participant_30,350,0.2,15.0112457844111
Participant_31,150,0.4,25.042963083469175
Participant_32,350,0.1,22.06042837299403
Participant_33,400,0.2,17.804493814764857
Participant_34,150,0.1,28.511182016885936
Participant_35,100,0.6,24.40542972373156
Participant_36,400,0.6,20.879415700636834
Participant_37,150,0.5,18.46550838726083
Participant_38,100,0.5,19.33520105920805
Participant_39,400,0.4,14.923974001585503
Participant_40,100,0.1,25.222757581200355
Participant_41,350,0.4,26.54100600956942
Participant_42,250,0.4,13.486103959261177
Participant_43,100,0.4,26.31990691472901
Participant_44,400,0.4,15.255326938482833
Participant_45,100,0.3,28.559367990205946
Participant_46,250,0.3,15.279888743050455
Participant_47,400,0.3,18.553975315279473
Participant_48,100,0.4,26.34364249681505
Participant_49,100,0.4,25.17910840359523
Participant_50,150,0.2,18.825514601200148
Participant_51,100,0.0,23.284114756631826
Participant_52,100,0.5,38.82782507429434
Participant_53,350,0.2,22.05872843116756
Participant_54,250,0.3,16.23191301110254
Participant_55,150,0.2,24.60995733437992
Participant_56,100,0.4,28.857191478035418
Participant_57,100,0.4,26.626819186677178
Participant_58,100,0.1,43.90259103970972
Participant_59,100,0.4,19.817605808977028
Participant_60,350,0.4,23.386427687870587
Participant_61,350,0.6,23.330237889914454
Participant_62,400,0.1,20.569394740730704
Participant_63,300,0.3,15.850078864157112
Participant_64,200,0.3,18.019087102292392
Participant_65,100,0.2,20.732221299224065
Participant_66,400,0.6,19.162463307205574
Participant_67,100,0.5,18.373894524569362
Participant_68,100,0.2,27.29148218767167
Participant_69,100,0.3,20.60066746491482
Participant_70,350,0.2,12.463446553822903
Participant_71,100,0.2,25.071398046379464
Participant_72,400,0.5,19.176808910765107
Participant_73,100,0.0,27.629694171307797
Participant_74,300,0.5,21.562989124887114
Participant_75,400,0.2,27.694764848252458
Participant_76,300,0.5,14.746609779878222
Participant_77,200,0.3,25.635668510885374
Participant_78,100,0.5,21.624060673240816
Participant_79,200,0.3,23.920441049445557
Participant_80,100,0.5,34.407121355905375
Participant_81,100,0.4,26.626819186677178
Participant_82,100,0.6,24.0182222489509
Participant_83,250,0.3,30.75670658571883
Participant_84,100,0.5,18.9103146457165
Participant_85,100,0.1,23.820946664647902
Participant_86,400,0.1,18.65743819499344
Participant_87,100,0.2,23.207218704532433
Participant_88,400,0.5,23.56374333589636
Participant_89,150,0.5,12.388502734390464
Participant_90,350,0.2,18.91659324508512
Participant_91,100,0.3,31.414765636560144
Participant_92,100,0.4,19.943357290085338
Participant_93,100,0.5,42.61865788595413
Participant_94,150,0.6,20.372775952235866
Participant_95,150,0.4,28.233844938300557
Participant_96,150,0.5,10.71097567918068
Participant_97,100,0.2,32.071404708867995
Participant_98,150,0.5,19.550575439101532
Participant_99,100,0.5,20.189105973271822
Participant_0,400,0.6,22.879029699705363
Participant_1,100,0.2,18.298223957532052
Participant_2,100,0.6,27.21442632134655
Participant_3,150,0.5,18.667485101105612
Participant_4,400,0.0,13.80307936657614
Participant_5,200,0.3,15.278661590597522
Participant_6,400,0.1,20.569394740730704
Participant_7,400,0.2,26.939747586048387
Participant_8,400,0.0,28.818830649420875
Participant_9,100,0.2,15.242211125686456
Participant_10,400,0.4,22.835827114427016
Participant_11,100,0.5,28.6155552104096
Participant_12,150,0.3,15.85717503214239
Participant_13,400,0.3,12.864680330268607
Participant_14,400,0.2,30.651264247988205
Participant_15,350,0.2,14.674382440157405
Participant_16,150,0.2,19.859506539690255
Participant_17,100,0.6,27.168455973794316
Participant_18,150,0.2,21.491858923787863
Participant_19,400,0.5,18.172781845386247
Participant_20,150,0.4,10.995453605922767
Participant_21,150,0.5,10.048631747655996
Participant_22,400,0.2,38.23610858861032
Participant_23,350,0.3,17.613914953808536
Participant_24,350,0.3,21.94310825749169
Participant_25,350,0.5,17.02498164463034
Participant_26,150,0.3,14.324803663575986
Participant_27,100,0.2,23.60773178431168
Participant_28,400,0.2,20.049937655763422
Participant_29,400,0.0,31.25339981506012
Participant_30,350,0.2,24.856337220113506
Participant_31,250,0.3,17.669889643118886
Participant_32,100,0.0,20.084820138602186
Participant_33,400,0.2,23.65375234502974
Participant_34,100,0.5,23.771832070751298
Participant_35,400,0.6,28.146047679914137
Participant_36,100,0.3,20.901853984754556
Participant_37,400,0.4,27.115032730940968
Participant_38,400,0.5,25.401771591761076
Participant_39,300,0.3,17.46353343398752
Participant_40,400,0.6,21.787611158637837
Participant_41,100,0.5,22.613049329977592
Participant_42,300,0.5,17.99201211649214
Participant_43,400,0.2,23.65375234502974
Participant_44,400,0.4,19.88026659781
Participant_45,400,0.5,19.78635893740938
Participant_46,350,0.6,18.008331405213532
Participant_47,400,0.5,26.67395733669828
Participant_48,400,0.0,42.314595590646974
Participant_49,100,0.5,30.82369218636859
Participant_50,200,0.3,20.60794749605113
Participant_51,100,0.2,26.922574171130073
Participant_52,100,0.4,32.01933009917603
Participant_53,400,0.5,20.952326839756964
Participant_54,100,0.4,18.37763586536636
Participant_55,400,0.6,20.08606482116395
Participant_56,150,0.2,13.111064030047295
Participant_57,200,0.3,15.880412463157246
Participant_58,400,0.6,48.65387959865071
Participant_59,150,0.4,16.49696941865384
Participant_60,150,0.5,16.385206742668828
Participant_61,100,0.1,46.340452091018705
Participant_62,400,0.2,20.573040611440984
Participant_63,100,0.5,29.518638179970296
Participant_64,350,0.1,34.193018293213015
Participant_65,150,0.5,21.98806494441928
Participant_66,100,0.3,16.105511478993765
Participant_67,350,0.4,10.157509537283241
Participant_68,350,0.3,15.937377450509228
Participant_69,150,0.2,12.674778104566565
Participant_70,100,0.5,38.145773029262365
Participant_71,100,0.6,26.303516875125272
Participant_72,100,0.2,26.193033424939543
Participant_73,100,0.5,39.67177838211945
Participant_74,400,0.5,18.034688796871432
Participant_75,400,0.5,20.068632240389476
Participant_76,350,0.4,18.491214129959126
Participant_77,350,0.6,19.982492337043446
Participant_78,100,0.1,30.515364982251153
Participant_79,400,0.5,17.363755354185336
Participant_80,100,0.2,25.071398046379464
Participant_81,400,0.2,27.490907587782548
Participant_82,100,0.0,29.910700426436023
Participant_83,100,0.3,24.27730421607803
Participant_84,100,0.4,27.843087113321324
Participant_85,100,0.5,26.788057040405153
Participant_86,300,0.3,27.70333914891849
Participant_87,250,0.2,22.230328382639787
Participant_88,250,0.4,17.765838004439868
Participant_89,100,0.5,24.573359558676547
Participant_90,100,0.4,18.61417470638975
Participant_91,100,0.6,43.423783805651944
Participant_92,250,0.5,17.778849794067106
Participant_93,400,0.6,27.151427218472328
Participant_94,100,0.3,33.494589115258606
Participant_95,100,0.2,30.101079714854084
Participant_96,100,0.5,46.180082286630885
Participant_97,300,0.3,23.79548276459211
Participant_98,400,0.3,11.532562594670797
Participant_99,400,0.6,43.97101317913882
Participant_0,400,0.3,17.76231966833161
Participant_1,100,0.5,33.74685170501094
Participant_2,300,0.3,24.974486981717963
Participant_3,250,0.4,18.89113548731256
Participant_4,150,0.2,31.235396587845656
Participant_5,250,0.4,27.73760984656032
Participant_6,400,0.3,12.668859459319927
Participant_7,200,0.5,20.359887033085425
Participant_8,100,0.5,19.464069461446133
Participant_9,150,0.5,13.452694897305893
Participant_10,150,0.6,21.967020735639142
Participant_11,400,0.2,32.10529551335729
Participant_12,200,0.3,19.70881782350225
Participant_13,300,0.3,16.620018050531716
Participant_14,100,0.4,31.46803934152873
Participant_15,250,0.3,19.74145384717144
Participant_16,400,0.2,36.15245496505044
Participant_17,150,0.4,15.800316452527145
Participant_18,350,0.4,15.432919360898637
Participant_19,100,0.2,27.038398621220157
Participant_20,250,0.4,26.46932186513285
Participant_21,300,0.5,22.939322134710082
Participant_22,150,0.2,25.800193797721754
Participant_23,100,0.5,19.107590114925536
Participant_24,400,0.2,23.010866998007703
Participant_25,400,0.0,28.116276424875323
Participant_26,100,0.4,24.47422113163154
Participant_27,350,0.2,24.450715735945234
Participant_28,200,0.3,20.90902915010642
Participant_29,400,0.6,49.46918232596936
Participant_30,300,0.3,28.061984961866116
Participant_31,100,0.1,22.554101622543072
Participant_32,100,0.4,20.315942016062166
Participant_33,400,0.5,27.685736399814257
Participant_34,250,0.3,23.205064102475564
Participant_35,400,0.4,22.112779110731424
Participant_36,100,0.1,31.083556746292725
Participant_37,350,0.5,21.239114859146085
Participant_38,250,0.2,24.908582858123424
Participant_39,100,0.5,28.57183928276232
Participant_40,100,0.5,26.293535327148383
Participant_41,150,0.1,29.247008394022114
Participant_42,150,0.2,21.895204954510017
Participant_43,400,0.2,21.581241854907237
Participant_44,100,0.2,26.35953337978501
Participant_45,400,0.4,22.4493875194848
Participant_46,100,0.1,22.692234354509914
Participant_47,300,0.4,17.355834753765087
Participant_48,250,0.4,14.853450777512949
Participant_49,100,0.2,17.91856579082154
Participant_50,300,0.5,18.840448508461787
Participant_51,400,0.4,23.616202065531198
Participant_52,100,0.2,31.89553260254483
Participant_53,250,0.4,28.97196921163627
Participant_54,350,0.6,20.169283576765935
Participant_55,200,0.3,20.72890493972125
Participant_56,400,0.2,30.240701050074883
Participant_57,400,0.5,16.209565077447326
Participant_58,400,0.5,12.55985668708047
Participant_59,400,0.5,20.285462775100793
Participant_60,400,0.0,24.860108607968712
Participant_61,100,0.1,23.84716964337697
Participant_62,150,0.4,35.315010972672795
Participant_63,200,0.4,19.255518689456277
Participant_64,250,0.1,21.532823781380834
Participant_65,150,0.2,18.286607121059937
Participant_66,350,0.2,22.892957432363342
Participant_67,100,0.1,21.562409420099602
Participant_68,150,0.4,23.867341703675336
Participant_69,300,0.2,18.473968171456832
Participant_70,150,0.3,21.188440244623955
Participant_71,400,0.3,15.86663165262243
Participant_72,100,0.5,27.615213198525193
Participant_73,150,0.2,26.564073482807565
Participant_74,400,0.2,30.487702438852292
Participant_75,400,0.6,32.088938904239264
Participant_76,400,0.5,28.0
Participant_77,100,0.6,38.20176697484031
Participant_78,100,0.5,17.786230629337965
Participant_79,400,0.5,28.661821295933027
Participant_80,100,0.5,24.851559307214508
Participant_81,400,0.5,18.2414363469547
Participant_82,400,0.3,25.990382836734053
Participant_83,350,0.2,23.855554908658068
Participant_84,300,0.3,20.6149217801087
Participant_85,100,0.7,21.979535936866366
Participant_86,400,0.0,37.12175911780044
Participant_87,100,0.3,14.641977325484424
Participant_88,400,0.2,26.06722079547415
Participant_89,150,0.1,29.139963967033317
Participant_90,400,0.5,15.580436450882884
Participant_91,350,0.5,23.55525419094432
Participant_92,400,0.5,14.19506956657839
Participant_93,100,0.4,23.377072100671633
Participant_94,400,0.2,22.627416997969522
Participant_95,100,0.3,22.150338597863463
Participant_96,100,0.2,26.87610462846132
Participant_97,400,0.1,23.27767170487633
Participant_98,250,0.2,21.63186307279149
Participant_99,400,0.5,22.254213084267885
Participant_0,150,0.3,18.06792738528689
Participant_1,400,0.5,32.17530108639234
Participant_2,250,0.3,21.294952453574535
Participant_3,250,0.4,12.06751838614717
Participant_4,150,0.1,24.957714238287128
Participant_5,150,0.5,31.736808283127655
Participant_6,400,0.5,22.94558781116753
Participant_7,100,0.4,28.155594470726417
Participant_8,100,0.2,16.31180554077322
Participant_9,100,0.4,28.986850467065235
Participant_10,400,0.5,16.015617378046965
Participant_11,100,0.2,38.04372484392137
Participant_12,150,0.1,20.685441740509194
Participant_13,400,0.2,28.075790282732914
Participant_14,100,0.6,15.949137907736581
Participant_15,400,0.6,25.854400012377006
Participant_16,100,0.5,21.12699694703438
Participant_17,100,0.5,24.876695922087404
Participant_18,100,0.5,21.156559266572625
Participant_19,100,0.1,34.42292114275022
Participant_20,400,0.6,21.902054698132776
Participant_21,100,0.2,24.337727913673454
Participant_22,150,0.3,16.47573974060042
Participant_23,350,0.4,21.492440531498513
Participant_24,100,0.5,19.939909728983228
Participant_25,150,0.3,24.268292070106625
Participant_26,250,0.5,31.46168304461794
Participant_27,100,0.3,28.405765259890465
Participant_28,150,0.1,16.136526887778547
Participant_29,350,0.5,20.244752406487958
Participant_30,350,0.4,31.59390764055627
Participant_31,400,0.5,37.78557925981816
Participant_32,100,0.4,16.888975694221365
Participant_33,400,0.1,26.75070092539633
Participant_34,400,0.0,38.085758493169074
Participant_35,150,0.5,21.353571129907053
Participant_36,100,0.0,33.38637446623997
Participant_37,100,0.4,15.29664996004027
Participant_38,100,0.1,22.664675157610354
Participant_39,250,0.3,18.329620836231175
Participant_40,150,0.5,22.326553697335378
Participant_41,150,0.4,23.095454098155333
Participant_42,100,0.1,45.89321845327477
Participant_43,100,0.3,19.349095586099107
Participant_44,100,0.5,21.18608033591868
Participant_45,100,0.1,27.589626673806226
Participant_46,250,0.4,20.44810504667853
Participant_47,400,0.5,24.269322199023193
Participant_48,200,0.3,17.202834068838772
Participant_49,350,0.5,29.725410005582766
Participant_50,150,0.5,22.35452974231397
Participant_51,350,0.4,18.389535067532297
Participant_52,100,0.5,32.36664950222682
Participant_53,400,0.2,20.359273071502333
Participant_54,400,0.2,14.688430821568382
Participant_55,400,0.5,20.74246851269154
Participant_56,400,0.0,40.8261558317704
Participant_57,100,0.4,21.97128808240427
Participant_58,300,0.4,13.554519541466602
Participant_59,400,0.5,20.92247595290768
Participant_60,400,0.2,15.992185591719476
Participant_61,350,0.5,18.936736783300336
Participant_62,100,0.5,28.019635971939394
Participant_63,100,0.5,26.24595206884292
Participant_64,150,0.1,33.84357398384515
Participant_65,400,0.1,22.7343352662883
Participant_66,100,0.2,20.762345724893418
Participant_67,100,0.6,36.511984333914256
Participant_68,150,0.3,22.253089673121796
Participant_69,100,0.4,14.282419262855996
Participant_70,100,0.5,19.528184759470093
Participant_71,400,0.2,35.259750424527965
Participant_72,300,0.5,17.39144904831107
Participant_73,400,0.4,14.965794332410157
Participant_74,150,0.3,21.188440244623955
Participant_75,100,0.2,17.530687379563872
Participant_76,300,0.3,18.3023222570252
Participant_77,100,0.4,30.724379570627622
Participant_78,400,0.5,32.21412733568923
Participant_79,100,0.1,21.591375593046404
Participant_80,400,0.5,20.377683872314833
Participant_81,300,0.5,25.469835099583978
Participant_82,400,0.2,20.81465829649865
Participant_83,400,0.7,19.161810979132426
Participant_84,300,0.5,21.99346493847661
Participant_85,100,0.2,24.131411065248546
Participant_86,400,0.2,14.603081866510234
Participant_87,100,0.2,24.208985934978774
Participant_88,400,0.3,16.217274740226856
Participant_89,150,0.3,20.315019074566482
Participant_90,400,0.2,27.26261176043117
Participant_91,150,0.2,22.92705825002414
Participant_92,100,0.1,22.966007489330835
Participant_93,350,0.5,27.360555549915283
Participant_94,400,0.4,17.648654339637343
Participant_95,400,0.4,20.438321848919006
Participant_96,300,0.4,23.264242949212854
Participant_97,100,0.2,15.606889504318277
Participant_98,400,0.2,26.636441203734407
Participant_99,150,0.4,24.56420159500406
Participant_0,100,0.2,19.553132741328177
Participant_1,300,0.3,19.36427122305407
Participant_2,100,0.5,20.465825172711703
Participant_3,100,0.2,24.0275883101072
Participant_4,400,0.2,33.53356527421443
Participant_5,150,0.4,11.817360111293892
Participant_6,100,0.1,19.037791363495923
Participant_7,150,0.4,12.181953866272849
Participant_8,150,0.2,23.090041143315442
Participant_9,100,0.5,18.57686733547936
Participant_10,400,0.5,19.94367067517913
Participant_11,300,0.4,11.45534809597683
Participant_12,200,0.3,20.39454583951307
Participant_13,250,0.4,20.691181696558562
Participant_14,150,0.5,22.742581207945594
Participant_15,100,0.5,9.942333730065592
Participant_16,400,0.2,28.36370920736567
Participant_17,400,0.2,14.474114826130128
Participant_18,350,0.2,18.616860637604827
Participant_19,250,0.4,23.651109910530625
Participant_20,100,0.1,34.02113313809521
Participant_21,100,0.3,26.93765951228874
Participant_22,400,0.5,24.474476501040833
Participant_23,100,0.0,21.555741694499865
Participant_24,250,0.3,18.397690072397676
Participant_25,150,0.5,22.326553697335378
Participant_26,300,0.4,19.556968067673477
Participant_27,350,0.2,21.62955154412592
Participant_28,100,0.2,25.096314470455617
Participant_29,150,0.4,18.698930450696906
Participant_30,150,0.4,16.685322891691367
Participant_31,100,0.5,35.14398952879425
Participant_32,400,0.2,36.15245496505044
Participant_33,100,0.5,22.778279127273862
Participant_34,350,0.2,21.33863866323248
Participant_35,350,0.2,24.11612531067128
Participant_36,100,0.4,27.184324527197653
Participant_37,400,0.5,33.24530041975858
Participant_38,400,0.5,20.862646045025066
Participant_39,100,0.4,26.930233938827936
Participant_40,400,0.3,16.78541033159452
Participant_41,100,0.4,15.499596768948539
Participant_42,400,0.1,31.53331571528754
Participant_43,400,0.5,21.511624764298954
Participant_44,400,0.5,17.755280904564703
Participant_45,100,0.5,23.320591759215716
Participant_46,100,0.6,19.055839000159505
Participant_47,350,0.2,15.381401106531225
Participant_48,400,0.2,36.513696060519536
Participant_49,100,0.3,27.82781881499159
Participant_50,150,0.2,26.041313330936287
Participant_51,150,0.3,19.110206696946005
Participant_52,200,0.2,24.11145993091252
Participant_53,200,0.5,15.914615923735012
Participant_54,150,0.2,23.19806026373757
Participant_55,400,0.3,23.515952032609693
Participant_56,250,0.4,30.892960363163645
Participant_57,100,0.2,24.69463504488374
Participant_58,150,0.5,29.953714293890165
Participant_59,400,0.1,29.335984728657056
Participant_60,300,0.3,24.570816022265113
Participant_61,100,0.5,18.373894524569362
Participant_62,400,0.3,20.778594755180148
Participant_63,400,0.2,12.529964086141668
Participant_64,100,0.5,26.53017150340344
Participant_65,400,0.1,17.870366532335034
Participant_66,400,0.2,12.12435565298214
Participant_67,100,0.5,23.666431923718456
Participant_68,400,0.2,22.901964981197573
Participant_69,100,0.5,27.181795378524946
Participant_70,200,0.5,14.213549873272335
Participant_71,100,0.6,20.570002430724212
Participant_72,400,0.2,20.63371028196335
Participant_73,100,0.4,27.70807643991188
Participant_74,200,0.4,18.392253804251396
Participant_75,100,0.1,23.79469478686373
Participant_76,250,0.3,16.385206742668828
Participant_77,100,0.4,15.53986808180816
Participant_78,400,0.6,27.174436516697085
Participant_79,150,0.1,27.620418172069733
Participant_80,100,0.4,35.48221385426789
Participant_81,100,0.4,33.65616585411951
Participant_82,400,0.4,15.857963299238651
Participant_83,100,0.5,17.395401691251628
Participant_84,400,0.1,16.825575770237403
Participant_85,100,0.4,21.828593633122587
Participant_86,400,0.2,30.955613384328213
Participant_87,250,0.3,19.961838592674773
Participant_88,400,0.0,32.19899066741068
Participant_89,350,0.2,21.162171438678026
Participant_90,100,0.2,22.328793070831214
Participant_91,100,0.3,22.954030147231226
Participant_92,400,0.5,18.881207588499205
Participant_93,400,0.5,36.00694377477767
Participant_94,300,0.2,19.398131353303082
Participant_95,250,0.4,22.206417991202454
Participant_96,350,0.4,17.55491384199877
Participant_97,100,0.2,15.766261446519273
Participant_98,100,0.2,25.516171342895472
Participant_99,100,0.2,28.014728269251517
Participant_0,100,0.4,21.79994266047505
Participant_1,100,0.2,31.95426419118425
Participant_2,400,0.2,23.41473894793619
Participant_3,250,0.5,18.53611340060262
Participant_4,200,0.3,22.493054483551138
Participant_5,100,0.4,29.072968544680812
Participant_6,100,0.1,19.103337404757315
Participant_7,200,0.3,31.736217480979047
Participant_8,400,0.1,19.79520143873257
Participant_9,350,0.5,31.28258301355564
Participant_10,100,0.4,21.130250826717603
Participant_11,100,0.6,20.386883037875112
Participant_12,200,0.3,23.177305710543667
Participant_13,350,0.2,17.294146408539508
Participant_14,100,0.5,14.451643505151932
Participant_15,100,0.3,21.83775400539167
Participant_16,100,0.2,27.542240286512644
Participant_17,300,0.4,22.693060613324064
Participant_18,150,0.2,20.109699152399074
Participant_19,400,0.3,15.016657417681207
Participant_20,400,0.5,22.863726730347352
Participant_21,100,0.1,14.402690720834077
Participant_22,400,0.2,12.579745625409124
Participant_23,150,0.3,15.08973160795115
Participant_24,400,0.4,23.053741561837636
Participant_25,400,0.2,20.359273071502333
Participant_26,150,0.4,15.07149627608354
Participant_27,150,0.2,28.53769437077915
Participant_28,100,0.3,24.962722207323463
Participant_29,150,0.2,27.352330796478753
Participant_30,300,0.2,22.58400982996598
Participant_31,100,0.4,17.218812386456854
Participant_32,400,0.2,22.76510487566442
Participant_33,150,0.4,16.7973212150033
Participant_34,100,0.3,15.831534985591258
Participant_35,100,0.3,16.027710379215115
Participant_36,100,0.2,16.35007645242064
Participant_37,100,0.2,28.63258633096214
Participant_38,300,0.5,16.880832325451255
Participant_39,400,0.5,28.0
Participant_40,100,0.1,27.15580048534751
Participant_41,250,0.3,20.699637677988473
Participant_42,100,0.3,31.335084170941684
Participant_43,400,0.0,46.33330335730445
Participant_44,350,0.6,19.50769079107007
Participant_45,350,0.2,19.081077013627926
Participant_46,400,0.5,30.087372766660767
Participant_47,100,0.1,35.24822690576081
Participant_48,400,0.0,27.09750911061753
Participant_49,100,0.1,59.81168364124187
Participant_50,100,0.5,19.172897537930986
Participant_51,100,0.1,16.917077170717167
Participant_52,400,0.2,23.811761799581316
Participant_53,100,0.2,23.448347489748613
Participant_54,350,0.4,18.524983130896505
Participant_55,100,0.1,27.29354319248419
Participant_56,150,0.2,22.235107375499673
Participant_57,100,0.1,21.562409420099602
Participant_58,150,0.5,24.361342327548375
Participant_59,100,0.4,17.182476538613404
Participant_60,150,0.2,20.721969018411354
Participant_61,400,0.2,26.06722079547415
Participant_62,100,0.3,30.073036095479285
Participant_63,100,0.2,24.946442632167017
Participant_64,100,0.4,15.580035301628813
Participant_65,300,0.3,18.740997838962578
Participant_66,100,0.0,18.964440408301005
Participant_67,300,0.2,18.70928913668288
Participant_68,150,0.4,16.49696941865384
Participant_69,400,0.1,25.45780823244609
Participant_70,100,0.2,21.646593265454037
Participant_71,100,0.5,17.538529014715003
Participant_72,200,0.5,17.770059088252914
Participant_73,100,0.5,31.72302003277746
Participant_74,100,0.0,21.46858169511903
Participant_75,100,0.2,23.6606212936178
Participant_76,400,0.2,42.1841202349889
Participant_77,100,0.1,26.242856170775315
Participant_78,400,0.2,14.474114826130128
Participant_79,100,0.4,25.20391834616197
Participant_80,100,0.5,18.57686733547936
Participant_81,400,0.7,26.474988196409075
Participant_82,100,0.5,34.35258360007293
Participant_83,200,0.4,20.96485153775242
Participant_84,350,0.5,11.666190466471907
Participant_85,250,0.4,24.736107211928072
Participant_86,150,0.2,14.20915198032592
Participant_87,200,0.4,29.8249056997671
Participant_88,100,0.3,19.70120554686946
Participant_89,400,0.5,51.05389309347525
Participant_90,250,0.5,12.086666207023342
Participant_91,150,0.2,22.954302428956538
Participant_92,400,0.2,31.476181471074284
Participant_93,400,0.4,27.20707628540781
Participant_94,400,0.6,19.29248558377069
Participant_95,200,0.3,28.32291475113393
Participant_96,100,0.4,20.742167196317748
Participant_97,100,0.2,32.188118926088244
Participant_98,100,0.1,27.316432783216772
Participant_99,200,0.2,11.942047563127524
Participant_0,100,0.5,17.715812146215594
Participant_1,400,0.3,28.96981187374195
Participant_2,300,0.5,20.795732735347414
Participant_3,400,0.2,27.23967694375247
Participant_4,200,0.4,18.72898822681033
Participant_5,100,0.5,22.915060549778175
Participant_6,400,0.5,17.790446874657196
Participant_7,250,0.4,22.762359280180075
Participant_8,400,0.4,22.084496824695826
Participant_9,100,0.5,25.275482191246127
Participant_10,100,0.5,15.251229458637097
Participant_11,350,0.2,18.380356362160118
Participant_12,150,0.3,19.07747362729143
Participant_13,100,0.5,26.881220210399675
Participant_14,100,0.6,22.789800350156646
Participant_15,400,0.2,15.992185591719476
Participant_16,350,0.3,23.616731357239086
Participant_17,300,0.3,29.389198696119635
Participant_18,400,0.2,26.043233286210835
Participant_19,400,0.3,19.85572965166478
Participant_20,100,0.2,23.153293502221235
Participant_21,400,0.5,26.43860813280457
Participant_22,400,0.3,20.988091861815356
Participant_23,300,0.3,23.31791157029291
Participant_24,100,0.5,22.22273610516941
Participant_25,100,0.5,21.537177159507234
Participant_26,300,0.2,20.187558049452143
Participant_27,400,0.6,15.319921670818033
Participant_28,100,0.3,27.57965735827768
Participant_29,100,0.4,7.347618661852287
Participant_30,100,0.1,50.74384199092536
Participant_31,100,0.1,30.942486971799795
Participant_32,100,0.4,24.979741792100253
Participant_33,400,0.3,27.212129648375555
Participant_34,300,0.3,18.33643913086726
Participant_35,400,0.4,21.011306480083526
Participant_36,350,0.2,29.246153593250515
Participant_37,100,0.6,48.70189934694539
Participant_38,350,0.2,16.70591212714828
Participant_39,400,0.2,30.116440692751194
Participant_40,150,0.5,17.456374193972813
Participant_41,150,0.4,24.917865077088766
Participant_42,200,0.3,15.481844205391036
Participant_43,150,0.4,25.780806814372585
Participant_44,100,0.3,30.832409896081753
Participant_45,100,0.4,17.754928893127115
Participant_46,300,0.3,27.385671435990027
Participant_47,300,0.5,22.692785197062083
Participant_48,100,0.4,29.351107304495343
Participant_49,100,0.4,18.06896510594893
Participant_50,400,0.4,20.25401194825361
Participant_51,100,0.1,39.6854822321715
Participant_52,250,0.1,23.019828409438677
Participant_53,100,0.5,27.773188509784035
Participant_54,100,0.2,26.312069473912537
Participant_55,400,0.2,42.9767378938886
Participant_56,100,0.2,24.363394673156694
Participant_57,400,0.5,30.35621847332108
Participant_58,400,0.1,13.896042602122375
Participant_59,100,0.1,24.923633362734254
Participant_60,250,0.4,18.010413654327877
Participant_61,100,0.4,21.97128808240427
Participant_62,400,0.5,20.438933435969695
Participant_63,100,0.4,29.072968544680812
Participant_64,100,0.5,14.36488774756002
Participant_65,100,0.4,11.94728002517728
Participant_66,100,0.4,19.241556589839607
Participant_67,100,0.4,25.05469017968492
Participant_68,400,0.3,21.691011963483863
Participant_69,250,0.3,15.643688823292287
Participant_70,100,0.4,20.952028541408588
Participant_71,150,0.4,18.997368238785075
Participant_72,100,0.2,23.634191333743576
Participant_73,200,0.3,27.98995355480248
Participant_74,100,0.4,11.842191520153692
Participant_75,400,0.4,22.25365138578386
Participant_76,100,0.5,20.465825172711703
Participant_77,150,0.2,28.162918882814687
Participant_78,100,0.5,19.971229306179428
Participant_79,350,0.5,33.14513538967672
Participant_80,100,0.4,18.681207134443962
Participant_81,150,0.6,22.584286572747875
Participant_82,150,0.5,19.89912058358359
Participant_83,350,0.2,19.598150422935323
Participant_84,100,0.0,17.128922908344236
Participant_85,150,0.2,26.82163305990148
Participant_86,100,0.1,23.31710745354149
Participant_87,100,0.3,17.302817689613445
Participant_88,200,0.3,29.469263648757835
Participant_89,100,0.3,21.433326853290882
Participant_90,100,0.2,38.158550811056756
Participant_91,100,0.5,27.020362691866296
Participant_92,400,0.5,19.403607911932255
Participant_93,100,0.2,13.595035858724316
Participant_94,150,0.1,31.569566040729796
Participant_95,100,0.5,21.038060747131613
Participant_96,100,0.5,45.19513248127502
Participant_97,100,0.2,35.40586109671674
Participant_98,100,0.2,23.126283748151153
Participant_99,150,0.4,24.892770034690795
Participant_0,200,0.3,24.38621536852326
Participant_1,300,0.3,21.359424149541113
Participant_2,150,0.5,19.51858089103816
Participant_3,100,0.5,27.456328960733263
Participant_4,200,0.3,20.638253317565418
Participant_5,400,0.1,31.9859344087366
Participant_6,150,0.2,18.18378398463862
Participant_7,100,0.2,28.828371442036055
Participant_8,150,0.4,18.698930450696906
Participant_9,100,0.1,16.58123939879043
Participant_10,100,0.2,13.456411111436807
Participant_11,400,0.3,23.542514733987108
Participant_12,150,0.3,25.252722625491298
Participant_13,400,0.2,15.5161206491829
Participant_14,400,0.4,13.189958301677834
Participant_15,100,0.1,37.69864055904404
Participant_16,100,0.2,25.22052735372518
Participant_17,400,0.0,45.15833256443378
Participant_18,400,0.2,29.16761903207048
Participant_19,350,0.2,33.54605043816634
Participant_20,350,0.4,24.252319476701604
Participant_21,300,0.4,28.460059732895854
Participant_22,250,0.3,11.49891299210495
Participant_23,350,0.1,30.420593353845025
Participant_24,400,0.0,51.82205129093213
Participant_25,400,0.4,21.626950779062685
Participant_26,350,0.2,12.858363037338773
Participant_27,100,0.2,22.634597411926727
Participant_28,350,0.5,18.670832868407345
Participant_29,100,0.1,29.852763691155968
Participant_30,100,0.2,18.70360927735607
Participant_31,150,0.5,22.52165624460155
Participant_32,100,0.2,22.963558086672894
Participant_33,100,0.2,25.319458919969044
Participant_34,200,0.3,27.0358558214827
Participant_35,400,0.2,29.189039038652847
Participant_36,100,0.4,31.7842335128598
Participant_37,100,0.1,22.637082409179854
Participant_38,100,0.4,18.37763586536636
Participant_39,300,0.3,18.607122292283673
Participant_40,100,0.1,50.60817621689207
Participant_41,400,0.0,15.906759569440911
Participant_42,100,0.1,19.651653874419832
Participant_43,100,0.2,23.421677992833903
Participant_44,150,0.5,16.650075074905818
Participant_45,150,0.3,23.562682360037027
Participant_46,400,0.6,29.384519734036832
Participant_47,350,0.4,31.830409987934495
Participant_48,200,0.4,19.894094601162426
Participant_49,150,0.2,20.479257799051215
Participant_50,100,0.1,34.00275724114149
Participant_51,100,0.1,22.1909328330289
Participant_52,150,0.6,18.80957203128237
Participant_53,350,0.5,14.399652773591452
Participant_54,150,0.4,21.872356983187704
Participant_55,100,0.3,18.924521130004848
Participant_56,400,0.4,18.5802314302056
Participant_57,100,0.6,31.829624565803474
Participant_58,300,0.5,26.43317044926696
Participant_59,400,0.5,25.450933185248825
Participant_60,100,0.5,31.32650634845833
Participant_61,400,0.5,24.95495942693556
Participant_62,400,0.2,24.814310387355118
Participant_63,150,0.2,25.187298386289864
Participant_64,400,0.2,22.847319317591726
Participant_65,200,0.3,17.949582167838894
Participant_66,400,0.6,18.633303518163384
Participant_67,400,0.2,18.560711193270585
Participant_68,400,0.2,29.71952220342716
Participant_69,150,0.4,13.120594498726039
Participant_70,400,0.2,20.603397778036516
Participant_71,150,0.2,31.135189095298585
Participant_72,150,0.3,13.971399357258385
Participant_73,100,0.2,27.314373505537336
Participant_74,100,0.1,34.766183282034284
Participant_75,400,0.0,19.95056390180488
Participant_76,350,0.5,20.611889772653065
Participant_77,200,0.2,19.496474040195064
Participant_78,400,0.6,49.38066423206557
Participant_79,400,0.2,25.238858928247925
Participant_80,350,0.1,21.889780720692475
Participant_81,200,0.3,14.863966496194749
Participant_82,300,0.3,22.360120751015636
Participant_83,300,0.2,17.99409625404955
Participant_84,400,0.1,21.256763629489793
Participant_85,300,0.2,21.995169924326568
Participant_86,350,0.1,29.07597805749619
Participant_87,400,0.4,23.642652135494444
Participant_88,200,0.3,24.968730444297723
Participant_89,100,0.1,24.159625411003375
Participant_90,150,0.2,23.25188164428849
Participant_91,100,0.6,40.79675232172286
Participant_92,100,0.2,14.485337414088772
Participant_93,350,0.4,23.09058249590079
Participant_94,100,0.1,22.442983313276336
Participant_95,350,0.2,18.71730482735161
Participant_96,150,0.2,30.85287668921652
Participant_97,200,0.3,18.93244569515518
Participant_98,100,0.4,35.552601873843216
Participant_99,400,0.5,18.411952639521967
Participant_0,400,0.5,28.965496715920477
Participant_1,400,0.5,19.974984355438178
Participant_2,100,0.2,23.81858518048459
Participant_3,100,0.3,36.86987252486778
Participant_4,100,0.2,32.91770040570878
Participant_5,100,0.5,16.623778150588993
Participant_6,400,0.5,25.937424698685874
Participant_7,350,0.4,18.253081931553368
Participant_8,100,0.1,28.873647154455565
Participant_9,150,0.4,24.20537130473317
Participant_10,100,0.4,23.722088862492694
Participant_11,400,0.3,15.22333734763833
Participant_12,400,0.3,13.847382424126229
Participant_13,250,0.2,16.894895678872953
Participant_14,100,0.5,14.36488774756002
Participant_15,400,0.5,24.728526037756478
Participant_16,100,0.2,12.887008962517251
Participant_17,100,0.5,27.885480092693403
Participant_18,400,0.0,23.728147841751156
Participant_19,150,0.5,23.36610793435655
Participant_20,100,0.2,17.387495506829037
Participant_21,350,0.4,27.077204434727008
Participant_22,150,0.2,16.938122682280937
Participant_23,150,0.2,25.062920819409698
Participant_24,100,0.3,27.917512424999476
Participant_25,300,0.3,24.849044247214017
Participant_26,100,0.5,16.773490990250064
Participant_27,100,0.2,20.852457888699835
Participant_28,150,0.5,18.99934209387262
Participant_29,100,0.5,23.719190542680835
Participant_30,100,0.2,14.571376050325515
Participant_31,250,0.4,14.979152178945242
Participant_32,400,0.3,25.86986664055306
Participant_33,300,0.3,13.274976459489485
Participant_34,100,0.2,23.792330697096492
Participant_35,100,0.2,26.619072110049217
Participant_36,400,0.2,18.828170383762732
Participant_37,200,0.3,15.91972047493297
Participant_38,100,0.1,17.027551203857822
Participant_39,350,0.3,21.482551058940835
Participant_40,200,0.3,28.300839210171844
Participant_41,100,0.7,35.82038525755969
Participant_42,150,0.3,24.319745064453286
Participant_43,150,0.5,21.701958436970614
Participant_44,400,0.4,16.627537400348857
Participant_45,350,0.2,24.012236463936464
Participant_46,100,0.2,18.22978332290321
Participant_47,100,0.1,16.917077170717167
Participant_48,100,0.2,21.031523958096805
Participant_49,350,0.2,13.976319257944848
Participant_50,400,0.5,21.011901389450696
Participant_51,100,0.2,16.839685270218087
Participant_52,200,0.3,22.71425763699972
Participant_53,200,0.5,16.97866308046661
Participant_54,200,0.2,23.240320565775335
Participant_55,100,0.5,19.43193248238579
Participant_56,150,0.2,17.158088471621774
Participant_57,350,0.2,21.309328942977064
Participant_58,100,0.2,23.792330697096492
Participant_59,350,0.2,17.36627478764516
Participant_60,150,0.5,20.117778207346856
Participant_61,100,0.2,17.566302969037054
Participant_62,400,0.6,12.587692401707312
Participant_63,400,0.3,16.560495161679196
Participant_64,300,0.5,17.676608837670194
Participant_65,100,0.6,14.555926628009637
Participant_66,100,0.1,40.04606722263748
Participant_67,400,0.5,28.222331583340168
Participant_68,150,0.3,10.377861051295685
Participant_69,200,0.3,24.38621536852326
Participant_70,250,0.4,26.374703789805867
Participant_71,250,0.0,10.654811119865053
Participant_72,100,0.2,17.27932290340105
Participant_73,350,0.2,16.365741657499058
Participant_74,400,0.0,24.60741758088402
Participant_75,100,0.2,19.553132741328177
Participant_76,100,0.5,25.051946032194785
Participant_77,150,0.2,23.25188164428849
Participant_78,100,0.5,32.017182886693824
Participant_79,200,0.3,23.01494079940246
Participant_80,150,0.2,27.19191056178289
Participant_81,400,0.5,15.419143945109274
Participant_82,400,0.3,18.384776310850235
Participant_83,350,0.2,23.855554908658068
Participant_84,400,0.5,31.488092987667578
Participant_85,400,0.3,21.283796653792763
Participant_86,250,0.4,22.92651303622075
Participant_87,400,0.0,25.918622648589952
Participant_88,250,0.3,21.673140058607107
Participant_89,350,0.2,19.945864232968198
Participant_90,250,0.5,19.360720544442554
Participant_91,100,0.1,25.907286619790966
Participant_92,100,0.4,21.828593633122587
Participant_93,100,0.6,37.39150973148851
Participant_94,100,0.1,29.110779790311355
Participant_95,250,0.2,29.269224451631786
Participant_96,400,0.2,15.149257407543116
Participant_97,350,0.3,15.5
Participant_98,200,0.4,12.826729902824024
Participant_99,300,0.2,18.269852216151065
Participant_0,100,0.5,24.496938584239462
Participant_1,400,0.5,23.4574082114798
Participant_2,400,0.5,20.223748416156685
Participant_3,400,0.2,17.628102563804195
Participant_4,150,0.1,17.439538411322705
Participant_5,200,0.3,21.411153635430296
Participant_6,350,0.7,25.482837361644012
Participant_7,100,0.3,19.445757892147068
Participant_8,400,0.3,32.02342892321183
Participant_9,350,0.5,26.806715576511795
Participant_10,100,0.5,21.097393203900808
Participant_11,350,0.2,18.8172128648214
Participant_12,400,0.5,27.527259217001607
Participant_13,300,0.3,13.554519541466602
Participant_14,400,0.5,18.034688796871432
Participant_15,300,0.5,13.873085453495916
Participant_16,150,0.1,21.281153634143052
Participant_17,200,0.4,19.799621208497904
Participant_18,100,0.3,12.624876237017137
Participant_19,400,0.5,23.13547060251855
Participant_20,100,0.3,20.295011702386375
Participant_21,150,0.6,19.907285098676816
Participant_22,400,0.1,17.97498261473429
Participant_23,200,0.4,22.902510779388358
Participant_24,400,0.0,21.892350262134944
Participant_25,350,0.2,14.109836994097416
Participant_26,200,0.5,17.161730681956293
Participant_27,100,0.5,17.323394586512194
Participant_28,200,0.5,21.726136333918188
Participant_29,350,0.3,29.33001875212493
Participant_30,250,0.7,20.83176660775557
Participant_31,350,0.2,21.250588227152676
Participant_32,100,0.1,23.636571240347024
Participant_33,100,0.1,26.878197484206414
Participant_34,400,0.2,18.7949461292125
Participant_35,100,0.2,26.829554599359266
Participant_36,100,0.2,25.39340465553999
Participant_37,100,0.5,26.997222079317716
Participant_38,150,0.4,20.728000385951365
Participant_39,150,0.3,19.044684297724654
Participant_40,350,0.4,27.828492593024148
Participant_41,150,0.1,25.89184234464593
Participant_42,400,0.1,20.720762534231216
Participant_43,400,0.2,21.02379604162864
Participant_44,400,0.5,20.591260281974
Participant_45,400,0.6,29.085219614092654
Participant_46,150,0.2,26.4225282666137
Participant_47,100,0.3,30.791841451917097
Participant_48,350,0.2,18.616860637604827
Participant_49,100,0.5,25.934532962827767
Participant_50,350,0.5,24.08007475071454
Participant_51,100,0.2,21.90490812580596
Participant_52,400,0.0,28.90544931323504
Participant_53,400,0.5,18.377975949489105
Participant_54,100,0.5,32.731483314998115
Participant_55,350,0.2,26.416614090378804
Participant_56,150,0.5,18.966417690222897
Participant_57,400,0.5,32.33032632065442
Participant_58,100,0.2,16.426350781594795
Participant_59,400,0.1,24.558094388612485
Participant_60,400,0.3,23.16786567640619
Participant_61,100,0.2,15.884741105853756
Participant_62,400,0.3,25.184320518926057
Participant_63,100,0.3,18.354495362172177
Participant_64,250,0.2,26.58359456506964
Participant_65,350,0.2,15.583244206518744
Participant_66,100,0.2,16.765291527438464
Participant_67,350,0.2,14.58895129884256
Participant_68,350,0.5,24.821361767638777
Participant_69,400,0.2,18.083141320025124
Participant_70,100,0.5,30.96530316337949
Participant_71,300,0.4,21.650057736643568
Participant_72,400,0.2,24.68805379125702
Participant_73,100,0.2,17.91856579082154
Participant_74,350,0.5,25.905597850657685
Participant_75,400,0.1,25.629085040242853
Participant_76,150,0.5,20.699637677988473
Participant_77,100,0.4,19.241556589839607
Participant_78,100,0.5,14.233762678926468
Participant_79,250,0.3,31.99179582330445
Participant_80,150,0.3,19.72181533226594
Participant_81,300,0.3,16.88120256379859
Participant_82,350,0.2,12.21013922934542
Participant_83,200,0.3,18.632968094214082
Participant_84,100,0.5,27.52453451014204
Participant_85,100,0.3,22.541905420793512
Participant_86,100,0.4,25.302914851850566
Participant_87,100,0.3,25.18705024412347
Participant_88,150,0.2,18.957847979135185
Participant_89,100,0.4,15.418738599509364
Participant_90,150,0.6,20.342074623793906
Participant_91,400,0.5,16.963195453687373
Participant_92,100,0.4,14.798226245060588
Participant_93,150,0.3,18.780308836651223
Participant_94,200,0.3,18.733325919334238
Participant_95,100,0.3,20.991367273238776
Participant_96,150,0.5,14.088115558867338
Participant_97,400,0.2,31.25699921617557
Participant_98,400,0.5,41.65633205168213
Participant_99,150,0.1,18.818541388747427
Participant_0,100,0.2,21.961898825010554
Participant_1,150,0.2,23.49255201122262
Participant_2,100,0.4,31.02801153796356
Participant_3,100,0.6,34.6500360750173
Participant_4,400,0.5,24.70323865407125
Participant_5,200,0.6,18.45094848510504
Participant_6,150,0.1,16.25230752847115
Participant_7,100,0.2,17.708049017325425
Participant_8,250,0.5,14.910985882898554
Participant_9,100,0.4,21.130250826717603
Participant_10,400,0.4,20.62098445758592
Participant_11,150,0.3,20.19158240455661
Participant_12,350,0.5,23.1268242523698
Participant_13,100,0.5,33.89468984959148
Participant_14,400,0.5,30.72458299147443
Participant_15,400,0.5,18.580904176062045
Participant_16,250,0.7,16.323679119610258
Participant_17,100,0.2,20.88240886487955
Participant_18,150,0.1,24.22060073573734
Participant_19,400,0.2,31.216982557575932
Participant_20,100,0.5,19.464069461446133
Participant_21,100,0.2,23.92331498768513
Participant_22,350,0.4,13.44154009033191
Participant_23,100,0.1,58.28754155048916
Participant_24,100,0.0,37.42859869137502
Participant_25,100,0.2,27.314373505537336
Participant_26,200,0.3,15.91972047493297
Participant_27,100,0.3,23.9402903073459
Participant_28,250,0.6,24.093048790055608
Participant_29,400,0.1,13.98570698963767
Participant_30,100,0.5,31.465854509293084
Participant_31,350,0.4,25.31155862447036
Participant_32,400,0.1,22.036333633342913
Participant_33,100,0.5,21.333072915077192
Participant_34,400,0.4,26.057148731202346
Participant_35,400,0.2,18.560711193270585
Participant_36,400,0.5,17.327723451163457
Participant_37,100,0.5,14.321312788986909
Participant_38,300,0.3,17.53496506982549
Participant_39,250,0.2,27.8691137282835
Participant_40,150,0.5,17.24021461583353
Participant_41,300,0.3,32.13214900998687
Participant_42,400,0.0,14.29248054048002
Participant_43,350,0.2,22.892957432363342
Participant_44,400,0.4,22.50499944456787
Participant_45,100,0.5,18.20302172717486
Participant_46,300,0.2,24.925639410053257
Participant_47,400,0.2,16.53027525481654
Participant_48,400,0.5,25.937424698685874
Participant_49,400,0.6,33.98087697514589
Participant_50,400,0.3,23.806511714234826
Participant_51,100,0.4,36.4038116136209
Participant_52,400,0.2,24.09875515457178
Participant_53,400,0.2,27.874719729532707
Participant_54,100,0.5,34.912032309792565
Participant_55,200,0.3,26.142637586900065
Participant_56,350,0.2,28.967007094278827
Participant_57,150,0.2,32.43300787777785
Participant_58,100,0.4,25.743688546904075
Participant_59,100,0.4,26.27237141942082
Participant_60,250,0.4,33.51305715687544
Participant_61,150,0.4,18.429595763336753
Participant_62,400,0.5,14.628738838327793
Participant_63,250,0.3,20.055547860878796
Participant_64,350,0.5,23.871531161615923
Participant_65,100,0.3,19.764551601288606
Participant_66,400,0.2,39.15673632978111
Participant_67,400,0.2,22.40535650240808
Participant_68,150,0.5,23.015755473153604
Participant_69,400,0.4,21.365275565739843
Participant_70,100,0.2,26.899349434512352
Participant_71,400,0.4,22.781022804079715
Participant_72,100,0.5,21.333072915077192
Participant_73,400,0.5,23.722352328552915
Participant_74,100,0.2,25.71137880394593
Participant_75,350,0.2,15.135636755683588
Participant_76,100,0.2,17.778498249289786
Participant_77,100,0.5,45.82684802602073
Participant_78,150,0.4,13.771347065556078
Participant_79,250,0.5,24.51708587903546
Participant_80,400,0.6,32.321819255728784
Participant_81,400,0.6,21.67256330017287
Participant_82,400,0.2,29.231831964486933
Participant_83,100,0.5,22.915060549778175
Participant_84,100,0.2,19.521142384604442
Participant_85,150,0.2,20.356817039999154
Participant_86,400,0.4,28.57402666758747
Participant_87,300,0.3,16.76976445869172
Participant_88,400,0.5,19.880895352071043
Participant_89,150,0.5,21.294952453574535
Participant_90,100,0.5,23.3741309998896
Participant_91,100,0.2,29.237390444429202
Participant_92,100,0.5,15.61569723067145
Participant_93,100,0.2,12.08614909721041
Participant_94,100,0.5,23.10519422121355
Participant_95,100,0.4,21.48226012318071
Participant_96,100,0.6,22.346699980086544
Participant_97,350,0.1,25.331058011855724
Participant_98,150,0.2,21.809401642411007
Participant_99,300,0.1,19.46214273917443
Participant_0,150,0.6,18.974983530954646
Participant_1,400,0.4,22.753571148283516
Participant_2,150,0.1,20.44229683768436
Participant_3,300,0.2,27.659311271251855
Participant_4,150,0.2,33.97646244093107
Participant_5,400,0.2,20.904544960366874
Participant_6,400,0.3,17.080690852538723
Participant_7,300,0.5,14.746609779878222
Participant_8,300,0.4,21.271459752447644
Participant_9,100,0.1,22.049659861322123
Participant_10,350,0.2,20.502134035265694
Participant_11,100,0.3,31.63285475577568
Participant_12,400,0.3,19.82422760159901
Participant_13,150,0.1,29.523507582941427
Participant_14,100,0.5,28.593705601058428
Participant_15,200,0.4,15.557152695785948
Participant_16,100,0.4,19.143863246481885
Participant_17,100,0.5,23.454210709380096
Participant_18,200,0.3,22.54855871225476
Participant_19,150,0.5,21.23617197142649
Participant_20,200,0.3,35.73776014245996
Participant_21,400,0.5,20.254629100529094
Participant_22,100,0.4,28.552364175318303
Participant_23,100,0.5,19.908540880737593
Participant_24,400,0.2,33.32791622649097
Participant_25,100,0.6,21.722683996228458
Participant_26,350,0.1,28.445781761097727
Participant_27,100,0.4,24.24329804296437
Participant_28,150,0.5,26.82769091815395
Participant_29,300,0.5,22.078552941712463
Participant_30,200,0.3,20.02342378315956
Participant_31,200,0.4,18.928153634203206
Participant_32,100,0.4,27.138303189403718
Participant_33,400,0.2,26.706740722147284
Participant_34,400,0.2,13.991068579633222
Participant_35,150,0.1,29.776458822365026
Participant_36,200,0.5,30.17904902411605
Participant_37,250,0.3,26.333913495718786
Participant_38,400,0.2,21.783020910791965
Participant_39,100,0.5,37.61781492856809
Participant_40,300,0.4,20.18601000693302
Participant_41,100,0.1,21.562409420099602
Participant_42,100,0.2,17.243114567849975
Participant_43,300,0.3,12.746568165588728
Participant_44,100,0.4,20.62128754467092
Participant_45,100,0.3,25.40939786771816
Participant_46,350,0.2,15.17687385465136
Participant_47,250,0.5,19.995937087318513
Participant_48,300,0.3,29.452928547090185
Participant_49,200,0.3,16.153559979150106
Participant_50,150,0.5,24.412599206147632
Participant_51,150,0.2,18.25239710284652
Participant_52,400,0.0,36.30461403182797
Participant_53,100,0.3,16.374904579874656
Participant_54,400,0.5,28.922309727959142
Participant_55,150,0.2,28.251548630119377
Participant_56,150,0.2,38.57654727940281
Participant_57,250,0.4,22.0935510952857
Participant_58,400,0.4,20.862046879441145
Participant_59,400,0.2,31.336879231984796
Participant_60,300,0.2,23.744209820501503
Participant_61,150,0.2,30.135527206272666
Participant_62,250,0.5,28.104047751169226
Participant_63,100,0.4,24.21750400020613
Participant_64,400,0.3,19.91858428704209
Participant_65,300,0.2,19.558565898347457
Participant_66,100,0.5,29.199315060459895
Participant_67,350,0.6,14.976648490233053
Participant_68,100,0.1,38.64825351810868
Participant_69,350,0.2,22.03037675574342
Participant_70,100,0.5,22.7508241608958
Participant_71,400,0.1,31.71119676076575
Participant_72,100,0.6,51.16761671213542
Participant_73,100,0.1,28.083580612165537
Participant_74,100,0.5,30.51802745919205
Participant_75,400,0.2,24.889756929307286
Participant_76,300,0.3,17.641570224897784
Participant_77,200,0.3,13.908181045701124
Participant_78,250,0.4,31.114707133444146
Participant_79,400,0.4,22.532753937324216
Participant_80,200,0.2,31.782267068288252
Participant_81,200,0.4,22.655573265755162
Participant_82,400,0.3,12.619429464123963
Participant_83,350,0.5,18.367090134259158
Participant_84,100,0.4,20.651573789907637
Participant_85,150,0.2,18.422811946062957
Participant_86,100,0.1,19.363302920731268
Participant_87,100,0.2,20.336543462447104
Participant_88,350,0.3,25.743931323712
Participant_89,300,0.5,17.957240879377878
Participant_90,300,0.5,15.123243699682948
Participant_91,100,0.1,11.453711188955307
Participant_92,350,0.1,17.223893288104176
Participant_93,100,0.3,22.318994152963075
Participant_94,100,0.1,26.05163142684158
Participant_95,100,0.1,33.910728390879484
Participant_96,250,0.4,31.03425526736545
Participant_97,100,0.2,31.38192154728579
Participant_98,100,0.0,23.122499864850255
Participant_99,350,0.1,24.6305196859506
Participant_0,100,0.3,17.121258715409915
Participant_1,100,0.5,34.6063577973759
Participant_2,400,0.2,22.572106680591425
Participant_3,400,0.4,19.531384999533444
Participant_4,100,0.1,23.820946664647902
Participant_5,100,0.3,18.42247268962557
Participant_6,400,0.5,21.714050750608465
Participant_7,250,0.4,20.931435688934478
Participant_8,100,0.3,12.016134985926215
Participant_9,300,0.5,15.928355219544798
Participant_10,250,0.3,23.36610793435655
Participant_11,400,0.2,20.081085628023203
Participant_12,250,0.4,15.751984002023365
Participant_13,400,0.2,15.5161206491829
Participant_14,400,0.2,18.76166303929372
Participant_15,400,0.4,19.17615707069589
Participant_16,100,0.6,64.95671635789482
Participant_17,100,0.5,28.81145605484041
Participant_18,100,0.2,25.905115324970087
Participant_19,100,0.5,22.833090023034554
Participant_20,100,0.1,36.80947568222074
Participant_21,400,0.1,18.790955271087206
Participant_22,400,0.5,21.365860619221497
Participant_23,150,0.1,25.379864065829825
Participant_24,150,0.6,15.69394787808345
Participant_25,100,0.2,22.328793070831214
Participant_26,100,0.5,29.497457517555645
Participant_27,400,0.4,21.885497481208876
Participant_28,400,0.2,22.572106680591425
Participant_29,400,0.1,29.25064101861701
Participant_30,400,0.4,18.103176516843668
Participant_31,400,0.4,20.499390234833815
Participant_32,100,0.1,33.57733610636794
Participant_33,250,0.3,20.179816649315722
Participant_34,400,0.6,23.36557296536937
Participant_35,100,0.3,23.888020010038506
Participant_36,400,0.2,23.010866998007703
Participant_37,350,0.3,22.282279955157193
Participant_38,200,0.5,25.485780349049545
Participant_39,400,0.5,22.254213084267885
Participant_40,100,0.5,31.997656164163025
Participant_41,400,0.2,43.497126341863094
Participant_42,250,0.4,17.41048534648015
Participant_43,150,0.5,15.999218730925582
Participant_44,100,0.1,46.434766070262484
Participant_45,300,0.4,20.67546855575467
Participant_46,100,0.2,17.35151290233794
Participant_47,400,0.2,19.157244060668017
Participant_48,350,0.2,22.284243312259896
Participant_49,400,0.5,28.48683906648823
Participant_50,100,0.6,38.81848786338798
Participant_51,100,0.3,20.325784117716097
Participant_52,100,0.3,18.286265337678987
Participant_53,300,0.5,21.24176310949729
Participant_54,300,0.4,17.46353343398752
Participant_55,100,0.3,18.388515437631174
Participant_56,350,0.2,20.008435720965295
Participant_57,150,0.4,17.703107071923842
Participant_58,100,0.4,18.84774522323559
Participant_59,250,0.1,25.271772791001425
Participant_60,150,0.3,24.29403218899654
Participant_61,100,0.2,30.55445957630408
Participant_62,400,0.6,61.712640520399056
Participant_63,100,0.2,20.611283317639394
Participant_64,100,0.1,19.556009306604455
Participant_65,200,0.3,15.801503093060482
Participant_66,200,0.3,19.929563467371782
Participant_67,400,0.2,34.161381705077446
Participant_68,400,0.1,20.811054754625005
Participant_69,400,0.4,16.58990656995994
Participant_70,100,0.2,22.990759013133953
Participant_71,100,0.1,24.67159297653883
Participant_72,400,0.2,16.75559608011604
Participant_73,350,0.4,28.45039542783193
Participant_74,100,0.2,21.120487683763365
Participant_75,350,0.3,17.18284027743958
Participant_76,350,0.3,19.75474626513841
Participant_77,100,0.5,16.623778150588993
Participant_78,250,0.3,23.23198226583345
Participant_79,100,0.5,26.412118430750684
Participant_80,400,0.5,31.308944408906537
Participant_81,400,0.5,47.5683718451662
Participant_82,400,0.2,24.78911051248108
Participant_83,100,0.2,22.990759013133953
Participant_84,150,0.4,19.323560748474904
Participant_85,400,0.5,26.248809496813376
Participant_86,150,0.3,13.141537200799608
Participant_87,400,0.3,18.452642087245934
Participant_88,100,0.2,19.521142384604442
Participant_89,400,0.6,40.75475432388227
Participant_90,100,0.4,19.563678079543223
Participant_91,300,0.3,15.850078864157112
Participant_92,400,0.5,26.009613607279906
Participant_93,400,0.3,26.277366686941825
Participant_94,100,0.4,19.435470151246665
Participant_95,150,0.4,30.449137918831134
Participant_96,400,0.5,19.176808910765107
Participant_97,400,0.6,26.59323222175146
Participant_98,400,0.6,17.98471573308847
Participant_99,300,0.4,17.957588925019973
Participant_0,400,0.2,31.575306807693888
Participant_1,300,0.3,23.874149199500284
Participant_2,400,0.0,45.21365944048325
Participant_3,100,0.2,31.79740555454171
Participant_4,100,0.4,27.70807643991188
Participant_5,200,0.3,20.87911636061258
Participant_6,100,0.4,15.378150083803968
Participant_7,100,0.3,19.056166980796533
Participant_8,250,0.4,30.23863422841713
Participant_9,100,0.1,17.210098779495716
Participant_10,400,0.0,30.174906793559444
Participant_11,150,0.4,18.5310550158376
Participant_12,150,0.4,20.818261214616363
Participant_13,100,0.4,19.274010999270494
Participant_14,250,0.4,18.8248505970167
Participant_15,300,0.3,21.851201339972135
Participant_16,350,0.2,19.883095835407524
Participant_17,100,0.4,24.036170660069793
Participant_18,250,0.2,17.548148050435408
Participant_19,100,0.5,24.7002024283203
Participant_20,150,0.4,21.555741694499865
Participant_21,400,0.4,18.71429934568751
Participant_22,150,0.5,25.685112419454192
Participant_23,150,0.5,17.348631069914422
Participant_24,150,0.5,24.69261023059328
Participant_25,100,0.2,32.99355997766837
Participant_26,250,0.4,23.224448324987183
Participant_27,400,0.5,23.08137777516758
Participant_28,400,0.2,17.874562931719478
Participant_29,150,0.5,20.456661506707295
Participant_30,350,0.3,20.377683872314833
Participant_31,350,0.2,20.101927768251482
Participant_32,150,0.5,22.852242778335786
Participant_33,100,0.2,24.92137636648506
Participant_34,400,0.2,22.627416997969522
Participant_35,350,0.5,22.964102420952578
Participant_36,100,0.6,61.12998445934695
Participant_37,200,0.3,21.35269303858415
Participant_38,100,0.5,19.528184759470093
Participant_39,100,0.2,18.670163362970342
Participant_40,400,0.2,34.597687784012386
Participant_41,300,0.3,19.716110164025764
Participant_42,400,0.4,13.882542994711018
Participant_43,150,0.3,17.326280616450838
Participant_44,100,0.2,23.792330697096492
Participant_45,100,0.5,45.963028620838294
Participant_46,100,0.2,23.474986687962147
Participant_47,100,0.4,23.56347809641013
Participant_48,100,0.5,42.30957338475537
Participant_49,400,0.2,31.851216617265973
Participant_50,300,0.4,13.554519541466602
Participant_51,100,0.2,31.65951673667809
Participant_52,250,0.4,20.660953511394386
Participant_53,400,0.0,24.60741758088402
Participant_54,400,0.2,21.783020910791965
Participant_55,100,0.1,33.165305667217964
Participant_56,200,0.4,18.9940780244791
Participant_57,100,0.2,28.610749728030548
Participant_58,350,0.5,19.26395598001615
Participant_59,350,0.6,14.892951352905172
Participant_60,100,0.1,29.978117018918983
Participant_61,100,0.2,19.392653248073096
Participant_62,100,0.4,19.531704994700284
Participant_63,150,0.5,20.487191120307344
Participant_64,100,0.2,24.846025839155846
Participant_65,150,0.5,30.654934349954168
Participant_66,400,0.3,22.89650628371062
Participant_67,150,0.6,19.68628964533439
Participant_68,100,0.2,19.328088369003282
Participant_69,200,0.5,14.169509518681302
Participant_70,100,0.5,24.266231681083077
Participant_71,150,0.3,7.918333157931662
Participant_72,100,0.2,24.846025839155846
Participant_73,150,0.4,23.551008470976353
Participant_74,200,0.3,14.394009170484782
Participant_75,350,0.4,18.592337131194668
Participant_76,250,0.4,15.020818885799802
Participant_77,250,0.2,17.005513811702368
Participant_78,100,0.5,21.067747862550473
Participant_79,150,0.2,32.239727045990946
Participant_80,100,0.5,12.149074038789951
Participant_81,350,0.4,27.91818403836467
Participant_82,100,0.4,17.964896325890667
Participant_83,150,0.2,35.96039488103544
Participant_84,100,0.2,38.256698759825056
Participant_85,400,0.6,17.81010948871455
Participant_86,200,0.4,24.915356710270075
Participant_87,150,0.5,19.74145384717144
Participant_88,100,0.5,17.068977708111287
Participant_89,150,0.2,22.375209496225953
Participant_90,100,0.2,26.66598957473733
Participant_91,100,0.2,35.70469156847599
Participant_92,350,0.6,24.326939799325356
Participant_93,100,0.4,25.104531463462926
Participant_94,150,0.1,27.5070445522597
Participant_95,100,0.5,34.35258360007293
Participant_96,400,0.2,28.008927148321835
Participant_97,200,0.5,25.264104971282872
Participant_98,100,0.2,29.808975158498825
Participant_99,100,0.5,16.58613879117138
Participant_0,100,0.2,13.595035858724316
Participant_1,150,0.4,16.834488409215172
Participant_2,400,0.0,17.11797301084448
Participant_3,350,0.3,16.852299546352718
Participant_4,150,0.2,24.251804056605767
Participant_5,100,0.2,23.017927795524947
Participant_6,400,0.1,28.863471724655717
Participant_7,100,0.5,38.22760782471223
Participant_8,100,0.3,16.25999692496896
Participant_9,400,0.6,17.093858546273278
Participant_10,100,0.2,28.281177486094883
Participant_11,400,0.5,23.643180835073778
Participant_12,100,0.2,19.263307088867165
Participant_13,200,0.3,34.65454515644377
Participant_14,250,0.4,21.578345627040086
Participant_15,350,0.2,24.450715735945234
Participant_16,200,0.2,17.50321399057899
Participant_17,100,0.2,25.856817282875323
Participant_18,350,0.3,17.18284027743958
Participant_19,400,0.6,41.9338765200643
Participant_20,400,0.2,27.07858932810201
Participant_21,400,0.4,11.946756882099844
Participant_22,150,0.4,13.024976007655447
Participant_23,100,0.5,17.395401691251628
Participant_24,400,0.5,31.68595903550972
Participant_25,250,0.2,29.693223132560064
Participant_26,200,0.3,14.652218262092603
Participant_27,250,0.3,18.933436032585316
Participant_28,100,0.6,24.836968414039585
Participant_29,100,0.4,11.41216456243074
Participant_30,400,0.2,32.53075467922624
Participant_31,100,0.5,59.23554676037016
Participant_32,150,0.3,25.864067738853453
Participant_33,400,0.5,22.5055548698538
Participant_34,100,0.5,19.39974226632921
Participant_35,350,0.2,25.477195685553777
Participant_36,250,0.3,24.412599206147632
Participant_37,200,0.3,23.042081069209004
Participant_38,100,0.2,29.767011942753005
Participant_39,400,0.6,27.151427218472328
Participant_40,400,0.2,26.186828750346997
Participant_41,100,0.5,23.15923142075315
Participant_42,150,0.6,28.373403038761495
Participant_43,150,0.3,17.541379649275026
Participant_44,250,0.1,30.309445722414655
Participant_45,350,0.5,14.785127662620976
Participant_46,250,0.4,20.63068103577776
Participant_47,400,0.2,34.63379852109786
Participant_48,100,0.2,17.45923824226017
Participant_49,100,0.5,21.882641522448793
Participant_50,100,0.1,26.808347580557815
Participant_51,100,0.1,32.88141572377929
Participant_52,100,0.4,17.964896325890667
Participant_53,400,0.2,30.385029208476993
Participant_54,100,0.3,20.387189605239854
Participant_55,200,0.3,23.01494079940246
Participant_56,100,0.4,23.13520045298938
Participant_57,100,0.2,28.89333833256379
Participant_58,100,0.2,22.579304683714245
Participant_59,350,0.5,23.448880570295888
Participant_60,350,0.4,24.711839267848923
Participant_61,300,0.4,17.17483624376081
Participant_62,100,0.5,27.795683118067092
Participant_63,200,0.4,18.32416437385345
Participant_64,100,0.5,21.710596491114657
Participant_65,400,0.2,17.698870020427858
Participant_66,250,0.4,27.26031914706796
Participant_67,150,0.4,38.13987414766861
Participant_68,100,0.5,35.35675324460661
Participant_69,400,0.2,20.663978319771825
Participant_70,350,0.2,13.382357789268676
Participant_71,350,0.1,22.369901653784712
Participant_72,350,0.2,21.80223612384748
Participant_73,400,0.2,23.96872962841377
Participant_74,100,0.4,36.23171952861194
Participant_75,400,0.7,19.42099379537515
Participant_76,350,0.2,17.792905889707843
Participant_77,400,0.5,29.857997253667232
Participant_78,150,0.2,26.798320842918496
Participant_79,100,0.2,13.595035858724316
Participant_80,350,0.5,29.08779812911249
Participant_81,350,0.2,13.475440623593723
Participant_82,300,0.5,16.277668752005
Participant_83,250,0.3,22.438248594754448
Participant_84,100,0.1,26.290445032368698
Participant_85,400,0.5,28.922309727959142
Participant_86,400,0.4,25.277954822334816
Participant_87,200,0.3,17.633419974582356
Participant_88,150,0.4,18.5310550158376
Participant_89,150,0.4,18.121810064118872
Participant_90,150,0.2,23.062957312539083
Participant_91,150,0.2,32.873241397829936
Participant_92,250,0.4,14.853450777512949
Participant_93,400,0.5,14.585952145814822
Participant_94,150,0.6,36.021521344884924
Participant_95,400,0.1,14.074800176201437
Participant_96,100,0.0,21.351814911149823
Participant_97,100,0.4,23.1891677297828
Participant_98,100,0.1,21.878928218722233
Participant_99,100,0.3,24.43128117803076
Participant_0,350,0.6,17.798876369029593
Participant_1,100,0.2,31.38192154728579
Participant_2,150,0.2,17.941571837495175
Participant_3,350,0.4,23.731308434218285
Participant_4,400,0.2,27.37699764400764
Participant_5,250,0.3,18.29549124784574
Participant_6,150,0.4,29.041349830887683
Participant_7,100,0.5,18.710959355415213
Participant_8,400,0.1,23.703375287076735
Participant_9,400,0.1,20.720762534231216
Participant_10,100,0.2,24.896284863408837
Participant_11,300,0.3,22.388054850745743
Participant_12,350,0.3,17.109938632268673
Participant_13,400,0.5,30.25309901481169
Participant_14,100,0.5,24.059301735503464
Participant_15,400,0.1,22.429890771022492
Participant_16,150,0.4,14.522396496446445
Participant_17,100,0.2,21.179589231144213
Participant_18,100,0.4,18.37763586536636
Participant_19,100,0.7,47.01701819554277
Participant_20,350,0.4,16.790622382746864
Participant_21,350,0.4,24.200723129691806
Participant_22,200,0.3,24.993749218554626
Participant_23,350,0.2,27.2779672996358
Participant_24,400,0.2,29.487285395573462
Participant_25,100,0.2,30.758332204461283
Participant_26,100,0.3,31.47439435477671
Participant_27,100,0.1,23.370654676324325
Participant_28,100,0.4,20.16153515980368
Participant_29,350,0.1,32.236043491719016
Participant_30,400,0.3,18.07622748252522
Participant_31,400,0.2,20.143237078483686
Participant_32,100,0.5,15.373678805022564
Participant_33,400,0.4,20.34637559861707
Participant_34,150,0.2,25.800193797721754
Participant_35,100,0.6,36.21981501885398
Participant_36,400,0.2,26.06722079547415
Participant_37,100,0.6,29.968733706982015
Participant_38,400,0.6,46.66047577982891
Participant_39,400,0.5,17.790446874657196
Participant_40,100,0.4,14.238591924765595
Participant_41,150,0.5,26.781056737925784
Participant_42,100,0.5,45.36077600747148
Participant_43,400,0.5,12.806248474865697
Participant_44,400,0.2,19.480759738778158
Participant_45,100,0.5,39.22817864749777
Participant_46,150,0.2,30.62923440114036
Participant_47,100,0.5,24.085265205099986
Participant_48,400,0.2,19.12459149890528
Participant_49,350,0.6,22.595353504647807
Participant_50,350,0.4,33.006438765792346
Participant_51,350,0.2,15.340713803470814
Participant_52,300,0.3,15.123656965165535
Participant_53,200,0.4,23.812286744451907
Participant_54,100,0.4,18.06896510594893
Participant_55,100,0.2,42.90774988274263
Participant_56,100,0.3,21.404146794488213
Participant_57,400,0.2,22.983689869122408
Participant_58,150,0.5,25.587594650533294
Participant_59,400,0.5,16.926310879810757
Participant_60,100,0.5,23.613555429032708
Participant_61,100,0.1,33.855391003501936
Participant_62,100,0.5,45.70393856113497
Participant_63,150,0.5,27.472258734949335
Participant_64,400,0.1,26.93696345173301
Participant_65,400,0.6,25.75752317285185
Participant_66,150,0.5,23.499468079086387
Participant_67,350,0.2,20.98422026190156
Participant_68,400,0.4,25.621768088873182
Participant_69,100,0.5,19.39974226632921
Participant_70,400,0.6,29.659737018389087
Participant_71,100,0.5,20.12709616412661
Participant_72,150,0.5,15.523369479594306
Participant_73,100,0.3,18.791953065075486
Participant_74,250,0.3,19.961838592674773
Participant_75,100,0.3,27.64755866256549
Participant_76,100,0.7,41.75044909938095
Participant_77,150,0.4,28.825336077832638
Participant_78,350,0.5,15.846135175493108
Participant_79,150,0.2,21.86664126014784
Participant_80,400,0.2,24.45914961727002
Participant_81,100,0.2,19.230834615273462
Participant_82,400,0.5,26.320144376503713
Participant_83,100,0.2,17.848669418194735
Participant_84,150,0.7,27.216952437773045
Participant_85,400,0.0,22.51166364354265
Participant_86,250,0.3,14.088115558867338
Participant_87,400,0.6,21.382235617446554
Participant_88,100,0.2,20.822463831160807
Participant_89,100,0.2,25.68705899864755
Participant_90,200,0.3,21.585585468084947
Participant_91,250,0.2,13.386093530227555
Participant_92,100,0.2,26.759577724620396
Participant_93,400,0.0,37.73956809503787
Participant_94,100,0.2,17.45923824226017
Participant_95,400,0.6,17.94993036198191
Participant_96,400,0.3,19.570385790780925
Participant_97,400,0.0,28.293550501836986
Participant_98,100,0.1,19.587942719948924
Participant_99,100,0.2,12.342001458434527
Participant_0,100,0.5,22.166416038683387
Participant_1,150,0.5,19.89912058358359
Participant_2,400,0.2,22.01136070305514
Participant_3,350,0.1,10.144579833586011
Participant_4,300,0.3,15.81059771166163
Participant_5,100,0.4,22.141307549465093
Participant_6,100,0.6,16.374522893812816
Participant_7,300,0.4,11.778157750684102
Participant_8,250,0.3,14.99083053069442
Participant_9,100,0.2,14.952424552560029
Participant_10,400,0.5,12.658988901172163
Participant_11,350,0.2,18.07173206972702
Participant_12,100,0.1,32.61422235773835
Participant_13,350,0.2,16.555588180430195
Participant_14,400,0.2,16.34013463836819
Participant_15,100,0.3,18.149035787060424
Participant_16,400,0.5,17.89553016817328
Participant_17,250,0.3,13.075740896790514
Participant_18,400,0.1,21.490695661146013
Participant_19,400,0.2,21.11279233071741
Participant_20,400,0.3,18.07622748252522
Participant_21,300,0.3,18.404483149493768
Participant_22,100,0.2,16.464355438340124
Participant_23,300,0.5,10.952739383368893
Participant_24,100,0.4,28.42072307313802
Participant_25,400,0.2,24.939927826679853
Participant_26,100,0.4,14.282419262855996
Participant_27,100,0.1,42.26331151246906
Participant_28,100,0.4,20.1925109879876
Participant_29,400,0.3,17.867568385205637
Participant_30,350,0.2,28.70692425182468
Participant_31,100,0.3,17.374910071709724
Participant_32,100,0.5,30.043302082161343
Participant_33,250,0.0,30.899433651767794
Participant_34,100,0.4,15.81889692740932
Participant_35,400,0.5,44.06245567373657
Participant_36,100,0.6,17.338540884399702
Participant_37,150,0.3,13.18901057699174
Participant_38,150,0.2,17.941571837495175
Participant_39,100,0.2,29.407907099962078
Participant_40,400,0.3,16.217274740226856
Participant_41,100,0.4,26.009373310404847
Participant_42,150,0.5,25.73373272574346
Participant_43,100,0.4,36.4038116136209
Participant_44,100,0.1,28.67817114113102
Participant_45,350,0.6,17.622428890479316
Participant_46,350,0.6,27.396167615197566
Participant_47,200,0.4,14.344859706529025
Participant_48,100,0.6,25.137123940498842
Participant_49,400,0.0,38.68817648843119
Participant_50,100,0.1,31.661293403776163
Participant_51,400,0.0,21.401518637704193
Participant_52,100,0.2,15.606889504318277
Participant_53,250,0.4,26.98379143115363
Participant_54,100,0.2,14.180091678123945
Participant_55,100,0.1,27.544282528321553
Participant_56,100,0.2,23.2610188942789
Participant_57,400,0.4,15.29624136838851
Participant_58,200,0.3,28.93419257556706
Participant_59,400,0.0,21.137052774689284
Participant_60,100,0.4,35.074741624137445
Participant_61,100,0.5,23.023900625219873
Participant_62,100,0.5,43.31685584157742
Participant_63,200,0.5,19.05977439530699
Participant_64,100,0.5,35.952746765720136
Participant_65,400,0.5,24.19194080680589
Participant_66,400,0.5,24.088378940891808
Participant_67,350,0.4,19.122630572178085
Participant_68,100,0.2,14.826496551781881
Participant_69,400,0.5,29.563490998188964
Participant_70,350,0.2,15.094286998729023
Participant_71,200,0.3,17.239127008059313
Participant_72,200,0.3,26.475224267227652
Participant_73,100,0.3,17.302817689613445
Participant_74,100,0.5,32.11463840680757
Participant_75,400,0.1,25.235887145095575
Participant_76,100,0.5,30.209270100417854
Participant_77,350,0.2,20.47162670624882
Participant_78,400,0.6,26.68707552355634
Participant_79,400,0.4,19.817290430328764
Participant_80,150,0.4,12.181953866272849
Participant_81,100,0.2,22.634597411926727
Participant_82,100,0.1,26.924663414794992
Participant_83,400,0.4,33.69310018386554
Participant_84,350,0.2,14.459858228903906
Participant_85,100,0.4,20.34668277631516
Participant_86,400,0.2,20.359273071502333
Participant_87,400,0.5,17.146428199482248
Participant_88,150,0.2,22.817756243767704
Participant_89,100,0.0,24.04994802489186
Participant_90,100,0.5,25.44798616786798
Participant_91,100,0.1,25.02373872945448
Participant_92,100,0.4,25.154273990715772
Participant_93,150,0.3,16.05303709582707
Participant_94,300,0.5,23.075148970266692
Participant_95,250,0.3,11.660831874270377
Participant_96,150,0.2,25.13762120806183
Participant_97,400,0.5,32.59984662540608
Participant_98,400,0.5,18.947295321496416
Participant_99,400,0.2,22.237355957937087
Participant_0,150,0.4,20.208908926510603
Participant_1,100,0.4,17.10957334359919
Participant_2,400,0.4,17.92972392425494
Participant_3,100,0.4,19.84911836833062
Participant_4,100,0.2,29.429152213409072
Participant_5,400,0.3,26.419689627245813
Participant_6,250,0.4,14.383149863642526
Participant_7,200,0.3,20.72890493972125
Participant_8,400,0.6,37.91042073098108
Participant_9,100,0.1,27.316432783216772
Participant_10,200,0.3,20.759034177918778
Participant_11,300,0.5,19.299287551617027
Participant_12,350,0.2,26.69901683583124
Participant_13,300,0.3,25.61688896021529
Participant_14,100,0.4,19.659285337977064
Participant_15,150,0.4,20.57668583615933
Participant_16,100,0.2,17.27932290340105
Participant_17,400,0.5,24.295061226512683
Participant_18,250,0.4,21.139418156609704
Participant_19,100,0.5,29.17790259768512
Participant_20,150,0.4,17.561321134812154
Participant_21,400,0.3,21.224985276791124
Participant_22,100,0.4,17.542448517809593
Participant_23,350,0.4,30.322021700407774
Participant_24,350,0.4,25.824891093671624
Participant_25,100,0.5,21.42078429936682
Participant_26,400,0.2,25.362373705944798
Participant_27,100,0.1,16.69393602479655
Participant_28,100,0.2,29.344079470993805
Participant_29,400,0.6,24.742675683927153
Participant_30,100,0.5,33.299399393983066
Participant_31,400,0.1,17.5527775579821
Participant_32,250,0.4,20.901554966078482
Participant_33,400,0.2,19.319679086361656
Participant_34,300,0.5,22.47137067470518
Participant_35,100,0.5,17.178474903203718
Participant_36,100,0.4,24.677672094425763
Participant_37,350,0.2,18.883524565080535
Participant_38,300,0.5,22.443540273316952
Participant_39,100,0.2,24.260564709008733
Participant_40,200,0.4,17.27063982601687
Participant_41,100,0.3,21.02112033170449
Participant_42,150,0.2,19.922349259060788
Participant_43,100,0.1,24.340039030371337
Participant_44,400,0.2,20.994046775217015
Participant_45,100,0.1,36.70745837020046
Participant_46,350,0.5,20.52072123488841
Participant_47,350,0.2,23.0019020952616
Participant_48,150,0.1,30.522737426384285
Participant_49,350,0.3,21.88606862823929
Participant_50,350,0.2,28.246017418390153
Participant_51,250,0.4,27.006943551612796
Participant_52,100,0.2,23.60773178431168
Participant_53,100,0.6,20.046820196729456
Participant_54,250,0.4,21.080203983832796
Participant_55,400,0.2,27.897132469126642
Participant_56,100,0.2,27.33724565496678
Participant_57,100,0.1,26.64465237153602
Participant_58,100,0.4,20.1925109879876
Participant_59,250,0.1,27.36169768124778
Participant_60,150,0.2,26.82163305990148
Participant_61,150,0.3,14.281106399715675
Participant_62,400,0.1,32.02499024199695
Participant_63,400,0.6,39.095396148395785
Participant_64,350,0.5,23.819109974975976
Participant_65,100,0.5,26.45940286552212
Participant_66,400,0.6,20.456050449683584
Participant_67,250,0.2,19.40843888621648
Participant_68,100,0.2,21.120487683763365
Participant_69,350,0.5,21.356497840235885
Participant_70,400,0.0,24.80977629887057
Participant_71,200,0.3,21.35269303858415
Participant_72,400,0.5,29.13760456866693
Participant_73,300,0.5,20.523462183559577
Participant_74,100,0.0,32.74370168444613
Participant_75,400,0.5,24.779023386727733
Participant_76,350,0.5,17.744013074837383
Participant_77,100,0.3,21.257645683377074
Participant_78,150,0.4,13.309770847013107
Participant_79,250,0.5,13.222613206170708
Participant_80,300,0.4,28.591519721763653
Participant_81,400,0.1,26.75070092539633
Participant_82,400,0.2,23.038012067016545
Participant_83,100,0.1,28.590863925387076
Participant_84,350,0.4,12.871480101371404
Participant_85,250,0.4,25.92055169165965
Participant_86,200,0.3,21.20583646074825
Participant_87,400,0.6,19.613770672667712
Participant_88,400,0.5,20.71231517720798
Participant_89,300,0.5,16.006639247512265
Participant_90,100,0.1,28.327327794905045
Participant_91,150,0.3,20.89138578457638
Participant_92,350,0.5,17.638027100557476
Participant_93,150,0.1,22.48082516279151
Participant_94,400,0.5,21.88606862823929
Participant_95,400,0.4,17.719339716817892
Participant_96,100,0.3,19.413590600401566
Participant_97,250,0.5,25.589792887008677
Participant_98,400,0.2,20.081085628023203
Participant_99,400,0.3,23.005434140654682
Participant_0,150,0.1,22.56407542976224
Participant_1,100,0.2,14.26797112416478
Participant_2,400,0.2,19.28730152198591
Participant_3,200,0.4,18.493917919143037
Participant_4,150,0.2,17.44706279005151
Participant_5,400,0.5,15.620499351813308
Participant_6,100,0.2,24.46579244578029
Participant_7,100,0.4,26.55630810184277
Participant_8,350,0.5,16.389020715100706
Participant_9,400,0.2,24.253865671269807
Participant_10,400,0.5,25.104780421266383
Participant_11,100,0.1,27.086666461563706
Participant_12,350,0.6,21.77842969545784
Participant_13,100,0.4,32.94294309863647
Participant_14,100,0.2,17.988190570482622
Participant_15,400,0.3,20.1059692628831
Participant_16,400,0.5,27.685736399814257
Participant_17,100,0.2,29.913625657883735
Participant_18,350,0.5,16.503030024816656
Participant_19,150,0.3,28.529808972371338
Participant_20,150,0.4,17.0923959701383
Participant_21,250,0.3,15.842190505103769
Participant_22,300,0.5,29.30379668234135
Participant_23,150,0.2,21.66564100136435
Participant_24,200,0.3,16.384062377810945
Participant_25,400,0.2,17.698870020427858
Participant_26,300,0.3,19.556968067673477
Participant_27,350,0.1,29.14039292803033
Participant_28,400,0.3,26.514147167125703
Participant_29,200,0.6,17.83080200103181
Participant_30,100,0.6,34.06794681221632
Participant_31,150,0.2,15.187165634179408
Participant_32,400,0.5,22.91833327273168
Participant_33,200,0.2,15.535845648048902
Participant_34,350,0.2,20.924566901133222
Participant_35,150,0.6,24.699190270128287
Participant_36,150,0.2,22.65281439468394
Participant_37,250,0.1,18.40278511530252
Participant_38,150,0.2,15.871357849913158
Participant_39,100,0.4,25.888945517343885
Participant_40,100,0.5,31.62435770098738
Participant_41,400,0.4,13.047030313446811
Participant_42,400,0.2,22.48888614404902
Participant_43,400,0.3,22.787057730211682
Participant_44,100,0.5,21.18608033591868
Participant_45,400,0.5,17.790446874657196
Participant_46,250,0.4,28.624727072934686
Participant_47,150,0.4,18.052700628991772
Participant_48,350,0.5,22.0476756144497
Participant_49,400,0.3,21.400934559032695
Participant_50,100,0.6,39.9921867369115
Participant_51,400,0.2,38.836194458262774
Participant_52,100,0.2,28.523236141784473
Participant_53,100,0.2,31.46148438964697
Participant_54,100,0.1,35.91569990964954
Participant_55,400,0.2,29.656365252673833
Participant_56,100,0.1,29.537053001272824
Participant_57,100,0.2,28.958159471900146
Participant_58,350,0.3,11.412712210513327
Participant_59,400,0.5,30.35621847332108
Participant_60,100,0.4,27.161323605450452
Participant_61,400,0.5,22.699118925632334
Participant_62,400,0.2,29.656365252673833
Participant_63,150,0.3,22.504444005573653
Participant_64,400,0.2,47.415714694603096
Participant_65,100,0.0,27.810070118573954
Participant_66,400,0.5,36.57526486575319
Participant_67,350,0.7,21.10983183258455
Participant_68,400,0.5,15.5
Participant_69,100,0.5,20.374003043093914
Participant_70,350,0.2,24.57819155267531
Participant_71,100,0.5,14.012494424619765
Participant_72,400,0.4,15.29624136838851
Participant_73,100,0.1,33.202974264363725
Participant_74,350,0.5,19.776248380317234
Participant_75,100,0.4,31.428291394856323
Participant_76,300,0.3,13.737721790748274
Participant_77,400,0.4,29.52075541038881
Participant_78,400,0.5,28.33284313301438
Participant_79,100,0.4,23.6957274629837
Participant_80,350,0.3,21.94310825749169
Participant_81,100,0.2,26.35953337978501
Participant_82,100,0.5,29.09209514627642
Participant_83,300,0.2,19.10595456919125
Participant_84,300,0.2,9.684394663581198
Participant_85,300,0.3,22.191777756637705
Participant_86,150,0.3,27.684833393033088
Participant_87,100,0.2,19.489099517422552
Participant_88,200,0.5,19.70469487203494
Participant_89,100,0.4,26.033392018713197
Participant_90,400,0.4,25.791956110384493
Participant_91,150,0.2,28.295759399599085
Participant_92,400,0.0,34.46773853910349
Participant_93,300,0.2,25.981483791346484
Participant_94,400,0.5,17.790446874657196
Participant_95,100,0.6,27.006943551612796
Participant_96,100,0.2,16.987495401029545
Participant_97,100,0.5,22.915060549778175
Participant_98,400,0.3,17.937391114652097
Participant_99,150,0.2,27.557213211789033
Participant_0,400,0.4,22.36571036206988
Participant_1,350,0.3,20.5
Participant_2,400,0.5,21.041625412500814
Participant_3,100,0.2,22.77224187470351
Participant_4,400,0.2,12.328828005937952
Participant_5,100,0.5,23.400854685246006
Participant_6,400,0.4,21.394508641237827
Participant_7,100,0.1,30.69914493923243
Participant_8,200,0.5,18.255820989481684
Participant_9,100,0.5,25.546036874630868
Participant_10,100,0.5,31.841011290472544
Participant_11,400,0.1,17.3738308959193
Participant_12,100,0.5,13.185218997043622
Participant_13,100,0.3,17.695691566028156
Participant_14,250,0.3,17.527835006069633
Participant_15,250,0.4,16.18255233268226
Participant_16,100,0.5,40.82095050338735
Participant_17,100,0.2,21.73303936406503
Participant_18,400,0.5,24.166091947189145
Participant_19,300,0.2,23.31925170326012
Participant_20,150,0.2,22.235107375499673
Participant_21,400,0.5,27.572631357924475
Participant_22,350,0.2,13.886594254892017
Participant_23,350,0.4,21.809974782195418
Participant_24,350,0.1,27.187543103414107
Participant_25,400,0.1,17.265572680916208
Participant_26,100,0.3,21.54965196934744
Participant_27,400,0.2,17.014699527173555
Participant_28,100,0.4,33.05658028290283
Participant_29,350,0.2,25.98725649236564
Participant_30,400,0.2,26.210684844162312
Participant_31,300,0.2,19.93834245868999
Participant_32,350,0.1,23.778404067556764
Participant_33,100,0.2,21.559800555663774
Participant_34,100,0.2,22.13199042110763
Participant_35,400,0.0,34.34057367022281
Participant_36,250,0.1,29.768481654259762
Participant_37,100,0.2,17.566302969037054
Participant_38,150,0.4,16.42102311063473
Participant_39,100,0.6,51.919408702334046
Participant_40,100,0.4,18.172437921203638
Participant_41,100,0.1,27.24770632548729
Participant_42,400,0.3,15.305227865013967
Participant_43,100,0.2,38.4359857425304
Participant_44,200,0.5,15.150082508026152
Participant_45,150,0.2,25.703112651972717
Participant_46,350,0.2,31.98183077936596
Participant_47,250,0.4,15.949137907736581
Participant_48,400,0.0,13.712220826693246
Participant_49,400,0.5,15.378556499229699
Participant_50,400,0.3,16.635804759614125
Participant_51,400,0.1,22.12125674549256
Participant_52,250,0.2,30.727634142575962
Participant_53,100,0.2,26.87610462846132
Participant_54,400,0.0,27.8033271390314
Participant_55,400,0.3,17.797471730557685
Participant_56,400,0.0,21.977829738170236
Participant_57,100,0.5,20.94874697923482
Participant_58,200,0.3,26.356925086208367
Participant_59,100,0.5,26.53017150340344
Participant_60,100,0.2,19.93301281793598
Participant_61,150,0.2,27.805574980568196
Participant_62,400,0.2,15.874507866387544
Participant_63,400,0.2,28.209041103873062
Participant_64,400,0.4,17.824842215290435
Participant_65,400,0.2,21.230873745562146
Participant_66,100,0.4,28.48661966608183
Participant_67,400,0.6,49.29198717844514
Participant_68,400,0.5,28.398943642325854
Participant_69,100,0.2,21.0612202875332
Participant_70,100,0.2,21.961898825010554
Participant_71,350,0.2,16.8919359458885
Participant_72,400,0.1,18.956529218187598
Participant_73,400,0.5,32.407560846197605
Participant_74,400,0.2,34.23448553724738
Participant_75,100,0.3,12.966784489610367
Participant_76,150,0.2,34.93780187705002
Participant_77,400,0.0,31.965215469319144
Participant_78,300,0.3,34.150036603201464
Participant_79,250,0.4,16.488632447841148
Participant_80,100,0.4,26.200906472868454
Participant_81,250,0.5,15.324408634593375
Participant_82,400,0.1,25.823438965405053
Participant_83,100,0.1,21.649191670822262
Participant_84,350,0.2,24.06423695029618
Participant_85,100,0.5,40.079296401009834
Participant_86,400,0.2,24.020824298928627
Participant_87,100,0.2,30.57490801294421
Participant_88,150,0.5,21.586454085838184
Participant_89,400,0.1,19.185932346383378
Participant_90,150,0.2,22.514439810930227
Participant_91,400,0.5,26.41495788374458
Participant_92,250,0.3,26.047552668149077
Participant_93,100,0.2,17.206830039260574
Participant_94,100,0.4,22.80871543949812
Participant_95,400,0.4,16.09270020847962
Participant_96,100,0.2,42.03956469803178
Participant_97,250,0.4,28.31739747928824
Participant_98,350,0.3,17.363755354185336
Participant_99,400,0.1,32.37437258079297
Participant_0,100,0.2,17.170468834600875
Participant_1,100,0.2,33.85372948435667
Participant_2,400,0.5,19.62778642639052
Participant_3,100,0.6,48.58626349082629
Participant_4,400,0.3,27.027763503479157
Participant_5,400,0.2,24.150569351466643
Participant_6,100,0.4,15.007914578648162
Participant_7,400,0.2,25.92296279363144
Participant_8,100,0.2,38.90469123383451
Participant_9,350,0.2,19.788569933171015
Participant_10,200,0.5,16.53103142577619
Participant_11,100,0.5,41.54936822624382
Participant_12,100,0.3,16.863792574625673
Participant_13,100,0.5,24.214664978066494
Participant_14,100,0.1,25.689248723931186
Participant_15,150,0.5,18.12387927569592
Participant_16,400,0.1,27.646880475019238
Participant_17,300,0.4,19.90540127704036
Participant_18,150,0.4,16.982343772283023
Participant_19,400,0.4,18.103176516843668
Participant_20,400,0.6,18.965758619153625
Participant_21,350,0.3,19.880895352071043
Participant_22,400,0.6,16.192590898309017
Participant_23,350,0.2,27.506135679153477
Participant_24,400,0.4,24.499489790605846
Participant_25,100,0.5,28.919716457807812
Participant_26,400,0.0,48.469320193293406
Participant_27,400,0.2,17.378147196982766
Participant_28,100,0.2,29.365370762174962
Participant_29,100,0.6,29.968733706982015
Participant_30,100,0.5,20.799038439312525
Participant_31,150,0.5,20.39546518224088
Participant_32,150,0.2,26.327742022437093
Participant_33,400,0.2,28.71410803072246
Participant_34,100,0.5,28.876461001999537
Participant_35,100,0.3,23.197790843095383
Participant_36,300,0.3,23.37145695073373
Participant_37,100,0.4,24.55071282060869
Participant_38,150,0.1,25.98821848453641
Participant_39,100,0.2,26.852839700858457
Participant_40,150,0.1,20.59459880648322
Participant_41,100,0.3,17.157724208064426
Participant_42,400,0.6,15.15585695366646
Participant_43,100,0.5,30.722141852416474
Participant_44,100,0.4,13.972741320156185
Participant_45,400,0.5,29.857997253667232
Participant_46,100,0.2,12.691532610366645
Participant_47,400,0.2,17.48570845004571
Participant_48,100,0.4,12.55935906007946
Participant_49,100,0.2,17.778498249289786
Participant_50,400,0.0,52.71882965317042
Participant_51,250,0.2,18.07449860992
Participant_52,100,0.3,23.278477183870944
Participant_53,100,0.4,33.33897868861612
Participant_54,400,0.2,29.845435161846776
Participant_55,300,0.3,18.64068131802054
Participant_56,100,0.5,17.032322213955442
Participant_57,400,0.0,21.94937356737089
Participant_58,400,0.4,25.621768088873182
Participant_59,400,0.4,22.58816061568538
Participant_60,400,0.2,15.435349040433131
Participant_61,400,0.2,37.158444531492435
Participant_62,100,0.2,22.272741187379697
Participant_63,200,0.4,20.75511985029236
Participant_64,100,0.2,17.31545552389541
Participant_65,200,0.4,21.639662659108158
Participant_66,400,0.3,17.727097901235837
Participant_67,350,0.2,22.368225231340997
Participant_68,100,0.4,29.478593928476304
Participant_69,100,0.2,13.079564212923914
Participant_70,200,0.4,14.731768393509315
Participant_71,400,0.0,57.024336909779144
Participant_72,400,0.1,21.227340860315028
Participant_73,400,0.1,26.25547561938271
Participant_74,350,0.6,20.659138413786767
Participant_75,300,0.2,7.585347717804372
Participant_76,300,0.2,26.292346795217806
Participant_77,400,0.3,23.275523624614763
Participant_78,100,0.4,22.972537952955914
Participant_79,400,0.5,21.42428528562855
Participant_80,250,0.2,15.343972758057152
Participant_81,400,0.1,24.65968369626829
Participant_82,100,0.1,57.91103090085688
Participant_83,100,0.3,20.751807150221882
Participant_84,150,0.2,19.31709087828703
Participant_85,100,0.4,20.560581217465618
Participant_86,150,0.3,20.376457003120045
Participant_87,150,0.2,16.97498159056439
Participant_88,400,0.2,25.11473670974872
Participant_89,400,0.3,22.005681084665387
Participant_90,150,0.4,20.393626455341384
Participant_91,300,0.2,27.70446714881916
Participant_92,300,0.5,24.44304604585934
Participant_93,250,0.4,22.008521077073762
Participant_94,100,0.5,34.85828452462915
Participant_95,150,0.5,13.170990851109114
Participant_96,250,0.3,19.357814959338775
Participant_97,300,0.4,20.370935177355015
Participant_98,100,0.5,36.93033983055125
Participant_99,400,0.3,21.106870919205434
Participant_0,300,0.3,12.092352955483891
Participant_1,150,0.5,16.79955356549691
Participant_2,400,0.2,28.822734082664677
Participant_3,400,0.5,17.649362594722792
Participant_4,350,0.5,21.56038033059714
Participant_5,100,0.3,18.456367464915733
Participant_6,400,0.2,17.52141546793523
Participant_7,400,0.2,15.47578754054216
Participant_8,100,0.1,24.973736204260668
Participant_9,100,0.2,26.829554599359266
Participant_10,150,0.2,16.067047021777213
Participant_11,400,0.6,36.6360478217834
Participant_12,250,0.4,22.707377655731186
Participant_13,200,0.3,19.194725838104592
Participant_14,350,0.2,21.80223612384748
Participant_15,100,0.4,36.999831080695486
Participant_16,100,0.5,28.241812972966166
Participant_17,350,0.3,13.518505834595775
Participant_18,100,0.5,28.3963025762158
Participant_19,350,0.5,24.183672177731818
Participant_20,400,0.0,31.13318165559055
Participant_21,150,0.5,20.024360164559567
Participant_22,350,0.4,12.274974541725127
Participant_23,350,0.5,24.028108539791475
Participant_24,350,0.4,11.540147312751255
Participant_25,150,0.3,28.59545418418809
Participant_26,100,0.5,21.274397758808593
Participant_27,150,0.5,16.154720672298858
Participant_28,400,0.4,25.74344576780661
Participant_29,400,0.0,27.23554662568754
Participant_30,100,0.4,15.779337755431945
Participant_31,150,0.2,20.479257799051215
Participant_32,400,0.4,24.397233449717206
Participant_33,350,0.3,15.215124054702938
Participant_34,300,0.4,24.18625642797992
Participant_35,400,0.3,17.334935823359714
Participant_36,100,0.5,23.213142829009605
Participant_37,100,0.6,23.305042372842834
Participant_38,100,0.1,27.063582541858718
Participant_39,150,0.6,26.94995361777085
Participant_40,100,0.2,23.73973462362206
Participant_41,200,0.6,23.13952246698276
Participant_42,150,0.4,24.71639132235934
Participant_43,100,0.5,19.845654436173174
Participant_44,100,0.5,18.134221791960083
Participant_45,400,0.3,26.301140659674818
Participant_46,100,0.6,19.21913109378257
Participant_47,150,0.1,25.305878763639093
Participant_48,400,0.3,21.691011963483863
Participant_49,100,0.2,26.968963643417965
Participant_50,400,0.4,18.68087257062689
Participant_51,400,0.1,18.85735930611707
Participant_52,250,0.5,24.235046936203776
Participant_53,100,0.0,18.79893614011176
Participant_54,100,0.2,30.57490801294421
Participant_55,400,0.6,22.185580902919806
Participant_56,150,0.3,15.935808733791957
Participant_57,400,0.2,23.785499784532593
Participant_58,100,0.1,29.367286221236036
Participant_59,100,0.0,29.994166099426735
Participant_60,400,0.4,24.448415081554877
Participant_61,400,0.3,23.98958107179031
Participant_62,200,0.3,16.909686573085853
Participant_63,150,0.4,12.684636376341263
Participant_64,150,0.2,21.433618453261687
Participant_65,100,0.5,24.624175113087546
Participant_66,100,0.1,26.242856170775315
Participant_67,150,0.5,17.56345637965375
Participant_68,150,0.3,12.457929201917949
Participant_69,100,0.2,25.63835018093013
Participant_70,100,0.4,32.05834524737669
Participant_71,100,0.4,16.131878377919914
Participant_72,400,0.0,20.415067964618682
Participant_73,400,0.3,23.382685902179844
Participant_74,400,0.1,18.5903200617956
Participant_75,350,0.5,18.670832868407345
Participant_76,100,0.5,33.931548741547296
Participant_77,350,0.6,25.919104922817066
Participant_78,100,0.1,35.24822690576081
Participant_79,400,0.5,41.37027918687521
Participant_80,100,0.3,17.230423674419615
Participant_81,250,0.4,25.67829823021767
Participant_82,150,0.2,22.54218268047706
Participant_83,100,0.4,21.10065164870507
Participant_84,100,0.5,21.303755537463342
Participant_85,200,0.5,15.796360340280922
Participant_86,400,0.5,26.860752037126584
Participant_87,100,0.2,25.565112947139507
Participant_88,250,0.3,21.586454085838184
Participant_89,100,0.1,27.747747656341406
Participant_90,200,0.3,33.21802974289715
Participant_91,100,0.3,22.486384769455494
Participant_92,150,0.2,28.427979175453185
Participant_93,150,0.5,20.3033248508711
Participant_94,100,0.4,28.792143025485267
Participant_95,100,0.5,37.43460965470322
Participant_96,100,0.6,27.006943551612796
Participant_97,150,0.4,15.11290838985005
Participant_98,350,0.1,18.61887483173997
Participant_99,250,0.3,24.514791453324666
Participant_0,100,0.3,19.827695277061327
Participant_1,100,0.2,20.089176190177636
Participant_2,300,0.3,12.040556465545935
Participant_3,150,0.2,22.431005327447988
Participant_4,100,0.2,21.847768764796097
Participant_5,150,0.3,21.129363454680785
Participant_6,150,0.3,16.513630733427462
Participant_7,150,0.3,26.789923478800755
Participant_8,100,0.3,27.917512424999476
Participant_9,200,0.5,23.092747779335397
Participant_10,100,0.0,20.208908926510603
Participant_11,400,0.6,22.988040368852673
Participant_12,400,0.4,25.17886018071509
Participant_13,400,0.6,19.421637418096342
Participant_14,400,0.6,25.830214865540704
Participant_15,100,0.5,18.475659663459922
Participant_16,100,0.1,24.288629026768884
Participant_17,150,0.5,20.487191120307344
Participant_18,400,0.4,19.338433235399396
Participant_19,250,0.5,20.120574047476875
Participant_20,100,0.5,19.4961534667739
Participant_21,400,0.2,27.308423608842748
Participant_22,150,0.2,24.686028437154487
Participant_23,150,0.4,18.497297099846776
Participant_24,350,0.2,25.866725730173115
Participant_25,400,0.0,20.44565968610453
Participant_26,150,0.3,17.035257556021865
Participant_27,200,0.5,14.125331854508763
Participant_28,350,0.5,26.121829951211307
Participant_29,100,0.3,18.25205467885739
Participant_30,100,0.5,38.94033898157539
Participant_31,400,0.1,14.382280764885659
Participant_32,150,0.5,15.563579279844337
Participant_33,400,0.6,25.316990342455796
Participant_34,150,0.3,27.90967574157751
Participant_35,100,0.5,20.158124912798808
Participant_36,100,0.1,17.498214194597114
Participant_37,100,0.5,18.943336559328717
Participant_38,100,0.2,36.75697212774741
Participant_39,400,0.4,15.090559963102761
Participant_40,100,0.6,42.91707119550448
Participant_41,350,0.5,21.444113411377025
Participant_42,250,0.4,21.462176031334753
Participant_43,150,0.1,17.794310888595827
Participant_44,150,0.3,26.55560204551951
Participant_45,250,0.0,30.265904909650395
Participant_46,100,0.5,19.270443689754526
Participant_47,400,0.4,14.499137905406652
Participant_48,400,0.0,32.56570281753489
Participant_49,400,0.5,27.527259217001607
Participant_50,250,0.4,18.624580532189174
Participant_51,100,0.2,35.61706051880194
Participant_52,100,0.5,21.9396900616212
Participant_53,350,0.2,23.75052630995785
Participant_54,350,0.4,23.009237275494378
Participant_55,100,0.6,25.72693141437587
Participant_56,400,0.5,16.590660023037056
Participant_57,300,0.5,20.675166262934862
Participant_58,100,0.5,42.91095431238974
Participant_59,350,0.5,18.058239116813134
Participant_60,250,0.4,15.55233101499579
Participant_61,100,0.3,15.672826803100964
Participant_62,400,0.5,22.83637449333847
Participant_63,400,0.6,18.599731180853126
Participant_64,100,0.4,16.62791327858069
Participant_65,400,0.0,38.02006049442846
Participant_66,300,0.4,16.430915981770465
Participant_67,100,0.4,14.75593101095285
Participant_68,400,0.2,29.76155237886626
Participant_69,400,0.2,22.377444000600246
Participant_70,400,0.5,20.952326839756964
Participant_71,400,0.5,21.88606862823929
Participant_72,100,0.4,20.037152991380786
Participant_73,100,0.2,20.912316944805518
Participant_74,100,0.2,28.126055535748343
Participant_75,400,0.3,18.553975315279473
Participant_76,100,0.1,31.74015595424824
Participant_77,100,0.6,42.85877973064562
Participant_78,100,0.2,17.988190570482622
Participant_79,400,0.0,16.024200448072282
Participant_80,400,0.1,15.987495113369073
Participant_81,400,0.0,34.029766381801686
Participant_82,150,0.2,18.32075325962336
Participant_83,100,0.1,32.95735881407975
Participant_84,400,0.2,44.46346815083142
Participant_85,400,0.1,22.679285703037475
Participant_86,400,0.5,30.12888979036566
Participant_87,400,0.4,19.848803490387024
Participant_88,350,0.2,21.191684689991025
Participant_89,100,0.2,22.77224187470351
Participant_90,150,0.5,25.63639990326255
Participant_91,200,0.3,19.74050404624968
Participant_92,400,0.2,22.01136070305514
Participant_93,150,0.4,13.63451502621197
Participant_94,100,0.3,19.056166980796533
Participant_95,300,0.5,17.138042478649655
Participant_96,100,0.2,18.86994965547073
Participant_97,400,0.0,10.453468323958322
Participant_98,400,0.5,28.28869031963127
Participant_99,100,0.2,29.001293074619966
Participant_0,250,0.3,15.361477793493698
Participant_1,100,0.4,28.530466172146575
Participant_2,400,0.0,18.419419100503685
Participant_3,400,0.5,33.15116890850155
Participant_4,400,0.4,17.43487883525435
Participant_5,100,0.2,21.79047957251056
Participant_6,100,0.4,22.781297153586316
Participant_7,250,0.3,12.736757829212268
Participant_8,100,0.2,39.684064811961996
Participant_9,100,0.5,52.286231457239296
Participant_10,400,0.5,28.83574171059243
Participant_11,400,0.6,35.98193991435148
Participant_12,400,0.1,14.81046927008054
Participant_13,200,0.6,20.716840975399702
Participant_14,100,0.1,25.17315037892556
Participant_15,200,0.3,18.430613120566555
Participant_16,400,0.2,18.048545647780045
Participant_17,150,0.6,24.31666095499133
Participant_18,350,0.4,17.483563709953415
Participant_19,400,0.3,17.76231966833161
Participant_20,100,0.4,23.984109322632765
Participant_21,100,0.6,18.957188610128878
Participant_22,400,0.2,27.285527299284507
Participant_23,100,0.5,20.343303566530192
Participant_24,400,0.2,24.713356712514795
Participant_25,100,0.4,18.03434223918355
Participant_26,400,0.0,14.379673153448238
Participant_27,400,0.5,28.98706608127149
Participant_28,400,0.2,20.45116133621756
Participant_29,100,0.1,26.76167969317322
Participant_30,100,0.5,32.95982402865646
Participant_31,250,0.4,22.0935510952857
Participant_32,400,0.2,24.713356712514795
Participant_33,100,0.2,17.813618385942817
Participant_34,400,0.1,23.331309436034662
Participant_35,350,0.4,18.65944800898462
Participant_36,400,0.2,21.61018278497431
Participant_37,400,0.6,26.803917624108607
Participant_38,300,0.3,23.102489043390975
Participant_39,150,0.5,18.60040322143582
Participant_40,100,0.0,25.998076851951954
Participant_41,400,0.0,52.93179573753379
Participant_42,400,0.5,17.327723451163457
Participant_43,400,0.5,34.0624426605022
Participant_44,400,0.2,20.328551350256124
Participant_45,300,0.4,22.388054850745743
Participant_46,100,0.4,18.946965456241273
Participant_47,150,0.2,30.259709185648166
Participant_48,350,0.4,23.009237275494378
Participant_49,150,0.2,29.015513092137454
Participant_50,250,0.4,35.24024687768234
Participant_51,400,0.4,18.172093990511936
Participant_52,250,0.2,37.45580729339577
Participant_53,400,0.5,26.033632093889626
Participant_54,150,0.5,13.999107114384117
Participant_55,350,0.5,21.091467469097545
Participant_56,100,0.3,23.116822878587794
Participant_57,300,0.2,14.054803449354957
Participant_58,400,0.4,20.83206662815766
Participant_59,350,0.4,22.319834228775086
Participant_60,400,0.5,20.77257807784099
Participant_61,400,0.6,21.17663807123312
Participant_62,350,0.4,23.78392314148362
Participant_63,250,0.4,24.328481251405726
Participant_64,350,0.3,25.524498036200438
Participant_65,250,0.3,21.759480692332712
Participant_66,100,0.2,37.879083938236946
Participant_67,400,0.2,25.238858928247925
Participant_68,400,0.2,44.30857704779064
Participant_69,100,0.5,31.246599815019874
Participant_70,100,0.5,15.16904743218901
Participant_71,150,0.3,27.729947710012006
Participant_72,150,0.2,19.60612149304395
Participant_73,400,0.1,29.759032242329386
Participant_74,100,0.0,30.796103649650227
Participant_75,350,0.5,23.766573164846463
Participant_76,400,0.2,14.560219778561036
Participant_77,100,0.3,19.381369920622227
Participant_78,250,0.4,27.168455973794316
Participant_79,150,0.2,32.239727045990946
Participant_80,400,0.1,28.993102628038965
Participant_81,250,0.4,28.251106173033296
Participant_82,250,0.5,12.887493937922919
Participant_83,250,0.3,28.14649178849826
Participant_84,400,0.2,19.672315572906
Participant_85,150,0.4,12.928650354928777
Participant_86,400,0.1,20.630075133164205
Participant_87,350,0.5,22.99130270341374
Participant_88,350,0.6,16.334013591276335
Participant_89,100,0.1,39.590876474258565
Participant_90,400,0.1,14.597945060863875
Participant_91,100,0.6,45.29762686940675
Participant_92,100,0.5,26.0547500467765
Participant_93,400,0.2,18.694919095839918
Participant_94,100,0.2,31.40183115679721
Participant_95,400,0.1,27.62426469609644
Participant_96,350,0.6,22.62299714891906
Participant_97,300,0.3,13.508330762903313
Participant_98,100,0.3,14.120463873400194
Participant_99,300,0.5,11.935765580807962
Participant_0,100,0.3,22.008805056158774
Participant_1,150,0.5,17.915775171619007
Participant_2,100,0.2,16.950663703819977
Participant_3,100,0.2,26.00144226768969
Participant_4,400,0.0,12.57079949724758
Participant_5,400,0.5,19.30673457630782
Participant_6,400,0.2,23.49468024894146
Participant_7,200,0.3,17.347550259330568
Participant_8,300,0.4,10.838588468984327
Participant_9,400,0.4,18.033995674835904
Participant_10,100,0.4,21.159808600268576
Participant_11,400,0.2,22.03973684053419
Participant_12,100,0.2,15.64688467395347
Participant_13,100,0.2,29.640765847055977
Participant_14,150,0.5,12.687592364195817
Participant_15,400,0.1,25.384050110256243
Participant_16,400,0.3,22.566568192793515
Participant_17,100,0.4,19.111187822843455
Participant_18,400,0.4,15.29624136838851
Participant_19,100,0.1,24.00390593216029
Participant_20,100,0.2,36.03574614185198
Participant_21,350,0.7,23.91390808713624
Participant_22,300,0.5,22.88476567500747
Participant_23,100,0.2,29.258759372194852
Participant_24,100,0.1,23.977854366060363
Participant_25,100,0.5,28.308126041827638
Participant_26,400,0.3,26.182054923172092
Participant_27,100,0.2,20.64158424152565
Participant_28,100,0.4,27.161323605450452
Participant_29,100,0.6,31.691875930591422
Participant_30,400,0.2,27.124711980037688
Participant_31,100,0.4,19.880580977426188
Participant_32,100,0.5,20.22003956474863
Participant_33,100,0.2,26.33581211962145
Participant_34,400,0.2,28.71410803072246
Participant_35,100,0.5,29.897324294993357
Participant_36,400,0.2,20.143237078483686
Participant_37,350,0.2,20.8647429890713
Participant_38,200,0.3,20.759034177918778
Participant_39,250,0.3,12.2362167355764
Participant_40,100,0.2,25.662716146191542
Participant_41,100,0.4,20.712013422166372
Participant_42,400,0.2,16.34013463836819
Participant_43,400,0.4,21.218506073708394
Participant_44,100,0.5,44.17408742690674
Participant_45,100,0.6,23.651109910530625
Participant_46,100,0.2,27.587587788713968
Participant_47,150,0.5,16.53707954869904
Participant_48,100,0.2,22.35676631357943
Participant_49,150,0.5,16.612495297215286
Participant_50,250,0.2,27.50795339533641
Participant_51,250,0.4,26.184441945552326
Participant_52,100,0.1,31.483130403439873
Participant_53,100,0.1,27.15580048534751
Participant_54,350,0.4,26.84539066581077
Participant_55,400,0.2,14.212670403551895
Participant_56,400,0.5,23.37733945512192
Participant_57,100,0.2,23.844810756221154
Participant_58,200,0.3,18.122844699439433
Participant_59,400,0.2,19.544820285692065
Participant_60,400,0.2,19.319679086361656
Participant_61,100,0.2,17.530687379563872
Participant_62,250,0.4,21.080203983832796
Participant_63,400,0.4,12.256630858437402
Participant_64,100,0.2,19.553132741328177
Participant_65,100,0.3,24.044490013306582
Participant_66,400,0.1,30.11395025565394
Participant_67,100,0.3,22.597289660488048
Participant_68,150,0.2,21.19905658278217
Participant_69,150,0.3,16.361540269791227
Participant_70,150,0.2,22.514439810930227
Participant_71,150,0.2,31.434853268307137
Participant_72,300,0.5,21.678618498419127
Participant_73,100,0.5,19.39974226632921
Participant_74,100,0.1,27.63489641739227
Participant_75,300,0.4,20.584581608572957
Participant_76,100,0.5,24.394671549336344
Participant_77,350,0.6,18.008331405213532
Participant_78,150,0.5,22.242414437286254
Participant_79,250,0.3,21.902625413406493
Participant_80,300,0.2,14.833661045069082
Participant_81,150,0.2,31.135189095298585
Participant_82,150,0.4,15.07149627608354
Participant_83,150,0.2,19.47819293466414
Participant_84,100,0.2,24.312034057231823
Participant_85,150,0.5,28.367675266048856
Participant_86,400,0.4,15.418333243252981
Participant_87,300,0.5,13.368339463074687
Participant_88,400,0.5,23.853720883753127
Participant_89,400,0.2,24.3567239176372
Participant_90,200,0.5,21.20200462220495
Participant_91,100,0.2,32.42028685869389
Participant_92,400,0.2,17.55704986607944
Participant_93,400,0.5,15.540270267920054
Participant_94,400,0.5,15.256146302392358
Participant_95,100,0.5,31.025795719046435
Participant_96,400,0.4,21.742239994995916
Participant_97,100,0.4,16.851928673003574
Participant_98,400,0.0,28.44775913846291
Participant_99,150,0.2,27.28369476445593
Participant_0,100,0.6,48.17286580638524
Participant_1,200,0.3,29.932215086758948
Participant_2,400,0.6,22.38191234010177
Participant_3,150,0.3,13.926593266122191
Participant_4,400,0.2,24.150569351466643
Participant_5,150,0.5,11.27940601272957
Participant_6,250,0.5,16.877129495266665
Participant_7,400,0.2,25.971137826441105
Participant_8,400,0.0,36.218434532707235
Participant_9,100,0.4,15.81889692740932
Participant_10,200,0.3,21.117232299712004
Participant_11,400,0.5,34.96784236981173
Participant_12,350,0.2,26.581713639267125
Participant_13,300,0.3,21.563278971436603
Participant_14,400,0.5,39.102429592034305
Participant_15,400,0.2,45.34037935439006
Participant_16,400,0.6,39.2071422064909
Participant_17,100,0.5,18.16865432551349
Participant_18,250,0.3,16.077157708998193
Participant_19,100,0.1,33.76296047446077
Participant_20,250,0.5,15.80624876433368
Participant_21,250,0.4,21.080203983832796
Participant_22,400,0.6,20.96902477465273
Participant_23,350,0.6,27.213048340823562
Participant_24,400,0.4,22.781022804079715
Participant_25,150,0.4,22.768399153212332
Participant_26,100,0.2,21.76177841997294
Participant_27,400,0.5,43.275281628199714
Participant_28,100,0.2,36.38097030041942
Participant_29,100,0.2,19.263307088867165
Participant_30,250,0.3,25.563157082019426
Participant_31,400,0.5,19.912307751739878
Participant_32,100,0.5,30.904692200376306
Participant_33,250,0.3,20.39546518224088
Participant_34,400,0.1,14.936532395439043
Participant_35,100,0.2,21.267933609074483
Participant_36,400,0.5,25.029982021567655
Participant_37,100,0.1,34.49547071718257
Participant_38,350,0.4,32.33689842888461
Participant_39,400,0.5,18.2414363469547
Participant_40,100,0.2,22.496110774976195
Participant_41,300,0.4,22.88503878082797
Participant_42,100,0.3,23.332113063329693
Participant_43,400,0.5,33.97057550292606
Participant_44,350,0.2,18.850397873785052
Participant_45,100,0.2,21.238526314224345
Participant_46,150,0.2,23.914430789797194
Participant_47,150,0.5,23.973422784408573
Participant_48,300,0.3,23.129526584000807
Participant_49,350,0.2,24.57819155267531
Participant_50,100,0.2,25.418005429222806
Participant_51,100,0.5,19.62396494085739
Participant_52,400,0.0,30.992337762743876
Participant_53,100,0.2,20.762345724893418
Participant_54,150,0.5,21.78818487162251
Participant_55,100,0.1,34.259122872601395
Participant_56,100,0.4,20.892283264401716
Participant_57,400,0.5,28.2444684849972
Participant_58,150,0.3,14.796959147068021
Participant_59,400,0.5,20.006249023742555
Participant_60,350,0.2,20.318402988424065
Participant_61,400,0.3,21.195518394226642
Participant_62,150,0.5,18.933436032585316
Participant_63,100,0.4,33.13212187590768
Participant_64,250,0.2,22.454119889231908
Participant_65,100,0.4,33.01874467631984
Participant_66,300,0.3,25.883875289453858
Participant_67,400,0.3,14.508618128546908
Participant_68,250,0.5,16.840056413207172
Participant_69,350,0.2,21.04370452178038
Participant_70,350,0.6,18.3180239108917
Participant_71,350,0.4,26.065782167431692
Participant_72,400,0.5,21.598611066455177
Participant_73,350,0.4,19.122630572178085
Participant_74,400,0.5,27.069355367278327
Participant_75,150,0.4,21.145921592590852
Participant_76,100,0.6,22.95375786227606
Participant_77,400,0.5,26.5329983228432
Participant_78,100,0.3,23.332113063329693
Participant_79,400,0.1,21.894063122225624
Participant_80,350,0.5,13.95886814895821
Participant_81,400,0.3,30.298514815086232
Participant_82,100,0.5,42.61865788595413
Participant_83,350,0.2,19.015454241221796
Participant_84,100,0.2,24.389034421231194
Participant_85,250,0.4,24.070209803821818
Participant_86,100,0.0,22.071474803465218
Participant_87,350,0.2,20.532596036546376
Participant_88,100,0.1,43.45903243285566
Participant_89,250,0.4,13.205112646244256
Participant_90,100,0.2,34.09288782136239
Participant_91,100,0.5,26.38844444070169
Participant_92,350,0.3,14.370107863199914
Participant_93,100,0.3,23.809399404436896
Participant_94,250,0.4,26.445699083215782
Participant_95,250,0.3,25.317484077214306
Participant_96,100,0.5,32.211799080461184
Participant_97,400,0.2,22.76510487566442
Participant_98,400,0.4,20.891984108743717
Participant_99,150,0.2,16.752611736681537
Participant_0,400,0.2,35.27747156472527
Participant_1,400,0.5,27.932955446926844
Participant_2,250,0.3,15.115389508709328
Participant_3,100,0.0,27.311169876078175
Participant_4,150,0.4,20.146960068456977
Participant_5,100,0.3,14.470228056253985
Participant_6,400,0.0,25.603222453433474
Participant_7,400,0.4,18.274982900128798
Participant_8,100,0.5,42.88181432728797
Participant_9,100,0.5,14.277604841148952
Participant_10,350,0.2,18.380356362160118
Participant_11,150,0.1,20.745782703961787
Participant_12,400,0.5,12.708265027138834
Participant_13,400,0.2,39.01281840626232
Participant_14,400,0.2,29.017236257093817
Participant_15,150,0.5,19.260711305660546
Participant_16,300,0.3,16.806992592370595
Participant_17,150,0.2,23.757104200638594
Participant_18,200,0.3,17.80975856096876
Participant_19,400,0.6,38.806571608427355
Participant_20,200,0.3,25.878321042911576
Participant_21,400,0.6,23.28518842526296
Participant_22,100,0.2,19.74398642625141
Participant_23,100,0.6,33.77314021526574
Participant_24,100,0.3,25.702869489611466
Participant_25,400,0.2,22.01136070305514
Participant_26,100,0.4,18.41161318298861
Participant_27,100,0.2,16.765291527438464
Participant_28,150,0.4,17.84376641855637
Participant_29,400,0.5,29.30870177950569
Participant_30,400,0.2,17.839562774911272
Participant_31,400,0.2,20.29778313018444
Participant_32,100,0.2,29.344079470993805
Participant_33,400,0.6,27.494544913491477
Participant_34,150,0.1,19.18039363516818
Participant_35,400,0.5,16.62828914831589
Participant_36,150,0.4,19.676127667811063
Participant_37,300,0.4,16.23961206433208
Participant_38,300,0.2,23.23870693476726
Participant_39,150,0.2,28.36194633659686
Participant_40,100,0.4,13.142963897081968
Participant_41,250,0.4,16.18255233268226
Participant_42,150,0.4,13.588598161694238
Participant_43,400,0.5,15.700318468107582
Participant_44,400,0.2,28.86607004772212
Participant_45,350,0.1,20.625530296212993
Participant_46,250,0.4,18.691575642518742
Participant_47,100,0.2,20.550547437963786
Participant_48,100,0.4,25.352268143107036
Participant_49,350,0.6,25.870832997798892
Participant_50,350,0.3,19.912307751739878
Participant_51,250,0.3,19.486533811840424
Participant_52,400,0.6,37.74519837012385
Participant_53,100,0.4,16.590283300775788
Participant_54,200,0.1,23.368782595591068
Participant_55,100,0.1,22.664675157610354
Participant_56,100,0.6,28.471476955015874
Participant_57,350,0.5,19.64942747257538
Participant_58,300,0.3,20.12399065791872
Participant_59,400,0.2,38.85228436012483
Participant_60,200,0.4,13.537909735258246
Participant_61,100,0.3,23.51887539828382
Participant_62,400,0.4,18.343254891103705
Participant_63,400,0.0,19.118708115351307
Participant_64,100,0.2,18.836799091140723
Participant_65,400,0.2,24.86463351831271
Participant_66,400,0.4,16.131490941633388
Participant_67,150,0.5,23.124121604938857
Participant_68,100,0.4,21.011603936872596
Participant_69,100,0.5,23.850576512948276
Participant_70,400,0.5,20.952326839756964
Participant_71,400,0.0,24.935416579636282
Participant_72,100,0.1,21.79306082219751
Participant_73,400,0.5,30.397368307141328
Participant_74,400,0.2,16.070158679988197
Participant_75,400,0.0,30.360747685127915
Participant_76,400,0.4,25.327356751149537
Participant_77,400,0.2,18.527007313648905
Participant_78,400,0.4,16.324061994491444
Participant_79,200,0.3,12.285662375305614
Participant_80,400,0.4,28.066439033122816
Participant_81,100,0.2,35.87931158759878
Participant_82,400,0.2,23.065125189341593
Participant_83,350,0.3,15.459624833740307
Participant_84,100,0.2,27.790735866471763
Participant_85,100,0.2,24.389034421231194
Participant_86,100,0.3,24.070469459485
Participant_87,350,0.2,20.22591159873888
Participant_88,400,0.5,35.14612354157995
Participant_89,250,0.4,19.34877257088935
Participant_90,150,0.2,38.963444406263676
Participant_91,300,0.5,17.2833011892983
Participant_92,200,0.4,15.232366854825944
Participant_93,150,0.5,26.45231558862097
Participant_94,400,0.5,27.299267389437397
Participant_95,150,0.2,24.937922928744488
Participant_96,100,0.5,28.108717508986427
Participant_97,400,0.2,27.26261176043117
Participant_98,300,0.3,13.227811610391191
Participant_99,400,0.3,33.0037876614185
Participant_0,350,0.5,16.72871782295344
Participant_1,100,0.5,20.158124912798808
Participant_2,350,0.2,20.744577604762167
Participant_3,150,0.2,17.80168531347524
Participant_4,400,0.2,35.97916063501204
Participant_5,100,0.3,20.6309839804116
Participant_6,400,0.5,21.714050750608465
Participant_7,300,0.3,29.622204509455404
Participant_8,100,0.2,27.15372902567896
Participant_9,400,0.4,15.173167105123438
Participant_10,100,0.4,15.499596768948539
Participant_11,400,0.5,23.510635891017493
Participant_12,200,0.3,25.488968201949643
Participant_13,100,0.2,23.634191333743576
Participant_14,100,0.4,19.91199387304044
Participant_15,100,0.2,29.450382000918086
Participant_16,150,0.1,17.51106792859876
Participant_17,400,0.2,20.844663585675832
Participant_18,100,0.6,17.553489681541958
Participant_19,400,0.5,17.435595774162696
Participant_20,100,0.5,22.446603306513882
Participant_21,400,0.6,14.087228258248675
Participant_22,250,0.3,19.70976915136248
Participant_23,400,0.0,38.83329756793775
Participant_24,100,0.4,17.327362753748766
Participant_25,200,0.3,25.24257316519059
Participant_26,100,0.5,41.7294859781426
Participant_27,100,0.4,17.146063688205523
Participant_28,400,0.3,20.92844953645635
Participant_29,100,0.5,27.501818121716973
Participant_30,400,0.3,15.668439615992398
Participant_31,100,0.2,13.640931053267588
Participant_32,150,0.5,17.0945897874152
Participant_33,100,0.2,32.30441146345186
Participant_34,150,0.2,29.969150805453264
Participant_35,100,0.2,14.699489787064039
Participant_36,200,0.3,24.691850882426778
Participant_37,400,0.0,49.3130307322517
Participant_38,150,0.6,32.30789377226562
Participant_39,150,0.2,29.549111661774198
Participant_40,400,0.0,31.80841083738702
Participant_41,100,0.4,14.194629266028754
Participant_42,100,0.2,16.38825799162315
Participant_43,400,0.5,17.755280904564703
Participant_44,400,0.1,21.75086205188199
Participant_45,100,0.2,24.567763430967826
Participant_46,300,0.4,30.59779403813288
Participant_47,100,0.2,20.48963152426124
Participant_48,100,0.4,26.009373310404847
Participant_49,400,0.2,20.359273071502333
Participant_50,400,0.2,31.03626910567699
Participant_51,150,0.4,24.589631961458878
Participant_52,100,0.0,27.629694171307797
Participant_53,100,0.4,18.913949878330545
Participant_54,200,0.4,15.796360340280922
Participant_55,100,0.2,27.038398621220157
Participant_56,150,0.2,24.96297257940248
Participant_57,100,0.5,32.8838866316012
Participant_58,100,0.3,22.569614529273643
Participant_59,100,0.4,25.792198432859497
Participant_60,100,0.2,17.243114567849975
Participant_61,150,0.2,29.549111661774198
Participant_62,350,0.2,19.883095835407524
Participant_63,350,0.2,16.85489543129829
Participant_64,100,0.2,15.924038432508256
Participant_65,100,0.5,28.702787321094792
Participant_66,300,0.3,16.695059149341162
Participant_67,400,0.2,32.14420632089086
Participant_68,100,0.3,17.80133421965893
Participant_69,100,0.3,21.28702656549289
Participant_70,100,0.2,30.920462480370503
Participant_71,150,0.2,25.87276560400917
Participant_72,350,0.6,25.407676005490938
Participant_73,400,0.0,46.96301736473073
Participant_74,250,0.4,20.53959590644373
Participant_75,100,0.6,37.44162122558264
Participant_76,400,0.2,20.663978319771825
Participant_77,100,0.2,14.442125882293091
Participant_78,150,0.2,34.88409379645686
Participant_79,100,0.7,38.15232627245683
Participant_80,400,0.0,36.95301070278307
Participant_81,250,0.1,26.85446890184202
Participant_82,350,0.5,17.708754896942924
Participant_83,400,0.1,22.09298531208492
Participant_84,350,0.2,13.194222220350845
Participant_85,300,0.2,18.809239750718262
Participant_86,100,0.2,38.50097401365321
Participant_87,250,0.3,19.550575439101532
Participant_88,400,0.2,38.44801685392889
Participant_89,400,0.1,21.75086205188199
Participant_90,100,0.4,19.143863246481885
Participant_91,400,0.1,22.177691493931466
Participant_92,300,0.2,20.063337209945907
Participant_93,100,0.5,37.700795747570105
Participant_94,100,0.3,20.901853984754556
Participant_95,150,0.3,12.853015210447703
Participant_96,100,0.2,30.53399744547052
Participant_97,400,0.6,24.07695994098923
Participant_98,250,0.3,18.800930828020192
Participant_99,100,0.2,34.97963693350747
Participant_0,150,0.5,15.723390219669549
Participant_1,350,0.2,15.703104788544207
Participant_2,400,0.1,18.522958726942086
Participant_3,350,0.1,29.07597805749619
Participant_4,400,0.5,32.407560846197605
Participant_5,350,0.2,24.450715735945234
Participant_6,350,0.4,15.594069385506787
Participant_7,100,0.4,14.75593101095285
Participant_8,400,0.3,18.350749303502567
Participant_9,100,0.2,16.002343578363764
Participant_10,100,0.5,17.57412871239994
Participant_11,100,0.4,14.585523645039283
Participant_12,200,0.3,23.418742493993992
Participant_13,150,0.4,14.6935359937627
Participant_14,350,0.4,23.252419228974862
Participant_15,350,0.3,11.947803145348521
Participant_16,150,0.4,25.756552564347583
Participant_17,100,0.2,25.146073252100418
Participant_18,400,0.2,33.34666400106613
Participant_19,100,0.4,14.282419262855996
Participant_20,400,0.2,25.18928343562
Participant_21,400,0.5,22.36626924634504
Participant_22,250,0.2,23.909987452945266
Participant_23,100,0.5,12.702361985079783
Participant_24,100,0.1,30.942486971799795
Participant_25,100,0.2,19.521142384604442
Participant_26,100,0.1,14.703315952532613
Participant_27,400,0.5,26.081602711489953
Participant_28,350,0.3,16.590660023037056
Participant_29,400,0.6,21.147103820618085
Participant_30,400,0.0,35.025347964010294
Participant_31,150,0.2,18.218122845123204
Participant_32,400,0.3,17.334935823359714
Participant_33,150,0.2,30.300990082833927
Participant_34,400,0.0,44.150594559983
Participant_35,200,0.5,21.69735006861437
Participant_36,300,0.4,15.082274364299305
Participant_37,350,0.2,13.886594254892017
Participant_38,400,0.1,29.716998502540594
Participant_39,400,0.2,43.76928146542961
Participant_40,400,0.5,24.03643068344383
Participant_41,100,0.4,29.13739006843269
Participant_42,400,0.0,22.119561478474207
Participant_43,400,0.2,17.698870020427858
Participant_44,400,0.0,15.059050434871384
Participant_45,100,0.1,25.346350822159785
Participant_46,400,0.0,58.44249310219406
Participant_47,250,0.4,16.90044378115557
Participant_48,100,0.4,21.62723976840318
Participant_49,250,0.4,18.148691412881536
Participant_50,250,0.2,22.426268080088583
Participant_51,100,0.5,24.471411892246838
Participant_52,150,0.2,27.420795028590984
Participant_53,400,0.4,14.797803891118438
Participant_54,300,0.3,13.321974328154218
Participant_55,100,0.2,26.59558233993007
Participant_56,350,0.1,28.225210362369314
Participant_57,400,0.0,50.24216356806303
Participant_58,250,0.3,22.242414437286254
Participant_59,400,0.5,23.37733945512192
Participant_60,200,0.4,20.815258826159237
Participant_61,100,0.1,26.266661379018082
Participant_62,300,0.4,22.135378921536446
Participant_63,350,0.4,20.110320733394584
Participant_64,100,0.2,21.588770228987105
Participant_65,250,0.4,23.224448324987183
Participant_66,200,0.3,20.938899206978384
Participant_67,100,0.2,17.743308597891208
Participant_68,100,0.3,14.684600777685445
Participant_69,150,0.5,24.361342327548375
Participant_70,400,0.5,26.081602711489953
Participant_71,150,0.2,16.337074401495514
Participant_72,100,0.2,21.031523958096805
Participant_73,100,0.2,23.39497809359949
Participant_74,100,0.5,38.795618309288486
Participant_75,150,0.2,24.584547992590792
Participant_76,400,0.6,24.3608292141298
Participant_77,150,0.5,19.646246460838263
Participant_78,100,0.4,26.153154685429442
Participant_79,100,0.5,20.12709616412661
Participant_80,400,0.1,25.8476304523258
Participant_81,350,0.2,15.97928346328458
Participant_82,250,0.4,16.789133390380815
Participant_83,100,0.2,28.828371442036055
Participant_84,400,0.0,31.43286496646464
Participant_85,400,0.3,25.38208029299411
Participant_86,100,0.1,28.15026642857932
Participant_87,350,0.5,18.161773041198373
Participant_88,100,0.4,22.338028113510827
Participant_89,100,0.3,21.404146794488213
Participant_90,150,0.2,34.57817230566127
Participant_91,100,0.1,25.222757581200355
Participant_92,250,0.5,19.521462547667888
Participant_93,100,0.4,17.825192846081638
Participant_94,400,0.6,22.879029699705363
Participant_95,400,0.2,20.143237078483686
Participant_96,250,0.4,22.486106821768857
Participant_97,400,0.4,19.467280241471844
Participant_98,100,0.1,30.8818312280862
Participant_99,400,0.1,17.301734017144064
Participant_0,400,0.0,17.938087969457612
Participant_1,100,0.5,31.025795719046435
Participant_2,250,0.3,20.148821305475913
Participant_3,300,0.3,16.08493083603408
Participant_4,200,0.4,22.51721563604168
Participant_5,150,0.2,19.284708968506628
Participant_6,400,0.5,22.254213084267885
Participant_7,100,0.4,31.428291394856323
Participant_8,200,0.3,13.727253913292346
Participant_9,150,0.3,21.010711553871754
Participant_10,400,0.5,28.683619018526933
Participant_11,250,0.3,25.806491431420895
Participant_12,350,0.2,23.191323808700528
Participant_13,350,0.4,19.220431836980147
Participant_14,100,0.1,16.23845743905498
Participant_15,250,0.2,22.342504335906483
Participant_16,100,0.7,18.690906880084764
Participant_17,150,0.2,24.761865842460256
Participant_18,400,0.5,18.411952639521967
Participant_19,200,0.3,15.998046755776157
Participant_20,400,0.2,26.612966764342527
Participant_21,400,0.5,31.20897306865447
Participant_22,400,0.6,23.552069972722144
Participant_23,100,0.5,19.56016359849784
Participant_24,100,0.4,17.47104747861444
Participant_25,100,0.6,19.413268658317175
Participant_26,100,0.4,23.722088862492694
Participant_27,100,0.3,20.325784117716097
Participant_28,400,0.2,20.20519735117675
Participant_29,400,0.2,26.542418879973994
Participant_30,400,0.2,23.811761799581316
Participant_31,100,0.4,35.83277131342202
Participant_32,150,0.5,19.51858089103816
Participant_33,100,0.4,26.697144042013182
Participant_34,400,0.3,15.346009253222807
Participant_35,100,0.3,19.186909600037207
Participant_36,100,0.3,20.81195569858825
Participant_37,150,0.1,24.88247375161883
Participant_38,350,0.5,23.395512390199965
Participant_39,250,0.4,19.251623308178456
Participant_40,100,0.2,19.001973581709873
Participant_41,400,0.5,35.7980446393375
Participant_42,150,0.2,29.82281006209844
Participant_43,400,0.1,25.285371264824253
Participant_44,150,0.2,27.602536115364472
Participant_45,300,0.3,19.42871586080768
Participant_46,400,0.1,19.31579664419772
Participant_47,400,0.1,16.143109985377663
Participant_48,100,0.4,19.274010999270494
Participant_49,400,0.2,29.359836511806396
Participant_50,100,0.3,14.979569419712972
Participant_51,100,0.3,13.062828943226654
Participant_52,100,0.4,21.77125398317699
Participant_53,100,0.2,28.413465117792303
Participant_54,400,0.2,18.289341158171883
Participant_55,400,0.5,16.55294535724685
Participant_56,100,0.5,30.477040538739978
Participant_57,100,0.2,18.70360927735607
Participant_58,250,0.4,24.786589115890877
Participant_59,100,0.2,28.654406292924655
Participant_60,100,0.5,24.876695922087404
Participant_61,100,0.3,18.990458130334822
Participant_62,150,0.3,25.376169923769034
Participant_63,400,0.5,20.982135258357285
Participant_64,100,0.2,23.234134371652413
Participant_65,100,0.5,33.243044385254485
Participant_66,400,0.2,30.157917700000443
Participant_67,250,0.4,15.062370331392069
Participant_68,150,0.3,15.618898808814915
Participant_69,200,0.4,23.01141021319641
Participant_70,250,0.3,27.449499084682767
Participant_71,100,0.5,32.269955066594065
Participant_72,100,0.4,27.572404682943414
Participant_73,100,0.1,23.42407949098534
Participant_74,100,0.2,23.072169382179908
Participant_75,100,0.2,14.224099268495
Participant_76,400,0.5,34.66266002487403
Participant_77,400,0.5,17.930421077041107
Participant_78,400,0.5,25.37715508089904
Participant_79,400,0.5,42.50294107470682
Participant_80,100,0.2,24.896284863408837
Participant_81,100,0.4,20.560581217465618
Participant_82,350,0.2,16.81777333656272
Participant_83,100,0.3,18.72531708676785
Participant_84,150,0.2,11.91217864204529
Participant_85,150,0.5,22.961380620511477
Participant_86,100,0.3,24.711080510572582
Participant_87,350,0.4,27.828492593024148
Participant_88,400,0.4,20.161225161185023
Participant_89,400,0.0,19.69835018472359
Participant_90,400,0.5,39.309668022001915
Participant_91,150,0.3,25.12866888635369
Participant_92,150,0.4,24.04994802489186
Participant_93,100,0.5,23.98124267005361
Participant_94,400,0.5,17.291616465790582
Participant_95,350,0.6,20.779797881596444
Participant_96,400,0.2,32.29938079901842
Participant_97,400,0.5,26.88401011754013
Participant_98,100,0.2,20.972005149722808
Participant_99,100,0.2,18.736995490206
Participant_0,150,0.2,19.284708968506628
Participant_1,100,0.2,35.79210806867905
Participant_2,200,0.3,19.64529205687714
Participant_3,100,0.5,19.592090240706835
Participant_4,350,0.2,16.965774370773648
Participant_5,400,0.5,22.39419567655869
Participant_6,100,0.1,18.129740759315894
Participant_7,150,0.5,25.465172294724418
Participant_8,350,0.2,28.11294185957777
Participant_9,400,0.5,25.985572920372565
Participant_10,350,0.4,23.09058249590079
Participant_11,200,0.4,17.4864233049529
Participant_12,150,0.5,17.740490410357882
Participant_13,350,0.5,27.085051227568318
Participant_14,400,0.5,34.31836243179444
Participant_15,100,0.4,26.88377763633675
Participant_16,100,0.2,28.76325781270265
Participant_17,350,0.5,19.45764631192581
Participant_18,100,0.3,19.477872060366348
Participant_19,150,0.5,27.540424833324558
Participant_20,100,0.3,19.573898436438256
Participant_21,400,0.5,32.56148031032987
Participant_22,100,0.3,15.910295408948258
Participant_23,150,0.2,21.14000946073582
Participant_24,350,0.6,16.410362579784763
Participant_25,350,0.1,25.8923251176869
Participant_26,400,0.5,18.547236990991408
Participant_27,400,0.2,34.08812109811862
Participant_28,100,0.2,23.126283748151153
Participant_29,400,0.5,25.0549396327351
Participant_30,250,0.3,19.70976915136248
Participant_31,100,0.5,53.840969530646454
Participant_32,100,0.1,25.44479318053106
Participant_33,300,0.5,32.32587972507477
Participant_34,400,0.0,39.21766183749358
Participant_35,150,0.3,21.306102412219836
Participant_36,100,0.4,15.29664996004027
Participant_37,400,0.4,18.68087257062689
Participant_38,100,0.2,25.467135685035334
Participant_39,400,0.5,25.548972582082435
Participant_40,100,0.1,22.359282188836026
Participant_41,400,0.5,27.955321496988727
Participant_42,350,0.4,15.392368238838364
Participant_43,400,0.2,25.826343140289914
Participant_44,400,0.2,29.21044333795706
Participant_45,100,0.4,16.286113716906193
Participant_46,100,0.2,21.990338787749497
Participant_47,400,0.2,21.9260119492807
Participant_48,150,0.4,17.91368192192772
Participant_49,100,0.3,17.660336916378466
Participant_50,400,0.5,30.866648668101305
Participant_51,100,0.3,27.28346568894795
Participant_52,350,0.2,22.81090747866029
Participant_53,400,0.2,33.44024521441193
Participant_54,100,0.1,18.369471957571346
Participant_55,200,0.3,33.74073947026058
Participant_56,400,0.2,23.119256043393783
Participant_57,100,0.2,23.448347489748613
Participant_58,100,0.2,16.426350781594795
Participant_59,400,0.4,19.817290430328764
Participant_60,300,0.5,19.779092496876594
Participant_61,100,0.1,36.00260407248342
Participant_62,350,0.5,13.41081652995074
Participant_63,300,0.3,15.967936623120721
Participant_64,200,0.3,25.341418665891617
Participant_65,100,0.5,44.52639666534897
Participant_66,100,0.1,25.689248723931186
Participant_67,400,0.5,20.5
Participant_68,400,0.2,17.08800749063506
Participant_69,100,0.0,33.311409456821245
Participant_70,250,0.4,16.90044378115557
Participant_71,150,0.3,27.571724646818886
Participant_72,100,0.1,14.139925742379273
Participant_73,100,0.4,16.362686209788418
Participant_74,100,0.4,14.713514196139547
Participant_75,400,0.3,14.159802258506296
Participant_76,400,0.5,41.731283229730664
Participant_77,400,0.2,24.150569351466643
Participant_78,400,0.6,18.86663722023615
Participant_79,150,0.5,20.820062439867947
Participant_80,300,0.3,16.35466294363782
Participant_81,400,0.2,21.581241854907237
Participant_82,250,0.3,16.42330660981521
Participant_83,300,0.5,14.403558588071213
Participant_84,250,0.5,33.5385971680391
Participant_85,150,0.5,23.658507983387288
Participant_86,200,0.5,20.51280088140086
Participant_87,400,0.2,15.066519173319364
Participant_88,400,0.2,23.811761799581316
Participant_89,400,0.1,27.578977500987957
Participant_90,400,0.5,41.2189276910499
Participant_91,200,0.5,14.816376075140642
Participant_92,100,0.2,25.759949534112057
Participant_93,100,0.5,16.921879328254295
Participant_94,400,0.0,32.73797489155369
Participant_95,400,0.1,21.227340860315028
Participant_96,250,0.4,17.4463463223679
Participant_97,400,0.2,20.75451758051726
Participant_98,400,0.4,26.033151941322817
Participant_99,100,0.1,24.262883175748097
Participant_0,100,0.2,22.018742016745644
Participant_1,100,0.4,38.21305405224764
Participant_2,100,0.5,21.968158775828257
Participant_3,300,0.2,10.430124639715482
Participant_4,150,0.2,23.862103846894975
Participant_5,250,0.4,15.471748446765801
Participant_6,400,0.4,19.110860786474273
Participant_7,200,0.4,10.643072864544337
Participant_8,100,0.2,21.3266265499258
Participant_9,100,0.4,14.88245611449938
Participant_10,100,0.5,23.240051635054513
Participant_11,100,0.5,25.25074256333861
Participant_12,100,0.1,24.823124299733102
Participant_13,100,0.4,34.86025674030528
Participant_14,400,0.5,21.453437952924933
Participant_15,100,0.2,23.072169382179908
Participant_16,400,0.2,24.124676163629637
Participant_17,100,0.1,18.198557635153396
Participant_18,100,0.2,18.535776217898185
Participant_19,150,0.2,28.05173791407584
Participant_20,400,0.2,23.942639787625758
Participant_21,150,0.3,29.85715994531295
Participant_22,350,0.2,22.001988546492793
Participant_23,300,0.4,18.438410994443096
Participant_24,400,0.5,35.42950747611375
Participant_25,250,0.4,16.677080080157918
Participant_26,200,0.5,19.38491681694817
Participant_27,100,0.5,29.135030461628148
Participant_28,350,0.6,17.30028901492689
Participant_29,350,0.2,21.45547715619487
Participant_30,100,0.4,25.20391834616197
Participant_31,100,0.1,18.369471957571346
Participant_32,400,0.4,15.539465885287049
Participant_33,100,0.2,30.615763913382924
Participant_34,100,0.4,27.910347543518693
Participant_35,300,0.5,22.499166651233995
Participant_36,150,0.4,19.77119116290164
Participant_37,400,0.3,29.652150006365474
Participant_38,100,0.2,23.554723517799992
Participant_39,400,0.2,28.12027738127773
Participant_40,150,0.2,23.678048906107108
Participant_41,250,0.4,17.730623226497144
Participant_42,150,0.5,24.258503663664005
Participant_43,100,0.1,42.67537346058028
Participant_44,400,0.6,20.02373591515829
Participant_45,250,0.5,16.350458709161646
Participant_46,350,0.4,23.57275970267376
Participant_47,100,0.1,27.086666461563706
Participant_48,400,0.1,17.835358140502816
Participant_49,350,0.5,14.953260514014994
Participant_50,250,0.3,13.68301867279293
Participant_51,100,0.5,39.62448737838762
Participant_52,400,0.1,16.676330531624757
Participant_53,350,0.3,24.627220712049503
Participant_54,150,0.2,31.39506330619513
Participant_55,200,0.2,17.751408394828847
Participant_56,400,0.4,24.854074112708364
Participant_57,400,0.4,21.07071427360734
Participant_58,100,0.6,32.89186829597857
Participant_59,150,0.5,13.312588027877975
Participant_60,150,0.5,18.86729975380685
Participant_61,400,0.0,20.476205703205856
Participant_62,200,0.3,16.83560215733313
Participant_63,100,0.5,16.396645998496158
Participant_64,350,0.4,17.83746058159625
Participant_65,400,0.5,17.327723451163457
Participant_66,150,0.2,30.670017932828145
Participant_67,150,0.5,20.117778207346856
Participant_68,300,0.4,19.26720010795549
Participant_69,350,0.2,27.163164395924124
Participant_70,100,0.2,20.792426505821776
Participant_71,100,0.2,31.26219761948926
Participant_72,250,0.3,20.517675306915255
Participant_73,400,0.3,20.958291915134687
Participant_74,100,0.2,19.29572491512045
Participant_75,400,0.5,18.34393632784414
Participant_76,350,0.6,16.749626861515452
Participant_77,100,0.5,28.46225570821821
Participant_78,400,0.4,15.619699100814971
Participant_79,350,0.3,26.343879744638983
Participant_80,100,0.4,25.327603518690825
Participant_81,350,0.2,21.945101959207207
Participant_82,150,0.3,15.417522498767433
Participant_83,100,0.2,25.68705899864755
Participant_84,150,0.4,20.848261318392957
Participant_85,400,0.5,28.72716484444645
Participant_86,200,0.3,23.551804601770964
Participant_87,250,0.1,30.206166588959945
Participant_88,100,0.2,27.768237250498995
Participant_89,350,0.1,20.381670687163993
Participant_90,200,0.4,19.57741045184475
Participant_91,100,0.0,14.565369888883701
Participant_92,100,0.2,13.95797263215543
Participant_93,400,0.3,24.27447218787671
Participant_94,400,0.4,23.82698050530113
Participant_95,400,0.5,12.459935794377111
Participant_96,400,0.2,12.922847983320086
Participant_97,150,0.5,28.913232264829887
Participant_98,100,0.2,34.384953104519425
Participant_99,400,0.5,18.411952639521967
Participant_0,100,0.3,24.32873815059055
Participant_1,400,0.0,46.346790611648615
Participant_2,400,0.4,15.539465885287049
Participant_3,100,0.4,23.669336703845335
Participant_4,100,0.6,29.569832600134887
Participant_5,250,0.2,27.98102035308934
Participant_6,100,0.4,22.225829568319828
Participant_7,250,0.4,24.25128862555555
Participant_8,400,0.1,27.121946832777326
Participant_9,250,0.2,26.156978036462853
Participant_10,400,0.6,28.079351844371338
Participant_11,350,0.2,19.405862516260388
Participant_12,400,0.2,34.1796723214252
Participant_13,400,0.2,13.162446581088183
Participant_14,100,0.1,24.288629026768884
Participant_15,150,0.2,24.07072911234722
Participant_16,100,0.6,36.04684452209375
Participant_17,100,0.3,22.899508728354853
Participant_18,100,0.4,26.391049619141715
Participant_19,100,0.1,30.185882461839675
Participant_20,400,0.0,27.7358071813315
Participant_21,350,0.2,23.48590002533435
Participant_22,100,0.5,27.952638515889696
Participant_23,400,0.4,16.814428328075863
Participant_24,100,0.2,19.521142384604442
Participant_25,400,0.6,52.42566165533822
Participant_26,100,0.2,19.9016330988188
Participant_27,400,0.4,16.400457310697163
Participant_28,400,0.2,25.705057868053906
Participant_29,400,0.5,25.71964229922337
Participant_30,100,0.3,22.17853692198834
Participant_31,150,0.3,20.06738647656939
Participant_32,100,0.1,22.106277389013286
Participant_33,100,0.0,20.997618912629118
Participant_34,400,0.2,18.39157415774952
Participant_35,400,0.3,30.153772566629204
Participant_36,200,0.5,27.079050943487662
Participant_37,100,0.3,13.807153942793569
Participant_38,100,0.2,21.819142971253477
Participant_39,300,0.5,12.19477347063077
Participant_40,150,0.4,15.839823231336895
Participant_41,350,0.4,20.172382110202058
Participant_42,100,0.5,22.41874215918458
Participant_43,400,0.5,34.51811118818641
Participant_44,400,0.4,16.58990656995994
Participant_45,400,0.4,19.402963691147804
Participant_46,250,0.2,15.626499928006911
Participant_47,100,0.0,18.15626613596529
Participant_48,100,0.5,50.929853720583175
Participant_49,400,0.3,15.668439615992398
Participant_50,100,0.1,25.616157010761782
Participant_51,350,0.4,18.79295080608684
Participant_52,100,0.2,22.606967952381407
Participant_53,100,0.1,31.72045869781835
Participant_54,100,0.6,31.47419578003543
Participant_55,300,0.2,18.16693424879388
Participant_56,150,0.4,14.39270648627283
Participant_57,400,0.1,12.67280552995271
Participant_58,100,0.2,27.038398621220157
Participant_59,400,0.1,21.865497936246502
Participant_60,150,0.2,30.690389375177368
Participant_61,150,0.4,19.063053270659452
Participant_62,400,0.5,19.53202498462461
Participant_63,150,0.3,17.576973573399943
Participant_64,150,0.5,20.820062439867947
Participant_65,400,0.2,21.17191535974013
Participant_66,400,0.1,12.722028140198402
Participant_67,150,0.5,14.308214423889517
Participant_68,400,0.5,20.71231517720798
Participant_69,100,0.6,40.24145872107521
Participant_70,300,0.6,27.363524992222768
Participant_71,100,0.5,15.61569723067145
Participant_72,400,0.6,20.9093280618962
Participant_73,100,0.2,28.567026446586983
Participant_74,150,0.2,24.635340468522045
Participant_75,300,0.5,15.287658421092486
Participant_76,400,0.5,21.828879952943073
Participant_77,400,0.5,18.848076824970764
Participant_78,400,0.4,24.828914595688634
Participant_79,150,0.2,21.809401642411007
Participant_80,400,0.2,32.39598740585013
Participant_81,250,0.1,27.33884598881233
Participant_82,400,0.5,26.860752037126584
Participant_83,100,0.2,23.81858518048459
Participant_84,100,0.5,25.12667904837406
Participant_85,100,0.2,21.443530492901584
Participant_86,400,0.2,30.590031055884857
Participant_87,350,0.2,23.803098537795453
Participant_88,100,0.4,18.206798180899355
Participant_89,150,0.4,16.49696941865384
Participant_90,400,0.3,27.892651361962706
Participant_91,250,0.4,20.600364074452663
Participant_92,350,0.2,21.04370452178038
Participant_93,100,0.5,25.619328640696267
Participant_94,400,0.2,32.49230678175989
Participant_95,300,0.5,18.972677723505452
Participant_96,150,0.3,21.94196891803468
Participant_97,350,0.4,22.735984693872396
Participant_98,100,0.1,26.714930282521795
Participant_99,400,0.6,42.525874476605416
Participant_0,400,0.5,23.93219588754864
Participant_1,100,0.1,40.66555667884063
Participant_2,100,0.6,21.54936193950995
Participant_3,100,0.4,21.159808600268576
Participant_4,100,0.2,18.26403569860725
Participant_5,300,0.2,18.372193663250997
Participant_6,350,0.2,20.924566901133222
Participant_7,350,0.7,15.350081433008752
Participant_8,400,0.4,19.24123176930209
Participant_9,400,0.6,24.742675683927153
Participant_10,400,0.1,24.430513707247336
Participant_11,400,0.2,29.317230428538096
Participant_12,350,0.6,22.92487731701088
Participant_13,100,0.6,56.596157113358856
Participant_14,350,0.1,33.32285251895461
Participant_15,400,0.2,39.07684736515984
Participant_16,100,0.2,20.058040781691517
Participant_17,350,0.1,30.006874212420062
Participant_18,150,0.4,16.647822680458848
Participant_19,100,0.4,23.10816955104839
Participant_20,400,0.3,14.974979131871937
Participant_21,400,0.1,22.205855083738612
Participant_22,100,0.5,24.266231681083077
Participant_23,100,0.6,58.00323266853322
Participant_24,100,0.6,35.87304001614583
Participant_25,200,0.3,20.638253317565418
Participant_26,400,0.5,26.580067720004024
Participant_27,400,0.5,26.201145013147805
Participant_28,100,0.4,16.99963234896567
Participant_29,100,0.2,26.264519793820714
Participant_30,400,0.3,17.656443583009576
Participant_31,100,0.1,33.633130987167995
Participant_32,400,0.4,22.781022804079715
Participant_33,400,0.2,44.039754767709596
Participant_34,200,0.3,19.22725929507375
Participant_35,100,0.4,19.722766033191185
Participant_36,100,0.1,14.184057952504283
Participant_37,100,0.3,28.624945414795118
Participant_38,400,0.5,17.755280904564703
Participant_39,150,0.3,16.66433316997713
Participant_40,150,0.3,13.093891705677116
Participant_41,100,0.4,20.952028541408588
Participant_42,150,0.3,20.498780451529306
Participant_43,250,0.3,16.42330660981521
Participant_44,150,0.4,19.834313701260246
Participant_45,100,0.3,14.599229431720017
Participant_46,150,0.5,23.92122488502627
Participant_47,100,0.4,21.011603936872596
Participant_48,100,0.2,31.44161255406599
Participant_49,350,0.2,18.44823839828616
Participant_50,150,0.3,21.77039273876335
Participant_51,400,0.5,34.20891696619465
Participant_52,250,0.2,22.730761095924613
Participant_53,100,0.1,31.799174517587716
Participant_54,100,0.2,30.14257785923427
Participant_55,100,0.5,37.81666299397661
Participant_56,400,0.5,31.228992939254383
Participant_57,100,0.2,21.530791903689934
Participant_58,400,0.0,36.80047554040573
Participant_59,100,0.2,21.38515840483769
Participant_60,100,0.4,27.367635995825434
Participant_61,250,0.3,17.05798933051607
Participant_62,400,0.6,41.37873850179582
Participant_63,100,0.2,27.65546962175837
Participant_64,300,0.5,17.39144904831107
Participant_65,400,0.5,20.03746490951388
Participant_66,100,0.4,27.344789265964366
Participant_67,300,0.2,14.535731835721242
Participant_68,100,0.2,30.69731258595775
Participant_69,400,0.2,15.107944929738128
Participant_70,400,0.1,34.77570991367394
Participant_71,150,0.1,30.70647325890748
Participant_72,400,0.5,24.088378940891808
Participant_73,400,0.2,28.583211855912904
Participant_74,100,0.5,18.03052966498766
Participant_75,100,0.5,23.82435728409058
Participant_76,100,0.2,13.456411111436807
Participant_77,300,0.5,13.962897263820285
Participant_78,100,0.2,23.2610188942789
Participant_79,350,0.5,29.109276871815283
Participant_80,100,0.4,22.890773250373172
Participant_81,400,0.2,32.96968304366907
Participant_82,300,0.5,22.27582770628288
Participant_83,250,0.2,23.35460340061462
Participant_84,100,0.5,25.619328640696267
Participant_85,100,0.4,18.946965456241273
Participant_86,150,0.2,31.711985116040907
Participant_87,100,0.2,28.958159471900146
Participant_88,100,0.5,27.569911135148768
Participant_89,100,0.1,27.270634389394026
Participant_90,100,0.4,16.55256777663212
Participant_91,150,0.2,23.278745670675644
Participant_92,400,0.2,15.795568998931314
Participant_93,150,0.1,23.21933461578949
Participant_94,100,0.5,26.834679055282177
Participant_95,100,0.3,13.761813107290768
Participant_96,100,0.2,22.55160748150783
Participant_97,350,0.4,18.62592279593148
Participant_98,100,0.2,20.972005149722808
Participant_99,100,0.1,35.46036519834504
Participant_0,100,0.4,19.46760129034905
Participant_1,100,0.2,26.689417378429226
Participant_2,200,0.6,28.047950014216724
Participant_3,150,0.5,14.738554881670048
Participant_4,100,0.2,20.611283317639394
Participant_5,100,0.1,15.039531242695032
Participant_6,400,0.4,10.964716138596566
Participant_7,100,0.5,14.4083309234623
Participant_8,100,0.1,15.039531242695032
Participant_9,250,0.2,12.007809958522827
Participant_10,400,0.5,41.79114738793373
Participant_11,100,0.5,37.30080428087309
Participant_12,350,0.3,17.327723451163457
Participant_13,100,0.1,53.78138618518493
Participant_14,100,0.4,27.88794542450196
Participant_15,400,0.5,14.882876066137216
Participant_16,350,0.3,15.049916943292411
Participant_17,350,0.4,23.33291666294636
Participant_18,100,0.5,28.041932886304398
Participant_19,100,0.5,24.266231681083077
Participant_20,100,0.1,43.54523510098436
Participant_21,100,0.4,16.286113716906193
Participant_22,400,0.3,19.474342094150447
Participant_23,400,0.5,24.854577043273135
Participant_24,350,0.2,17.438104828220297
Participant_25,350,0.2,29.096176724786368
Participant_26,350,0.6,20.292855885754474
Participant_27,150,0.6,13.557285864065861
Participant_28,300,0.5,17.10153501882214
Participant_29,300,0.3,15.531419767683829
Participant_30,400,0.6,17.8801565988668
Participant_31,100,0.4,35.14594571213016
Participant_32,100,0.2,19.964343214841804
Participant_33,400,0.2,25.583197610932064
Participant_34,400,0.0,25.990863779412948
Participant_35,100,0.2,29.640765847055977
Participant_36,100,0.2,23.180271784429102
Participant_37,250,0.4,22.844583603121333
Participant_38,300,0.5,21.908046466994723
Participant_39,400,0.4,22.67101673944069
Participant_40,350,0.6,15.94678651014053
Participant_41,400,0.5,22.863726730347352
Participant_42,400,0.2,19.091883092036785
Participant_43,350,0.1,28.24734500798261
Participant_44,300,0.2,22.389450640871026
Participant_45,350,0.2,18.07173206972702
Participant_46,400,0.3,17.797471730557685
Participant_47,350,0.2,13.613871602156383
Participant_48,350,0.6,15.985931314752982
Participant_49,400,0.2,21.811694111187236
Participant_50,400,0.2,25.13961017995307
Participant_51,300,0.2,21.03657529162007
Participant_52,100,0.4,33.207491624631935
Participant_53,250,0.4,21.491277300337455
Participant_54,350,0.5,17.91926337771729
Participant_55,250,0.5,28.58911506150549
Participant_56,100,0.4,20.922177228959704
Participant_57,250,0.4,18.21743670223668
Participant_58,100,0.4,11.302101574486048
Participant_59,400,0.2,15.107944929738128
Participant_60,300,0.3,24.722965032536045
Participant_61,100,0.4,20.952028541408588
Participant_62,100,0.2,27.13070216562778
Participant_63,100,0.3,18.08003042032839
Participant_64,400,0.0,47.40015822758401
Participant_65,300,0.3,16.76976445869172
Participant_66,100,0.3,16.826690108277386
Participant_67,100,0.4,31.980267353479082
Participant_68,350,0.3,17.0
Participant_69,300,0.3,25.494607272911658
Participant_70,400,0.1,36.54586159881855
Participant_71,400,0.0,37.32325012642924
Participant_72,150,0.2,26.184919323916198
Participant_73,150,0.4,23.041267326256165
Participant_74,300,0.4,20.155024187532003
Participant_75,150,0.1,14.374891303936876
Participant_76,250,0.4,31.849254308382168
Participant_77,100,0.6,40.00781173720952
Participant_78,400,0.5,30.14962686336267
Participant_79,100,0.4,19.143863246481885
Participant_80,100,0.4,24.11405191999055
Participant_81,100,0.1,29.62157153157138
Participant_82,150,0.5,23.070002167316762
Participant_83,100,0.1,24.848289679573522
Participant_84,150,0.3,24.52447756833976
Participant_85,400,0.1,25.72644553761751
Participant_86,250,0.5,19.328411729886135
Participant_87,150,0.6,27.8621607202313
Participant_88,400,0.1,15.711460785044782
Participant_89,100,0.5,30.82369218636859
Participant_90,100,0.3,29.357920566688644
Participant_91,400,0.4,19.817290430328764
Participant_92,250,0.4,20.691181696558562
Participant_93,250,0.4,25.99278746114006
Participant_94,400,0.5,16.815171720800237
Participant_95,100,0.1,21.562409420099602
Participant_96,100,0.1,34.567868027982286
Participant_97,400,0.5,21.598611066455177
Participant_98,350,0.2,14.020966443152199
Participant_99,400,0.2,41.94639436232869
Participant_0,250,0.5,18.502364713733215
Participant_1,350,0.5,26.59605233864605
Participant_2,100,0.4,16.286113716906193
Participant_3,400,0.2,25.411611519146124
Participant_4,400,0.3,14.891272611835431
Participant_5,250,0.3,10.59363016156407
Participant_6,150,0.6,21.881499034572563
Participant_7,150,0.2,16.29877295995008
Participant_8,150,0.2,33.363902649420375
Participant_9,300,0.3,21.300821580399194
Participant_10,300,0.3,16.91818548190083
Participant_11,400,0.1,26.279269396237027
Participant_12,400,0.1,29.079202189881347
Participant_13,100,0.3,22.45857297336587
Participant_14,400,0.2,20.603397778036516
Participant_15,100,0.6,25.75121356363618
Participant_16,250,0.3,24.23272580623154
Participant_17,400,0.6,18.932775813387746
Participant_18,300,0.3,32.01523075037879
Participant_19,100,0.2,18.43434295004842
Participant_20,400,0.5,21.42428528562855
Participant_21,350,0.2,20.714427339417327
Participant_22,400,0.4,16.01483687085198
Participant_23,150,0.4,13.63451502621197
Participant_24,350,0.2,17.863020461276978
Participant_25,400,0.3,24.300205760445735
Participant_26,400,0.6,21.17663807123312
Participant_27,400,0.2,23.62731470142132
Participant_28,400,0.2,21.754309917807092
Participant_29,100,0.3,17.871415724558588
Participant_30,400,0.4,20.06800936814611
Participant_31,400,0.4,13.882542994711018
Participant_32,100,0.5,48.36165836693361
Participant_33,400,0.2,27.941904015295737
Participant_34,400,0.2,19.79898987322333
Participant_35,400,0.5,24.728526037756478
Participant_36,400,0.6,30.367746047410236
Participant_37,400,0.4,19.94304390006701
Participant_38,100,0.5,23.613555429032708
Participant_39,200,0.3,12.386989141837494
Participant_40,350,0.4,19.765500246641874
Participant_41,100,0.4,20.712013422166372
Participant_42,300,0.3,22.33215171003457
Participant_43,100,0.1,23.662998542027594
Participant_44,150,0.1,30.440721082129446
Participant_45,100,0.2,25.880977570408735
Participant_46,150,0.5,21.64428330991812
Participant_47,150,0.2,28.1407178302189
Participant_48,400,0.5,29.201883500897676
Participant_49,150,0.3,13.330416347586446
Participant_50,100,0.6,24.40542972373156
Participant_51,400,0.2,19.83053201505194
Participant_52,100,0.2,26.806249271391923
Participant_53,100,0.1,26.027629550153044
Participant_54,100,0.3,15.186754096909583
Participant_55,150,0.2,20.570610102765546
Participant_56,350,0.2,24.27112481942277
Participant_57,250,0.3,12.538939349083718
Participant_58,400,0.5,18.513508581573618
Participant_59,150,0.2,16.640312497065672
Participant_60,150,0.3,27.091511585734747
Participant_61,350,0.4,28.362387064561403
Participant_62,150,0.2,23.914430789797194
Participant_63,350,0.2,18.278060619223254
Participant_64,150,0.5,12.337949586539896
Participant_65,150,0.1,28.202615126970052
Participant_66,100,0.4,13.927939546106597
Participant_67,300,0.5,14.49008281549833
Participant_68,300,0.5,21.707429603709418
Participant_69,100,0.3,22.70765289500436
Participant_70,350,0.2,23.352462396929365
Participant_71,400,0.2,27.445400343226915
Participant_72,100,0.1,51.7681127722462
Participant_73,400,0.2,21.435951110226018
Participant_74,400,0.6,30.552413979913275
Participant_75,200,0.4,20.664583228316026
Participant_76,350,0.5,20.306402931095406
Participant_77,350,0.6,21.77842969545784
Participant_78,200,0.3,39.42952573896876
Participant_79,150,0.6,15.812969360622944
Participant_80,100,0.2,28.170463254976834
Participant_81,100,0.0,15.918542646863123
Participant_82,100,0.4,17.50678439919793
Participant_83,100,0.3,19.953383171783173
Participant_84,100,0.1,27.339303209847905
Participant_85,200,0.6,17.93564885918544
Participant_86,400,0.5,32.36896661927903
Participant_87,100,0.5,24.214664978066494
Participant_88,100,0.3,20.140444384372454
Participant_89,100,0.4,31.348644308805444
Participant_90,100,0.1,33.165305667217964
Participant_91,250,0.3,13.77406984155373
Participant_92,100,0.2,24.896284863408837
Participant_93,400,0.4,14.194188951821094
Participant_94,350,0.2,18.982557783396842
Participant_95,400,0.2,18.39157415774952
Participant_96,300,0.5,25.148807128768553
Participant_97,100,0.1,22.303306929690944
Participant_98,100,0.5,12.897674208941703
Participant_99,100,0.5,35.55066806685917
Participant_0,400,0.1,27.006480703712583
Participant_1,350,0.2,24.27112481942277
Participant_2,100,0.0,31.19935896777368
Participant_3,400,0.2,18.9274932307477
Participant_4,400,0.5,28.066884401372377
Participant_5,400,0.1,20.660348496576724
Participant_6,150,0.1,24.78179775561087
Participant_7,100,0.5,16.20493751916372
Participant_8,200,0.3,23.736838458396267
Participant_9,400,0.2,33.384127965247195
Participant_10,100,0.3,17.374910071709724
Participant_11,400,0.4,14.061472184661177
Participant_12,200,0.4,17.198110361315862
Participant_13,150,0.2,20.17176244159146
Participant_14,100,0.6,55.88492641133206
Participant_15,100,0.2,32.53574956874361
Participant_16,200,0.3,24.868403648002822
Participant_17,400,0.5,16.963195453687373
Participant_18,400,0.0,41.509336299199006
Participant_19,350,0.2,24.11612531067128
Participant_20,200,0.3,22.01561945528674
Participant_21,100,0.1,25.59174671647092
Participant_22,400,0.5,19.56399754651385
Participant_23,400,0.5,18.411952639521967
Participant_24,400,0.5,26.201145013147805
Participant_25,100,0.5,22.024985811573185
Participant_26,400,0.1,18.45535152740256
Participant_27,150,0.4,20.022487357968288
Participant_28,150,0.5,21.73073859766391
Participant_29,100,0.5,46.86523231565165
Participant_30,400,0.7,63.538767693432646
Participant_31,200,0.5,20.84526325091626
Participant_32,150,0.2,17.267020588393354
Participant_33,400,0.0,34.12147417682888
Participant_34,400,0.2,29.444863728670914
Participant_35,150,0.1,24.579208693527953
Participant_36,100,0.5,21.47905956972977
Participant_37,100,0.5,43.489653942058446
Participant_38,150,0.3,29.0077575831018
Participant_39,150,0.2,22.62520718137184
Participant_40,200,0.2,17.574484345209108
Participant_41,100,0.5,17.6451126377816
Participant_42,100,0.5,29.95997329771841
Participant_43,400,0.2,38.08871223866725
Participant_44,300,0.5,21.736202520219578
Participant_45,350,0.3,20.5
Participant_46,300,0.2,22.277511081806246
Participant_47,100,0.3,19.381369920622227
Participant_48,400,0.3,19.91858428704209
Participant_49,100,0.1,30.04059753067505
Participant_50,250,0.1,30.164755924754306
Participant_51,400,0.2,18.255136263528684
Participant_52,400,0.5,24.627220712049503
Participant_53,250,0.3,24.412599206147632
Participant_54,100,0.6,20.53959590644373
Participant_55,400,0.5,25.5
Participant_56,100,0.1,18.73999733191016
Participant_57,400,0.0,36.37341061819747
Participant_58,350,0.2,27.64213269630258
Participant_59,400,0.5,24.879710609249457
Participant_60,100,0.4,16.170575128918575
Participant_61,100,0.4,22.505277158924304
Participant_62,100,0.2,26.33581211962145
Participant_63,100,0.3,20.66125601215957
Participant_64,400,0.1,19.95244345938612
Participant_65,100,0.4,23.457141769618904
Participant_66,400,0.4,21.07071427360734
Participant_67,400,0.1,12.322743201089601
Participant_68,100,0.2,27.428543526771524
Participant_69,350,0.4,23.1446538103295
Participant_70,350,0.2,18.616860637604827
Participant_71,400,0.4,28.81362524917682
Participant_72,200,0.4,21.260879567882416
Participant_73,400,0.5,19.78635893740938
Participant_74,200,0.4,15.025811126192156
Participant_75,100,0.2,18.969053745508763
Participant_76,400,0.0,39.00993463209084
Participant_77,350,0.5,14.700340132119392
Participant_78,350,0.3,25.37715508089904
Participant_79,350,0.1,30.828760922229748
Participant_80,100,0.4,23.87964614478196
Participant_81,100,0.3,21.694181247514273
Participant_82,400,0.2,21.2602916254693
Participant_83,100,0.2,26.477820907317884
Participant_84,400,0.2,35.55980877338909
Participant_85,100,0.4,15.62009923143896
Participant_86,400,0.1,18.009719598039275
Participant_87,350,0.4,14.428270859669915
Participant_88,100,0.2,20.026856967582308
Participant_89,400,0.6,37.0600863463646
Participant_90,350,0.4,22.59811939078117
Participant_91,300,0.5,23.900052301198002
Participant_92,300,0.2,19.10595456919125
Participant_93,100,0.2,30.32861684943776
Participant_94,150,0.2,19.542261895696722
Participant_95,400,0.4,25.719156284761755
Participant_96,350,0.5,19.361043360315065
Participant_97,400,0.4,18.033995674835904
Participant_98,250,0.4,27.782638463616085
Participant_99,400,0.6,29.256623181768603
Participant_0,100,0.5,25.716726074677545
Participant_1,100,0.2,17.813618385942817
Participant_2,350,0.2,17.863020461276978
Participant_3,400,0.2,37.559952076646745
Participant_4,400,0.3,18.214005600086985
Participant_5,200,0.3,15.360257159305634
Participant_6,350,0.2,15.543085279313113
Participant_7,400,0.4,23.616202065531198
Participant_8,100,0.3,29.058346477389247
Participant_9,100,0.2,19.489099517422552
Participant_10,250,0.4,18.42213342694054
Participant_11,100,0.2,39.605239552362264
Participant_12,100,0.2,12.342001458434527
Participant_13,100,0.5,18.339847327608812
Participant_14,100,0.2,36.4839005590137
Participant_15,100,0.4,20.922177228959704
Participant_16,400,0.2,26.30589287593181
Participant_17,300,0.5,17.138042478649655
Participant_18,300,0.2,18.23561076575172
Participant_19,100,0.5,20.738852427268004
Participant_20,300,0.5,24.13425988092446
Participant_21,400,0.2,23.600847442411894
Participant_22,100,0.5,34.588292817079015
Participant_23,400,0.0,16.748880559607557
Participant_24,250,0.4,26.23213677914935
Participant_25,100,0.3,18.55768035073349
Participant_26,150,0.3,16.169415573854238
Participant_27,250,0.3,22.57709015794551
Participant_28,150,0.5,19.646246460838263
Participant_29,250,0.7,22.670741055377963
Participant_30,100,0.5,45.13978289712966
Participant_31,200,0.3,20.998511852033705
Participant_32,100,0.2,23.234134371652413
Participant_33,100,0.5,41.98333002514212
Participant_34,350,0.3,20.74246851269154
Participant_35,250,0.4,19.669138262770943
Participant_36,150,0.4,20.75813093705693
Participant_37,200,0.5,24.612496825799692
Participant_38,100,0.4,33.28269069651671
Participant_39,400,0.5,24.779023386727733
Participant_40,100,0.2,20.942182312261536
Participant_41,400,0.6,20.819462048765814
Participant_42,100,0.5,31.801729512716758
Participant_43,100,0.2,23.474986687962147
Participant_44,300,0.5,21.879499537238047
Participant_45,150,0.3,15.048255712872505
Participant_46,100,0.0,22.436577279077127
Participant_47,100,0.6,23.46540006051463
Participant_48,400,0.4,21.655830623644988
Participant_49,100,0.1,22.16275028059469
Participant_50,100,0.4,25.004749548835715
Participant_51,100,0.3,19.764551601288606
Participant_52,400,0.1,17.72991821752148
Participant_53,400,0.0,24.042150486177395
Participant_54,100,0.4,20.037152991380786
Participant_55,150,0.5,18.46550838726083
Participant_56,400,0.2,17.628102563804195
Participant_57,400,0.5,25.029982021567655
Participant_58,150,0.2,27.30659261057666
Participant_59,350,0.4,15.432919360898637
Participant_60,350,0.6,10.273752965688828
Participant_61,400,0.3,14.071247279470288
Participant_62,100,0.5,34.31617694324355
Participant_63,150,0.2,29.84375981675231
Participant_64,400,0.6,29.192464781172557
Participant_65,100,0.1,20.64430914319973
Participant_66,150,0.3,26.461292485439937
Participant_67,150,0.5,18.60040322143582
Participant_68,100,0.1,48.89976993810912
Participant_69,100,0.2,24.567763430967826
Participant_70,150,0.2,13.300375934536588
Participant_71,350,0.4,14.428270859669915
Participant_72,400,0.4,20.771976314255706
Participant_73,400,0.4,20.921878500746534
Participant_74,400,0.5,27.640549922170507
Participant_75,400,0.6,19.96121238802894
Participant_76,400,0.2,24.535688292770594
Participant_77,250,0.4,12.06751838614717
Participant_78,350,0.6,28.90588175441116
Participant_79,400,0.1,25.968249844762354
Participant_80,350,0.2,15.623299907509937
Participant_81,200,0.5,18.795611189849613
Participant_82,350,0.2,22.535250165019246
Participant_83,100,0.5,18.407878747970937
Participant_84,200,0.3,24.91861753789724
Participant_85,100,0.4,21.828593633122587
Participant_86,100,0.4,19.9746714616286
Participant_87,250,0.4,22.67983686008345
Participant_88,100,0.2,23.949425880383856
Participant_89,350,0.4,21.75258605315699
Participant_90,300,0.3,26.621889489666206
Participant_91,350,0.5,21.990907211845535
Participant_92,350,0.2,25.156261645960036
Participant_93,400,0.4,17.754576874710363
Participant_94,400,0.5,21.627528753882167
Participant_95,350,0.3,20.862646045025066
Participant_96,100,0.3,24.044490013306582
Participant_97,350,0.2,24.6036074590699
Participant_98,400,0.5,17.89553016817328
Participant_99,200,0.3,20.17888748172208
Participant_0,200,0.3,21.411153635430296
Participant_1,150,0.4,16.15239920259526
Participant_2,100,0.3,15.391150054495602
Participant_3,100,0.6,31.09461368147223
Participant_4,150,0.6,26.996296042235127
Participant_5,100,0.5,14.451643505151932
Participant_6,150,0.2,28.162918882814687
Participant_7,400,0.6,56.951294980886956
Participant_8,350,0.2,21.888067525480636
Participant_9,400,0.4,17.719339716817892
Participant_10,100,0.1,33.78146681244022
Participant_11,100,0.4,15.499596768948539
Participant_12,400,0.3,13.24764129949177
Participant_13,100,0.4,29.584413125833677
Participant_14,100,0.1,17.956544767855537
Participant_15,400,0.0,14.466340242093022
Participant_16,250,0.4,18.354154842977653
Participant_17,350,0.5,21.64717071582335
Participant_18,400,0.5,26.153393661244042
Participant_19,400,0.2,19.893466264077762
Participant_20,100,0.2,19.58507084490633
Participant_21,100,0.5,44.42803169171464
Participant_22,400,0.4,13.424790501158668
Participant_23,200,0.3,24.893523254051445
Participant_24,400,0.2,27.101660465735304
Participant_25,100,0.4,15.739679158102303
Participant_26,400,0.2,20.904544960366874
Participant_27,400,0.3,17.97220075561143
Participant_28,250,0.3,17.456374193972813
Participant_29,100,0.2,22.188397869156756
Participant_30,100,0.2,20.48963152426124
Participant_31,400,0.4,15.539465885287049
Participant_32,200,0.4,21.668525561283584
Participant_33,250,0.3,14.738554881670048
Participant_34,350,0.4,27.215344936267112
Participant_35,100,0.0,26.521689237301608
Participant_36,100,0.2,23.73973462362206
Participant_37,100,0.5,28.89809682314737
Participant_38,200,0.4,19.092537809311782
Participant_39,400,0.5,25.0549396327351
Participant_40,150,0.4,27.584415890136228
Participant_41,100,0.1,32.51826409881069
Participant_42,300,0.5,14.57609344097382
Participant_43,400,0.2,20.29778313018444
Participant_44,300,0.2,29.707532714784648
Participant_45,100,0.4,15.418738599509364
Participant_46,150,0.2,20.50975377716661
Participant_47,400,0.2,30.569592735265545
Participant_48,300,0.3,18.53982200561807
Participant_49,400,0.2,28.952547383606852
Participant_50,100,0.4,19.111187822843455
Participant_51,100,0.5,27.660441066620756
Participant_52,100,0.1,22.554101622543072
Participant_53,400,0.6,27.788486824582588
Participant_54,100,0.1,20.97468712519927
Participant_55,250,0.3,17.740490410357882
Participant_56,200,0.4,13.947221945606229
Participant_57,100,0.5,19.237983262286097
Participant_58,100,0.4,15.499596768948539
Participant_59,400,0.2,30.074906483645133
Participant_60,100,0.1,54.25576006287259
Participant_61,400,0.1,27.646880475019238
Participant_62,400,0.0,20.323016508382803
Participant_63,100,0.6,29.780446605113227
Participant_64,150,0.3,15.17234326002414
Participant_65,400,0.1,13.714955340794953
Participant_66,350,0.4,24.355184253049696
Participant_67,100,0.5,18.9103146457165
Participant_68,150,0.6,19.269146322554096
Participant_69,250,0.3,21.673140058607107
Participant_70,150,0.2,22.62520718137184
Participant_71,200,0.5,10.284697370365352
Participant_72,400,0.2,24.535688292770594
Participant_73,100,0.4,20.892283264401716
Participant_74,150,0.5,22.15795568187643
Participant_75,350,0.4,22.95484698271805
Participant_76,100,0.2,21.646593265454037
Participant_77,100,0.5,48.85028147308877
Participant_78,150,0.2,25.13762120806183
Participant_79,350,0.6,20.809853435332023
Participant_80,350,0.2,19.693590327819862
Participant_81,400,0.0,29.79974832108486
Participant_82,150,0.2,18.422811946062957
Participant_83,150,0.3,24.473455007415687
Participant_84,250,0.2,25.503676205598282
Participant_85,100,0.4,15.378150083803968
Participant_86,400,0.2,31.73326330524486
Participant_87,150,0.4,22.85060174262376
Participant_88,400,0.3,28.75326068465975
Participant_89,400,0.4,19.499358963822374
Participant_90,100,0.5,30.188573997458047
Participant_91,150,0.4,21.1163443805977
Participant_92,250,0.3,20.3033248508711
Participant_93,300,0.5,25.616644979387914
Participant_94,400,0.0,20.56757156302124
Participant_95,100,0.3,9.186266924055712
Participant_96,100,0.0,18.73232500251904
Participant_97,100,0.5,24.598780457575536
Participant_98,400,0.7,20.998214209784603
Participant_99,200,0.3,12.93010054098575
Participant_0,100,0.0,25.63493709764079
Participant_1,400,0.0,21.604976278626182
Participant_2,400,0.5,13.838352503098047
Participant_3,100,0.5,28.89809682314737
Participant_4,400,0.6,23.150593944864568
Participant_5,400,0.6,23.44568190520378
Participant_6,400,0.3,17.621010186706094
Participant_7,400,0.1,32.122422075553395
Participant_8,100,0.1,22.692234354509914
Participant_9,100,0.0,31.91238004286111
Participant_10,100,0.3,25.605419348255168
Participant_11,100,0.2,31.322116786705205
Participant_12,100,0.4,20.130511667615405
Participant_13,100,0.4,22.113061750919975
Participant_14,100,0.4,24.139956503689064
Participant_15,100,0.2,18.770322320088166
Participant_16,400,0.4,23.8531968507368
Participant_17,300,0.4,24.672352948188788
Participant_18,100,0.2,18.298223957532052
Participant_19,400,0.4,17.506427391104104
Participant_20,300,0.5,18.02671628444848
Participant_21,150,0.2,29.969150805453264
Participant_22,100,0.3,23.278477183870944
Participant_23,150,0.3,19.142883795290615
Participant_24,150,0.5,26.49952829768862
Participant_25,150,0.5,19.325501287159412
Participant_26,100,0.4,19.659285337977064
Participant_27,400,0.4,13.701277312717965
Participant_28,100,0.4,20.254320526741942
Participant_29,150,0.4,19.226284092356483
Participant_30,100,0.3,18.286265337678987
Participant_31,100,0.2,28.435453223045347
Participant_32,250,0.2,19.56878892522478
Participant_33,400,0.2,29.359836511806396
Participant_34,350,0.2,21.571682827262226
Participant_35,400,0.5,37.95062581829185
Participant_36,100,0.2,21.76177841997294
Participant_37,150,0.5,24.743180878779512
Participant_38,400,0.0,42.784635092518904
Participant_39,100,0.4,30.294182609867526
Participant_40,150,0.2,21.549941995281564
Participant_41,350,0.5,30.94107302599572
Participant_42,100,0.5,22.50222211249369
Participant_43,100,0.5,42.16159389776435
Participant_44,400,0.1,19.50897229481861
Participant_45,350,0.2,16.70591212714828
Participant_46,400,0.6,17.81010948871455
Participant_47,400,0.3,17.937391114652097
Participant_48,400,0.5,24.879710609249457
Participant_49,100,0.3,29.229907629002184
Participant_50,300,0.3,16.316402789830853
Participant_51,150,0.6,21.709444949145983
Participant_52,100,0.3,20.325784117716097
Participant_53,350,0.6,12.167579874403948
Participant_54,150,0.3,17.253985046939157
Participant_55,350,0.2,20.379830715685543
Participant_56,100,0.2,21.29730029839463
Participant_57,300,0.3,16.65758085677509
Participant_58,400,0.6,42.891724143475514
Participant_59,150,0.5,18.933436032585316
Participant_60,100,0.2,23.368247687834877
Participant_61,400,0.0,37.80575353038212
Participant_62,150,0.5,32.66840981743678
Participant_63,250,0.1,18.60544275205511
Participant_64,100,0.5,26.03075104563831
Participant_65,100,0.3,27.917512424999476
Participant_66,150,0.5,32.78299864258912
Participant_67,300,0.3,16.695059149341162
Participant_68,100,0.2,34.53005936861389
Participant_69,300,0.3,22.10712554811231
Participant_70,350,0.6,26.08735325785274
Participant_71,400,0.5,19.04599695474091
Participant_72,400,0.2,29.189039038652847
Participant_73,100,0.1,38.42118556213486
Participant_74,100,0.3,24.35441438425486
Participant_75,150,0.5,17.845867869061454
Participant_76,100,0.4,31.527567302283252
Participant_77,400,0.1,32.02499024199695
Participant_78,250,0.4,27.48863401480692
Participant_79,200,0.2,20.343610790614335
Participant_80,400,0.0,20.07548255957998
Participant_81,400,0.5,17.507141400011598
Participant_82,100,0.1,24.747474618635334
Participant_83,150,0.2,19.219781476385208
Participant_84,100,0.2,21.29730029839463
Participant_85,400,0.6,21.70138244444349
Participant_86,300,0.6,18.234925280899837
Participant_87,400,0.3,21.313141485947114
Participant_88,400,0.2,28.77933286231632
Participant_89,100,0.2,19.360397723187404
Participant_90,400,0.6,24.793144213673266
Participant_91,150,0.4,15.64129150677782
Participant_92,100,0.4,21.65611922759939
Participant_93,400,0.3,12.062338081814818
Participant_94,400,0.1,19.668502739151243
Participant_95,150,0.2,26.232613289567624
Participant_96,400,0.6,21.527888888602153
Participant_97,100,0.1,24.00390593216029
Participant_98,400,0.0,50.155009719867465
Participant_99,400,0.5,37.9835490706174
Participant_0,100,0.3,21.3749269004598
Participant_1,350,0.5,29.237817976039185
Participant_2,100,0.5,25.076881783826312
Participant_3,100,0.1,31.403622402519108
Participant_4,150,0.5,21.412029329327943
Participant_5,100,0.5,22.55770378385176
Participant_6,400,0.4,16.476498414408326
Participant_7,400,0.2,21.811694111187236
Participant_8,250,0.4,24.199690080660123
Participant_9,100,0.6,27.82759421868876
Participant_10,100,0.2,34.14784034166729
Participant_11,100,0.2,27.925346909214934
Participant_12,100,0.5,31.782070417139284
Participant_13,400,0.1,24.68501569778719
Participant_14,100,0.5,22.27891379757999
Participant_15,400,0.4,18.979594305463962
Participant_16,150,0.3,21.276747871796573
Participant_17,200,0.5,16.79359997141768
Participant_18,400,0.4,35.42915466109797
Participant_19,150,0.2,19.089263998384013
Participant_20,350,0.2,21.33863866323248
Participant_21,200,0.5,17.664229391626456
Participant_22,400,0.2,27.964262908219126
Participant_23,400,0.2,22.847319317591726
Participant_24,100,0.2,38.50097401365321
Participant_25,350,0.2,23.0290577314835
Participant_26,350,0.2,29.69153919890311
Participant_27,100,0.3,17.80133421965893
Participant_28,250,0.3,22.073173763643506
Participant_29,400,0.4,10.734290847559516
Participant_30,400,0.2,30.157917700000443
Participant_31,400,0.2,24.48468909339059
Participant_32,100,0.2,33.668605554730064
Participant_33,350,0.3,12.854960132182441
Participant_34,400,0.4,21.129955040179333
Participant_35,400,0.2,10.222524150130436
Participant_36,400,0.2,33.36540124140574
Participant_37,400,0.5,21.219095173922945
Participant_38,400,0.2,19.157244060668017
Participant_39,100,0.2,23.871007519583248
Participant_40,400,0.2,22.792542640082964
Participant_41,150,0.1,25.89184234464593
Participant_42,400,0.5,26.650515942472857
Participant_43,300,0.5,23.5841578183322
Participant_44,400,0.5,19.11151485361639
Participant_45,100,0.2,19.067642748908423
Participant_46,100,0.6,19.381047443314305
Participant_47,100,0.1,56.36876351313731
Participant_48,350,0.5,24.5682722225231
Participant_49,100,0.2,17.8836517523687
Participant_50,250,0.3,23.79022908674904
Participant_51,150,0.3,14.923136399564267
Participant_52,200,0.3,23.069189409253198
Participant_53,300,0.2,15.249180305839392
Participant_54,300,0.2,23.50611622535718
Participant_55,100,0.5,20.43526363911168
Participant_56,300,0.5,18.90667871414755
Participant_57,100,0.2,16.196450228367944
Participant_58,200,0.3,21.556611514799815
Participant_59,150,0.3,15.817711591756881
Participant_60,300,0.3,14.747033600015971
Participant_61,100,0.1,26.971049293640764
Participant_62,100,0.4,15.418738599509364
Participant_63,400,0.1,20.355588913121625
Participant_64,100,0.3,27.007174972588302
Participant_65,400,0.5,25.743931323712
Participant_66,100,0.4,15.007914578648162
Participant_67,200,0.3,25.14333907817337
Participant_68,100,0.2,27.19972426330826
Participant_69,100,0.5,22.27891379757999
Participant_70,250,0.3,17.599005653729417
Participant_71,400,0.5,25.104780421266383
Participant_72,100,0.2,22.963558086672894
Participant_73,350,0.1,35.78285203837167
Participant_74,400,0.1,17.5527775579821
Participant_75,100,0.2,24.15729703422964
Participant_76,100,0.7,15.987495113369073
Participant_77,400,0.4,22.112779110731424
Participant_78,400,0.1,22.761810121341405
Participant_79,400,0.5,13.70218960604472
Participant_80,100,0.3,15.512494963738103
Participant_81,400,0.2,23.89037463080058
Participant_82,100,0.2,28.914961525134355
Participant_83,400,0.5,27.977669667075563
Participant_84,400,0.2,32.37668914512415
Participant_85,150,0.1,21.4857510922937
Participant_86,350,0.5,27.588040887312026
Participant_87,400,0.3,19.53842368257992
Participant_88,350,0.4,19.638609930440598
Participant_89,100,0.6,22.871926022965358
Participant_90,250,0.2,25.77183540223707
Participant_91,350,0.4,18.62592279593148
Participant_92,400,0.6,58.61697706296359
Participant_93,250,0.3,29.617984401373434
Participant_94,400,0.0,31.412975026253086
Participant_95,100,0.2,18.535776217898185
Participant_96,400,0.5,33.84154251803543
Participant_97,150,0.6,23.04994577000128
Participant_98,150,0.6,28.10782809112081
Participant_99,100,0.1,20.522853115490545
Participant_0,200,0.3,23.01494079940246
Participant_1,300,0.2,27.70446714881916
Participant_2,350,0.6,17.33637793773544
Participant_3,400,0.2,29.740544715926102
Participant_4,250,0.3,18.60040322143582
Participant_5,100,0.2,23.501595690505784
Participant_6,300,0.4,12.598611034554564
Participant_7,400,0.5,26.93046601899046
Participant_8,400,0.1,22.429890771022492
Participant_9,100,0.5,42.91095431238974
Participant_10,350,0.2,16.28918352772784
Participant_11,150,0.5,28.69625411094626
Participant_12,300,0.4,22.7205853797828
Participant_13,100,0.1,35.31908124512867
Participant_14,400,0.3,23.515952032609693
Participant_15,400,0.5,24.879710609249457
Participant_16,100,0.2,21.990338787749497
Participant_17,200,0.4,8.110178789644529
Participant_18,300,0.3,25.61688896021529
Participant_19,150,0.3,11.840608092492547
Participant_20,100,0.3,19.764551601288606
Participant_21,400,0.4,17.29089355701434
Participant_22,100,0.0,34.54562200916348
Participant_23,400,0.2,26.06722079547415
Participant_24,400,0.4,16.777216694076525
Participant_25,400,0.5,23.590252224170897
Participant_26,150,0.2,26.208777155754518
Participant_27,100,0.5,27.36512378923216
Participant_28,400,0.1,29.569409868984536
Participant_29,250,0.5,21.385450661606363
Participant_30,100,0.4,30.967523310720217
Participant_31,100,0.2,28.126055535748343
Participant_32,400,0.4,22.4493875194848
Participant_33,400,0.2,18.2208671582886
Participant_34,150,0.4,25.512741914580644
Participant_35,150,0.1,20.319633362834082
Participant_36,200,0.5,26.04371325291384
Participant_37,150,0.5,22.242414437286254
Participant_38,400,0.5,11.247221879201993
Participant_39,150,0.2,23.914430789797194
Participant_40,300,0.7,12.058710544664384
Participant_41,100,0.2,23.39497809359949
Participant_42,300,0.1,11.938383475161116
Participant_43,300,0.3,26.80904698045046
Participant_44,400,0.0,28.469720757323913
Participant_45,400,0.1,27.075819470516493
Participant_46,100,0.2,20.732221299224065
Participant_47,350,0.5,21.091467469097545
Participant_48,100,0.2,21.414364337985845
Participant_49,350,0.5,18.670832868407345
Participant_50,100,0.2,27.29148218767167
Participant_51,100,0.5,21.595138341765722
Participant_52,400,0.2,37.192069047042814
Participant_53,200,0.5,18.22155317199936
Participant_54,100,0.3,17.01139324100175
Participant_55,150,0.4,26.284976697726023
Participant_56,400,0.2,19.254869513969705
Participant_57,350,0.5,26.43104235553339
Participant_58,200,0.2,17.287640093430912
Participant_59,350,0.3,18.547236990991408
Participant_60,100,0.2,19.392653248073096
Participant_61,400,0.3,17.153716798408443
Participant_62,150,0.5,19.614407969653328
Participant_63,150,0.3,17.253985046939157
Participant_64,350,0.2,15.82205738834239
Participant_65,400,0.2,44.16729559300637
Participant_66,200,0.4,15.914615923735012
Participant_67,350,0.2,20.77468411312191
Participant_68,400,0.0,20.476205703205856
Participant_69,350,0.6,29.863020610782158
Participant_70,350,0.2,15.782506138126479
Participant_71,150,0.2,27.375171232341177
Participant_72,150,0.1,18.279428328041334
Participant_73,250,0.4,19.700888304845545
Participant_74,300,0.4,18.370492644455673
Participant_75,350,0.5,15.924823389915506
Participant_76,400,0.2,19.862024066041204
Participant_77,400,0.0,41.59957932479606
Participant_78,150,0.1,18.58460384296636
Participant_79,100,0.2,25.68705899864755
Participant_80,100,0.4,26.837240916308815
Participant_81,150,0.4,13.309770847013107
Participant_82,150,0.4,25.512741914580644
Participant_83,250,0.4,25.848114051125663
Participant_84,400,0.5,38.0
Participant_85,100,0.3,22.122104330284674
Participant_86,100,0.3,20.901853984754556
Participant_87,400,0.5,27.0
Participant_88,350,0.2,22.228079089296042
Participant_89,100,0.4,25.154273990715772
Participant_90,100,0.6,49.04717117225009
Participant_91,400,0.2,32.18307008350819
Participant_92,400,0.1,21.43245202957422
Participant_93,300,0.5,18.67384534583062
Participant_94,100,0.4,13.471729658807737
Participant_95,400,0.2,39.14077158156185
Participant_96,200,0.3,22.18529918662356
Participant_97,100,0.2,32.032405466964235
Participant_98,300,0.5,18.740664342546665
Participant_99,100,0.5,16.884904500766357
Participant_0,200,0.5,21.436534234805773
Participant_1,400,0.5,27.3221521846285
Participant_2,150,0.6,23.373061416938945
Participant_3,150,0.2,16.602710622064098
Participant_4,400,0.2,21.9260119492807
Participant_5,100,0.4,16.131878377919914
Participant_6,250,0.3,29.29974402618562
Participant_7,150,0.3,17.789041570584963
Participant_8,400,0.5,15.215124054702938
Participant_9,100,0.2,29.682907539525168
Participant_10,400,0.4,14.627884330961876
Participant_11,400,0.1,26.25547561938271
Participant_12,300,0.3,17.10190047918652
Participant_13,350,0.1,17.583017374728378
Participant_14,250,0.2,15.785673884886892
Participant_15,300,0.3,16.046027545782167
Participant_16,100,0.4,20.16153515980368
Participant_17,350,0.3,23.296995514443488
Participant_18,150,0.3,19.973732750790475
Participant_19,400,0.3,19.792675412889487
Participant_20,400,0.2,45.31280172313339
Participant_21,400,0.6,27.967838672303586
Participant_22,400,0.0,20.384430332977175
Participant_23,400,0.1,27.32855649316297
Participant_24,100,0.5,48.90143147189047
Participant_25,200,0.5,22.26600547920529
Participant_26,100,0.2,33.68716372744966
Participant_27,400,0.2,18.289341158171883
Participant_28,250,0.5,16.914121319181792
Participant_29,400,0.5,24.92990172463582
Participant_30,400,0.0,34.90021489905184
Participant_31,100,0.2,32.49730758078275
Participant_32,100,0.4,18.03434223918355
Participant_33,400,0.4,16.01483687085198
Participant_34,350,0.2,16.78056912026526
Participant_35,400,0.5,35.98958182585621
Participant_36,400,0.4,24.217245921037346
Participant_37,100,0.1,24.898544134145673
Participant_38,350,0.5,18.603763060198332
Participant_39,400,0.0,35.15003556185968
Participant_40,350,0.6,24.860611416455548
Participant_41,400,0.5,37.016888037759195
Participant_42,400,0.4,17.43487883525435
Participant_43,400,0.2,18.39157415774952
Participant_44,150,0.2,16.677829595004262
Participant_45,150,0.3,25.499019588995967
Participant_46,350,0.4,21.051722019825363
Participant_47,400,0.3,17.226433176952217
Participant_48,150,0.2,17.085081211396098
Participant_49,100,0.0,18.46347746227671
Participant_50,250,0.3,24.181087651303034
Participant_51,400,0.5,27.299267389437397
Participant_52,400,0.0,14.595375980083555
Participant_53,400,0.2,20.994046775217015
Participant_54,250,0.4,13.439680055715613
Participant_55,200,0.3,24.514026597032156
Participant_56,400,0.2,25.436194683953808
Participant_57,150,0.5,12.2362167355764
Participant_58,100,0.5,51.199121086206155
Participant_59,100,0.2,21.704262254220943
Participant_60,250,0.3,24.969481372267225
Participant_61,300,0.4,27.950402501574107
Participant_62,100,0.1,27.770262872360426
Participant_63,400,0.2,28.86607004772212
Participant_64,400,0.4,22.945043037658483
Participant_65,400,0.0,29.65257155796104
Participant_66,100,0.2,30.96086239108982
Participant_67,100,0.5,31.126355392175295
Participant_68,200,0.4,32.49269148593265
Participant_69,400,0.2,20.994046775217015
Participant_70,400,0.2,17.628102563804195
Participant_71,100,0.4,22.281999461448695
Participant_72,100,0.4,34.967663633705925
Participant_73,400,0.2,23.732888572611635
Participant_74,400,0.5,32.59984662540608
Participant_75,250,0.3,21.701958436970614
Participant_76,400,0.3,29.924906014890006
Participant_77,100,0.5,30.29191311224829
Participant_78,400,0.5,38.636122993903
Participant_79,100,0.2,20.15130268741949
Participant_80,350,0.2,27.70988090916307
Participant_81,100,0.2,14.78428219427646
Participant_82,150,0.1,27.484313708004425
Participant_83,150,0.2,16.565023392678924
Participant_84,400,0.5,21.453437952924933
Participant_85,350,0.2,26.862380758227665
Participant_86,400,0.2,15.676415406590882
Participant_87,100,0.4,20.16153515980368
Participant_88,400,0.2,22.433234274174556
Participant_89,400,0.0,29.31339284354508
Participant_90,400,0.2,23.46806340540267
Participant_91,150,0.3,19.011838417154717
Participant_92,100,0.4,27.66292645401061
Participant_93,100,0.5,29.17790259768512
Participant_94,400,0.2,28.692333470807146
Participant_95,150,0.4,14.6935359937627
Participant_96,250,0.2,23.488028865786077
Participant_97,150,0.5,19.357814959338775
Participant_98,200,0.3,13.026415470113028
Participant_99,150,0.1,38.540725213726844
Participant_0,150,0.2,15.31012736720371
Participant_1,400,0.3,23.885141824992374
Participant_2,100,0.2,17.778498249289786
Participant_3,100,0.4,20.130511667615405
Participant_4,400,0.4,30.94713233887754
Participant_5,150,0.3,16.9617216107328
Participant_6,350,0.4,16.528006534364632
Participant_7,100,0.5,44.65254751971045
Participant_8,350,0.2,21.33863866323248
Participant_9,100,0.5,30.722141852416474
Participant_10,100,0.4,16.286113716906193
Participant_11,400,0.5,30.947536250887566
Participant_12,100,0.5,24.059301735503464
Participant_13,100,0.4,19.241556589839607
Participant_14,250,0.4,16.18255233268226
Participant_15,400,0.0,20.168663812954986
Participant_16,150,0.5,28.012943436918587
Participant_17,200,0.4,13.020176650107326
Participant_18,250,0.4,18.388175548433292
Participant_19,100,0.1,31.81882304548677
Participant_20,250,0.4,20.263884129159443
Participant_21,150,0.3,28.89982698910151
Participant_22,100,0.2,30.266730910357662
Participant_23,100,0.2,18.903042083220363
Participant_24,100,0.5,45.00111109739403
Participant_25,100,0.4,16.131878377919914
Participant_26,350,0.2,22.645915746553506
Participant_27,100,0.2,34.001102923287654
Participant_28,400,0.5,21.569654610122992
Participant_29,150,0.4,21.70023041352326
Participant_30,100,0.2,32.574146189885006
Participant_31,150,0.2,14.296852800529214
Participant_32,100,0.6,37.341330988597605
Participant_33,300,0.3,24.263655948764193
Participant_34,100,0.2,25.146073252100418
Participant_35,200,0.3,10.413332799829265
Participant_36,400,0.0,21.19610813333429
Participant_37,350,0.2,16.018348853736455
Participant_38,100,0.2,21.29730029839463
Participant_39,350,0.5,18.637328134687117
Participant_40,400,0.4,22.309751231244153
Participant_41,250,0.3,24.206920498072446
Participant_42,100,0.1,20.43128728200942
Participant_43,350,0.2,18.6838834293088
Participant_44,400,0.6,23.25833184043946
Participant_45,100,0.4,21.942823428173504
Participant_46,150,0.5,20.487191120307344
Participant_47,100,0.4,16.362686209788418
Participant_48,250,0.4,18.388175548433292
Participant_49,400,0.6,39.776877705521336
Participant_50,300,0.4,22.499444437585566
Participant_51,100,0.3,27.28346568894795
Participant_52,400,0.4,22.197409758798436
Participant_53,100,0.1,24.365703355331238
Participant_54,400,0.8,71.7530487157166
Participant_55,150,0.2,34.63235481453723
Participant_56,100,0.6,23.651109910530625
Participant_57,100,0.5,23.266929320389487
Participant_58,200,0.4,17.34286596846092
Participant_59,400,0.3,22.814469093099667
Participant_60,400,0.2,24.713356712514795
Participant_61,100,0.5,43.43213096314755
Participant_62,350,0.2,23.405928736112994
Participant_63,300,0.5,18.840448508461787
Participant_64,300,0.3,19.588899918065845
Participant_65,400,0.4,20.921878500746534
Participant_66,350,0.2,16.057319203403786
Participant_67,400,0.2,23.49468024894146
Participant_68,350,0.5,16.158589047314745
Participant_69,250,0.4,20.44810504667853
Participant_70,100,0.2,27.245641853331332
Participant_71,100,0.2,35.66966498300762
Participant_72,300,0.2,17.39360514671987
Participant_73,400,0.2,23.706539182259394
Participant_74,100,0.5,36.19530356275521
Participant_75,150,0.3,23.05319934412575
Participant_76,400,0.0,28.13849676155427
Participant_77,100,0.5,18.677526602845465
Participant_78,200,0.4,16.7563420829249
Participant_79,350,0.2,20.532596036546376
Participant_80,150,0.5,26.570190063302146
Participant_81,100,0.5,28.086473612755306
Participant_82,150,0.2,37.72466036957788
Participant_83,100,0.5,25.22597867278889
Participant_84,100,0.2,21.847768764796097
Participant_85,100,0.1,39.44854243188207
Participant_86,400,0.5,19.467922333931785
Participant_87,150,0.4,22.352852167005445
Participant_88,100,0.5,25.521559513478014
Participant_89,350,0.2,20.164014977181502
Participant_90,150,0.2,28.6033214854499
Participant_91,100,0.2,20.67184075016059
Participant_92,200,0.5,21.113384380529805
Participant_93,100,0.3,24.456849756254382
Participant_94,150,0.4,17.165372119473552
Participant_95,100,0.5,13.92300254973761
Participant_96,400,0.0,22.787606280607886
Participant_97,400,0.4,18.377295774950134
Participant_98,100,0.5,18.844097219023258
Participant_99,400,0.5,20.377683872314833
Participant_0,400,0.5,17.684739183827393
Participant_1,400,0.2,31.25699921617557
Participant_2,400,0.2,36.871398129173244
Participant_3,350,0.2,27.912138936312278
Participant_4,400,0.3,21.834605560898048
Participant_5,200,0.1,17.531400400424378
Participant_6,400,0.0,10.393507588874893
Participant_7,350,0.5,21.876928486421487
Participant_8,250,0.4,23.385358667337133
Participant_9,350,0.5,18.637328134687117
Participant_10,100,0.4,34.626398888709176
Participant_11,250,0.4,21.020823009577907
Participant_12,100,0.6,44.02414110462577
Participant_13,100,0.2,22.7172841686677
Participant_14,250,0.3,22.15795568187643
Participant_15,400,0.2,24.9899979991996
Participant_16,100,0.2,34.94388358497092
Participant_17,100,0.0,28.716719868397227
Participant_18,400,0.0,25.20962117922441
Participant_19,400,0.5,16.889345754054535
Participant_20,100,0.2,18.535776217898185
Participant_21,400,0.4,18.309150717605664
Participant_22,250,0.3,35.73828479376144
Participant_23,100,0.4,20.16153515980368
Participant_24,150,0.3,26.88308018066382
Participant_25,100,0.2,29.99708319153714
Participant_26,400,0.5,20.377683872314833
Participant_27,250,0.2,12.517487767120047
Participant_28,100,0.2,26.049472163558324
Participant_29,100,0.6,50.68900275207631
Participant_30,150,0.3,18.879883474216676
Participant_31,150,0.4,26.942531432662374
Participant_32,100,0.1,20.40067400847335
Participant_33,400,0.2,20.724381776062707
Participant_34,400,0.6,22.521101216414795
Participant_35,100,0.1,17.210098779495716
Participant_36,100,0.1,27.747747656341406
Participant_37,150,0.2,30.54750398968793
Participant_38,400,0.0,29.841665503118286
Participant_39,150,0.5,18.29549124784574
Participant_40,100,0.5,36.8286573200816
Participant_41,350,0.2,17.932860898361977
Participant_42,100,0.2,18.70360927735607
Participant_43,200,0.5,18.32416437385345
Participant_44,100,0.6,40.64326512474115
Participant_45,400,0.3,19.085334683992315
Participant_46,400,0.4,19.338433235399396
Participant_47,400,0.2,14.474114826130128
Participant_48,100,0.5,24.926893107645807
Participant_49,100,0.5,19.302849530574495
Participant_50,400,0.4,23.37680474316368
Participant_51,250,0.3,18.05477776102492
Participant_52,100,0.5,26.506602950962993
Participant_53,150,0.2,24.122603507913485
Participant_54,150,0.5,22.186144324780727
Participant_55,350,0.5,27.633313228782395
Participant_56,100,0.2,21.29730029839463
Participant_57,300,0.5,17.57021627641504
Participant_58,150,0.2,31.295367069264422
Participant_59,400,0.5,17.435595774162696
Participant_60,400,0.6,32.45689449100145
Participant_61,150,0.1,20.288851618561363
Participant_62,400,0.1,26.207823259477312
Participant_63,100,0.2,35.441148401258104
Participant_64,400,0.1,19.120669444347392
Participant_65,300,0.5,21.53398476826804
Participant_66,400,0.7,15.07232563342499
Participant_67,400,0.0,31.571743695906314
Participant_68,100,0.2,18.736995490206
Participant_69,400,0.3,14.203872711341791
Participant_70,400,0.5,41.955333391596355
Participant_71,100,0.5,20.978560484456505
Participant_72,100,0.2,14.135947085356538
Participant_73,400,0.0,31.532126474438734
Participant_74,100,0.3,23.651374167265633
Participant_75,100,0.2,21.90490812580596
Participant_76,400,0.3,17.621010186706094
Participant_77,100,0.2,27.15372902567896
Participant_78,150,0.4,16.268066879626478
Participant_79,300,0.3,31.523404004009464
Participant_80,400,0.5,21.453437952924933
Participant_81,400,0.2,28.88771365130858
Participant_82,300,0.4,16.695059149341162
Participant_83,200,0.5,17.3067905748004
Participant_84,250,0.3,13.170990851109114
Participant_85,300,0.4,9.745511787484533
Participant_86,150,0.3,24.651571957990836
Participant_87,100,0.5,21.79678875430966
Participant_88,300,0.3,24.340809353840314
Participant_89,200,0.1,16.312571838922274
Participant_90,100,0.3,18.591328623850423
Participant_91,350,0.3,20.161845153655953
Participant_92,200,0.3,13.40475661845451
Participant_93,100,0.1,26.123504741898625
Participant_94,400,0.5,38.73306081372863
Participant_95,300,0.3,18.130774942070182
Participant_96,100,0.4,20.377377161941133
Participant_97,100,0.4,21.277629097246713
Participant_98,150,0.2,16.938122682280937
Participant_99,150,0.1,16.329038550998646
Participant_0,350,0.2,19.914504764116028
Participant_1,100,0.2,25.121206181232623
Participant_2,350,0.2,17.967679315927253
Participant_3,400,0.2,19.189841062395487
Participant_4,100,0.5,20.978560484456505
Participant_5,400,0.5,19.371370627810517
Participant_6,100,0.0,40.55428460717807
Participant_7,400,0.1,20.17052304725884
Participant_8,400,0.4,22.112779110731424
Participant_9,400,0.2,35.54222840509582
Participant_10,400,0.5,25.79244075305786
Participant_11,100,0.4,29.115932064764817
Participant_12,100,0.5,31.20656982111299
Participant_13,400,0.1,22.761810121341405
Participant_14,400,0.4,22.36571036206988
Participant_15,100,0.2,30.839503887060182
Participant_16,400,0.0,43.14829081203565
Participant_17,350,0.6,15.183873023705118
Participant_18,100,0.1,41.36650214847758
Participant_19,400,0.5,37.1853465763061
Participant_20,250,0.2,18.58594899379636
Participant_21,100,0.5,23.320591759215716
Participant_22,400,0.0,52.91998677248512
Participant_23,100,0.5,25.64371267971937
Participant_24,100,0.5,24.266231681083077
Participant_25,200,0.6,19.0836972308827
Participant_26,400,0.0,15.827981551669815
Participant_27,400,0.3,26.110342778293816
Participant_28,400,0.5,17.578395831246947
Participant_29,100,0.1,19.037791363495923
Participant_30,100,0.4,28.770427525499166
Participant_31,100,0.1,22.93877721239735
Participant_32,400,0.4,16.999264689979977
Participant_33,100,0.5,23.213142829009605
Participant_34,350,0.2,20.744577604762167
Participant_35,400,0.2,29.317230428538096
Participant_36,400,0.5,15.540270267920054
Participant_37,100,0.0,28.97671478963756
Participant_38,150,0.2,23.25188164428849
Participant_39,400,0.1,31.946830828737927
Participant_40,350,0.2,20.070812141017115
Participant_41,100,0.5,30.96530316337949
Participant_42,100,0.2,24.971483736454267
Participant_43,100,0.2,30.017911319743753
Participant_44,250,0.3,33.87071006046374
Participant_45,400,0.4,18.913619431510195
Participant_46,100,0.4,18.06896510594893
Participant_47,400,0.5,18.138357147217054
Participant_48,100,0.5,18.844097219023258
Participant_49,250,0.3,16.947713710114414
Participant_50,100,0.2,19.230834615273462
Participant_51,100,0.3,16.63993689891882
Participant_52,200,0.5,17.910192628779846
Participant_53,400,0.4,22.309751231244153
Participant_54,350,0.4,33.40172151252088
Participant_55,350,0.2,15.782506138126479
Participant_56,400,0.5,39.5790348543266
Participant_57,400,0.2,30.732718721258617
Participant_58,300,0.2,21.066264500380697
Participant_59,350,0.2,21.4845874989491
Participant_60,300,0.5,15.730940849167286
Participant_61,400,0.2,18.289341158171883
Participant_62,150,0.2,24.226019070412704
Participant_63,150,0.2,13.716778047340418
Participant_64,150,0.3,18.7136313953225
Participant_65,100,0.3,19.381369920622227
Participant_66,350,0.1,21.486332865335584
Participant_67,100,0.4,21.65611922759939
Participant_68,150,0.3,15.417522498767433
Participant_69,400,0.1,24.06969048409223
Participant_70,400,0.5,16.36306817195357
Participant_71,100,0.5,19.62396494085739
Participant_72,100,0.4,18.241093717208955
Participant_73,100,0.2,21.530791903689934
Participant_74,350,0.6,19.086644545335883
Participant_75,100,0.6,59.6185793188667
Participant_76,400,0.4,15.857963299238651
Participant_77,400,0.4,18.5802314302056
Participant_78,400,0.5,26.837473800639284
Participant_79,400,0.5,18.714967272212903
Participant_80,100,0.5,22.942318976075633
Participant_81,100,0.5,18.877234967017813
Participant_82,250,0.2,22.64812354258074
Participant_83,100,0.5,26.36474919281426
Participant_84,250,0.3,17.456374193972813
Participant_85,400,0.2,16.0312195418814
Participant_86,400,0.2,18.45941494197473
Participant_87,250,0.6,23.75342080627546
Participant_88,350,0.2,24.679698134296537
Participant_89,400,0.6,54.34565300003304
Participant_90,100,0.5,43.54710093680175
Participant_91,200,0.3,16.307590257300433
Participant_92,150,0.2,18.625251676151922
Participant_93,350,0.4,18.35551688185326
Participant_94,200,0.3,17.383541066192468
Participant_95,400,0.4,20.468878816388553
Participant_96,150,0.3,24.702226620286684
Participant_97,100,0.2,20.792426505821776
Participant_98,100,0.5,32.731483314998115
Participant_99,100,0.1,35.336772631353874
Participant_0,350,0.2,19.341341732154984
Participant_1,100,0.1,27.15580048534751
Participant_2,250,0.5,17.918914587664062
Participant_3,400,0.0,17.903212002319584
Participant_4,400,0.5,19.974984355438178
Participant_5,150,0.2,26.634564009947674
Participant_6,400,0.4,30.520075360326356
Participant_7,300,0.3,12.795507023951807
Participant_8,100,0.6,43.466941461299065
Participant_9,400,0.0,14.892112006025203
Participant_10,100,0.5,26.788057040405153
Participant_11,400,0.6,21.58587501121972
Participant_12,100,0.3,17.01139324100175
Participant_13,200,0.3,17.879807045938723
Participant_14,400,0.5,40.09675797368161
Participant_15,350,0.4,27.91818403836467
Participant_16,350,0.2,23.137361560904044
Participant_17,200,0.5,18.628607033270093
Participant_18,150,0.4,20.90813238909683
Participant_19,100,0.3,21.462467239345994
Participant_20,400,0.2,24.228082879171435
Participant_21,100,0.2,22.4126080588583
Participant_22,100,0.4,22.084779826840023
Participant_23,400,0.3,15.346009253222807
Participant_24,100,0.5,34.85828452462915
Participant_25,300,0.2,32.61575539520739
Participant_26,100,0.2,17.060920256539504
Participant_27,150,0.3,30.14879765430124
Participant_28,100,0.5,34.096920682079194
Participant_29,100,0.4,14.282419262855996
Participant_30,300,0.4,16.00702970572617
Participant_31,300,0.2,11.566654658975516
Participant_32,250,0.4,24.634833062150026
Participant_33,350,0.3,19.880895352071043
Participant_34,300,0.3,15.206084308591741
Participant_35,100,0.5,56.403457340840376
Participant_36,250,0.3,18.667485101105612
Participant_37,300,0.5,20.705373698631956
Participant_38,100,0.1,27.815238629211866
Participant_39,400,0.4,13.701277312717965
Participant_40,100,0.4,21.569364849248576
Participant_41,100,0.5,20.738852427268004
Participant_42,100,0.3,23.03557032070185
Participant_43,100,0.2,31.836692667423858
Participant_44,100,0.1,19.13602623325961
Participant_45,400,0.1,20.960677469967425
Participant_46,250,0.4,12.323757543866238
Participant_47,400,0.0,24.50561160224327
Participant_48,300,0.5,21.965029023427217
Participant_49,100,0.2,24.312034057231823
Participant_50,200,0.2,20.648547164389072
Participant_51,400,0.5,19.78635893740938
Participant_52,100,0.4,14.194629266028754
Participant_53,100,0.3,18.791953065075486
Participant_54,150,0.4,14.21794640586326
Participant_55,100,0.4,19.045668798968443
Participant_56,400,0.5,24.854577043273135
Participant_57,200,0.2,14.624038429927625
Participant_58,100,0.2,25.880977570408735
Participant_59,100,0.5,27.227743204312766
Participant_60,100,0.6,25.137123940498842
Participant_61,100,0.5,49.788050775261325
Participant_62,100,0.2,22.662193186009162
Participant_63,100,0.4,18.747999893321953
Participant_64,150,0.1,26.299001882200777
Participant_65,100,0.6,12.374368670764582
Participant_66,350,0.5,13.641847382227965
Participant_67,400,0.7,19.960586163737776
Participant_68,150,0.3,24.903814968795444
Participant_69,100,0.3,27.98459397597185
Participant_70,350,0.4,18.115601011283065
Participant_71,200,0.6,17.690039570334488
Participant_72,350,0.6,19.60357110324545
Participant_73,350,0.6,19.76233791837393
Participant_74,100,0.5,38.358180353087654
Participant_75,150,0.5,16.947713710114414
Participant_76,100,0.2,21.120487683763365
Participant_77,400,0.4,16.925572368460692
Participant_78,400,0.2,18.59435398178705
Participant_79,350,0.2,26.13115956095328
Participant_80,200,0.5,19.19049243766298
Participant_81,100,0.2,27.33724565496678
Participant_82,100,0.5,19.750949344272037
Participant_83,400,0.3,13.756816492197604
Participant_84,400,0.4,21.569075084481486
Participant_85,400,0.5,24.088378940891808
Participant_86,400,0.1,28.928359787585606
Participant_87,250,0.4,26.844459391092233
Participant_88,100,0.2,18.803590082747498
Participant_89,100,0.4,27.82063083396924
Participant_90,150,0.5,18.834144525302975
Participant_91,400,0.1,26.39791658445795
Participant_92,100,0.4,14.413101678681102
Participant_93,250,0.2,40.14582792769381
Participant_94,350,0.5,17.207556479639983
Participant_95,350,0.4,17.267744496604067
Participant_96,400,0.2,19.60867155112758
Participant_97,100,0.4,14.326112522244127
Participant_98,400,0.6,20.364184245876388
Participant_99,100,0.2,22.523876220579798
Participant_0,150,0.5,30.078646911056357
Participant_1,250,0.2,22.56518335843961
Participant_2,150,0.2,22.122386851332294
Participant_3,150,0.2,28.53769437077915
Participant_4,100,0.1,21.878928218722233
Participant_5,400,0.5,26.41495788374458
Participant_6,200,0.3,26.989581323169872
Participant_7,400,0.0,20.50670622016125
Participant_8,150,0.3,10.009995004993758
Participant_9,400,0.4,24.626713138378822
Participant_10,400,0.2,24.176434807473164
Participant_11,150,0.5,20.364798059396513
Participant_12,100,0.3,31.966975146234905
Participant_13,100,0.5,21.47905956972977
Participant_14,350,0.2,15.900864756358379
Participant_15,350,0.5,24.896786941290237
Participant_16,250,0.5,16.877129495266665
Participant_17,400,0.1,20.478037015300075
Participant_18,150,0.2,24.04474994671394
Participant_19,250,0.3,19.13047307308421
Participant_20,100,0.4,20.130511667615405
Participant_21,300,0.4,14.008033409440456
Participant_22,400,0.4,23.8531968507368
Participant_23,150,0.4,14.041011359585179
Participant_24,100,0.2,23.153293502221235
Participant_25,150,0.2,19.18723534019427
Participant_26,400,0.2,14.080127840328723
Participant_27,100,0.2,28.303268362505417
Participant_28,400,0.5,23.484037131634757
Participant_29,100,0.4,19.176482993500137
Participant_30,400,0.2,16.867127793433
Participant_31,200,0.2,14.278042582931318
Participant_32,150,0.2,21.28732016952815
Participant_33,400,0.3,29.3981291921782
Participant_34,250,0.4,29.165476166179765
Participant_35,400,0.2,22.433234274174556
Participant_36,150,0.3,26.57912714894904
Participant_37,100,0.2,23.92331498768513
Participant_38,150,0.5,15.763089798640367
Participant_39,350,0.4,24.68653479125817
Participant_40,100,0.5,21.854061407436376
Participant_41,400,0.2,26.636441203734407
Participant_42,400,0.5,24.166091947189145
Participant_43,100,0.2,29.065873460125022
Participant_44,100,0.2,38.93680777875865
Participant_45,400,0.2,31.096623610932426
Participant_46,300,0.2,23.02254329999186
Participant_47,300,0.5,19.492626811181708
Participant_48,150,0.3,28.485961454723626
Participant_49,400,0.2,21.0535032714273
Participant_50,300,0.5,12.34757061125791
Participant_51,400,0.5,31.488092987667578
Participant_52,150,0.5,22.129731132573664
Participant_53,150,0.2,32.02577087284551
Participant_54,300,0.3,15.571608780084349
Participant_55,100,0.3,32.60578936324039
Participant_56,100,0.5,31.20656982111299
Participant_57,150,0.2,26.184919323916198
Participant_58,350,0.5,23.153833375922872
Participant_59,400,0.2,21.2602916254693
Participant_60,400,0.5,30.024989592004857
Participant_61,150,0.5,19.614407969653328
Participant_62,100,0.2,32.727282196968325
Participant_63,100,0.2,23.072169382179908
Participant_64,100,0.4,30.724379570627622
Participant_65,100,0.5,34.73254957529032
Participant_66,300,0.3,17.887845035106942
Participant_67,100,0.5,28.681004166521088
Participant_68,100,0.1,26.808347580557815
Participant_69,400,0.3,14.891272611835431
Participant_70,400,0.0,50.88491918044088
Participant_71,100,0.4,17.649008470732852
Participant_72,100,0.2,21.38515840483769
Participant_73,400,0.5,15.660459763365825
Participant_74,300,0.2,21.390126226836532
Participant_75,100,0.5,34.75053956415641
Participant_76,150,0.4,19.676127667811063
Participant_77,150,0.3,19.75348070594142
Participant_78,350,0.2,17.039292825701423
Participant_79,150,0.5,21.816851285187788
Participant_80,400,0.4,12.05093357379419
Participant_81,150,0.2,28.777595452017877
Participant_82,150,0.2,22.84513077222365
Participant_83,250,0.4,22.597013076953335
Participant_84,100,0.1,21.90747589294577
Participant_85,250,0.4,13.346347815039138
Participant_86,150,0.2,23.757104200638594
Participant_87,300,0.3,10.896100219803413
Participant_88,400,0.4,18.033995674835904
Participant_89,100,0.2,24.5168309534491
Participant_90,100,0.5,37.417910150087216
Participant_91,400,0.6,25.21804909187069
Participant_92,400,0.2,33.06433123473088
Participant_93,150,0.4,12.831601614763452
Participant_94,100,0.4,22.338028113510827
Participant_95,100,0.1,35.49559831866481
Participant_96,100,0.3,23.089770462263154
Participant_97,400,0.2,27.76238462380348
Participant_98,350,0.2,25.64834302640231
Participant_99,100,0.2,24.770446100141193
Participant_0,100,0.1,11.776565713313877
Participant_1,400,0.2,26.542418879973994
Participant_2,400,0.1,16.899704139422088
Participant_3,100,0.4,16.851928673003574
Participant_4,400,0.6,30.44995894906921
Participant_5,350,0.4,28.516223452624295
Participant_6,150,0.5,24.15522717756966
Participant_7,150,0.3,16.776471619503308
Participant_8,100,0.2,26.59558233993007
Participant_9,350,0.2,26.01129562324799
Participant_10,250,0.6,19.63351726003265
Participant_11,400,0.2,32.931747600150224
Participant_12,100,0.6,27.26031914706796
Participant_13,200,0.4,18.392253804251396
Participant_14,100,0.2,19.521142384604442
Participant_15,150,0.2,15.910688231500233
Participant_16,150,0.2,26.914680009244027
Participant_17,400,0.2,19.956202043475106
Participant_18,400,0.2,26.186828750346997
Participant_19,100,0.2,40.832891154068435
Participant_20,100,0.5,20.064894716892987
Participant_21,100,0.2,26.899349434512352
Participant_22,100,0.2,25.021490762942165
Participant_23,100,0.2,23.180271784429102
Participant_24,350,0.2,20.502134035265694
Participant_25,400,0.1,24.06969048409223
Participant_26,100,0.2,23.71339284033392
Participant_27,100,0.5,16.81071087134628
Participant_28,400,0.5,28.1336097932704
Participant_29,400,0.5,21.656407827707714
Participant_30,350,0.7,22.318714120665643
Participant_31,150,0.2,20.631286920597077
Participant_32,200,0.4,17.08873898214845
Participant_33,400,0.0,10.026215637018785
Participant_34,100,0.2,22.74477962082728
Participant_35,150,0.3,19.30543964793343
Participant_36,100,0.1,51.538213977591425
Participant_37,400,0.2,25.729360660537214
Participant_38,100,0.5,39.640257315007425
Participant_39,100,0.2,24.820858164052268
Participant_40,100,0.1,21.562409420099602
Participant_41,400,0.3,13.711309200802088
Participant_42,400,0.0,18.72231289130699
Participant_43,150,0.2,23.332380932943813
Participant_44,400,0.2,33.645207682521445
Participant_45,400,0.2,22.321514285549714
Participant_46,400,0.2,34.92134018046845
Participant_47,100,0.5,24.343376922686794
Participant_48,150,0.2,24.122603507913485
Participant_49,400,0.5,35.07491981459117
Participant_50,400,0.2,27.285527299284507
Participant_51,400,0.4,21.942538595158037
Participant_52,100,0.4,36.77957993234833
Participant_53,100,0.4,17.649008470732852
Participant_54,100,0.2,14.910566722965294
Participant_55,100,0.4,16.665458289528075
Participant_56,100,0.4,26.081363077876123
Participant_57,400,0.4,20.52985630733932
Participant_58,350,0.5,21.41494805036893
Participant_59,100,0.5,44.03237445334966
Participant_60,300,0.5,19.39619808106733
Participant_61,400,0.5,21.94310825749169
Participant_62,100,0.4,24.11405191999055
Participant_63,100,0.2,24.896284863408837
Participant_64,400,0.2,17.48570845004571
Participant_65,400,0.4,17.109208047130647
Participant_66,350,0.2,17.002573334645554
Participant_67,250,0.2,29.923861716028565
Participant_68,100,0.1,22.359282188836026
Participant_69,100,0.3,14.38358439332839
Participant_70,400,0.2,25.777897509300484
Participant_71,150,0.5,15.603685462095164
Participant_72,100,0.5,33.52387209139183
Participant_73,400,0.4,25.277954822334816
Participant_74,400,0.5,41.12784944535758
Participant_75,100,0.1,23.450746256782534
Participant_76,100,0.4,21.65611922759939
Participant_77,400,0.3,25.480384612481814
Participant_78,100,0.2,29.89272486743221
Participant_79,350,0.1,19.631925529606107
Participant_80,400,0.5,43.433857760967996
Participant_81,100,0.4,31.228792804077457
Participant_82,400,0.3,17.00735135169495
Participant_83,250,0.4,27.351873793215702
Participant_84,100,0.2,22.4126080588583
Participant_85,100,0.1,30.309858132297485
Participant_86,400,0.2,22.237355957937087
Participant_87,150,0.2,18.18378398463862
Participant_88,100,0.4,20.712013422166372
Participant_89,100,0.2,25.784200588732627
Participant_90,100,0.5,19.71927990571664
Participant_91,400,0.0,11.479329248697416
Participant_92,400,0.2,26.73013280924732
Participant_93,400,0.1,26.680517236365564
Participant_94,350,0.2,22.08704371345337
Participant_95,400,0.5,19.912307751739878
Participant_96,100,0.2,25.71137880394593
Participant_97,100,0.6,42.227064780777745
Participant_98,350,0.6,15.183873023705118
Participant_99,250,0.3,18.089361514437154
Participant_0,150,0.6,17.608236708995026
Participant_1,350,0.5,19.101047091717252
Participant_2,150,0.6,16.241921068642096
Participant_3,150,0.3,20.951133620880757
Participant_4,300,0.5,16.123352629028492
Participant_5,100,0.2,23.71339284033392
Participant_6,400,0.1,26.960155785900053
Participant_7,300,0.5,24.289143665432093
Participant_8,150,0.5,19.097774739482084
Participant_9,100,0.2,20.912316944805518
Participant_10,150,0.2,26.11321504526013
Participant_11,150,0.3,13.236313686219438
Participant_12,200,0.3,20.24073862288627
Participant_13,150,0.2,34.79439610052171
Participant_14,300,0.4,19.202213414083285
Participant_15,350,0.1,19.083042210297602
Participant_16,100,0.3,14.684600777685445
Participant_17,350,0.5,17.91926337771729
Participant_18,100,0.4,21.011603936872596
Participant_19,100,0.2,17.35151290233794
Participant_20,100,0.4,26.650281424405257
Participant_21,400,0.1,31.946830828737927
Participant_22,400,0.2,21.86892772862904
Participant_23,100,0.3,27.12263814602112
Participant_24,100,0.2,29.21600588718451
Participant_25,100,0.1,19.491985532520797
Participant_26,350,0.2,19.405862516260388
Participant_27,100,0.2,22.77224187470351
Participant_28,200,0.5,15.914615923735012
Participant_29,250,0.3,25.489703803692972
Participant_30,400,0.5,27.932955446926844
Participant_31,350,0.6,24.98599607780326
Participant_32,150,0.5,21.557481300003488
Participant_33,400,0.2,26.471682983898095
Participant_34,150,0.2,22.514439810930227
Participant_35,400,0.5,26.88401011754013
Participant_36,400,0.2,21.86892772862904
Participant_37,100,0.6,23.358617253596154
Participant_38,150,0.2,32.911244279121384
Participant_39,400,0.2,35.83992187491485
Participant_40,400,0.4,15.007498125936914
Participant_41,100,0.1,37.89706453011895
Participant_42,150,0.3,30.210925176167645
Participant_43,100,0.5,24.007290559328016
Participant_44,100,0.5,30.435998422920186
Participant_45,100,0.4,15.29664996004027
Participant_46,100,0.2,16.876759167565318
Participant_47,100,0.4,10.074100456120139
Participant_48,400,0.6,27.585322184089133
Participant_49,400,0.3,16.178689687363438
Participant_50,100,0.2,22.909059343412597
Participant_51,150,0.2,26.868196813333046
Participant_52,400,0.1,15.948354147058561
Participant_53,350,0.2,23.645031190505964
Participant_54,400,0.4,20.223130321490785
Participant_55,100,0.1,33.910728390879484
Participant_56,400,0.5,36.881567211820055
Participant_57,100,0.2,19.230834615273462
Participant_58,100,0.2,21.120487683763365
Participant_59,400,0.0,29.54699646326171
Participant_60,400,0.0,56.14067153143076
Participant_61,100,0.5,30.985480470697883
Participant_62,150,0.4,28.322252735261014
Participant_63,350,0.6,20.044949488586894
Participant_64,400,0.5,27.299267389437397
Participant_65,150,0.3,19.402319448973106
Participant_66,100,0.2,34.14784034166729
Participant_67,350,0.2,18.17518913244096
Participant_68,300,0.2,14.231567025454364
Participant_69,400,0.2,16.109003693587013
Participant_70,200,0.3,13.908181045701124
Participant_71,300,0.5,26.948330189457007
Participant_72,300,0.5,18.90667871414755
Participant_73,400,0.2,33.68233958619858
Participant_74,150,0.4,19.452506265260524
Participant_75,250,0.3,24.438187330487505
Participant_76,400,0.4,22.337748319828478
Participant_77,100,0.5,19.750949344272037
Participant_78,400,0.5,26.97684192043242
Participant_79,100,0.5,36.77771064109347
Participant_80,350,0.4,20.51036323422869
Participant_81,100,0.5,21.303755537463342
Participant_82,100,0.4,24.55071282060869
Participant_83,100,0.2,26.782923664155863
Participant_84,150,0.4,16.647822680458848
Participant_85,400,0.1,16.44992401198255
Participant_86,300,0.5,17.711931007092364
Participant_87,400,0.5,19.72308292331602
Participant_88,200,0.3,23.684119151870522
Participant_89,250,0.2,15.785673884886892
Participant_90,400,0.4,23.37680474316368
Participant_91,400,0.2,17.161002301730512
Participant_92,400,0.1,23.676993052328246
Participant_93,100,0.2,30.77864519435513
Participant_94,150,0.5,12.030170406108136
Participant_95,100,0.4,16.740295696313133
Participant_96,100,0.5,37.88271373595086
Participant_97,400,0.2,21.72556098240043
Participant_98,100,0.2,24.74520155504901
Participant_99,100,0.2,25.63835018093013
Participant_0,400,0.5,17.542804792848834
Participant_1,100,0.2,14.86859105631734
Participant_2,100,0.1,50.02436906148842
Participant_3,100,0.2,29.429152213409072
Participant_4,400,0.5,18.275666882497067
Participant_5,100,0.5,38.82782507429434
Participant_6,100,0.4,25.719399293140576
Participant_7,300,0.2,12.45140554315054
Participant_8,400,0.4,27.752927773480046
Participant_9,400,0.7,21.527308238607073
Participant_10,200,0.4,13.90233793288021
Participant_11,150,0.5,26.54665704001165
Participant_12,100,0.4,20.34668277631516
Participant_13,100,0.2,34.01947971383454
Participant_14,400,0.1,23.624140195994435
Participant_15,200,0.3,20.638253317565418
Participant_16,400,0.6,13.54437152473307
Participant_17,100,0.4,21.569364849248576
Participant_18,150,0.2,19.82801049021308
Participant_19,400,0.1,25.408659941051596
Participant_20,100,0.1,32.22867512014727
Participant_21,400,0.4,20.921878500746534
Participant_22,300,0.3,19.104318883435756
Participant_23,400,0.2,33.10211473607087
Participant_24,400,0.5,24.474476501040833
Participant_25,100,0.5,35.25053191088043
Participant_26,100,0.4,24.702985649512083
Participant_27,400,0.2,30.426140077242792
Participant_28,100,0.0,30.346334210246876
Participant_29,400,0.0,25.333278508712606
Participant_30,100,0.3,20.931734280751797
Participant_31,200,0.2,14.709265787251246
Participant_32,200,0.2,14.666714015075089
Participant_33,400,0.2,20.174241001832016
Participant_34,100,0.3,23.465666408606427
Participant_35,400,0.4,17.506427391104104
Participant_36,200,0.3,18.799933510520724
Participant_37,100,0.1,16.58123939879043
Participant_38,100,0.2,16.91375180141887
Participant_39,400,0.0,15.141829479953868
Participant_40,100,0.2,21.031523958096805
Participant_41,200,0.5,25.632498902760144
Participant_42,100,0.2,14.656909633343584
Participant_43,100,0.0,45.67165422885403
Participant_44,300,0.2,16.99374885068036
Participant_45,150,0.3,17.253985046939157
Participant_46,400,0.3,19.949937343260004
Participant_47,100,0.5,42.23564845009486
Participant_48,100,0.2,29.492795730483063
Participant_49,400,0.2,21.840329667841555
Participant_50,100,0.1,42.67537346058028
Participant_51,400,0.4,25.74344576780661
Participant_52,400,0.0,22.176000541125536
Participant_53,150,0.4,23.0141260968128
Participant_54,400,0.4,23.080836206688872
Participant_55,100,0.4,17.073005007906488
Participant_56,400,0.1,27.006480703712583
Participant_57,100,0.3,13.486567391297164
Participant_58,100,0.2,18.46821593982483
Participant_59,400,0.4,11.998958288118182
Participant_60,100,0.0,35.68473062809919
Participant_61,300,0.2,15.77299908070751
Participant_62,100,0.2,32.55495354012965
Participant_63,150,0.4,14.778362561528933
Participant_64,100,0.3,20.509449041844103
Participant_65,200,0.3,11.92424001771182
Participant_66,100,0.5,31.18653555623003
Participant_67,250,0.3,20.939794650378023
Participant_68,350,0.6,26.349573051569543
Participant_69,100,0.2,17.778498249289786
Participant_70,400,0.0,22.176000541125536
Participant_71,400,0.6,14.437797615980077
Participant_72,300,0.6,30.18712473886839
Participant_73,100,0.5,19.4961534667739
Participant_74,250,0.3,20.42608626242433
Participant_75,100,0.5,19.62396494085739
Participant_76,250,0.3,15.279888743050455
Participant_77,100,0.6,21.198466925700075
Participant_78,250,0.5,23.28814075876389
Participant_79,350,0.4,25.776442733627928
Participant_80,100,0.4,15.858357418093464
Participant_81,400,0.2,23.441416339462084
Participant_82,400,0.5,26.057628441590765
Participant_83,200,0.2,18.306078225551207
Participant_84,250,0.3,21.586454085838184
Participant_85,100,0.2,27.992409685484386
Participant_86,200,0.4,21.378143043772535
Participant_87,350,0.5,31.60063290505429
Participant_88,100,0.6,20.991069529683333
Participant_89,400,0.0,32.257169745655
Participant_90,350,0.6,17.763727086397157
Participant_91,100,0.2,25.17091575608643
Participant_92,100,0.7,22.06467765456817
Participant_93,400,0.2,32.39598740585013
Participant_94,300,0.4,24.798689481502848
Participant_95,100,0.2,21.179589231144213
Participant_96,400,0.5,21.80022935659164
Participant_97,100,0.5,48.696509115130624
Participant_98,100,0.2,25.021490762942165
Participant_99,100,0.5,25.37419949476239
Participant_0,400,0.1,34.15918617297549
Participant_1,100,0.5,16.16632302040263
Participant_2,300,0.5,16.581993245686718
Participant_3,200,0.3,17.597940220378067
Participant_4,200,0.3,21.26470079733077
Participant_5,250,0.4,22.89923579510897
Participant_6,350,0.2,23.083273164783193
Participant_7,400,0.2,20.328551350256124
Participant_8,100,0.2,24.260564709008733
Participant_9,400,0.5,22.085062825357777
Participant_10,100,0.2,43.543943321660706
Participant_11,100,0.2,21.559800555663774
Participant_12,300,0.5,25.445284435431255
Participant_13,250,0.3,21.382820206885714
Participant_14,400,0.2,19.091883092036785
Participant_15,150,0.3,18.680203425016547
Participant_16,350,0.2,20.379830715685543
Participant_17,400,0.5,28.28869031963127
Participant_18,400,0.1,12.917043005270207
Participant_19,400,0.3,19.949937343260004
Participant_20,400,0.2,29.16761903207048
Participant_21,400,0.3,15.346009253222807
Participant_22,100,0.1,21.270578271405785
Participant_23,100,0.5,32.61671350703501
Participant_24,100,0.1,27.702662326931684
Participant_25,100,0.1,46.983374719149325
Participant_26,400,0.5,26.69737814842499
Participant_27,350,0.4,32.52960190349707
Participant_28,150,0.2,35.751223755278644
Participant_29,250,0.2,22.37046043334826
Participant_30,400,0.6,18.157643018850216
Participant_31,100,0.3,20.781903185223435
Participant_32,400,0.4,20.862046879441145
Participant_33,100,0.4,19.012824619187967
Participant_34,400,0.1,25.823438965405053
Participant_35,100,0.2,29.108847452278148
Participant_36,400,0.1,23.756051860525982
Participant_37,400,0.5,22.310311517323104
Participant_38,300,0.5,14.316511446578039
Participant_39,250,0.2,22.730761095924613
Participant_40,100,0.4,14.798226245060588
Participant_41,400,0.2,20.42057785666214
Participant_42,150,0.3,14.669696656713798
Participant_43,150,0.2,25.581243128511172
Participant_44,150,0.3,19.91105220725414
Participant_45,400,0.1,23.729728190605133
Participant_46,400,0.0,16.333248299098376
Participant_47,100,0.2,14.656909633343584
Participant_48,100,0.5,30.68142760694163
Participant_49,100,0.2,24.871168046555432
Participant_50,100,0.3,17.51820481670425
Participant_51,100,0.5,35.848291451615935
Participant_52,400,0.2,23.65375234502974
Participant_53,400,0.6,40.89254210733297
Participant_54,100,0.2,24.6693129211172
Participant_55,150,0.2,24.86262254871758
Participant_56,100,0.4,18.747999893321953
Participant_57,100,0.3,22.06552741268606
Participant_58,250,0.3,18.29549124784574
Participant_59,400,0.5,30.785548557724287
Participant_60,150,0.1,25.157255414691008
Participant_61,400,0.5,19.04599695474091
Participant_62,400,0.4,17.61320527331695
Participant_63,400,0.2,37.04051835490427
Participant_64,400,0.4,23.616202065531198
Participant_65,100,0.2,15.445873235269024
Participant_66,350,0.2,17.897974745763833
Participant_67,150,0.5,14.351829151714425
Participant_68,100,0.1,24.595477226514635
Participant_69,100,0.2,18.670163362970342
Participant_70,200,0.3,29.638446315554397
Participant_71,250,0.1,32.90003799389903
Participant_72,100,0.3,18.591328623850423
Participant_73,350,0.5,15.365545873804809
Participant_74,250,0.4,18.65810815704529
Participant_75,100,0.5,26.0067298982398
Participant_76,100,0.5,20.768967234795284
Participant_77,100,0.5,41.51927263332054
Participant_78,100,0.4,33.52592280609141
Participant_79,100,0.5,37.601196789464026
Participant_80,400,0.1,20.386269889315212
Participant_81,150,0.4,10.229858259037611
Participant_82,400,0.2,16.147755261955144
Participant_83,100,0.5,25.59492137124082
Participant_84,100,0.5,31.266595593380487
Participant_85,400,0.4,23.13493030030564
Participant_86,100,0.1,23.583627795570383
Participant_87,350,0.3,16.815171720800237
Participant_88,400,0.2,39.01281840626232
Participant_89,150,0.4,28.73847595124
Participant_90,400,0.4,17.964548421822354
Participant_91,400,0.3,21.691011963483863
Participant_92,150,0.3,15.538661461013943
Participant_93,300,0.3,15.247130877643833
Participant_94,200,0.4,19.092537809311782
Participant_95,200,0.5,14.301223723863632
Participant_96,400,0.0,26.372807965781725
Participant_97,350,0.5,27.108116865617944
Participant_98,100,0.5,47.7373019765466
Participant_99,400,0.5,28.02231253840411
Participant_0,100,0.6,27.006943551612796
Participant_1,400,0.2,32.77956680616753
Participant_2,100,0.2,22.384704599346403
Participant_3,400,0.1,13.760450574018279
Participant_4,150,0.2,30.07324392213118
Participant_5,250,0.4,16.564268773477444
Participant_6,100,0.4,17.71969243525406
Participant_7,150,0.5,19.582517713511713
Participant_8,100,0.5,34.46157280218069
Participant_9,400,0.1,17.301734017144064
Participant_10,100,0.4,30.438257177440367
Participant_11,100,0.1,31.502976049890904
Participant_12,400,0.2,18.152134860671346
Participant_13,100,0.5,39.45060202328983
Participant_14,300,0.3,21.242057339156204
Participant_15,100,0.2,18.126637857032396
Participant_16,100,0.5,20.064894716892987
Participant_17,100,0.2,27.405747572361534
Participant_18,100,0.1,31.103657341219538
Participant_19,350,0.6,20.89976076418101
Participant_20,100,0.2,14.091664202641219
Participant_21,400,0.1,20.5085348087083
Participant_22,200,0.3,16.798437427332342
Participant_23,400,0.1,16.29723902997069
Participant_24,100,0.4,22.113061750919975
Participant_25,100,0.2,20.21323823636381
Participant_26,350,0.2,18.616860637604827
Participant_27,350,0.4,18.892458812976145
Participant_28,100,0.2,18.16108476936331
Participant_29,100,0.5,49.32139495188675
Participant_30,200,0.2,17.105920027873392
Participant_31,100,0.4,22.560751317276647
Participant_32,100,0.6,22.569337606584735
Participant_33,200,0.5,26.986570734348593
Participant_34,100,0.1,36.89427462357811
Participant_35,400,0.1,17.193021840269964
Participant_36,300,0.3,16.58237015628345
Participant_37,100,0.2,26.945778890208388
Participant_38,100,0.2,24.41464724299739
Participant_39,350,0.6,19.053870997778905
Participant_40,100,0.5,22.640671368137475
Participant_41,100,0.2,21.2090782449403
Participant_42,150,0.4,23.0141260968128
Participant_43,400,0.3,16.59819267269783
Participant_44,400,0.4,12.256630858437402
Participant_45,400,0.2,25.089838580588754
Participant_46,350,0.5,18.196153439669605
Participant_47,400,0.4,16.777216694076525
Participant_48,400,0.3,29.546573405388315
Participant_49,250,0.4,24.558603380485625
Participant_50,100,0.5,19.62396494085739
Participant_51,150,0.3,15.295424152340464
Participant_52,150,0.2,22.29125389025929
Participant_53,250,0.4,24.987496873436523
Participant_54,400,0.5,17.363755354185336
Participant_55,100,0.0,21.17545749210628
Participant_56,100,0.2,25.22052735372518
Participant_57,350,0.2,25.550684922326447
Participant_58,150,0.3,16.589153082662175
Participant_59,150,0.5,21.058846122235664
Participant_60,100,0.2,23.2610188942789
Participant_61,400,0.0,20.19962870945899
Participant_62,200,0.4,18.828834270872957
Participant_63,300,0.5,23.557642072159936
Participant_64,400,0.6,23.231444208227778
Participant_65,400,0.7,35.36841811560138
Participant_66,150,0.3,23.589192440607203
Participant_67,400,0.5,35.4471437495322
Participant_68,250,0.3,22.35452974231397
Participant_69,400,0.2,20.481699148264042
Participant_70,150,0.3,12.99807678081646
Participant_71,250,0.3,14.220583672972076
Participant_72,350,0.4,28.229860077584515
Participant_73,250,0.4,13.346347815039138
Participant_74,400,0.2,28.319604517012593
Participant_75,250,0.4,21.923161268393752
Participant_76,100,0.4,33.65616585411951
Participant_77,100,0.0,16.19104690870853
Participant_78,250,0.6,19.79204385605489
Participant_79,250,0.3,14.176565169320812
Participant_80,400,0.1,23.54463845549555
Participant_81,350,0.5,18.298907071188705
Participant_82,100,0.3,14.811735212324043
Participant_83,200,0.2,14.920204422192077
Participant_84,400,0.5,20.46948949045872
Participant_85,100,0.1,25.346350822159785
Participant_86,100,0.2,18.022902097054182
Participant_87,150,0.3,16.208022704821214
Participant_88,400,0.0,29.841665503118286
Participant_89,350,0.2,14.020966443152199
Participant_90,100,0.1,32.151010870577615
Participant_91,100,0.5,36.33318042781281
Participant_92,100,0.1,23.977854366060363
Participant_93,150,0.2,20.90215299915298
Participant_94,350,0.3,9.82344135219425
Participant_95,300,0.3,16.23961206433208
Participant_96,400,0.1,23.143033509028154
Participant_97,400,0.2,18.9274932307477
Participant_98,100,0.4,16.777589218955146
Participant_99,100,0.3,20.325784117716097
Participant_0,150,0.6,16.994116628998402
Participant_1,150,0.2,22.92705825002414
Participant_2,400,0.4,16.85155779149216
Participant_3,100,0.4,20.223439371185112
Participant_4,150,0.2,33.02499053747026
Participant_5,100,0.2,14.826496551781881
Participant_6,400,0.2,23.038012067016545
Participant_7,100,0.4,21.159808600268576
Participant_8,400,0.2,23.173260452512935
Participant_9,100,0.1,52.63019570550731
Participant_10,100,0.3,19.796148615324142
Participant_11,350,0.5,23.6082612659213
Participant_12,100,0.4,28.133387638178235
Participant_13,300,0.2,18.304029610990035
Participant_14,400,0.5,20.068632240389476
Participant_15,100,0.4,15.580035301628813
Participant_16,100,0.1,28.15026642857932
Participant_17,100,0.2,13.868128929311265
Participant_18,400,0.0,20.04432588040815
Participant_19,250,0.4,18.523633552842703
Participant_20,150,0.2,16.715262486721528
Participant_21,400,0.5,17.825543469975887
Participant_22,150,0.8,26.96386470816081
Participant_23,300,0.2,17.889591946156848
Participant_24,300,0.3,14.831554200420129
Participant_25,300,0.5,26.52757998762797
Participant_26,150,0.3,19.594642124825857
Participant_27,400,0.3,15.98436736314578
Participant_28,100,0.2,29.535148552191167
Participant_29,150,0.3,19.24058211177614
Participant_30,100,0.2,21.50174411530376
Participant_31,100,0.2,14.180091678123945
Participant_32,250,0.3,21.353571129907053
Participant_33,300,0.3,17.6769624087398
Participant_34,400,0.6,30.857738089497097
Participant_35,150,0.4,17.454225849346628
Participant_36,300,0.2,24.264943849100497
Participant_37,350,0.3,17.073371078963874
Participant_38,200,0.3,20.78911975048487
Participant_39,300,0.3,17.782716327940452
Participant_40,100,0.5,14.451643505151932
Participant_41,100,0.2,28.281177486094883
Participant_42,100,0.6,23.331845190640195
Participant_43,250,0.2,20.837166314064877
Participant_44,150,0.5,23.79022908674904
Participant_45,100,0.2,41.16825233113497
Participant_46,100,0.4,22.83610080552282
Participant_47,250,0.5,17.024614533081213
Participant_48,300,0.2,25.836747086272297
Participant_49,150,0.2,22.59756624063751
Participant_50,400,0.1,23.170023737579555
Participant_51,250,0.2,24.144098657850122
Participant_52,400,0.2,16.75559608011604
Participant_53,350,0.2,15.97928346328458
Participant_54,100,0.4,27.2990384446046
Participant_55,150,0.1,21.192864365158382
Participant_56,400,0.3,14.115594213493104
Participant_57,350,0.2,24.193749192715046
Participant_58,400,0.2,17.944358444926362
Participant_59,100,0.5,33.3369164740832
Participant_60,250,0.5,16.350458709161646
Participant_61,400,0.3,8.54400374531753
Participant_62,400,0.1,20.355588913121625
Participant_63,400,0.5,18.103866990231673
Participant_64,400,0.2,23.010866998007703
Participant_65,150,0.4,20.11591409804685
Participant_66,100,0.6,44.3353696274205
Participant_67,100,0.2,24.208985934978774
Participant_68,150,0.5,17.915775171619007
Participant_69,150,0.5,19.836204274003634
Participant_70,400,0.3,13.80217374184226
Participant_71,100,0.5,32.67414880299103
Participant_72,100,0.3,15.752380772441986
Participant_73,150,0.5,19.614407969653328
Participant_74,100,0.5,23.400854685246006
Participant_75,300,0.2,16.808851834673302
Participant_76,250,0.4,16.789133390380815
Participant_77,350,0.2,22.535250165019246
Participant_78,350,0.2,17.257969173689006
Participant_79,100,0.7,19.572940504686567
Participant_80,100,0.5,17.926237753639217
Participant_81,150,0.2,18.792285651298513
Participant_82,100,0.4,16.286113716906193
Participant_83,400,0.3,25.357444666211933
Participant_84,100,0.4,24.601575152823038
Participant_85,100,0.6,48.65053956535323
Participant_86,100,0.2,22.606967952381407
Participant_87,100,0.4,18.27532489451282
Participant_88,400,0.2,19.480759738778158
Participant_89,350,0.2,33.47144305224978
Participant_90,350,0.2,21.4845874989491
Participant_91,250,0.2,21.016362672927016
Participant_92,150,0.2,17.44706279005151
Participant_93,100,0.2,23.897175565325707
Participant_94,150,0.6,21.361179742701477
Participant_95,400,0.4,18.343254891103705
Participant_96,100,0.5,31.505555065734043
Participant_97,400,0.3,20.627651344736268
Participant_98,400,0.4,16.400457310697163
Participant_99,100,0.2,29.598564154363977
Participant_0,350,0.7,22.178255116216874
Participant_1,100,0.2,28.676209651904834
Participant_2,350,0.2,21.426327263439248
Participant_3,400,0.0,35.43338820942756
Participant_4,150,0.6,31.484917023870334
Participant_5,400,0.3,20.59732992404598
Participant_6,150,0.3,36.47190699702992
Participant_7,100,0.2,19.553132741328177
Participant_8,100,0.6,38.43013140752969
Participant_9,100,0.2,23.76604721025354
Participant_10,200,0.4,16.07093650040345
Participant_11,250,0.4,19.153981309377954
Participant_12,100,0.3,28.929007933214717
Participant_13,400,0.2,20.904544960366874
Participant_14,150,0.3,25.376169923769034
Participant_15,400,0.2,31.89043743820395
Participant_16,100,0.3,16.602334173242028
Participant_17,300,0.5,14.096542129188988
Participant_18,250,0.2,23.726303968380748
Participant_19,150,0.3,17.181385275931625
Participant_20,400,0.6,33.25582655716138
Participant_21,300,0.5,23.926188580716317
Participant_22,400,0.4,17.92972392425494
Participant_23,150,0.5,20.117778207346856
Participant_24,250,0.3,24.616559467155437
Participant_25,400,0.0,31.39307248422811
Participant_26,400,0.5,29.03015673398957
Participant_27,100,0.5,26.48301342370237
Participant_28,100,0.4,13.237730167970641
Participant_29,250,0.3,18.966417690222897
Participant_30,150,0.2,26.774988328662253
Participant_31,400,0.3,31.412577098990145
Participant_32,150,0.4,17.667767261315166
Participant_33,400,0.2,16.53027525481654
Participant_34,350,0.2,9.891284042024068
Participant_35,100,0.2,29.619672516758182
Participant_36,350,0.2,17.967679315927253
Participant_37,400,0.4,17.577684716708283
Participant_38,100,0.1,44.72066077329359
Participant_39,400,0.0,13.389361448553101
Participant_40,100,0.1,49.31974756626396
Participant_41,100,0.5,19.33520105920805
Participant_42,100,0.5,18.677526602845465
Participant_43,400,0.2,24.48468909339059
Participant_44,400,0.2,43.883368147853005
Participant_45,350,0.2,17.294146408539508
Participant_46,100,0.5,13.137731919931994
Participant_47,150,0.2,18.558017135459274
Participant_48,400,0.5,22.67156809750927
Participant_49,100,0.4,16.170575128918575
Participant_50,400,0.1,14.295104056983986
Participant_51,100,0.4,27.617702656086365
Participant_52,200,0.3,25.68438241422207
Participant_53,250,0.3,19.678033438329148
Participant_54,400,0.2,22.34949663862701
Participant_55,150,0.5,17.527835006069633
Participant_56,150,0.5,18.633974347948428
Participant_57,100,0.2,16.577846663544694
Participant_58,100,0.2,14.355312605443324
Participant_59,400,0.4,16.324061994491444
Participant_60,400,0.0,39.05796973730202
Participant_61,350,0.2,17.002573334645554
Participant_62,350,0.3,16.777961735562517
Participant_63,250,0.4,17.374550353894055
Participant_64,400,0.2,18.186533479473212
Participant_65,400,0.0,43.60934532872513
Participant_66,100,0.4,13.610198382095685
Participant_67,400,0.5,24.753787588973125
Participant_68,100,0.1,24.998749968748438
Participant_69,300,0.3,21.38866522249577
Participant_70,100,0.3,22.872199282097906
Participant_71,100,0.0,15.399675321252719
Participant_72,100,0.4,23.931934731650927
Participant_73,400,0.5,18.138357147217054
Participant_74,400,0.4,17.39899422380501
Participant_75,100,0.2,25.442582416099196
Participant_76,100,0.2,17.743308597891208
Participant_77,400,0.5,25.079872407968907
Participant_78,300,0.2,19.906971140783824
Participant_79,100,0.7,22.06467765456817
Participant_80,100,0.4,24.269064670893272
Participant_81,100,0.5,26.62423707827137
Participant_82,400,0.4,25.548483320933162
Participant_83,100,0.5,36.964171842474705
Participant_84,100,0.7,30.587579178483544
Participant_85,100,0.4,19.46760129034905
Participant_86,100,0.5,35.86572179672395
Participant_87,150,0.6,18.642692938521517
Participant_88,100,0.2,17.134030465713547
Participant_89,250,0.5,22.49638859906185
Participant_90,350,0.4,14.813001046378146
Participant_91,100,0.5,16.510602654052335
Participant_92,100,0.1,29.473505051147207
Participant_93,100,0.5,29.22071183253413
Participant_94,400,0.2,17.378147196982766
Participant_95,100,0.2,29.17318974675207
Participant_96,400,0.6,29.085219614092654
Participant_97,350,0.2,28.1573702607328
Participant_98,250,0.3,23.04289478342511
Participant_99,100,0.5,28.086473612755306
Participant_0,100,0.4,20.77227719822745
Participant_1,100,0.2,19.8702038238162
Participant_2,400,0.5,23.984369910422913
Participant_3,400,0.4,23.053741561837636
Participant_4,400,0.1,17.046993869888027
Participant_5,350,0.5,16.158589047314745
Participant_6,100,0.5,21.91118435867856
Participant_7,150,0.2,13.394028520202577
Participant_8,100,0.4,15.337454156410706
Participant_9,350,0.2,18.982557783396842
Participant_10,100,0.4,27.11526322940642
Participant_11,350,0.2,21.04370452178038
Participant_12,300,0.3,26.80904698045046
Participant_13,350,0.2,22.368225231340997
Participant_14,300,0.4,20.09290919702769
Participant_15,350,0.5,23.6082612659213
Participant_16,100,0.4,37.735758903194196
Participant_17,350,0.2,23.986193945684672
Participant_18,250,0.2,24.681724007856502
Participant_19,300,0.4,15.491126492285833
Participant_20,100,0.5,18.134221791960083
Participant_21,350,0.2,26.178951468689498
Participant_22,100,0.4,21.857207049392198
Participant_23,100,0.5,16.95877354056006
Participant_24,400,0.0,28.86217247540455
Participant_25,100,0.3,32.12300577467806
Participant_26,400,0.4,35.62267536275174
Participant_27,100,0.6,29.633173977824246
Participant_28,100,0.5,19.908540880737593
Participant_29,400,0.6,20.333469944896272
Participant_30,100,0.1,13.131545986668897
Participant_31,400,0.5,26.814175355583846
Participant_32,200,0.3,26.04683282090166
Participant_33,100,0.1,70.77208135981307
Participant_34,400,0.4,20.951730238813216
Participant_35,250,0.3,21.382820206885714
Participant_36,100,0.6,16.60195771588399
Participant_37,400,0.5,23.695991222145572
Participant_38,100,0.3,26.112975701746443
Participant_39,200,0.5,30.05453376780282
Participant_40,400,0.2,17.342145196024624
Participant_41,100,0.2,19.99562452137967
Participant_42,100,0.3,19.637655155338685
Participant_43,400,0.4,10.907566181325695
Participant_44,350,0.1,25.232171923954546
Participant_45,400,0.5,28.28869031963127
Participant_46,400,0.6,22.604203148972097
Participant_47,400,0.3,12.816005617976296
Participant_48,250,0.5,14.268409161500802
Participant_49,400,0.4,20.62098445758592
Participant_50,100,0.6,43.033417247529854
Participant_51,400,0.5,26.69737814842499
Participant_52,300,0.3,13.963344871484052
Participant_53,350,0.2,17.47390912188798
Participant_54,350,0.1,13.753635882922014
Participant_55,350,0.4,19.57485632131179
Participant_56,100,0.5,15.89339485446706
Participant_57,100,0.4,27.572404682943414
Participant_58,150,0.4,17.667767261315166
Participant_59,150,0.5,23.76394327547514
Participant_60,350,0.4,35.62899100451765
Participant_61,100,0.3,19.764551601288606
Participant_62,400,0.3,18.07622748252522
Participant_63,150,0.3,19.110206696946005
Participant_64,400,0.5,26.462237244798484
Participant_65,250,0.3,20.487191120307344
Participant_66,150,0.5,15.920898215867092
Participant_67,400,0.3,18.65475810617763
Participant_68,400,0.5,39.68941924493227
Participant_69,350,0.5,22.71783440383348
Participant_70,100,0.2,20.792426505821776
Participant_71,400,0.5,22.972810015320285
Participant_72,150,0.2,34.287752915581976
Participant_73,400,0.3,15.668439615992398
Participant_74,100,0.4,31.228792804077457
Participant_75,100,0.5,39.52973564293088
Participant_76,300,0.2,13.785408952947316
Participant_77,300,0.3,19.556968067673477
Participant_78,100,0.4,25.67075183939886
Participant_79,100,0.3,15.350488591572581
Participant_80,250,0.3,19.195702644081567
Participant_81,400,0.4,21.77096690549136
Participant_82,100,0.1,35.3721288587498
Participant_83,100,0.6,27.420339166392527
Participant_84,400,0.2,22.655021518418383
Participant_85,150,0.4,21.234406043023665
Participant_86,400,0.2,20.23610634484806
Participant_87,400,0.6,39.41383006001827
Participant_88,400,0.1,23.331309436034662
Participant_89,400,0.5,22.91833327273168
Participant_90,350,0.4,20.141375325433962
Participant_91,400,0.0,29.610386691159572
Participant_92,400,0.5,17.435595774162696
Participant_93,150,0.2,27.783088381243722
Participant_94,400,0.5,25.67099530598687
Participant_95,150,0.2,20.87223035518725
Participant_96,100,0.5,25.497058653891827
Participant_97,400,0.2,21.811694111187236
Participant_98,400,0.5,19.27433526739638
Participant_99,100,0.3,26.7514018324274
Participant_0,250,0.5,12.59315290147785
Participant_1,400,0.2,20.694202086574876
Participant_2,150,0.5,29.171475794001235
Participant_3,400,0.2,36.513696060519536
Participant_4,350,0.5,25.046955902863726
Participant_5,350,0.6,29.37771264070775
Participant_6,250,0.3,16.762308910171058
Participant_7,400,0.5,18.580904176062045
Participant_8,150,0.6,31.185733917931127
Participant_9,400,0.5,24.677925358506133
Participant_10,400,0.3,8.689073598491383
Participant_11,300,0.2,23.691506917036747
Participant_12,400,0.1,23.438216655709965
Participant_13,100,0.1,30.861586154959696
Participant_14,350,0.2,14.329602227556773
Participant_15,350,0.1,25.625426825713557
Participant_16,400,0.3,22.73213584333861
Participant_17,250,0.3,27.449499084682767
Participant_18,100,0.4,25.22870389060841
Participant_19,100,0.2,24.4402332231098
Participant_20,400,0.6,37.26191084740556
Participant_21,400,0.1,31.03385248402138
Participant_22,100,0.1,20.308557309666288
Participant_23,400,0.5,35.6931365951495
Participant_24,150,0.7,26.58970665501972
Participant_25,200,0.4,23.46859603811016
Participant_26,100,0.5,26.150525807333207
Participant_27,150,0.6,21.007141642784248
Participant_28,100,0.1,32.151010870577615
Participant_29,400,0.2,28.209041103873062
Participant_30,400,0.5,17.72004514666935
Participant_31,100,0.4,26.414721274319742
Participant_32,150,0.5,11.92581234130405
Participant_33,400,0.0,45.681232470238804
Participant_34,150,0.3,16.739175606940744
Participant_35,150,0.2,31.534108517603602
Participant_36,150,0.5,22.438248594754448
Participant_37,400,0.5,16.28649747490233
Participant_38,100,0.2,29.108847452278148
Participant_39,400,0.5,22.0
Participant_40,400,0.2,25.31304011769428
Participant_41,350,0.2,18.312222694146115
Participant_42,250,0.4,14.555926628009637
Participant_43,400,0.2,24.713356712514795
Participant_44,100,0.5,21.21556032726923
Participant_45,150,0.1,17.00404363673535
Participant_46,300,0.3,27.271321933489034
Participant_47,100,0.1,21.241174637952582
Participant_48,150,0.3,15.213480864023197
Participant_49,150,0.3,21.129363454680785
Participant_50,200,0.3,23.12331074911203
Participant_51,400,0.4,24.035910633882796
Participant_52,350,0.5,17.207556479639983
Participant_53,100,0.3,26.821400038029335
Participant_54,100,0.4,23.61646671286795
Participant_55,400,0.2,23.36129277244733
Participant_56,150,0.2,23.80966190436143
Participant_57,150,0.2,21.02141764962582
Participant_58,300,0.3,20.91590304050963
Participant_59,400,0.2,41.782173232133346
Participant_60,100,0.2,15.324000783085335
Participant_61,400,0.4,15.936593111452648
Participant_62,100,0.4,24.82916631705543
Participant_63,350,0.2,23.3256832697351
Participant_64,150,0.2,22.68038800373574
Participant_65,200,0.3,21.84462176372024
Participant_66,400,0.0,20.59793678988262
Participant_67,150,0.2,25.507841931453157
Participant_68,400,0.2,32.338058074040255
Participant_69,100,0.2,30.08030917394301
Participant_70,400,0.2,20.512191496766015
Participant_71,400,0.2,23.942639787625758
Participant_72,400,0.5,21.94310825749169
Participant_73,400,0.4,28.17756199531819
Participant_74,350,0.5,16.653828388691892
Participant_75,100,0.2,19.263307088867165
Participant_76,400,0.2,17.342145196024624
Participant_77,150,0.2,17.158088471621774
Participant_78,300,0.3,26.971744474542245
Participant_79,300,0.5,20.735537128321514
Participant_80,400,0.3,12.165525060596439
Participant_81,150,0.2,26.587591090582087
Participant_82,100,0.2,24.053586011237496
Participant_83,100,0.5,19.939909728983228
Participant_84,100,0.2,31.02136360639229
Participant_85,100,0.5,24.573359558676547
Participant_86,400,0.5,30.520484924063705
Participant_87,300,0.3,21.534275005209718
Participant_88,350,0.5,14.31258187749506
Participant_89,400,0.1,21.779577590026857
Participant_90,100,0.4,16.438902031461833
Participant_91,400,0.1,28.294875861187304
Participant_92,100,0.4,22.890773250373172
Participant_93,150,0.5,20.272518343807214
Participant_94,100,0.4,26.813942268901826
Participant_95,400,0.3,16.78541033159452
Participant_96,350,0.5,18.127327436773463
Participant_97,300,0.3,24.108608421059895
Participant_98,250,0.4,18.99012901483294
Participant_99,100,0.4,21.48226012318071
Participant_0,300,0.3,22.21992349221752
Participant_1,350,0.2,18.982557783396842
Participant_2,400,0.2,14.38749456993816
Participant_3,250,0.1,18.50439137069901
Participant_4,350,0.2,27.140145541245722
Participant_5,400,0.5,15.580436450882884
Participant_6,100,0.2,41.62120853603365
Participant_7,400,0.5,28.683619018526933
Participant_8,100,0.4,21.684960225926172
Participant_9,150,0.4,17.01910690958841
Participant_10,250,0.4,37.92261858047252
Participant_11,200,0.3,14.43736471798091
Participant_12,100,0.2,30.88000971502438
Participant_13,400,0.0,45.831484811208114
Participant_14,100,0.2,18.298223957532052
Participant_15,200,0.5,12.67970819853517
Participant_16,350,0.2,15.663253174229165
Participant_17,100,0.1,25.883150890106098
Participant_18,150,0.2,24.018742681497713
Participant_19,100,0.4,21.04132838011897
Participant_20,350,0.5,23.766573164846463
Participant_21,400,0.0,28.948661454374708
Participant_22,100,0.2,25.39340465553999
Participant_23,400,0.2,22.599778759979046
Participant_24,150,0.4,18.564751546950472
Participant_25,300,0.5,25.714052578308227
Participant_26,100,0.2,17.060920256539504
Participant_27,250,0.3,23.070002167316762
Participant_28,350,0.2,20.349140030969366
Participant_29,400,0.2,33.84892908202562
Participant_30,400,0.5,21.914607000811127
Participant_31,100,0.6,24.584039537879043
Participant_32,400,0.4,22.58816061568538
Participant_33,300,0.6,17.67802307951882
Participant_34,100,0.5,39.93870303352376
Participant_35,400,0.0,45.5990679729312
Participant_36,350,0.5,19.744619520264248
Participant_37,400,0.1,19.380402472601027
Participant_38,150,0.2,24.226019070412704
Participant_39,150,0.2,32.10373810010292
Participant_40,100,0.5,16.127616066858735
Participant_41,100,0.2,23.871007519583248
Participant_42,100,0.2,21.588770228987105
Participant_43,300,0.2,35.231910251929285
Participant_44,100,0.5,15.89339485446706
Participant_45,100,0.2,27.542240286512644
Participant_46,250,0.4,13.806701271484076
Participant_47,100,0.1,33.42809447156688
Participant_48,100,0.3,23.888020010038506
Participant_49,100,0.2,21.2090782449403
Participant_50,400,0.5,14.882876066137216
Participant_51,100,0.2,26.759577724620396
Participant_52,250,0.3,17.705225217432282
Participant_53,100,0.3,17.553845732488366
Participant_54,400,0.4,14.797803891118438
Participant_55,100,0.2,28.588896445998053
Participant_56,300,0.4,18.506080081962253
Participant_57,100,0.6,54.00810124416521
Participant_58,250,0.4,20.356202985822282
Participant_59,250,0.4,18.148691412881536
Participant_60,250,0.2,19.37620963965863
Participant_61,400,0.5,15.740076238697194
Participant_62,100,0.2,26.501415056558773
Participant_63,100,0.5,33.430524973443056
Participant_64,400,0.5,25.42636427018224
Participant_65,100,0.5,47.82886157959439
Participant_66,300,0.2,19.875550306846854
Participant_67,100,0.6,23.518609652783475
Participant_68,400,0.4,16.1701886198028
Participant_69,100,0.5,19.750949344272037
Participant_70,300,0.3,14.360536201688292
Participant_71,400,0.0,32.87134010045833
Participant_72,100,0.2,22.7996710502586
Participant_73,400,0.2,21.435951110226018
Participant_74,250,0.3,18.834144525302975
Participant_75,350,0.2,23.405928736112994
Participant_76,400,0.3,27.95979256003163
Participant_77,350,0.2,14.759319089985148
Participant_78,400,0.5,22.588713996153036
Participant_79,400,0.2,24.561148181630273
Participant_80,150,0.2,24.761865842460256
Participant_81,100,0.6,27.006943551612796
Participant_82,400,0.2,24.763884994079586
Participant_83,350,0.5,34.53042137014838
Participant_84,350,0.5,16.465114636709945
Participant_85,350,0.4,16.827804372525847
Participant_86,100,0.6,25.848114051125663
Participant_87,400,0.2,34.50724561595724
Participant_88,300,0.2,12.248979549333896
Participant_89,150,0.1,29.097035931517148
Participant_90,400,0.2,32.45381333526154
Participant_91,400,0.0,20.74909636586615
Participant_92,400,0.0,45.70858781454531
Participant_93,100,0.2,27.723185242680902
Participant_94,400,0.5,23.748684174075834
Participant_95,250,0.4,29.357707676179352
Participant_96,100,0.4,21.4531466223489
Participant_97,150,0.4,18.429595763336753
Participant_98,100,0.5,18.339847327608812
Participant_99,350,0.2,16.92889541582675
Participant_0,100,0.4,19.274010999270494
Participant_1,300,0.3,14.915595864731653
Participant_2,400,0.2,22.01136070305514
Participant_3,100,0.2,14.571376050325515
Participant_4,400,0.6,47.25939060123395
Participant_5,100,0.1,24.973736204260668
Participant_6,100,0.2,14.656909633343584
Participant_7,100,0.2,18.936076679185685
Participant_8,400,0.5,18.78163997099295
Participant_9,400,0.3,22.759613353482084
Participant_10,400,0.2,22.096379793984354
Participant_11,100,0.5,40.203855536502964
Participant_12,100,0.4,22.141307549465093
Participant_13,400,0.3,21.195518394226642
Participant_14,350,0.2,18.515871570088187
Participant_15,300,0.2,23.13087763142592
Participant_16,100,0.5,26.03075104563831
Participant_17,350,0.2,27.596874823066468
Participant_18,250,0.4,25.823923017233458
Participant_19,400,0.3,19.761072845369505
Participant_20,100,0.2,24.846025839155846
Participant_21,100,0.4,14.88245611449938
Participant_22,100,0.2,20.912316944805518
Participant_23,400,0.6,16.231142904922006
Participant_24,400,0.2,18.76166303929372
Participant_25,400,0.5,25.154522456210533
Participant_26,400,0.4,25.670508370501743
Participant_27,400,0.6,17.774982419119294
Participant_28,350,0.3,15.09138827278657
Participant_29,250,0.4,22.065244163616228
Participant_30,100,0.4,23.162199809171838
Participant_31,400,0.5,31.148836254345042
Participant_32,250,0.7,20.65096850029073
Participant_33,150,0.3,12.99807678081646
Participant_34,150,0.4,23.814911295236858
Participant_35,150,0.3,15.498387012847498
Participant_36,400,0.2,19.640519341402356
Participant_37,400,0.1,24.456083087853624
Participant_38,100,0.6,43.466941461299065
Participant_39,400,0.5,25.352514668174436
Participant_40,300,0.6,17.78377069127917
Participant_41,100,0.5,31.366383278918214
Participant_42,400,0.4,17.684032345593582
Participant_43,250,0.6,17.406177064479152
Participant_44,150,0.3,16.05303709582707
Participant_45,400,0.5,36.72873534441391
Participant_46,100,0.2,24.079555643740605
Participant_47,100,0.5,19.750949344272037
Participant_48,150,0.5,18.020127635508025
Participant_49,200,0.3,22.851422275210794
Participant_50,150,0.5,18.49932431198502
Participant_51,100,0.4,14.282419262855996
Participant_52,400,0.4,15.458816254810715
Participant_53,400,0.0,23.489891442916463
Participant_54,400,0.2,29.21044333795706
Participant_55,400,0.0,17.371672343214396
Participant_56,400,0.5,18.445866745696716
Participant_57,100,0.4,19.435470151246665
Participant_58,100,0.3,14.853871549195516
Participant_59,200,0.4,13.81213234804822
Participant_60,400,0.2,22.544400635190993
Participant_61,150,0.4,16.49696941865384
Participant_62,350,0.4,17.195202819391227
Participant_63,400,0.5,22.14158982548453
Participant_64,400,0.4,35.00321413813309
Participant_65,350,0.4,15.187988675265728
Participant_66,250,0.3,17.77568564078472
Participant_67,400,0.1,36.133087330035885
Participant_68,400,0.4,20.71171166272841
Participant_69,100,0.1,22.077986774160365
Participant_70,100,0.2,26.383233312086677
Participant_71,150,0.3,18.136978800230207
Participant_72,100,0.2,17.024247413615676
Participant_73,400,0.2,20.174241001832016
Participant_74,150,0.4,16.982343772283023
Participant_75,100,0.4,25.22870389060841
Participant_76,400,0.2,16.904141504376966
Participant_77,300,0.3,21.793921170821925
Participant_78,100,0.4,14.194629266028754
Participant_79,400,0.2,31.076518466520668
Participant_80,100,0.4,29.710898673719043
Participant_81,100,0.1,16.12257733738623
Participant_82,400,0.4,19.75411349567477
Participant_83,100,0.2,26.312069473912537
Participant_84,350,0.2,15.299918300435463
Participant_85,400,0.3,20.808652046684813
Participant_86,100,0.4,25.767954905269452
Participant_87,350,0.6,20.476816158768433
Participant_88,200,0.3,17.275343701356565
Participant_89,400,0.2,22.06807649071391
Participant_90,150,0.6,12.095453691366853
Participant_91,350,0.5,26.666458332519525
Participant_92,300,0.4,20.370935177355015
Participant_93,100,0.4,18.03434223918355
Participant_94,350,0.2,21.33863866323248
Participant_95,150,0.5,14.220583672972076
Participant_96,100,0.2,35.65213878577273
Participant_97,100,0.4,33.43258141394409
Participant_98,400,0.5,20.130822139197395
Participant_99,350,0.1,13.753635882922014
Participant_0,400,0.5,31.980462785894765
Participant_1,350,0.4,20.479868163638162
Participant_2,100,0.3,17.482491241239046
Participant_3,350,0.3,12.206555615733702
Participant_4,400,0.2,22.4610774452162
Participant_5,400,0.2,20.81465829649865
Participant_6,150,0.1,31.110890376201066
Participant_7,100,0.2,30.369804082344686
Participant_8,400,0.0,38.265846390743796
Participant_9,150,0.3,15.131093813733361
Participant_10,200,0.4,16.568795973153872
Participant_11,350,0.4,23.78392314148362
Participant_12,400,0.5,20.77257807784099
Participant_13,150,0.2,24.200206610688266
Participant_14,100,0.2,11.982278581304977
Participant_15,350,0.4,18.01180168667199
Participant_16,200,0.4,18.426204166892322
Participant_17,150,0.3,19.011838417154717
Participant_18,250,0.4,22.346699980086544
Participant_19,100,0.4,23.323539611302568
Participant_20,350,0.2,24.881469008079083
Participant_21,100,0.6,57.451066134581
Participant_22,100,0.2,20.36725312849035
Participant_23,100,0.2,22.93632490177971
Participant_24,100,0.4,9.822805098341307
Participant_25,400,0.3,28.026772914483036
Participant_26,100,0.2,20.64158424152565
Participant_27,100,0.5,26.435771220072244
Participant_28,250,0.1,19.619187037183778
Participant_29,400,0.5,23.4574082114798
Participant_30,100,0.2,26.945778890208388
Participant_31,150,0.1,18.685221432993508
Participant_32,100,0.2,27.61023361002221
Participant_33,400,0.5,29.073183520213263
Participant_34,400,0.0,38.5587214518324
Participant_35,400,0.2,17.378147196982766
Participant_36,250,0.4,20.386883037875112
Participant_37,400,0.2,30.549140740780256
Participant_38,100,0.5,22.942318976075633
Participant_39,100,0.1,30.617601147052653
Participant_40,100,0.4,22.945315426029776
Participant_41,150,0.2,29.230121450312176
Participant_42,100,0.2,21.238526314224345
Participant_43,100,0.5,21.42078429936682
Participant_44,400,0.2,22.516660498395403
Participant_45,400,0.0,38.76886637496639
Participant_46,400,0.1,28.449077313684533
Participant_47,100,0.3,8.768551761836159
Participant_48,350,0.2,25.939111395728265
Participant_49,400,0.0,24.58200561386316
Participant_50,300,0.1,11.885916035375649
Participant_51,100,0.1,25.272267409158207
Participant_52,100,0.4,17.71969243525406
Participant_53,400,0.2,23.759208741033444
Participant_54,100,0.3,15.431704377676498
Participant_55,300,0.5,18.164869941730934
Participant_56,100,0.5,40.03248680759165
Participant_57,100,0.5,20.22003956474863
Participant_58,100,0.2,35.56437824565474
Participant_59,400,0.2,12.922847983320086
Participant_60,100,0.3,21.433326853290882
Participant_61,150,0.5,20.57850820637881
Participant_62,400,0.5,23.66960075708925
Participant_63,200,0.4,11.4902132269162
Participant_64,100,0.4,18.206798180899355
Participant_65,300,0.5,20.885700850103163
Participant_66,350,0.2,20.653994770988007
Participant_67,350,0.3,14.628738838327793
Participant_68,350,0.4,18.859347814810565
Participant_69,400,0.5,29.732137494637012
Participant_70,400,0.5,17.327723451163457
Participant_71,150,0.3,12.755391017134675
Participant_72,150,0.3,25.277460315466822
Participant_73,100,0.4,24.979741792100253
Participant_74,150,0.2,23.359152381882353
Participant_75,200,0.4,17.198110361315862
Participant_76,350,0.3,22.02839077191069
Participant_77,250,0.3,23.285725241014074
Participant_78,200,0.3,24.283482040267618
Participant_79,150,0.3,15.006665185843255
Participant_80,400,0.6,19.96121238802894
Participant_81,100,0.3,11.964008525573693
Participant_82,100,0.2,22.24466228109566
Participant_83,100,0.4,25.719399293140576
Participant_84,100,0.4,20.83236664423896
Participant_85,100,0.2,35.38820424943882
Participant_86,400,0.5,22.02839077191069
Participant_87,100,0.4,18.27532489451282
Participant_88,150,0.3,16.47573974060042
Participant_89,350,0.2,17.438104828220297
Participant_90,350,0.2,20.95441480929496
Participant_91,100,0.4,31.12856405297231
Participant_92,400,0.5,18.103866990231673
Participant_93,400,0.4,10.43910915739461
Participant_94,100,0.1,23.290287675337975
Participant_95,100,0.4,25.573179309581356
Participant_96,100,0.4,18.241093717208955
Participant_97,100,0.4,26.88377763633675
Participant_98,100,0.2,25.71137880394593
Participant_99,350,0.4,15.392368238838364
Participant_0,400,0.0,25.700680924831545
Participant_1,100,0.3,30.506351797617494
Participant_2,150,0.3,17.647946056127893
Participant_3,100,0.5,37.783594323462665
Participant_4,200,0.3,11.871710070583767
Participant_5,150,0.4,13.771347065556078
Participant_6,300,0.2,21.302288609442883
Participant_7,250,0.1,29.088872442911914
Participant_8,150,0.1,18.884848424067375
Participant_9,100,0.2,21.179589231144213
Participant_10,100,0.5,20.033721571390576
Participant_11,100,0.2,15.606889504318277
Participant_12,100,0.3,28.317618190801287
Participant_13,400,0.2,44.223862336978215
Participant_14,100,0.2,28.54513969137303
Participant_15,400,0.6,22.714532792905956
Participant_16,400,0.2,15.066519173319364
Participant_17,100,0.4,13.284859803550807
Participant_18,150,0.1,27.868216663432197
Participant_19,100,0.6,39.36210106180817
Participant_20,100,0.4,24.11405191999055
Participant_21,100,0.4,20.16153515980368
Participant_22,300,0.3,13.037446068920094
Participant_23,350,0.2,13.382357789268676
Participant_24,400,0.2,25.826343140289914
Participant_25,100,0.3,19.922035538568842
Participant_26,250,0.4,29.801426140371202
Participant_27,400,0.5,17.109938632268673
Participant_28,100,0.5,16.43471934655411
Participant_29,100,0.2,37.6473770666696
Participant_30,100,0.2,22.160212092847846
Participant_31,400,0.5,17.399712641305314
Participant_32,400,0.5,16.054594358002323
Participant_33,100,0.5,42.91095431238974
Participant_34,300,0.3,24.798689481502848
Participant_35,400,0.5,48.63383595810637
Participant_36,400,0.2,41.012193308819754
Participant_37,400,0.2,19.480759738778158
Participant_38,400,0.2,19.352002480363627
Participant_39,400,0.2,27.490907587782548
Participant_40,400,0.4,30.190644246189912
Participant_41,100,0.2,13.822988099539115
Participant_42,100,0.5,17.178474903203718
Participant_43,100,0.2,23.341486670732866
Participant_44,300,0.5,27.77071299048694
Participant_45,100,0.5,20.55723716845238
Participant_46,100,0.4,18.84774522323559
Participant_47,400,0.2,22.4610774452162
Participant_48,100,0.4,32.79081426253395
Participant_49,300,0.2,25.025736752391527
Participant_50,400,0.2,13.06713434537198
Participant_51,100,0.2,27.925346909214934
Participant_52,100,0.4,31.666030695368182
Participant_53,100,0.5,54.69323541353172
Participant_54,100,0.4,19.338756423307057
Participant_55,300,0.5,20.885700850103163
Participant_56,150,0.3,24.13917977065501
Participant_57,400,0.4,19.37072533489647
Participant_58,100,0.3,17.941223481134166
Participant_59,250,0.4,28.228974476590537
Participant_60,400,0.4,15.73928206748961
Participant_61,400,0.0,42.16663372857739
Participant_62,250,0.3,13.170990851109114
Participant_63,400,0.1,22.40200883849482
Participant_64,400,0.2,41.737273509418415
Participant_65,100,0.5,19.62396494085739
Participant_66,200,0.3,21.087614848531352
Participant_67,100,0.2,28.676209651904834
Participant_68,150,0.3,31.087778949291312
Participant_69,150,0.2,21.316660151158764
Participant_70,100,0.5,43.51838691863475
Participant_71,400,0.0,14.24868414977327
Participant_72,150,0.1,18.685221432993508
Participant_73,250,0.4,27.21442632134655
Participant_74,100,0.2,22.07543884048514
Participant_75,400,0.4,18.103176516843668
Participant_76,350,0.1,26.817205298091746
Participant_77,300,0.5,10.722056705688512
Participant_78,400,0.0,49.81741663314147
Participant_79,400,0.2,31.35681744055031
Participant_80,150,0.3,17.071906747636596
Participant_81,100,0.0,42.28947859692763
Participant_82,100,0.3,15.672826803100964
Participant_83,150,0.2,23.008694009004508
Participant_84,100,0.2,17.778498249289786
Participant_85,400,0.3,15.182226450688976
Participant_86,200,0.3,19.45347012746055
Participant_87,150,0.5,21.64428330991812
Participant_88,400,0.6,21.98749644684451
Participant_89,400,0.5,26.88401011754013
Participant_90,400,0.1,30.009998333888657
Participant_91,100,0.0,22.4087036662097
Participant_92,350,0.5,23.045606956641432
Participant_93,400,0.2,40.04060439104285
Participant_94,400,0.5,39.72090129893832
Participant_95,250,0.4,20.046820196729456
Participant_96,250,0.5,25.56535741975848
Participant_97,400,0.5,21.160103969498827
Participant_98,200,0.3,16.723860200324566
Participant_99,400,0.2,23.010866998007703
Participant_0,400,0.3,31.47220996371243
Participant_1,150,0.5,15.44263578538327
Participant_2,400,0.2,25.534290669607408
Participant_3,100,0.2,26.477820907317884
Participant_4,200,0.3,17.984368212422698
Participant_5,400,0.2,23.30772404161333
Participant_6,100,0.2,19.16572461452997
Participant_7,400,0.5,17.109938632268673
Participant_8,400,0.5,21.33658829335187
Participant_9,300,0.2,17.176655669832822
Participant_10,100,0.2,16.987495401029545
Participant_11,150,0.2,21.6078689370331
Participant_12,100,0.0,24.023946386886564
Participant_13,100,0.4,28.986850467065235
Participant_14,150,0.5,22.824876779514057
Participant_15,400,0.5,24.088378940891808
Participant_16,100,0.1,44.4824403557179
Participant_17,150,0.5,26.26261601592652
Participant_18,400,0.2,38.36665218650175
Participant_19,300,0.5,21.03479260653644
Participant_20,400,0.5,29.223278392404914
Participant_21,100,0.1,27.040478915877213
Participant_22,300,0.4,18.404483149493768
Participant_23,400,0.0,7.281826693900371
Participant_24,400,0.0,50.04273173998398
Participant_25,100,0.2,23.528174599828183
Participant_26,400,0.4,21.569075084481486
Participant_27,400,0.4,19.722449137974728
Participant_28,100,0.6,19.890324280916087
Participant_29,400,0.2,17.342145196024624
Participant_30,400,0.0,25.06042697162201
Participant_31,100,0.2,14.002678315236695
Participant_32,150,0.2,22.45885126180767
Participant_33,350,0.1,29.460354716126552
Participant_34,100,0.1,21.649191670822262
Participant_35,400,0.5,20.80264406271472
Participant_36,100,0.4,21.394800770280614
Participant_37,400,0.3,19.3778223750761
Participant_38,100,0.0,16.15239920259526
Participant_39,100,0.2,9.004165702606766
Participant_40,100,0.6,37.005067220584806
Participant_41,100,0.5,21.91118435867856
Participant_42,100,0.4,10.319278075524469
Participant_43,400,0.4,18.103176516843668
Participant_44,200,0.5,12.073731817462239
Participant_45,100,0.6,28.361505601783556
Participant_46,100,0.2,15.405356211396086
Participant_47,400,0.1,24.886743459118954
Participant_48,200,0.3,25.781534089343868
Participant_49,300,0.2,24.239172840672595
Participant_50,150,0.3,17.398275776639476
Participant_51,350,0.4,15.553938408004578
Participant_52,300,0.3,11.883812519557853
Participant_53,400,0.5,24.804233509624925
Participant_54,250,0.5,17.81396923765167
Participant_55,250,0.1,14.314765104604406
Participant_56,400,0.2,30.793668180325643
Participant_57,400,0.1,22.036333633342913
Participant_58,100,0.5,29.006033855044713
Participant_59,400,0.2,31.614869919074472
Participant_60,100,0.6,23.46540006051463
Participant_61,100,0.2,26.736211399523306
Participant_62,100,0.3,22.844857189310684
Participant_63,100,0.2,32.87970498651106
Participant_64,400,0.6,43.05171309018957
Participant_65,400,0.2,32.53075467922624
Participant_66,300,0.3,14.999166643517233
Participant_67,100,0.6,20.386883037875112
Participant_68,150,0.4,28.322252735261014
Participant_69,300,0.5,21.27116592949244
Participant_70,100,0.7,19.636700333813724
Participant_71,400,0.2,34.66987164671943
Participant_72,400,0.5,16.62828914831589
Participant_73,100,0.2,19.616956950556833
Participant_74,150,0.2,24.55911236180982
Participant_75,400,0.6,38.00920941035212
Participant_76,400,0.2,18.560711193270585
Participant_77,250,0.5,16.196836110796454
Participant_78,150,0.4,17.77357589231835
Participant_79,100,0.4,20.099440290714565
Participant_80,150,0.5,18.99934209387262
Participant_81,300,0.3,22.02214794246919
Participant_82,250,0.2,33.9365216249397
Participant_83,300,0.4,16.991909839685473
Participant_84,150,0.4,13.906832852953976
Participant_85,100,0.4,28.705182458921943
Participant_86,150,0.2,25.236877778362363
Participant_87,350,0.5,17.988885457415087
Participant_88,350,0.2,16.92889541582675
Participant_89,400,0.0,39.881386635873135
Participant_90,400,0.6,36.24155073944822
Participant_91,400,0.3,26.911893281595777
Participant_92,100,0.5,26.07872696279479
Participant_93,400,0.5,22.533308678487497
Participant_94,400,0.1,16.220357579289058
Participant_95,300,0.3,13.180477988297692
Participant_96,400,0.6,35.8949857222426
Participant_97,100,0.4,22.25393223679806
Participant_98,400,0.5,28.552583070538468
Participant_99,300,0.5,31.40402044324898
Participant_0,150,0.5,15.523369479594306
Participant_1,400,0.2,21.319005605327842
Participant_2,100,0.2,37.43093640292746
Participant_3,100,0.5,25.546036874630868
Participant_4,150,0.2,28.864337858333073
Participant_5,400,0.2,26.210684844162312
Participant_6,100,0.5,19.270443689754526
Participant_7,100,0.2,24.312034057231823
Participant_8,100,0.3,26.18468063582216
Participant_9,300,0.3,23.97863632486218
Participant_10,300,0.2,21.00684412280912
Participant_11,250,0.3,24.15522717756966
Participant_12,400,0.0,12.166552510879983
Participant_13,100,0.1,23.79469478686373
Participant_14,100,0.1,38.27450195626326
Participant_15,400,0.2,18.9274932307477
Participant_16,150,0.4,19.644337606547083
Participant_17,150,0.2,25.945134418614987
Participant_18,100,0.5,31.663859524701028
Participant_19,200,0.3,21.84462176372024
Participant_20,400,0.2,22.983689869122408
Participant_21,300,0.4,21.47614956178132
Participant_22,400,0.0,35.36276290110828
Participant_23,150,0.3,19.273038162158034
Participant_24,350,0.4,22.122951882603733
Participant_25,150,0.3,21.42311835377847
Participant_26,300,0.3,19.460858151684885
Participant_27,400,0.0,47.781010872521314
Participant_28,400,0.5,29.920728600754362
Participant_29,350,0.2,29.096176724786368
Participant_30,100,0.5,18.877234967017813
Participant_31,100,0.5,36.22982197030507
Participant_32,400,0.4,24.448415081554877
Participant_33,400,0.2,21.465087933665682
Participant_34,400,0.1,28.316956051101254
Participant_35,350,0.3,31.34884367883447
Participant_36,150,0.1,26.699953183479554
Participant_37,350,0.5,22.80021929719098
Participant_38,400,0.4,17.92972392425494
Participant_39,300,0.5,22.499166651233995
Participant_40,400,0.2,32.357379374726875
Participant_41,400,0.2,33.66377875402582
Participant_42,400,0.2,19.704060495238032
Participant_43,350,0.4,18.79295080608684
Participant_44,250,0.2,19.917015338649513
Participant_45,400,0.5,19.339079605813716
Participant_46,100,0.6,16.789133390380815
Participant_47,150,0.2,22.178818724179155
Participant_48,100,0.4,27.161323605450452
Participant_49,100,0.5,21.244999411626257
Participant_50,150,0.5,23.526049392110014
Participant_51,100,0.2,34.01947971383454
Participant_52,400,0.2,30.28200785945344
Participant_53,250,0.3,21.759480692332712
Participant_54,350,0.5,21.209667607013554
Participant_55,100,0.5,20.859050793360662
Participant_56,100,0.5,23.64000846023537
Participant_57,100,0.5,35.480276210875246
Participant_58,400,0.5,22.11334438749598
Participant_59,100,0.5,20.52681173489931
Participant_60,400,0.4,15.337046651816639
Participant_61,350,0.2,18.312222694146115
Participant_62,400,0.1,19.79520143873257
Participant_63,100,0.4,28.155594470726417
Participant_64,200,0.3,22.38163309501789
Participant_65,100,0.1,33.70738049745189
Participant_66,100,0.1,31.838459447655442
Participant_67,350,0.5,12.593649193144932
Participant_68,350,0.6,21.547621678505497
Participant_69,100,0.5,22.640671368137475
Participant_70,350,0.4,19.922976685224526
Participant_71,400,0.4,17.39899422380501
Participant_72,100,0.3,28.361725970046322
Participant_73,400,0.0,45.24129750570821
Participant_74,400,0.2,18.861336113860016
Participant_75,100,0.4,18.580567806178582
Participant_76,400,0.3,21.166010488516726
Participant_77,400,0.3,29.778347838656195
Participant_78,200,0.3,17.984368212422698
Participant_79,100,0.2,14.091664202641219
Participant_80,100,0.2,27.45132055111375
Participant_81,350,0.5,14.18097316829843
Participant_82,300,0.2,17.067146803141995
Participant_83,400,0.3,19.72941965694886
Participant_84,400,0.0,23.728147841751156
Participant_85,400,0.2,24.939927826679853
Participant_86,400,0.2,24.3567239176372
Participant_87,400,0.4,28.110940930534504
Participant_88,350,0.2,11.195423171993099
Participant_89,150,0.2,14.896308267486948
Participant_90,400,0.2,19.28730152198591
Participant_91,150,0.2,21.228518554058358
Participant_92,150,0.5,19.930504258548
Participant_93,350,0.3,18.881207588499205
Participant_94,400,0.4,24.42283767296503
Participant_95,400,0.4,16.777216694076525
Participant_96,300,0.3,21.73649005704463
Participant_97,400,0.5,13.838352503098047
Participant_98,100,0.3,17.04809373507783
Participant_99,150,0.5,21.874071408862136
Participant_0,350,0.3,25.79244075305786
Participant_1,400,0.2,20.573040611440984
Participant_2,200,0.5,18.083832558393144
Participant_3,350,0.5,22.93686988235317
Participant_4,150,0.6,21.99545407578575
Participant_5,350,0.3,11.575836902790225
Participant_6,350,0.2,15.17687385465136
Participant_7,150,0.2,11.264990013311152
Participant_8,150,0.5,18.90039682123103
Participant_9,150,0.5,24.051507229277753
Participant_10,100,0.6,24.736107211928072
Participant_11,400,0.5,22.972810015320285
Participant_12,200,0.3,22.68672519338126
Participant_13,100,0.5,16.884904500766357
Participant_14,200,0.3,23.657715443381257
Participant_15,150,0.6,20.8578522384257
Participant_16,100,0.5,38.08017857100988
Participant_17,100,0.2,23.368247687834877
Participant_18,150,0.2,18.524308354159945
Participant_19,150,0.2,38.267479666160405
Participant_20,300,0.5,17.711931007092364
Participant_21,100,0.2,18.636657425622225
Participant_22,400,0.2,15.02497920131672
Participant_23,100,0.1,21.79306082219751
Participant_24,400,0.4,22.36571036206988
Participant_25,100,0.2,16.11908806353511
Participant_26,100,0.2,27.83567854391195
Participant_27,150,0.2,15.831929762350514
Participant_28,350,0.2,26.675597462849826
Participant_29,400,0.0,32.79519781919298
Participant_30,350,0.5,19.198958305074783
Participant_31,100,0.0,32.66726189933892
Participant_32,350,0.2,11.306524664988796
Participant_33,300,0.6,22.022999341597412
Participant_34,100,0.3,15.268840820442133
Participant_35,400,0.2,17.48570845004571
Participant_36,100,0.1,24.21130934088448
Participant_37,100,0.1,39.05044814083444
Participant_38,150,0.4,13.680277774957641
Participant_39,150,0.5,16.612495297215286
Participant_40,400,0.5,26.296387584609413
Participant_41,150,0.3,20.80144225768973
Participant_42,200,0.3,13.997767679169419
Participant_43,100,0.5,34.13356119715609
Participant_44,150,0.2,24.04474994671394
Participant_45,100,0.5,27.974988829309655
Participant_46,350,0.5,21.762352813976708
Participant_47,400,0.0,19.085989625900982
Participant_48,100,0.4,21.365568094483237
Participant_49,150,0.2,18.45670609832643
Participant_50,100,0.1,34.891797030247666
Participant_51,150,0.3,18.444511378727277
Participant_52,300,0.3,31.424114943781632
Participant_53,100,0.3,25.556554932149993
Participant_54,400,0.2,21.230873745562146
Participant_55,400,0.4,26.603101322966086
Participant_56,100,0.4,17.218812386456854
Participant_57,200,0.3,22.493054483551138
Participant_58,400,0.0,32.0823160011867
Participant_59,400,0.3,22.84184756100084
Participant_60,100,0.5,35.19730103289171
Participant_61,400,0.2,19.157244060668017
Participant_62,100,0.5,23.10519422121355
Participant_63,100,0.1,27.949731662397046
Participant_64,200,0.3,24.94368657596547
Participant_65,100,0.0,25.63493709764079
Participant_66,350,0.4,14.89714737793783
Participant_67,100,0.2,33.76129440646493
Participant_68,150,0.2,17.44706279005151
Participant_69,100,0.5,20.64824447743682
Participant_70,200,0.5,21.494766804969064
Participant_71,400,0.6,18.1920312224886
Participant_72,100,0.2,19.360397723187404
Participant_73,250,0.4,22.652262580148587
Participant_74,100,0.3,16.526872057349507
Participant_75,400,0.5,13.518505834595775
Participant_76,400,0.5,21.395092895334667
Participant_77,300,0.3,21.592243977873167
Participant_78,100,0.2,32.669940312158516
Participant_79,350,0.2,22.590650721039445
Participant_80,400,0.5,34.22718218024966
Participant_81,400,0.0,42.652960037962195
Participant_82,400,0.0,28.513593249536264
Participant_83,200,0.3,25.14333907817337
Participant_84,100,0.2,14.135947085356538
Participant_85,100,0.2,25.418005429222806
Participant_86,100,0.2,29.087368392482674
Participant_87,300,0.3,20.24783939090786
Participant_88,200,0.3,19.324531042175384
Participant_89,150,0.4,14.862705002791383
Participant_90,300,0.5,16.80662071922848
Participant_91,350,0.5,16.27421273057471
Participant_92,100,0.2,15.283160667872336
Participant_93,100,0.2,21.559800555663774
Participant_94,300,0.5,10.486300586956299
Participant_95,400,0.5,23.02715787933891
Participant_96,350,0.2,23.803098537795453
Participant_97,100,0.4,27.022906949475292
Participant_98,150,0.4,18.997368238785075
Participant_99,300,0.3,18.607122292283673
Participant_0,400,0.3,14.071247279470288
Participant_1,350,0.2,23.48590002533435
Participant_2,150,0.3,15.817711591756881
Participant_3,400,0.2,10.523782589924593
Participant_4,100,0.2,24.079555643740605
Participant_5,400,0.0,43.88080445935329
Participant_6,400,0.4,18.343254891103705
Participant_7,100,0.5,20.312557692225763
Participant_8,150,0.4,20.332240407785857
Participant_9,400,0.0,20.35374658386018
Participant_10,150,0.5,26.96710959669204
Participant_11,150,0.2,19.349418595916518
Participant_12,300,0.5,22.359841233783392
Participant_13,100,0.5,23.850576512948276
Participant_14,100,0.5,33.205421244128196
Participant_15,350,0.4,15.513703619703453
Participant_16,200,0.4,14.125331854508763
Participant_17,100,0.4,13.095323592794491
Participant_18,100,0.2,39.747012466347705
Participant_19,100,0.3,24.91259721506371
Participant_20,100,0.2,16.91375180141887
Participant_21,400,0.4,20.651271147316816
Participant_22,250,0.3,12.883128502037072
Participant_23,100,0.4,13.792661092044566
Participant_24,300,0.6,18.166246172503552
Participant_25,100,0.2,33.351536696230355
Participant_26,300,0.3,21.271459752447644
Participant_27,150,0.1,21.456642328192917
Participant_28,400,0.2,26.377073378219958
Participant_29,350,0.2,22.001988546492793
Participant_30,200,0.3,16.83560215733313
Participant_31,300,0.5,21.707429603709418
Participant_32,300,0.2,12.699901574421748
Participant_33,250,0.2,17.07886120325357
Participant_34,300,0.3,22.527205774352044
Participant_35,100,0.1,38.72902658213862
Participant_36,100,0.2,37.29711785111552
Participant_37,250,0.5,19.87051836263966
Participant_38,250,0.4,25.137123940498842
Participant_39,100,0.5,23.50744562899168
Participant_40,100,0.3,20.140444384372454
Participant_41,400,0.1,16.52573750245356
Participant_42,400,0.2,19.767397400770797
Participant_43,400,0.2,35.29518380742619
Participant_44,350,0.5,25.096812546616352
Participant_45,300,0.3,16.58237015628345
Participant_46,400,0.5,18.275666882497067
Participant_47,350,0.5,14.136831328130077
Participant_48,400,0.0,16.674081683858933
Participant_49,100,0.3,19.023340926346243
Participant_50,100,0.1,31.799174517587716
Participant_51,100,0.5,36.74370694418297
Participant_52,350,0.4,27.261236215549726
Participant_53,100,0.1,30.821056114286545
Participant_54,400,0.5,27.865749586185547
Participant_55,200,0.5,18.0492382110714
Participant_56,400,0.5,24.70323865407125
Participant_57,250,0.4,19.669138262770943
Participant_58,100,0.5,17.395401691251628
Participant_59,400,0.4,17.542092235534508
Participant_60,400,0.1,14.512063946937388
Participant_61,100,0.2,18.195466468326664
Participant_62,400,0.4,28.53024710723691
Participant_63,400,0.5,17.219175357722563
Participant_64,300,0.5,20.915604222685033
Participant_65,400,0.0,27.372888046386336
Participant_66,100,0.4,21.4531466223489
Participant_67,400,0.5,23.16246964380094
Participant_68,100,0.1,26.099568961957974
Participant_69,200,0.3,25.781534089343868
Participant_70,350,0.2,22.05872843116756
Participant_71,250,0.1,21.26999059708302
Participant_72,350,0.4,25.993749248617444
Participant_73,400,0.0,31.571743695906314
Participant_74,400,0.4,19.94304390006701
Participant_75,400,0.2,40.874808868054664
Participant_76,100,0.3,16.14427142982922
Participant_77,350,0.2,26.13115956095328
Participant_78,150,0.2,23.41260344344473
Participant_79,100,0.4,17.073005007906488
Participant_80,400,0.2,20.481699148264042
Participant_81,400,0.2,27.124711980037688
Participant_82,100,0.4,18.206798180899355
Participant_83,400,0.3,19.91858428704209
Participant_84,400,0.5,27.09243436828813
Participant_85,400,0.8,35.422450508117024
Participant_86,200,0.3,26.166533969939543
Participant_87,150,0.4,16.19104690870853
Participant_88,250,0.5,14.003124651305509
Participant_89,100,0.4,25.12941503497445
Participant_90,100,0.1,25.296985986476727
Participant_91,100,0.2,12.49299803890163
Participant_92,400,0.3,21.97726097583591
Participant_93,250,0.4,24.070209803821818
Participant_94,400,0.5,34.91418050019218
Participant_95,150,0.3,14.712239802287074
Participant_96,350,0.6,39.67744951480626
Participant_97,250,0.6,12.317670234261023
Participant_98,100,0.2,22.606967952381407
Participant_99,300,0.3,17.641570224897784
Participant_0,350,0.5,27.92579452764057
Participant_1,250,0.5,20.611586547376696
Participant_2,100,0.2,23.6606212936178
Participant_3,250,0.4,11.152354011597732
Participant_4,100,0.4,27.0460255860265
Participant_5,250,0.2,25.282157740192982
Participant_6,100,0.4,31.32870089869671
Participant_7,100,0.6,59.702386886957875
Participant_8,350,0.1,17.223893288104176
Participant_9,150,0.5,27.17489650394275
Participant_10,400,0.6,38.70981787608927
Participant_11,200,0.2,29.540015233577655
Participant_12,100,0.4,29.287155887863197
Participant_13,100,0.5,21.156559266572625
Participant_14,400,0.4,21.511043675284565
Participant_15,100,0.3,17.374910071709724
Participant_16,150,0.2,28.929223978530775
Participant_17,200,0.3,19.194725838104592
Participant_18,400,0.2,18.45941494197473
Participant_19,100,0.2,33.44510427551393
Participant_20,100,0.1,34.78415587591569
Participant_21,300,0.3,18.607122292283673
Participant_22,250,0.3,31.160471755093823
Participant_23,400,0.2,20.112185361118765
Participant_24,100,0.5,16.088815991240622
Participant_25,200,0.4,18.795611189849613
Participant_26,150,0.3,22.670465367962787
Participant_27,200,0.3,19.835259010156637
Participant_28,400,0.4,16.999264689979977
Participant_29,150,0.2,31.115108870129315
Participant_30,400,0.3,15.98436736314578
Participant_31,400,0.6,34.60057802985378
Participant_32,100,0.3,14.641977325484424
Participant_33,100,0.4,18.61417470638975
Participant_34,100,0.7,24.327967444897652
Participant_35,250,0.2,18.246575021082723
Participant_36,100,0.4,29.265807694304286
Participant_37,150,0.5,22.214297197975903
Participant_38,400,0.6,22.15739154322999
Participant_39,150,0.6,22.777181564012697
Participant_40,250,0.5,21.179884324518866
Participant_41,250,0.3,26.757709169508516
Participant_42,100,0.5,27.227743204312766
Participant_43,150,0.6,24.875690945177784
Participant_44,100,0.5,23.64000846023537
Participant_45,400,0.6,14.652644812456213
Participant_46,250,0.2,30.97075233183721
Participant_47,250,0.2,30.625765296560346
Participant_48,100,0.2,24.5168309534491
Participant_49,400,0.1,28.580587817607952
Participant_50,400,0.0,28.359742594036355
Participant_51,400,0.5,31.52776554086889
Participant_52,400,0.4,16.247307469239328
Participant_53,150,0.3,25.00399968005119
Participant_54,400,0.2,20.724381776062707
Participant_55,400,0.0,25.96680573347442
Participant_56,400,0.6,21.67256330017287
Participant_57,100,0.6,31.513885828313843
Participant_58,100,0.2,23.017927795524947
Participant_59,350,0.3,11.135528725660043
Participant_60,100,0.2,22.85443064265658
Participant_61,100,0.2,35.58194767013183
Participant_62,100,0.1,32.460552983583014
Participant_63,150,0.6,20.24969135567256
Participant_64,400,0.2,28.99568933479596
Participant_65,300,0.5,17.60575190101235
Participant_66,400,0.2,25.89884167293974
Participant_67,100,0.5,39.387180655639725
Participant_68,250,0.4,18.8248505970167
Participant_69,100,0.2,14.180091678123945
Participant_70,100,0.6,29.01508228490831
Participant_71,150,0.3,23.69493616788195
Participant_72,100,0.5,18.134221791960083
Participant_73,400,0.1,21.664487069856975
Participant_74,400,0.3,13.892443989449804
Participant_75,400,0.2,17.839562774911272
Participant_76,100,0.1,26.85493436968335
Participant_77,100,0.3,16.41302836164003
Participant_78,200,0.5,22.710680306851224
Participant_79,100,0.3,23.170832958700473
Participant_80,150,0.2,27.850493711961374
Participant_81,200,0.3,19.194725838104592
Participant_82,100,0.2,21.267933609074483
Participant_83,150,0.4,25.707975416201098
Participant_84,400,0.2,20.96425529323663
Participant_85,400,0.0,26.03891318776573
Participant_86,150,0.5,14.043681853417215
Participant_87,300,0.3,13.646428104086432
Participant_88,150,0.2,22.54218268047706
Participant_89,100,0.5,43.38893868257208
Participant_90,400,0.3,19.05255888325765
Participant_91,100,0.1,35.93309755643117
Participant_92,250,0.2,18.58594899379636
Participant_93,350,0.3,19.27433526739638
Participant_94,100,0.5,35.70854239534288
Participant_95,400,0.4,32.426455248762544
Participant_96,100,0.3,18.010760672442462
Participant_97,400,0.2,21.9260119492807
Participant_98,100,0.4,26.767284135675773
Participant_99,400,0.0,31.729717931302194
Participant_0,400,0.1,19.79520143873257
Participant_1,400,0.2,17.804493814764857
Participant_2,100,0.4,17.613560117137023
Participant_3,400,0.1,25.55582125465742
Participant_4,150,0.2,23.73078169803936
Participant_5,400,0.1,18.923530326025322
Participant_6,400,0.2,19.384271974980127
Participant_7,400,0.2,22.599778759979046
Participant_8,150,0.3,17.9986110575233
Participant_9,100,0.2,20.36725312849035
Participant_10,100,0.4,25.548727952678973
Participant_11,400,0.0,20.384430332977175
Participant_12,250,0.4,15.949137907736581
Participant_13,400,0.5,24.114311103574988
Participant_14,350,0.6,17.118703221914913
Participant_15,100,0.1,18.301297768191194
Participant_16,150,0.2,20.44871634113007
Participant_17,400,0.2,22.15287791687572
Participant_18,400,0.2,15.272524349301264
Participant_19,350,0.4,16.06782499282339
Participant_20,100,0.2,20.089176190177636
Participant_21,150,0.2,21.28732016952815
Participant_22,150,0.2,28.295759399599085
Participant_23,100,0.5,19.302849530574495
Participant_24,400,0.0,24.19762385028745
Participant_25,400,0.4,27.842862640181234
Participant_26,350,0.5,20.490241579835022
Participant_27,350,0.2,17.967679315927253
Participant_28,100,0.4,22.505277158924304
Participant_29,100,0.5,24.598780457575536
Participant_30,100,0.5,18.475659663459922
Participant_31,400,0.2,17.55704986607944
Participant_32,400,0.2,18.76166303929372
Participant_33,400,0.1,21.60671192014185
Participant_34,150,0.2,32.81615455838786
Participant_35,300,0.3,25.19871028445702
Participant_36,400,0.4,20.771976314255706
Participant_37,400,0.4,18.68087257062689
Participant_38,350,0.2,15.502822323693193
Participant_39,400,0.0,15.306044557624938
Participant_40,100,0.2,17.566302969037054
Participant_41,200,0.4,17.12527372044021
Participant_42,400,0.5,30.14962686336267
Participant_43,400,0.2,27.874719729532707
Participant_44,150,0.6,21.243822631532208
Participant_45,150,0.1,23.433683022521237
Participant_46,100,0.1,23.503989023142434
Participant_47,400,0.0,31.788755873736235
Participant_48,400,0.6,24.050987505713774
Participant_49,150,0.5,21.029146440119725
Participant_50,100,0.5,27.728144546651514
Participant_51,100,0.5,18.271562604221895
Participant_52,400,0.5,31.862987932709636
Participant_53,400,0.2,14.300349646075091
Participant_54,400,0.6,24.412087170088512
Participant_55,100,0.1,20.40067400847335
Participant_56,150,0.2,19.95369639941432
Participant_57,150,0.3,23.82645588416372
Participant_58,400,0.4,10.318672395226045
Participant_59,200,0.4,19.05977439530699
Participant_60,400,0.0,31.551941303190837
Participant_61,400,0.2,35.36594407053204
Participant_62,200,0.3,19.866743568083823
Participant_63,400,0.0,32.73797489155369
Participant_64,400,0.0,52.15865220651316
Participant_65,100,0.4,14.924392784967836
Participant_66,100,0.5,19.908540880737593
Participant_67,350,0.4,15.872145412640347
Participant_68,400,0.5,22.891046284519195
Participant_69,400,0.6,22.07260745811423
Participant_70,400,0.0,16.371469084966076
Participant_71,300,0.3,20.886000095757925
Participant_72,400,0.4,18.479042182970417
Participant_73,100,0.5,21.882641522448793
Participant_74,350,0.2,18.583258594767496
Participant_75,100,0.1,24.67159297653883
Participant_76,400,0.1,22.78925185257296
Participant_77,100,0.5,30.985480470697883
Participant_78,100,0.5,21.333072915077192
Participant_79,400,0.3,16.101242188104617
Participant_80,150,0.5,16.984551804507532
Participant_81,400,0.5,22.310311517323104
Participant_82,100,0.3,20.233326468971928
Participant_83,100,0.4,29.857787928779988
Participant_84,400,0.2,35.24202037341219
Participant_85,350,0.2,16.92889541582675
Participant_86,400,0.1,22.290132345950752
Participant_87,300,0.2,23.184854970432745
Participant_88,150,0.3,19.879637823662684
Participant_89,100,0.1,40.58863757260152
Participant_90,350,0.2,27.528848504795835
Participant_91,300,0.3,26.29115820955783
Participant_92,100,0.1,21.90747589294577
Participant_93,300,0.3,20.12399065791872
Participant_94,100,0.5,18.06515983876146
Participant_95,300,0.2,20.94725519011978
Participant_96,200,0.3,20.69873184521216
Participant_97,350,0.1,31.82628630550539
Participant_98,250,0.4,23.46540006051463
Participant_99,100,0.2,25.071398046379464
Participant_0,350,0.2,27.506135679153477
Participant_1,350,0.2,26.25047618615708
Participant_2,400,0.4,21.100355447243064
Participant_3,100,0.2,34.36677174248405
Participant_4,100,0.5,27.952638515889696
Participant_5,100,0.2,17.813618385942817
Participant_6,100,0.3,12.016134985926215
Participant_7,300,0.4,23.97863632486218
Participant_8,150,0.2,21.228518554058358
Participant_9,400,0.5,15.419143945109274
Participant_10,100,0.3,18.25205467885739
Participant_11,100,0.4,27.25321082001165
Participant_12,150,0.3,24.7275150389197
Participant_13,350,0.4,19.54290152459455
Participant_14,100,0.4,20.46918415570098
Participant_15,100,0.1,19.427750770482927
Participant_16,350,0.3,10.074720839804943
Participant_17,150,0.3,24.08734107368433
Participant_18,400,0.3,18.179658962697843
Participant_19,250,0.5,13.77815299668283
Participant_20,400,0.2,25.13961017995307
Participant_21,100,0.5,22.668259747938304
Participant_22,100,0.4,25.376908795201988
Participant_23,100,0.0,19.802777582955375
Participant_24,100,0.2,22.93632490177971
Participant_25,400,0.5,17.109938632268673
Participant_26,350,0.3,13.92838827718412
Participant_27,100,0.6,21.139418156609704
Participant_28,350,0.1,21.42807737525698
Participant_29,400,0.2,23.30772404161333
Participant_30,250,0.1,30.453448080636125
Participant_31,400,0.2,12.874393189583733
Participant_32,400,0.6,49.74635665051261
Participant_33,400,0.2,29.081781238431734
Participant_34,250,0.3,20.148821305475913
Participant_35,100,0.1,23.583627795570383
Participant_36,350,0.5,24.770950728625657
Participant_37,400,0.5,18.0
Participant_38,150,0.7,16.568418753761627
Participant_39,200,0.3,25.292044203662147
Participant_40,250,0.4,25.186802099512356
Participant_41,100,0.5,46.54406514261512
Participant_42,100,0.1,40.757667990207686
Participant_43,400,0.3,23.194827009486403
Participant_44,300,0.4,13.692151036268918
Participant_45,300,0.4,28.56965173046392
Participant_46,150,0.4,20.454828280872952
Participant_47,100,0.5,34.44343188475852
Participant_48,100,0.2,11.003408562804529
Participant_49,100,0.5,25.716726074677545
Participant_50,100,0.6,22.346699980086544
Participant_51,100,0.5,35.19730103289171
Participant_52,250,0.4,25.531842863373573
Participant_53,100,0.5,26.22212806009459
Participant_54,100,0.4,20.5909567529049
Participant_55,400,0.5,23.4574082114798
Participant_56,350,0.4,17.696751114258234
Participant_57,400,0.2,40.07181054057828
Participant_58,150,0.4,14.39270648627283
Participant_59,100,0.1,32.99526481178777
Participant_60,150,0.6,17.21336689901194
Participant_61,150,0.5,29.828258413792785
Participant_62,100,0.2,22.74477962082728
Participant_63,100,0.6,34.232659844072884
Participant_64,400,0.3,17.621010186706094
Participant_65,100,0.6,18.523633552842703
Participant_66,400,0.6,32.85878877865099
Participant_67,100,0.0,35.49154828969849
Participant_68,400,0.5,22.197972880423112
Participant_69,400,0.2,37.074249823833256
Participant_70,100,0.5,25.66807355451515
Participant_71,400,0.2,19.4164878389476
Participant_72,200,0.3,19.324531042175384
Participant_73,100,0.4,22.225829568319828
Participant_74,100,0.0,23.997916576236364
Participant_75,400,0.4,21.684672005820147
Participant_76,400,0.2,30.26136150274802
Participant_77,350,0.4,25.212596058319736
Participant_78,150,0.1,30.25537142393066
Participant_79,100,0.3,17.374910071709724
Participant_80,100,0.5,29.412582341576197
Participant_81,250,0.3,26.42867760596432
Participant_82,400,0.2,30.854497241083024
Participant_83,100,0.1,27.99441908666797
Participant_84,400,0.6,20.9093280618962
Participant_85,400,0.2,32.54996159751959
Participant_86,250,0.4,24.50765186630494
Participant_87,100,0.5,35.21505359927768
Participant_88,400,0.5,20.161845153655953
Participant_89,350,0.5,20.611889772653065
Participant_90,400,0.2,22.627416997969522
Participant_91,100,0.2,30.059524280999526
Participant_92,400,0.4,31.328501400481958
Participant_93,400,0.5,30.191058278901057
Participant_94,100,0.6,24.86211978090364
Participant_95,350,0.5,34.09325446477646
Participant_96,150,0.2,22.20698088439759
Participant_97,150,0.2,34.36058788786944
Participant_98,400,0.1,42.25636046798162
Participant_99,300,0.3,15.850078864157112
Participant_0,150,0.5,23.499468079086387
Participant_1,400,0.5,26.22498808388671
Participant_2,150,0.2,31.986715992736734
Participant_3,400,0.5,30.602287496198713
Participant_4,150,0.2,19.733220720399395
Participant_5,350,0.1,19.148433356282702
Participant_6,400,0.6,27.289191999764302
Participant_7,150,0.1,21.074569983750557
Participant_8,100,0.2,24.971483736454267
Participant_9,350,0.5,15.727364687066935
Participant_10,400,0.0,46.65592138196394
Participant_11,200,0.4,11.812070097997218
Participant_12,100,0.5,25.076881783826312
Participant_13,150,0.2,39.61565347182853
Participant_14,150,0.3,23.10735813545114
Participant_15,350,0.4,20.812856603551566
Participant_16,100,0.2,20.058040781691517
Participant_17,150,0.5,22.101470539310274
Participant_18,100,0.2,16.23499307052516
Participant_19,400,0.5,21.18962010041709
Participant_20,400,0.2,24.914855006601986
Participant_21,100,0.5,28.197517621237512
Participant_22,350,0.3,16.590660023037056
Participant_23,200,0.2,28.108939859055518
Participant_24,100,0.2,20.058040781691517
Participant_25,400,0.1,21.664487069856975
Participant_26,400,0.2,39.55376088313221
Participant_27,350,0.5,18.092816253972185
Participant_28,300,0.2,14.57866591976097
Participant_29,300,0.2,14.791467134804444
Participant_30,100,0.4,30.170142525351118
Participant_31,400,0.1,19.087954316793617
Participant_32,100,0.6,28.162475033277882
Participant_33,100,0.6,31.21498037801722
Participant_34,100,0.4,15.499596768948539
Participant_35,150,0.5,21.98806494441928
Participant_36,350,0.2,16.365741657499058
Participant_37,100,0.5,31.406209577088415
Participant_38,400,0.4,23.16192997139919
Participant_39,150,0.2,32.85422347278961
Participant_40,350,0.6,18.62256695517565
Participant_41,150,0.2,15.949921629901509
Participant_42,100,0.5,17.25108692227826
Participant_43,400,0.3,26.725456029785533
Participant_44,400,0.6,24.843510218968657
Participant_45,400,0.5,21.828879952943073
Participant_46,150,0.3,24.702226620286684
Participant_47,250,0.3,24.9444382578562
Participant_48,400,0.0,32.4888442392154
Participant_49,400,0.2,22.237355957937087
Participant_50,400,0.1,19.47690940575532
Participant_51,400,0.5,12.206555615733702
Participant_52,150,0.2,14.513786549346797
Participant_53,400,0.4,21.569075084481486
Participant_54,200,0.2,12.946524630185507
Participant_55,400,0.1,19.087954316793617
Participant_56,100,0.4,23.510370052383266
Participant_57,100,0.5,23.534017931496525
Participant_58,400,0.3,28.53506614676055
Participant_59,300,0.5,15.730940849167286
Participant_60,400,0.5,20.56088519495209
Participant_61,200,0.3,18.89940475253123
Participant_62,200,0.3,24.61579777297498
Participant_63,150,0.5,24.6419358005819
Participant_64,150,0.5,22.326553697335378
Participant_65,250,0.4,26.610618181470343
Participant_66,100,0.3,21.31636695124195
Participant_67,400,0.2,27.285527299284507
Participant_68,100,0.2,22.7172841686677
Participant_69,200,0.2,20.7089956299189
Participant_70,200,0.5,15.875295272844534
Participant_71,100,0.4,35.14594571213016
Participant_72,100,0.2,27.947719048251507
Participant_73,400,0.2,16.680827317612277
Participant_74,100,0.2,14.699489787064039
Participant_75,200,0.3,25.68438241422207
Participant_76,350,0.1,24.88297610817484
Participant_77,100,0.1,13.645054048995188
Participant_78,100,0.1,31.68102744546016
Participant_79,150,0.3,27.48090245970827
Participant_80,400,0.0,20.04432588040815
Participant_81,400,0.1,22.541073621280777
Participant_82,150,0.2,20.661558508495915
Participant_83,350,0.2,16.6684582370416
Participant_84,400,0.6,29.5118620219057
Participant_85,400,0.4,23.350053533129213
Participant_86,100,0.5,26.97406161481804
Participant_87,150,0.1,10.857601024167355
Participant_88,100,0.6,26.08879069638913
Participant_89,100,0.4,24.82916631705543
Participant_90,400,0.4,23.669072647655632
Participant_91,250,0.4,22.178255116216874
Participant_92,100,0.4,15.337454156410706
Participant_93,400,0.5,21.656407827707714
Participant_94,100,0.3,12.27344694859598
Participant_95,150,0.6,13.785862323409443
Participant_96,100,0.5,34.02352127572924
Participant_97,100,0.2,32.28505846362989
Participant_98,400,0.1,32.75820507903325
Participant_99,400,0.5,25.865034312755125
Participant_0,100,0.2,25.467135685035334
Participant_1,350,0.5,17.243839479651857
Participant_2,400,0.4,27.481357317279656
Participant_3,100,0.1,34.13118075894826
Participant_4,100,0.3,22.486384769455494
Participant_5,250,0.3,19.773087771008353
Participant_6,350,0.4,19.122630572178085
Participant_7,400,0.5,20.89258241577618
Participant_8,400,0.2,18.289341158171883
Participant_9,400,0.6,22.04427363285078
Participant_10,250,0.2,17.260866142809867
Participant_11,150,0.2,28.207268566807386
Participant_12,100,0.2,30.900242717493338
Participant_13,200,0.3,14.779631253857453
Participant_14,150,0.2,15.145956556124146
Participant_15,100,0.3,23.966382705781864
Participant_16,200,0.4,14.036559407490142
Participant_17,350,0.2,18.209544200775593
Participant_18,400,0.2,27.919527216627433
Participant_19,400,0.2,16.224980739587952
Participant_20,250,0.2,33.191678173903775
Participant_21,100,0.4,27.11526322940642
Participant_22,400,0.2,20.994046775217015
Participant_23,100,0.4,24.576157144679883
Participant_24,100,0.5,32.52076259868455
Participant_25,100,0.3,18.82518260203603
Participant_26,150,0.2,17.696044755820438
Participant_27,100,0.2,24.105497298334253
Participant_28,150,0.4,13.63451502621197
Participant_29,350,0.5,21.502325455633862
Participant_30,100,0.5,19.367498547824912
Participant_31,300,0.2,22.61166734232573
Participant_32,400,0.4,14.627884330961876
Participant_33,100,0.1,20.734934289743965
Participant_34,400,0.1,23.991665219404844
Participant_35,100,0.4,21.71376291663884
Participant_36,400,0.4,13.882542994711018
Participant_37,250,0.2,22.758240265890507
Participant_38,250,0.3,17.705225217432282
Participant_39,350,0.2,22.03037675574342
Participant_40,350,0.4,21.952790255455
Participant_41,200,0.3,22.100622163188078
Participant_42,400,0.4,12.205531532874756
Participant_43,250,0.4,14.76905548774193
Participant_44,350,0.2,18.34632115711485
Participant_45,150,0.4,25.167439281738616
Participant_46,100,0.4,21.828593633122587
Participant_47,300,0.2,18.473968171456832
Participant_48,100,0.6,57.64655236872367
Participant_49,150,0.6,26.552777632481313
Participant_50,100,0.2,23.68702176298236
Participant_51,100,0.2,24.971483736454267
Participant_52,350,0.2,16.81777333656272
Participant_53,400,0.4,25.597363145449183
Participant_54,100,0.2,31.46148438964697
Participant_55,300,0.2,19.749367078466086
Participant_56,150,0.1,15.98084791242317
Participant_57,400,0.1,24.83646512690564
Participant_58,400,0.2,28.952547383606852
Participant_59,100,0.2,21.414364337985845
Participant_60,400,0.5,16.62828914831589
Participant_61,400,0.5,26.009613607279906
Participant_62,100,0.1,20.154093876927337
Participant_63,150,0.5,15.44263578538327
Participant_64,100,0.5,22.22273610516941
Participant_65,100,0.2,33.40770869125867
Participant_66,400,0.2,20.081085628023203
Participant_67,400,0.2,24.510201957552287
Participant_68,150,0.6,14.14390328021229
Participant_69,150,0.4,18.259244234085923
Participant_70,200,0.3,12.97834735241741
Participant_71,100,0.3,19.445757892147068
Participant_72,400,0.0,17.972896260758866
Participant_73,100,0.1,24.21130934088448
Participant_74,100,0.5,29.897324294993357
Participant_75,100,0.2,21.675446938875332
Participant_76,100,0.1,28.547110186496987
Participant_77,350,0.5,15.28397853963424
Participant_78,350,0.1,20.473458427925653
Participant_79,100,0.3,16.90081358988377
Participant_80,100,0.3,29.187111881787825
Participant_81,400,0.4,14.713089410453536
Participant_82,400,0.5,30.479501308256342
Participant_83,100,0.5,15.210193950111222
Participant_84,250,0.4,10.155048005794951
Participant_85,350,0.2,25.255444957474023
Participant_86,250,0.4,10.338036564067666
Participant_87,400,0.6,28.101601377857456
Participant_88,100,0.4,26.767284135675773
Participant_89,100,0.1,35.67124191838574
Participant_90,400,0.2,22.655021518418383
Participant_91,150,0.5,24.844013363383944
Participant_92,100,0.1,16.58123939879043
Participant_93,250,0.4,16.863421954040053
Participant_94,150,0.3,18.033302526159762
Participant_95,400,0.0,34.77463155807693
Participant_96,400,0.0,31.113100134830667
Participant_97,400,0.1,26.42158208737698
Participant_98,100,0.4,12.756860899139726
Participant_99,150,0.3,19.594642124825857
Participant_0,400,0.4,19.627149563805744
Participant_1,100,0.1,31.22398917499172
Participant_2,100,0.1,20.461854754640402
Participant_3,400,0.2,14.983324063771697
Participant_4,400,0.3,17.656443583009576
Participant_5,400,0.4,15.539465885287049
Participant_6,350,0.4,21.637351963676146
Participant_7,150,0.4,17.91368192192772
Participant_8,300,0.4,23.21045023259997
Participant_9,350,0.5,17.388214399414334
Participant_10,400,0.6,13.026895255585652
Participant_11,100,0.5,31.939004367700633
Participant_12,100,0.1,16.467771555374455
Participant_13,200,0.3,22.353690970396812
Participant_14,250,0.3,19.89912058358359
Participant_15,100,0.5,23.798109168587324
Participant_16,150,0.4,12.43583531573171
Participant_17,100,0.4,20.651573789907637
Participant_18,100,0.2,27.26857165309544
Participant_19,100,0.2,25.3441314706186
Participant_20,100,0.1,25.346350822159785
Participant_21,400,0.2,19.12459149890528
Participant_22,350,0.4,16.33783951445233
Participant_23,100,0.1,21.358546298847212
Participant_24,300,0.4,23.048318810707215
Participant_25,100,0.5,14.233762678926468
Participant_26,300,0.2,17.39360514671987
Participant_27,100,0.2,20.244134953116667
Participant_28,150,0.2,18.625251676151922
Participant_29,300,0.5,23.424613123806335
Participant_30,400,0.5,18.34393632784414
Participant_31,400,0.0,38.477590880927046
Participant_32,300,0.4,22.499444437585566
Participant_33,100,0.2,28.936568559523433
Participant_34,400,0.2,32.53075467922624
Participant_35,100,0.3,20.751807150221882
Participant_36,250,0.4,30.155845204537048
Participant_37,150,0.3,15.08973160795115
Participant_38,400,0.5,20.77257807784099
Participant_39,400,0.5,11.736694594305503
Participant_40,100,0.1,28.50328928387038
Participant_41,100,0.4,27.344789265964366
Participant_42,100,0.4,20.223439371185112
Participant_43,200,0.3,24.050727639720176
Participant_44,400,0.5,25.71964229922337
Participant_45,400,0.4,25.864551030319472
Participant_46,400,0.0,37.73956809503787
Participant_47,100,0.4,28.442705567508867
Participant_48,100,0.4,28.066661718130995
Participant_49,100,0.5,24.007290559328016
Participant_50,400,0.1,20.294087809014723
Participant_51,300,0.3,17.53496506982549
Participant_52,350,0.5,22.35732542143626
Participant_53,100,0.2,31.08174705514476
Participant_54,150,0.3,19.07747362729143
Participant_55,150,0.3,21.970434679359442
Participant_56,400,0.5,32.2335229225724
Participant_57,150,0.2,21.433618453261687
Participant_58,400,0.4,21.336002437195212
Participant_59,200,0.4,13.491664093061315
Participant_60,150,0.6,9.749358953285082
Participant_61,400,0.4,16.1701886198028
Participant_62,400,0.0,27.372888046386336
Participant_63,100,0.4,20.5909567529049
Participant_64,200,0.4,27.12517281050943
Participant_65,100,0.2,22.468311017964833
Participant_66,100,0.5,17.068977708111287
Participant_67,150,0.6,17.393964470470785
Participant_68,150,0.3,21.15892246783848
Participant_69,100,0.6,24.044230077089182
Participant_70,150,0.4,16.074825037928093
Participant_71,100,0.4,30.397162696541265
Participant_72,400,0.2,20.143237078483686
Participant_73,150,0.2,25.751698973077485
Participant_74,400,0.0,32.315244080774015
Participant_75,100,0.3,30.176770867672374
Participant_76,400,0.6,20.148200912240277
Participant_77,300,0.5,29.06823868073193
Participant_78,300,0.3,24.494387112152857
Participant_79,400,0.1,24.71032172999777
Participant_80,100,0.2,34.76456529283805
Participant_81,400,0.4,15.818501825394211
Participant_82,100,0.4,13.882993193112211
Participant_83,400,0.3,15.427248620541512
Participant_84,100,0.2,15.486284254139209
Participant_85,100,0.2,19.230834615273462
Participant_86,200,0.4,15.51692624201069
Participant_87,250,0.3,16.79955356549691
Participant_88,100,0.2,26.99212848220755
Participant_89,200,0.5,31.949569637164128
Participant_90,250,0.3,25.73373272574346
Participant_91,400,0.3,17.832554500127006
Participant_92,200,0.3,15.958931668504631
Participant_93,100,0.5,35.620920819091694
Participant_94,400,0.5,24.372115213907882
Participant_95,100,0.2,37.16281743894023
Participant_96,150,0.2,17.267020588393354
Participant_97,100,0.2,28.69799644574513
Participant_98,400,0.5,19.078784028338912
Participant_99,100,0.2,21.38515840483769
Participant_0,100,0.5,41.3533553656774
Participant_1,400,0.7,26.522160545475927
Participant_2,100,0.4,17.825192846081638
Participant_3,100,0.5,44.59652452826341
Participant_4,150,0.2,23.757104200638594
Participant_5,100,0.5,35.35675324460661
Participant_6,100,0.2,25.808428855705262
Participant_7,150,0.4,12.385475364312828
Participant_8,100,0.5,22.942318976075633
Participant_9,150,0.2,32.567621958012225
Participant_10,400,0.6,16.61174283451318
Participant_11,100,0.2,18.43434295004842
Participant_12,100,0.2,23.341486670732866
Participant_13,400,0.1,31.71119676076575
Participant_14,400,0.5,36.36963018783666
Participant_15,400,0.2,29.16761903207048
Participant_16,100,0.2,18.569464181822802
Participant_17,100,0.7,29.442316484950705
Participant_18,100,0.2,17.134030465713547
Participant_19,400,0.0,45.722259349249136
Participant_20,250,0.3,24.9444382578562
Participant_21,250,0.4,21.636196523418807
Participant_22,400,0.5,25.524498036200438
Participant_23,400,0.1,17.870366532335034
Participant_24,400,0.2,29.124731758421397
Participant_25,400,0.5,18.479718612576328
Participant_26,300,0.4,29.003879050913174
Participant_27,400,0.2,19.157244060668017
Participant_28,250,0.5,18.87028086701414
Participant_29,400,0.2,13.674794331177344
Participant_30,100,0.2,26.852839700858457
Participant_31,400,0.2,17.76935564391686
Participant_32,150,0.5,22.29854255327016
Participant_33,400,0.3,19.150718002205558
Participant_34,300,0.4,19.299611395051457
Participant_35,100,0.3,23.465666408606427
Participant_36,100,0.4,16.47687773821242
Participant_37,100,0.4,18.37763586536636
Participant_38,400,0.2,15.716233645501712
Participant_39,100,0.6,20.660953511394386
Participant_40,400,0.2,22.293496809607955
Participant_41,400,0.1,27.30567706540162
Participant_42,100,0.5,20.55723716845238
Participant_43,400,0.5,37.0
Participant_44,100,0.5,34.35258360007293
Participant_45,250,0.3,23.68491080836067
Participant_46,150,0.6,23.292702719950725
Participant_47,100,0.5,32.46305592515898
Participant_48,200,0.3,24.641174890820444
Participant_49,250,0.3,15.320737580155859
Participant_50,400,0.5,27.504545078950134
Participant_51,300,0.3,23.637364489299564
Participant_52,100,0.2,20.21323823636381
Participant_53,100,0.5,31.32650634845833
Participant_54,100,0.1,26.831651085984255
Participant_55,100,0.2,24.260564709008733
Participant_56,250,0.3,17.348631069914422
Participant_57,400,0.2,24.38237068047322
Participant_58,100,0.3,27.6023096859665
Participant_59,400,0.5,18.479718612576328
Participant_60,300,0.2,26.5289935730702
Participant_61,100,0.3,11.91165395736461
Participant_62,100,0.4,27.753152974031618
Participant_63,400,0.0,29.778767603781052
Participant_64,400,0.6,26.7572420103418
Participant_65,350,0.3,25.0549396327351
Participant_66,150,0.3,23.456342425877057
Participant_67,400,0.5,25.179356624028344
Participant_68,100,0.2,22.85443064265658
Participant_69,100,0.2,11.448799063657288
Participant_70,150,0.1,15.01291111010786
Participant_71,100,0.6,30.48565236303793
Participant_72,150,0.3,15.778149447891536
Participant_73,100,0.2,29.850879384031554
Participant_74,100,0.1,24.544602257930357
Participant_75,100,0.3,28.00691878804236
Participant_76,400,0.1,21.374049686477292
Participant_77,400,0.4,18.5802314302056
Participant_78,100,0.2,21.76177841997294
Participant_79,100,0.3,19.605802712462452
Participant_80,100,0.4,17.36339540527716
Participant_81,400,0.5,39.62638010214912
Participant_82,100,0.5,18.30573680571203
Participant_83,400,0.2,37.32626421167808
Participant_84,350,0.2,18.243834575000946
Participant_85,100,0.5,21.508137994721906
Participant_86,300,0.6,18.473291531289163
Participant_87,250,0.6,17.334214721180768
Participant_88,350,0.3,17.399712641305314
Participant_89,300,0.5,13.507868077531702
Participant_90,100,0.5,22.41874215918458
Participant_91,150,0.2,30.114780424236866
Participant_92,400,0.5,23.484037131634757
Participant_93,100,0.6,40.81206929328627
Participant_94,150,0.2,22.954302428956538
Participant_95,400,0.2,12.12435565298214
Participant_96,100,0.1,23.503989023142434
Participant_97,400,0.2,26.210684844162312
Participant_98,100,0.3,21.050831337503038
Participant_99,100,0.5,20.49634113689563
Participant_0,400,0.2,30.074906483645133
Participant_1,300,0.2,14.054803449354957
Participant_2,100,0.1,39.527680174783846
Participant_3,300,0.5,18.807245944050393
Participant_4,400,0.2,15.874507866387544
Participant_5,100,0.4,23.669336703845335
Participant_6,200,0.2,23.213412071472817
Participant_7,100,0.5,34.26149442158062
Participant_8,350,0.2,24.78078893013699
Participant_9,100,0.3,17.766189799729148
Participant_10,100,0.5,36.470536053093596
Participant_11,350,0.2,31.707057573985008
Participant_12,100,0.2,19.29572491512045
Participant_13,100,0.5,35.67351959086739
Participant_14,400,0.2,29.71952220342716
Participant_15,400,0.5,31.188940347501386
Participant_16,100,0.2,19.001973581709873
Participant_17,150,0.3,40.43760625952036
Participant_18,250,0.4,17.338540884399702
Participant_19,400,0.4,23.350053533129213
Participant_20,100,0.2,30.819231009225394
Participant_21,300,0.5,25.2232531605263
Participant_22,400,0.2,19.73575435599055
Participant_23,400,0.2,19.091883092036785
Participant_24,250,0.3,13.864523071494382
Participant_25,150,0.5,16.038235563801898
Participant_26,100,0.4,13.284859803550807
Participant_27,100,0.2,33.98271619514838
Participant_28,400,0.3,28.09359357576029
Participant_29,100,0.2,11.394077408899765
Participant_30,100,0.4,14.01739990155093
Participant_31,400,0.5,31.68595903550972
Participant_32,400,0.6,23.31201407000262
Participant_33,350,0.4,11.540147312751255
Participant_34,100,0.4,26.57983258036062
Participant_35,100,0.5,21.449941724862565
Participant_36,250,0.3,16.46131829471747
Participant_37,250,0.5,22.44075533488122
Participant_38,100,0.3,23.170832958700473
Participant_39,400,0.5,17.255433926737396
Participant_40,400,0.2,18.45941494197473
Participant_41,350,0.6,12.915107432770352
Participant_42,300,0.3,24.798689481502848
Participant_43,150,0.5,23.579122121062948
Participant_44,100,0.3,17.41084432185872
Participant_45,150,0.4,25.63493709764079
Participant_46,200,0.3,14.779631253857453
Participant_47,250,0.3,25.87904557745513
Participant_48,100,0.2,27.768237250498995
Participant_49,100,0.2,25.17091575608643
Participant_50,350,0.2,24.322571821252783
Participant_51,350,0.1,21.861209939067873
Participant_52,100,0.2,25.319458919969044
Participant_53,400,0.4,23.080836206688872
Participant_54,400,0.5,16.815171720800237
Participant_55,150,0.3,20.34576122930769
Participant_56,100,0.2,23.68702176298236
Participant_57,100,0.2,23.448347489748613
Participant_58,100,0.4,26.438371735036934
Participant_59,350,0.6,18.386136081297778
Participant_60,400,0.2,28.6705423736629
Participant_61,400,0.3,21.047565179849187
Participant_62,400,0.2,16.3783393541592
Participant_63,350,0.2,22.645915746553506
Participant_64,350,0.3,14.84082207965583
Participant_65,350,0.2,21.571682827262226
Participant_66,100,0.5,29.560953976487294
Participant_67,400,0.1,25.408659941051596
Participant_68,400,0.5,30.29438891940222
Participant_69,100,0.5,32.902887411289605
Participant_70,250,0.4,26.374703789805867
Participant_71,350,0.6,22.063544592834578
Participant_72,400,0.2,15.435349040433131
Participant_73,100,0.1,46.38089585163271
Participant_74,300,0.2,27.409624222159632
Participant_75,350,0.2,13.0513409272764
Participant_76,350,0.4,21.838612593294474
Participant_77,100,0.5,12.702361985079783
Participant_78,100,0.1,19.715159142142372
Participant_79,400,0.6,25.068905041904006
Participant_80,150,0.2,31.47459292826517
Participant_81,350,0.2,28.815577384463424
Participant_82,350,0.2,30.13034185003549
Participant_83,300,0.4,18.674180035546406
Participant_84,100,0.4,13.142963897081968
Participant_85,100,0.2,17.8836517523687
Participant_86,150,0.5,22.382470819817904
Participant_87,100,0.2,30.615763913382924
Participant_88,400,0.5,24.804233509624925
Participant_89,250,0.4,26.8211670141327
Participant_90,100,0.5,19.62396494085739
Participant_91,100,0.5,23.560560264985213
Participant_92,100,0.3,16.90081358988377
Participant_93,400,0.2,20.45116133621756
Participant_94,350,0.1,26.156500148146733
Participant_95,100,0.1,29.894606536965828
Participant_96,250,0.2,22.032646232352572
Participant_97,100,0.3,10.695209207864988
Participant_98,150,0.3,20.12958022413781
Participant_99,400,0.1,25.285371264824253
Participant_0,150,0.2,23.757104200638594
Participant_1,400,0.2,15.313392831113555
Participant_2,150,0.5,15.402110245028114
Participant_3,100,0.2,26.33581211962145
Participant_4,200,0.5,23.092747779335397
Participant_5,350,0.6,26.56219117467533
Participant_6,350,0.5,22.132555207205517
Participant_7,200,0.3,32.36027657483786
Participant_8,250,0.6,19.665324812979826
Participant_9,400,0.2,18.861336113860016
Participant_10,400,0.2,26.800186566514792
Participant_11,200,0.4,21.407358547938603
Participant_12,400,0.2,18.152134860671346
Participant_13,100,0.1,17.06421694658152
Participant_14,100,0.4,17.182476538613404
Participant_15,200,0.3,14.042346669983617
Participant_16,400,0.5,24.6525860712421
Participant_17,150,0.3,16.85081600398034
Participant_18,150,0.4,21.05706532259422
Participant_19,100,0.4,32.46517364808018
Participant_20,150,0.4,20.75813093705693
Participant_21,100,0.3,26.160800828720824
Participant_22,400,0.2,16.263455967290593
Participant_23,100,0.4,30.211545806198
Participant_24,100,0.2,26.35953337978501
Participant_25,100,0.2,22.468311017964833
Participant_26,350,0.3,21.742814905158898
Participant_27,300,0.3,18.06169980926491
Participant_28,400,0.0,18.987495885450507
Participant_29,300,0.5,21.35913153665195
Participant_30,300,0.2,22.108539074303394
Participant_31,150,0.1,25.52719138487429
Participant_32,400,0.1,17.870366532335034
Participant_33,400,0.2,17.874562931719478
Participant_34,400,0.2,22.544400635190993
Participant_35,400,0.4,8.305118903423358
Participant_36,150,0.1,25.305878763639093
Participant_37,400,0.3,19.63415391607186
Participant_38,250,0.5,14.136389213657072
Participant_39,100,0.2,22.10373271644407
Participant_40,100,0.5,19.074852555131326
Participant_41,200,0.4,19.1252450964687
Participant_42,400,0.5,29.9833287011299
Participant_43,400,0.1,29.314672094362578
Participant_44,100,0.2,24.7956649436953
Participant_45,400,0.3,23.48935929309269
Participant_46,300,0.3,18.53982200561807
Participant_47,100,0.4,21.130250826717603
Participant_48,400,0.0,28.469720757323913
Participant_49,100,0.2,30.615763913382924
Participant_50,100,0.5,25.934532962827767
Participant_51,100,0.4,14.713514196139547
Participant_52,300,0.3,13.554519541466602
Participant_53,400,0.1,19.731953780606723
Participant_54,400,0.1,17.90530647601431
Participant_55,400,0.3,16.294170736800325
Participant_56,400,0.5,20.161845153655953
Participant_57,400,0.2,25.802131694881336
Participant_58,100,0.2,18.26403569860725
Participant_59,100,0.1,36.01995974456385
Participant_60,100,0.3,18.08003042032839
Participant_61,400,0.5,25.30316185775999
Participant_62,100,0.5,18.407878747970937
Participant_63,300,0.3,17.641570224897784
Participant_64,250,0.3,16.650075074905818
Participant_65,400,0.4,18.377295774950134
Participant_66,100,0.2,18.092125358840512
Participant_67,100,0.4,19.595598995692885
Participant_68,100,0.5,13.651007288841361
Participant_69,300,0.3,25.074389324567807
Participant_70,300,0.4,20.856054276876055
Participant_71,100,0.0,35.61460374621625
Participant_72,400,0.2,22.181073012818835
Participant_73,350,0.2,19.97717447488508
Participant_74,400,0.5,28.1336097932704
Participant_75,150,0.5,19.065020325192418
Participant_76,100,0.5,21.508137994721906
Participant_77,300,0.3,15.247130877643833
Participant_78,400,0.0,30.58635316607719
Participant_79,150,0.3,15.295424152340464
Participant_80,400,0.2,19.576771950451892
Participant_81,150,0.3,14.281106399715675
Participant_82,100,0.5,26.811378181660114
Participant_83,100,0.0,25.09282766050889
Participant_84,200,0.3,19.129492936301265
Participant_85,400,0.2,23.521266972678152
Participant_86,100,0.3,12.3748737367296
Participant_87,400,0.2,30.834234221073174
Participant_88,150,0.4,14.820593780277497
Participant_89,400,0.0,26.749299056236968
Participant_90,150,0.5,18.49932431198502
Participant_91,100,0.4,25.401525544738448
Participant_92,100,0.2,21.29730029839463
Participant_93,250,0.3,14.220583672972076
Participant_94,350,0.7,14.512925273699992
Participant_95,100,0.0,27.035162289137457
Participant_96,400,0.6,26.663645662212062
Participant_97,100,0.4,23.10816955104839
Participant_98,100,0.5,50.28767244564019
Participant_99,100,0.5,40.21939830479815
Participant_0,400,0.6,29.256623181768603
Participant_1,250,0.4,23.78287198805056
Participant_2,100,0.2,31.817055174858655
Participant_3,400,0.6,28.912799933593426
Participant_4,100,0.0,32.262981883266775
Participant_5,400,0.4,32.15548164776886
Participant_6,400,0.4,24.524987257896793
Participant_7,350,0.5,31.876323501934788
Participant_8,150,0.2,20.540204478047436
Participant_9,200,0.4,24.15108693206167
Participant_10,200,0.4,20.51280088140086
Participant_11,100,0.5,25.521559513478014
Participant_12,100,0.4,21.423993558624872
Participant_13,350,0.3,19.94367067517913
Participant_14,350,0.4,21.08138989725298
Participant_15,400,0.3,30.585944484354247
Participant_16,400,0.5,18.748333259252675
Participant_17,300,0.3,21.505231921558067
Participant_18,400,0.7,24.69159776118184
Participant_19,400,0.4,13.424790501158668
Participant_20,100,0.5,25.151540708274712
Participant_21,400,0.4,18.68087257062689
Participant_22,150,0.2,27.5118156434649
Participant_23,400,0.1,16.86268068843148
Participant_24,400,0.6,26.14287665885298
Participant_25,100,0.5,24.471411892246838
Participant_26,150,0.2,26.891448454852707
Participant_27,100,0.5,52.417554311509036
Participant_28,400,0.5,33.47013594235912
Participant_29,200,0.3,30.07802353878991
Participant_30,400,0.5,35.6931365951495
Participant_31,250,0.3,14.308214423889517
Participant_32,150,0.2,30.933800283831925
Participant_33,200,0.4,15.875295272844534
Participant_34,400,0.2,40.18084120572888
Participant_35,150,0.6,26.623298067669978
Participant_36,100,0.5,25.300197627686625
Participant_37,400,0.5,23.484037131634757
Participant_38,200,0.3,23.57832691265434
Participant_39,150,0.2,16.221898779119538
Participant_40,250,0.2,19.948370860799635
Participant_41,100,0.4,29.98312025123469
Participant_42,300,0.5,16.880832325451255
Participant_43,100,0.3,17.302817689613445
Participant_44,400,0.1,19.380402472601027
Participant_45,100,0.4,18.781307196252342
Participant_46,200,0.5,23.200754298082636
Participant_47,400,0.4,15.619699100814971
Participant_48,100,0.5,14.451643505151932
Participant_49,100,0.5,29.939104863038242
Participant_50,100,0.1,20.154093876927337
Participant_51,400,0.7,15.761503735367384
Participant_52,400,0.2,34.106451002706216
Participant_53,100,0.2,30.34921745284382
Participant_54,100,0.1,31.582233929853665
Participant_55,100,0.2,25.905115324970087
Participant_56,100,0.3,27.917512424999476
Participant_57,350,0.4,23.252419228974862
Participant_58,400,0.2,35.31288716601915
Participant_59,200,0.5,26.282598806054168
Participant_60,150,0.3,17.398275776639476
Participant_61,150,0.2,39.36241862487619
Participant_62,300,0.3,18.19958790742252
Participant_63,400,0.2,15.313392831113555
Participant_64,100,0.3,19.764551601288606
Participant_65,100,0.5,32.864874866641436
Participant_66,400,0.2,27.60434748368452
Participant_67,350,0.2,28.728687752836883
Participant_68,400,0.5,27.046256672597043
Participant_69,400,0.0,45.2827229746622
Participant_70,400,0.2,40.05621050473946
Participant_71,300,0.3,18.707618768833196
Participant_72,100,0.5,54.84159005718197
Participant_73,100,0.4,18.681207134443962
Participant_74,400,0.2,15.190457530963313
Participant_75,100,0.5,22.585393509965684
Participant_76,100,0.5,36.6585597098413
Participant_77,300,0.3,19.90540127704036
Participant_78,400,0.5,23.323807579381203
Participant_79,100,0.6,39.6941431448016
Participant_80,100,0.4,16.286113716906193
Participant_81,150,0.6,24.290944814889354
Participant_82,150,0.5,21.088503977285825
Participant_83,350,0.5,22.90960497258737
Participant_84,100,0.2,35.58194767013183
Participant_85,250,0.5,10.889788795013429
Participant_86,400,0.2,26.258332011001766
Participant_87,100,0.2,24.996499754965694
Participant_88,350,0.2,33.24661636918861
Participant_89,100,0.3,18.456367464915733
Participant_90,150,0.3,29.98249489285373
Participant_91,400,0.5,26.009613607279906
Participant_92,100,0.4,24.626966926521828
Participant_93,150,0.3,27.526351011349107
Participant_94,100,0.3,15.910295408948258
Participant_95,350,0.6,24.198140424421045
Participant_96,100,0.2,21.35591253025728
Participant_97,150,0.3,20.831466583032505
Participant_98,100,0.1,25.048702561210632
Participant_99,300,0.3,15.123656965165535
Participant_0,100,0.5,45.11208263869005
Participant_1,150,0.2,31.553922101697594
Participant_2,100,0.2,26.712824635369433
Participant_3,400,0.2,26.589471600616662
Participant_4,200,0.3,16.98344782427879
Participant_5,150,0.2,17.871765441612084
Participant_6,100,0.5,34.425281407709655
Participant_7,400,0.2,20.23610634484806
Participant_8,150,0.3,19.562719647329203
Participant_9,100,0.4,17.964896325890667
Participant_10,100,0.2,24.363394673156694
Participant_11,150,0.5,18.633974347948428
Participant_12,100,0.4,13.564199202311945
Participant_13,150,0.5,16.724981315385676
Participant_14,300,0.4,24.74823226010294
Participant_15,350,0.4,20.38810927967574
Participant_16,100,0.5,40.01687144193059
Participant_17,200,0.4,23.038554642164513
Participant_18,350,0.5,17.171196813268434
Participant_19,400,0.5,23.484037131634757
Participant_20,100,0.4,12.658495171227898
Participant_21,400,0.5,13.92838827718412
Participant_22,400,0.3,22.677080940897135
Participant_23,400,0.4,21.365275565739843
Participant_24,300,0.3,16.9550877320054
Participant_25,100,0.3,22.65253848909654
Participant_26,100,0.5,25.546036874630868
Participant_27,100,0.5,32.269955066594065
Participant_28,150,0.2,17.411203289836116
Participant_29,100,0.1,18.773318832854248
Participant_30,400,0.5,18.614510468986285
Participant_31,300,0.6,23.398985020722588
Participant_32,200,0.6,20.777090749188154
Participant_33,400,0.5,24.01041440708594
Participant_34,150,0.3,13.283448347473632
Participant_35,100,0.5,27.70559510279467
Participant_36,100,0.2,18.803590082747498
Participant_37,200,0.2,25.399064943418683
Participant_38,350,0.5,18.870612072744223
Participant_39,150,0.2,28.36194633659686
Participant_40,350,0.5,24.209502266672068
Participant_41,100,0.3,15.552732878822294
Participant_42,150,0.4,14.988328792764054
Participant_43,100,0.1,20.49237663132317
Participant_44,400,0.2,12.922847983320086
Participant_45,400,0.4,17.29089355701434
Participant_46,400,0.3,15.827191791344413
Participant_47,200,0.5,19.736387714067636
Participant_48,100,0.5,27.227743204312766
Participant_49,400,0.6,24.868654969660103
Participant_50,350,0.2,20.593384860192362
Participant_51,400,0.0,20.19962870945899
Participant_52,350,0.4,14.980821072291064
Participant_53,400,0.3,15.905973720586866
Participant_54,150,0.3,12.153188881935472
Participant_55,400,0.6,23.631546711969577
Participant_56,200,0.4,31.476578594250043
Participant_57,300,0.5,19.684067161031532
Participant_58,400,0.4,20.223130321490785
Participant_59,100,0.1,24.00390593216029
Participant_60,100,0.1,21.706853756359994
Participant_61,150,0.4,14.904697246170416
Participant_62,350,0.2,17.616398610385723
Participant_63,300,0.2,20.616437616620384
Participant_64,100,0.4,15.418738599509364
Participant_65,400,0.2,29.71952220342716
Participant_66,100,0.1,71.11566283175598
Participant_67,100,0.1,28.50328928387038
Participant_68,400,0.2,21.639085008382402
Participant_69,100,0.5,29.47626163542453
Participant_70,100,0.5,15.086417732516887
Participant_71,400,0.0,22.00624911246803
Participant_72,400,0.2,28.008927148321835
Participant_73,250,0.4,21.780151514624503
Participant_74,150,0.5,16.42330660981521
Participant_75,100,0.4,15.897719962309061
Participant_76,400,0.5,40.469124033020535
Participant_77,100,0.3,24.174108049729572
Participant_78,400,0.6,26.166772823563857
Participant_79,100,0.4,25.84061725268961
Participant_80,300,0.3,24.722965032536045
Participant_81,400,0.6,55.44997745716404
Participant_82,200,0.6,23.327826731180938
Participant_83,100,0.5,34.71455026354223
Participant_84,100,0.2,22.85443064265658
Participant_85,400,0.5,27.932955446926844
Participant_86,400,0.0,35.15003556185968
Participant_87,250,0.4,24.634833062150026
Participant_88,100,0.2,26.383233312086677
Participant_89,350,0.5,23.6082612659213
Participant_90,100,0.2,17.45923824226017
Participant_91,250,0.2,16.253845698787718
Participant_92,100,0.3,21.54965196934744
Participant_93,350,0.3,14.2828568570857
Participant_94,100,0.2,27.360098684032558
Participant_95,350,0.5,34.38531663370282
Participant_96,350,0.5,20.490241579835022
Participant_97,400,0.0,38.10216529280193
Participant_98,100,0.2,27.496817997724754
Participant_99,150,0.4,19.802777582955375
Participant_0,300,0.2,15.412251620058635
Participant_1,400,0.5,27.13853349022382
Participant_2,400,0.1,28.62429038421739
Participant_3,100,0.5,34.279731620886416
Participant_4,100,0.6,32.04489038832868
Participant_5,200,0.4,24.1251942997357
Participant_6,400,0.4,17.07263892899982
Participant_7,100,0.2,22.21654788665422
Participant_8,100,0.2,23.017927795524947
Participant_9,200,0.3,15.91972047493297
Participant_10,350,0.5,22.160776159692603
Participant_11,400,0.6,36.89105582658214
Participant_12,400,0.1,16.751119365582706
Participant_13,150,0.5,20.148821305475913
Participant_14,400,0.2,20.112185361118765
Participant_15,150,0.2,27.07674278786132
Participant_16,100,0.2,18.16108476936331
Participant_17,400,0.5,25.352514668174436
Participant_18,100,0.3,16.14427142982922
Participant_19,100,0.2,32.97461144577749
Participant_20,300,0.2,19.906971140783824
Participant_21,150,0.5,23.17811467742793
Participant_22,300,0.5,19.524663889552617
Participant_23,400,0.5,36.745748053346254
Participant_24,100,0.1,31.641547054466223
Participant_25,100,0.3,15.752380772441986
Participant_26,150,0.3,18.51215816699933
Participant_27,100,0.2,18.46821593982483
Participant_28,100,0.2,27.47407869246938
Participant_29,100,0.2,25.146073252100418
Participant_30,400,0.3,11.74734012447073
Participant_31,100,0.2,36.92661641688824
Participant_32,250,0.3,20.820062439867947
Participant_33,150,0.3,37.13421602780918
Participant_34,200,0.3,26.989581323169872
Participant_35,200,0.3,23.551804601770964
Participant_36,100,0.5,29.560953976487294
Participant_37,400,0.4,19.785727178954026
Participant_38,100,0.4,27.66292645401061
Participant_39,250,0.4,19.921721813136536
Participant_40,400,0.5,19.176808910765107
Participant_41,150,0.2,20.87223035518725
Participant_42,150,0.3,26.104597296261822
Participant_43,400,0.2,17.909494688572316
Participant_44,100,0.5,25.88628980754098
Participant_45,400,0.1,27.5109069279804
Participant_46,300,0.5,21.123742566126865
Participant_47,100,0.5,20.49634113689563
Participant_48,400,0.5,19.880895352071043
Participant_49,200,0.4,16.187186290396486
Participant_50,150,0.2,29.400680264238783
Participant_51,150,0.2,20.631286920597077
Participant_52,100,0.2,21.29730029839463
Participant_53,350,0.4,13.254244603145063
Participant_54,400,0.6,44.885409656145505
Participant_55,100,0.4,19.274010999270494
Participant_56,300,0.3,17.46353343398752
Participant_57,100,0.2,23.421677992833903
Participant_58,400,0.5,23.748684174075834
Participant_59,350,0.4,19.797095746598792
Participant_60,150,0.3,18.7136313953225
Participant_61,400,0.2,27.7173231030704
Participant_62,350,0.1,29.118937137196475
Participant_63,100,0.2,19.424855211815608
Participant_64,100,0.5,20.158124912798808
Participant_65,100,0.5,28.962907312630065
Participant_66,100,0.2,29.767011942753005
Participant_67,200,0.3,21.614520582238228
Participant_68,400,0.0,28.182884877173237
Participant_69,150,0.1,25.722315214614724
Participant_70,150,0.5,15.683590150217519
Participant_71,150,0.1,24.246391484095113
Participant_72,350,0.2,19.630015282724564
Participant_73,300,0.5,18.164869941730934
Participant_74,400,0.2,26.115129714401192
Participant_75,100,0.5,24.291973983190417
Participant_76,300,0.3,14.052579834322238
Participant_77,400,0.6,30.938648968563577
Participant_78,100,0.2,22.440476822028536
Participant_79,350,0.2,19.438042596928323
Participant_80,400,0.0,31.05277765353689
Participant_81,400,0.3,19.313207915827967
Participant_82,350,0.4,15.064030005280792
Participant_83,100,0.2,23.897175565325707
Participant_84,300,0.3,17.6769624087398
Participant_85,400,0.2,24.586581706288495
Participant_86,100,0.4,22.918060563668995
Participant_87,400,0.5,25.401771591761076
Participant_88,400,0.5,34.2819194328439
Participant_89,400,0.3,19.60229578391266
Participant_90,100,0.4,27.730623866043835
Participant_91,400,0.2,28.561337503695444
Participant_92,100,0.5,27.997321300438728
Participant_93,200,0.3,18.122844699439433
Participant_94,100,0.2,26.829554599359266
Participant_95,150,0.5,19.89912058358359
Participant_96,350,0.6,19.184629264074925
Participant_97,200,0.3,15.278661590597522
Participant_98,100,0.6,24.887245729489635
Participant_99,150,0.4,27.607064313323864
