Participant_ID,start_400,end_400,start_100,end_100,start_diff,end_diff,movement
Participant_1,400.0,300.0,100.0,300.0,300.0,0.0,-300.0
Participant_2,400.0,525.0,100.0,100.0,300.0,425.0,125.0
Participant_6,400.0,400.0,100.0,100.0,300.0,300.0,0.0
Participant_7,400.0,175.0,100.0,0.0,300.0,175.0,-125.0
Participant_8,400.0,250.0,100.0,250.0,300.0,0.0,-300.0
Participant_10,400.0,250.0,100.0,250.0,300.0,0.0,-300.0
Participant_12,400.0,300.0,100.0,100.0,300.0,200.0,-100.0
Participant_13,400.0,575.0,100.0,0.0,300.0,575.0,275.0
Participant_14,400.0,200.0,100.0,175.0,300.0,25.0,-275.0
Participant_17,400.0,575.0,100.0,0.0,300.0,575.0,275.0
Participant_18,400.0,475.0,100.0,0.0,300.0,475.0,175.0
Participant_19,400.0,375.0,100.0,0.0,300.0,375.0,75.0
Participant_20,400.0,425.0,100.0,25.0,300.0,400.0,100.0
Participant_21,400.0,325.0,100.0,175.0,300.0,150.0,-150.0
Participant_23,400.0,325.0,100.0,100.0,300.0,225.0,-75.0
Participant_24,400.0,300.0,100.0,300.0,300.0,0.0,-300.0
Participant_25,400.0,500.0,100.0,25.0,300.0,475.0,175.0
Participant_28,400.0,475.0,100.0,0.0,300.0,475.0,175.0
Participant_29,400.0,575.0,100.0,0.0,300.0,575.0,275.0
Participant_30,400.0,250.0,100.0,175.0,300.0,75.0,-225.0
Participant_31,400.0,300.0,100.0,300.0,300.0,0.0,-300.0
Participant_32,400.0,350.0,100.0,350.0,300.0,0.0,-300.0
Participant_33,400.0,300.0,100.0,100.0,300.0,200.0,-100.0
Participant_34,400.0,250.0,100.0,25.0,300.0,225.0,-75.0
Participant_35,400.0,500.0,100.0,0.0,300.0,500.0,200.0
Participant_36,400.0,400.0,100.0,225.0,300.0,175.0,-125.0
Participant_37,400.0,200.0,100.0,200.0,300.0,0.0,-300.0
Participant_38,400.0,250.0,100.0,250.0,300.0,0.0,-300.0
Participant_39,400.0,400.0,100.0,200.0,300.0,200.0,-100.0
Participant_40,400.0,325.0,100.0,0.0,300.0,325.0,25.0
Participant_41,400.0,250.0,100.0,250.0,300.0,0.0,-300.0
Participant_42,400.0,550.0,100.0,0.0,300.0,550.0,250.0
Participant_43,400.0,475.0,100.0,0.0,300.0,475.0,175.0
Participant_44,400.0,450.0,100.0,75.0,300.0,375.0,75.0
Participant_46,400.0,400.0,100.0,375.0,300.0,25.0,-275.0
Participant_47,400.0,550.0,100.0,50.0,300.0,500.0,200.0
Participant_48,400.0,250.0,100.0,175.0,300.0,75.0,-225.0
Participant_49,400.0,200.0,100.0,200.0,300.0,0.0,-300.0
Participant_51,400.0,300.0,100.0,175.0,300.0,125.0,-175.0
Participant_52,400.0,500.0,100.0,0.0,300.0,500.0,200.0
Participant_53,400.0,550.0,100.0,0.0,300.0,550.0,250.0
Participant_54,400.0,550.0,100.0,0.0,300.0,550.0,250.0
Participant_55,400.0,350.0,100.0,300.0,300.0,50.0,-250.0
Participant_56,400.0,100.0,100.0,100.0,300.0,0.0,-300.0
Participant_57,400.0,200.0,100.0,150.0,300.0,50.0,-250.0
Participant_59,400.0,125.0,100.0,75.0,300.0,50.0,-250.0
Participant_61,400.0,450.0,100.0,0.0,300.0,450.0,150.0
Participant_62,400.0,200.0,100.0,75.0,300.0,125.0,-175.0
Participant_63,400.0,400.0,100.0,400.0,300.0,0.0,-300.0
Participant_64,400.0,550.0,100.0,0.0,300.0,550.0,250.0
Participant_65,400.0,350.0,100.0,250.0,300.0,100.0,-200.0
Participant_66,400.0,325.0,100.0,300.0,300.0,25.0,-275.0
Participant_68,400.0,175.0,100.0,150.0,300.0,25.0,-275.0
Participant_69,400.0,200.0,100.0,200.0,300.0,0.0,-300.0
Participant_70,400.0,325.0,100.0,325.0,300.0,0.0,-300.0
Participant_71,400.0,400.0,100.0,275.0,300.0,125.0,-175.0
Participant_72,400.0,300.0,100.0,300.0,300.0,0.0,-300.0
Participant_73,400.0,225.0,100.0,100.0,300.0,125.0,-175.0
Participant_74,400.0,300.0,100.0,300.0,300.0,0.0,-300.0
Participant_75,400.0,250.0,100.0,250.0,300.0,0.0,-300.0
Participant_76,400.0,225.0,100.0,0.0,300.0,225.0,-75.0
Participant_77,400.0,350.0,100.0,125.0,300.0,225.0,-75.0
Participant_78,400.0,225.0,100.0,100.0,300.0,125.0,-175.0
Participant_79,400.0,575.0,100.0,100.0,300.0,475.0,175.0
Participant_80,400.0,550.0,100.0,25.0,300.0,525.0,225.0
Participant_81,400.0,550.0,100.0,0.0,300.0,550.0,250.0
Participant_82,400.0,400.0,100.0,400.0,300.0,0.0,-300.0
Participant_83,400.0,350.0,100.0,300.0,300.0,50.0,-250.0
Participant_84,400.0,500.0,100.0,75.0,300.0,425.0,125.0
Participant_86,400.0,175.0,100.0,100.0,300.0,75.0,-225.0
Participant_87,400.0,300.0,100.0,175.0,300.0,125.0,-175.0
Participant_89,400.0,200.0,100.0,125.0,300.0,75.0,-225.0
Participant_92,400.0,300.0,100.0,225.0,300.0,75.0,-225.0
Participant_93,400.0,525.0,100.0,25.0,300.0,500.0,200.0
Participant_95,400.0,350.0,100.0,350.0,300.0,0.0,-300.0
Participant_96,400.0,425.0,100.0,175.0,300.0,250.0,-50.0
Participant_97,400.0,375.0,100.0,275.0,300.0,100.0,-200.0
Participant_98,400.0,150.0,100.0,100.0,300.0,50.0,-250.0
Participant_99,400.0,325.0,100.0,200.0,300.0,125.0,-175.0
Participant_100,400.0,550.0,100.0,125.0,300.0,425.0,125.0
Participant_101,400.0,350.0,100.0,275.0,300.0,75.0,-225.0
Participant_102,400.0,500.0,100.0,25.0,300.0,475.0,175.0
Participant_104,400.0,400.0,100.0,350.0,300.0,50.0,-250.0
Participant_105,400.0,600.0,100.0,0.0,300.0,600.0,300.0
Participant_106,400.0,300.0,100.0,175.0,300.0,125.0,-175.0
Participant_107,400.0,125.0,100.0,75.0,300.0,50.0,-250.0
Participant_108,400.0,250.0,100.0,225.0,300.0,25.0,-275.0
Participant_109,400.0,400.0,100.0,400.0,300.0,0.0,-300.0
Participant_110,400.0,200.0,100.0,200.0,300.0,0.0,-300.0
Participant_112,400.0,500.0,100.0,25.0,300.0,475.0,175.0
Participant_113,400.0,325.0,100.0,350.0,300.0,-25.0,-325.0
Participant_114,400.0,150.0,100.0,125.0,300.0,25.0,-275.0
Participant_116,400.0,550.0,100.0,100.0,300.0,450.0,150.0
Participant_117,400.0,300.0,100.0,300.0,300.0,0.0,-300.0
Participant_118,400.0,400.0,100.0,225.0,300.0,175.0,-125.0
Participant_119,400.0,200.0,100.0,200.0,300.0,0.0,-300.0
Participant_120,400.0,250.0,100.0,250.0,300.0,0.0,-300.0
Participant_121,400.0,250.0,100.0,250.0,300.0,0.0,-300.0
Participant_123,400.0,375.0,100.0,25.0,300.0,350.0,50.0
Participant_124,400.0,600.0,100.0,25.0,300.0,575.0,275.0
Participant_125,400.0,400.0,100.0,350.0,300.0,50.0,-250.0
Participant_126,400.0,425.0,100.0,50.0,300.0,375.0,75.0
Participant_127,400.0,400.0,100.0,275.0,300.0,125.0,-175.0
Participant_128,400.0,150.0,100.0,150.0,300.0,0.0,-300.0
Participant_129,400.0,400.0,100.0,400.0,300.0,0.0,-300.0
Participant_130,400.0,425.0,100.0,325.0,300.0,100.0,-200.0
Participant_131,400.0,250.0,100.0,250.0,300.0,0.0,-300.0
Participant_132,400.0,225.0,100.0,250.0,300.0,-25.0,-325.0
Participant_133,400.0,350.0,100.0,150.0,300.0,200.0,-100.0
Participant_134,400.0,575.0,100.0,0.0,300.0,575.0,275.0
Participant_135,400.0,400.0,100.0,325.0,300.0,75.0,-225.0
Participant_138,400.0,425.0,100.0,25.0,300.0,400.0,100.0
Participant_139,400.0,200.0,100.0,200.0,300.0,0.0,-300.0
Participant_140,400.0,375.0,100.0,225.0,300.0,150.0,-150.0
Participant_141,400.0,400.0,100.0,0.0,300.0,400.0,100.0
Participant_142,400.0,525.0,100.0,125.0,300.0,400.0,100.0
Participant_143,400.0,275.0,100.0,125.0,300.0,150.0,-150.0
Participant_144,400.0,400.0,100.0,225.0,300.0,175.0,-125.0
Participant_145,400.0,325.0,100.0,125.0,300.0,200.0,-100.0
Participant_146,400.0,150.0,100.0,100.0,300.0,50.0,-250.0
Participant_147,400.0,300.0,100.0,300.0,300.0,0.0,-300.0
Participant_148,400.0,450.0,100.0,325.0,300.0,125.0,-175.0
Participant_149,400.0,200.0,100.0,200.0,300.0,0.0,-300.0
Participant_151,400.0,250.0,100.0,150.0,300.0,100.0,-200.0
Participant_152,400.0,550.0,100.0,0.0,300.0,550.0,250.0
Participant_153,400.0,575.0,100.0,0.0,300.0,575.0,275.0
Participant_154,400.0,500.0,100.0,200.0,300.0,300.0,0.0
Participant_156,400.0,250.0,100.0,250.0,300.0,0.0,-300.0
Participant_157,400.0,575.0,100.0,0.0,300.0,575.0,275.0
Participant_158,400.0,550.0,100.0,0.0,300.0,550.0,250.0
Participant_159,400.0,300.0,100.0,300.0,300.0,0.0,-300.0
Participant_160,400.0,350.0,100.0,350.0,300.0,0.0,-300.0
Participant_161,400.0,350.0,100.0,350.0,300.0,0.0,-300.0
Participant_162,400.0,375.0,100.0,0.0,300.0,375.0,75.0
Participant_164,400.0,500.0,100.0,75.0,300.0,425.0,125.0
Participant_165,400.0,150.0,100.0,100.0,300.0,50.0,-250.0
Participant_166,400.0,400.0,100.0,200.0,300.0,200.0,-100.0
Participant_167,400.0,350.0,100.0,325.0,300.0,25.0,-275.0
Participant_168,400.0,275.0,100.0,150.0,300.0,125.0,-175.0
Participant_169,400.0,300.0,100.0,300.0,300.0,0.0,-300.0
Participant_170,400.0,325.0,100.0,200.0,300.0,125.0,-175.0
Participant_171,400.0,550.0,100.0,0.0,300.0,550.0,250.0
Participant_172,400.0,300.0,100.0,300.0,300.0,0.0,-300.0
Participant_173,400.0,350.0,100.0,350.0,300.0,0.0,-300.0
Participant_174,400.0,400.0,100.0,0.0,300.0,400.0,100.0
Participant_175,400.0,250.0,100.0,125.0,300.0,125.0,-175.0
Participant_176,400.0,275.0,100.0,200.0,300.0,75.0,-225.0
Participant_179,400.0,575.0,100.0,25.0,300.0,550.0,250.0
Participant_180,400.0,225.0,100.0,200.0,300.0,25.0,-275.0
Participant_181,400.0,625.0,100.0,0.0,300.0,625.0,325.0
Participant_182,400.0,300.0,100.0,300.0,300.0,0.0,-300.0
Participant_183,400.0,350.0,100.0,350.0,300.0,0.0,-300.0
Participant_184,400.0,500.0,100.0,25.0,300.0,475.0,175.0
Participant_185,400.0,275.0,100.0,250.0,300.0,25.0,-275.0
Participant_186,400.0,300.0,100.0,250.0,300.0,50.0,-250.0
Participant_187,400.0,375.0,100.0,350.0,300.0,25.0,-275.0
Participant_189,400.0,450.0,100.0,0.0,300.0,450.0,150.0
Participant_190,400.0,350.0,100.0,350.0,300.0,0.0,-300.0
Participant_191,400.0,250.0,100.0,50.0,300.0,200.0,-100.0
Participant_192,400.0,375.0,100.0,250.0,300.0,125.0,-175.0
Participant_193,400.0,350.0,100.0,350.0,300.0,0.0,-300.0
Participant_194,400.0,275.0,100.0,100.0,300.0,175.0,-125.0
Participant_195,400.0,550.0,100.0,125.0,300.0,425.0,125.0
Participant_196,400.0,475.0,100.0,100.0,300.0,375.0,75.0
Participant_197,400.0,300.0,100.0,300.0,300.0,0.0,-300.0
Participant_198,400.0,250.0,100.0,250.0,300.0,0.0,-300.0
Participant_199,400.0,200.0,100.0,200.0,300.0,0.0,-300.0
Participant_200,400.0,300.0,100.0,300.0,300.0,0.0,-300.0
Participant_201,400.0,425.0,100.0,100.0,300.0,325.0,25.0
Participant_202,400.0,400.0,100.0,175.0,300.0,225.0,-75.0
Participant_203,400.0,425.0,100.0,50.0,300.0,375.0,75.0
Participant_204,400.0,375.0,100.0,300.0,300.0,75.0,-225.0
Participant_205,400.0,600.0,100.0,125.0,300.0,475.0,175.0
Participant_206,400.0,425.0,100.0,0.0,300.0,425.0,125.0
Participant_207,400.0,450.0,100.0,50.0,300.0,400.0,100.0
Participant_208,400.0,200.0,100.0,200.0,300.0,0.0,-300.0
Participant_209,400.0,400.0,100.0,275.0,300.0,125.0,-175.0
Participant_210,400.0,150.0,100.0,150.0,300.0,0.0,-300.0
Participant_211,400.0,275.0,100.0,100.0,300.0,175.0,-125.0
Participant_212,400.0,425.0,100.0,75.0,300.0,350.0,50.0
Participant_213,400.0,350.0,100.0,325.0,300.0,25.0,-275.0
Participant_214,400.0,575.0,100.0,25.0,300.0,550.0,250.0
Participant_215,400.0,175.0,100.0,100.0,300.0,75.0,-225.0
Participant_217,400.0,250.0,100.0,250.0,300.0,0.0,-300.0
Participant_218,400.0,250.0,100.0,250.0,300.0,0.0,-300.0
Participant_219,400.0,275.0,100.0,50.0,300.0,225.0,-75.0
Participant_220,400.0,525.0,100.0,25.0,300.0,500.0,200.0
Participant_221,400.0,400.0,100.0,225.0,300.0,175.0,-125.0
Participant_222,400.0,350.0,100.0,300.0,300.0,50.0,-250.0
Participant_223,400.0,175.0,100.0,200.0,300.0,-25.0,-325.0
Participant_224,400.0,225.0,100.0,200.0,300.0,25.0,-275.0
Participant_225,400.0,275.0,100.0,250.0,300.0,25.0,-275.0
Participant_226,400.0,250.0,100.0,250.0,300.0,0.0,-300.0
Participant_229,400.0,400.0,100.0,25.0,300.0,375.0,75.0
Participant_231,400.0,325.0,100.0,300.0,300.0,25.0,-275.0
Participant_232,400.0,350.0,100.0,275.0,300.0,75.0,-225.0
Participant_233,400.0,275.0,100.0,275.0,300.0,0.0,-300.0
Participant_234,400.0,375.0,100.0,175.0,300.0,200.0,-100.0
Participant_236,400.0,225.0,100.0,150.0,300.0,75.0,-225.0
Participant_237,400.0,225.0,100.0,100.0,300.0,125.0,-175.0
Participant_238,400.0,200.0,100.0,200.0,300.0,0.0,-300.0
Participant_239,400.0,525.0,100.0,50.0,300.0,475.0,175.0
Participant_240,400.0,275.0,100.0,250.0,300.0,25.0,-275.0
Participant_241,400.0,250.0,100.0,250.0,300.0,0.0,-300.0
Participant_242,400.0,575.0,100.0,0.0,300.0,575.0,275.0
Participant_244,400.0,200.0,100.0,175.0,300.0,25.0,-275.0
Participant_246,400.0,400.0,100.0,375.0,300.0,25.0,-275.0
Participant_247,400.0,550.0,100.0,25.0,300.0,525.0,225.0
Participant_249,400.0,400.0,100.0,400.0,300.0,0.0,-300.0
Participant_250,400.0,525.0,100.0,0.0,300.0,525.0,225.0
Participant_251,400.0,150.0,100.0,125.0,300.0,25.0,-275.0
Participant_252,400.0,550.0,100.0,100.0,300.0,450.0,150.0
Participant_253,400.0,500.0,100.0,0.0,300.0,500.0,200.0
Participant_254,400.0,100.0,100.0,100.0,300.0,0.0,-300.0
Participant_255,400.0,400.0,100.0,250.0,300.0,150.0,-150.0
Participant_256,400.0,500.0,100.0,0.0,300.0,500.0,200.0
Participant_257,400.0,250.0,100.0,250.0,300.0,0.0,-300.0
Participant_258,400.0,250.0,100.0,100.0,300.0,150.0,-150.0
Participant_259,400.0,475.0,100.0,75.0,300.0,400.0,100.0
Participant_260,400.0,350.0,100.0,225.0,300.0,125.0,-175.0
Participant_261,400.0,150.0,100.0,175.0,300.0,-25.0,-325.0
Participant_262,400.0,300.0,100.0,275.0,300.0,25.0,-275.0
Participant_263,400.0,300.0,100.0,150.0,300.0,150.0,-150.0
Participant_264,400.0,375.0,100.0,375.0,300.0,0.0,-300.0
Participant_265,400.0,575.0,100.0,0.0,300.0,575.0,275.0
Participant_266,400.0,250.0,100.0,250.0,300.0,0.0,-300.0
Participant_267,400.0,475.0,100.0,0.0,300.0,475.0,175.0
Participant_268,400.0,325.0,100.0,225.0,300.0,100.0,-200.0
Participant_270,400.0,525.0,100.0,0.0,300.0,525.0,225.0
Participant_271,400.0,275.0,100.0,200.0,300.0,75.0,-225.0
Participant_272,400.0,325.0,100.0,150.0,300.0,175.0,-125.0
Participant_273,400.0,225.0,100.0,125.0,300.0,100.0,-200.0
Participant_274,400.0,550.0,100.0,25.0,300.0,525.0,225.0
Participant_275,400.0,575.0,100.0,150.0,300.0,425.0,125.0
Participant_277,400.0,425.0,100.0,0.0,300.0,425.0,125.0
Participant_278,400.0,150.0,100.0,175.0,300.0,-25.0,-325.0
Participant_279,400.0,225.0,100.0,75.0,300.0,150.0,-150.0
Participant_280,400.0,500.0,100.0,0.0,300.0,500.0,200.0
Participant_281,400.0,350.0,100.0,350.0,300.0,0.0,-300.0
Participant_284,400.0,550.0,100.0,125.0,300.0,425.0,125.0
Participant_285,400.0,100.0,100.0,100.0,300.0,0.0,-300.0
Participant_286,400.0,600.0,100.0,0.0,300.0,600.0,300.0
Participant_287,400.0,200.0,100.0,200.0,300.0,0.0,-300.0
Participant_288,400.0,300.0,100.0,275.0,300.0,25.0,-275.0
Participant_289,400.0,425.0,100.0,175.0,300.0,250.0,-50.0
Participant_290,400.0,325.0,100.0,300.0,300.0,25.0,-275.0
Participant_291,400.0,575.0,100.0,150.0,300.0,425.0,125.0
Participant_292,400.0,275.0,100.0,300.0,300.0,-25.0,-325.0
Participant_294,400.0,500.0,100.0,0.0,300.0,500.0,200.0
Participant_295,400.0,350.0,100.0,225.0,300.0,125.0,-175.0
Participant_297,400.0,225.0,100.0,150.0,300.0,75.0,-225.0
Participant_299,400.0,350.0,100.0,0.0,300.0,350.0,50.0
Participant_300,400.0,525.0,100.0,50.0,300.0,475.0,175.0
Participant_301,400.0,500.0,100.0,25.0,300.0,475.0,175.0
Participant_302,400.0,575.0,100.0,25.0,300.0,550.0,250.0
Participant_303,400.0,150.0,100.0,150.0,300.0,0.0,-300.0
Participant_304,400.0,350.0,100.0,350.0,300.0,0.0,-300.0
Participant_306,400.0,150.0,100.0,150.0,300.0,0.0,-300.0
Participant_307,400.0,325.0,100.0,350.0,300.0,-25.0,-325.0
Participant_308,400.0,350.0,100.0,175.0,300.0,175.0,-125.0
Participant_309,400.0,250.0,100.0,250.0,300.0,0.0,-300.0
Participant_310,400.0,250.0,100.0,250.0,300.0,0.0,-300.0
Participant_311,400.0,150.0,100.0,150.0,300.0,0.0,-300.0
Participant_314,400.0,350.0,100.0,350.0,300.0,0.0,-300.0
Participant_315,400.0,350.0,100.0,350.0,300.0,0.0,-300.0
Participant_316,400.0,300.0,100.0,0.0,300.0,300.0,0.0
Participant_317,400.0,275.0,100.0,75.0,300.0,200.0,-100.0
Participant_319,400.0,450.0,100.0,50.0,300.0,400.0,100.0
Participant_320,400.0,350.0,100.0,350.0,300.0,0.0,-300.0
Participant_321,400.0,500.0,100.0,25.0,300.0,475.0,175.0
Participant_322,400.0,400.0,100.0,325.0,300.0,75.0,-225.0
Participant_323,400.0,550.0,100.0,0.0,300.0,550.0,250.0
Participant_324,400.0,525.0,100.0,50.0,300.0,475.0,175.0
Participant_325,400.0,275.0,100.0,200.0,300.0,75.0,-225.0
Participant_326,400.0,575.0,100.0,0.0,300.0,575.0,275.0
Participant_327,400.0,500.0,100.0,175.0,300.0,325.0,25.0
Participant_328,400.0,175.0,100.0,150.0,300.0,25.0,-275.0
Participant_329,400.0,150.0,100.0,150.0,300.0,0.0,-300.0
Participant_330,400.0,525.0,100.0,75.0,300.0,450.0,150.0
Participant_331,400.0,400.0,100.0,150.0,300.0,250.0,-50.0
Participant_332,400.0,175.0,100.0,200.0,300.0,-25.0,-325.0
Participant_333,400.0,350.0,100.0,50.0,300.0,300.0,0.0
Participant_334,400.0,250.0,100.0,150.0,300.0,100.0,-200.0
Participant_335,400.0,100.0,100.0,100.0,300.0,0.0,-300.0
Participant_337,400.0,600.0,100.0,0.0,300.0,600.0,300.0
Participant_338,400.0,375.0,100.0,0.0,300.0,375.0,75.0
Participant_339,400.0,275.0,100.0,250.0,300.0,25.0,-275.0
Participant_340,400.0,500.0,100.0,25.0,300.0,475.0,175.0
Participant_341,400.0,425.0,100.0,350.0,300.0,75.0,-225.0
Participant_344,400.0,400.0,100.0,350.0,300.0,50.0,-250.0
Participant_345,400.0,525.0,100.0,75.0,300.0,450.0,150.0
Participant_346,400.0,600.0,100.0,125.0,300.0,475.0,175.0
Participant_348,400.0,250.0,100.0,225.0,300.0,25.0,-275.0
Participant_349,400.0,250.0,100.0,250.0,300.0,0.0,-300.0
Participant_350,400.0,150.0,100.0,150.0,300.0,0.0,-300.0
Participant_351,400.0,250.0,100.0,225.0,300.0,25.0,-275.0
Participant_352,400.0,375.0,100.0,125.0,300.0,250.0,-50.0
Participant_353,400.0,350.0,100.0,275.0,300.0,75.0,-225.0
Participant_354,400.0,250.0,100.0,250.0,300.0,0.0,-300.0
Participant_355,400.0,450.0,100.0,50.0,300.0,400.0,100.0
Participant_357,400.0,550.0,100.0,0.0,300.0,550.0,250.0
Participant_358,400.0,150.0,100.0,150.0,300.0,0.0,-300.0
Participant_359,400.0,200.0,100.0,200.0,300.0,0.0,-300.0
Participant_360,400.0,300.0,100.0,300.0,300.0,0.0,-300.0
Participant_361,400.0,175.0,100.0,75.0,300.0,100.0,-200.0
Participant_363,400.0,150.0,100.0,125.0,300.0,25.0,-275.0
Participant_364,400.0,325.0,100.0,300.0,300.0,25.0,-275.0
Participant_365,400.0,300.0,100.0,300.0,300.0,0.0,-300.0
Participant_366,400.0,225.0,100.0,100.0,300.0,125.0,-175.0
Participant_367,400.0,550.0,100.0,75.0,300.0,475.0,175.0
Participant_368,400.0,250.0,100.0,250.0,300.0,0.0,-300.0
Participant_370,400.0,300.0,100.0,25.0,300.0,275.0,-25.0
Participant_371,400.0,575.0,100.0,0.0,300.0,575.0,275.0
Participant_372,400.0,500.0,100.0,0.0,300.0,500.0,200.0
Participant_373,400.0,250.0,100.0,250.0,300.0,0.0,-300.0
Participant_375,400.0,550.0,100.0,25.0,300.0,525.0,225.0
Participant_376,400.0,325.0,100.0,125.0,300.0,200.0,-100.0
Participant_377,400.0,250.0,100.0,250.0,300.0,0.0,-300.0
Participant_378,400.0,375.0,100.0,225.0,300.0,150.0,-150.0
Participant_379,400.0,525.0,100.0,0.0,300.0,525.0,225.0
Participant_381,400.0,275.0,100.0,150.0,300.0,125.0,-175.0
Participant_383,400.0,175.0,100.0,150.0,300.0,25.0,-275.0
Participant_384,400.0,550.0,100.0,0.0,300.0,550.0,250.0
Participant_385,400.0,275.0,100.0,200.0,300.0,75.0,-225.0
Participant_386,400.0,200.0,100.0,200.0,300.0,0.0,-300.0
Participant_387,400.0,450.0,100.0,0.0,300.0,450.0,150.0
Participant_388,400.0,275.0,100.0,300.0,300.0,-25.0,-325.0
Participant_389,400.0,150.0,100.0,150.0,300.0,0.0,-300.0
Participant_390,400.0,300.0,100.0,300.0,300.0,0.0,-300.0
Participant_391,400.0,225.0,100.0,150.0,300.0,75.0,-225.0
Participant_392,400.0,450.0,100.0,25.0,300.0,425.0,125.0
Participant_393,400.0,625.0,100.0,0.0,300.0,625.0,325.0
Participant_394,400.0,625.0,100.0,0.0,300.0,625.0,325.0
Participant_395,400.0,475.0,100.0,25.0,300.0,450.0,150.0
Participant_396,400.0,500.0,100.0,0.0,300.0,500.0,200.0
Participant_397,400.0,325.0,100.0,250.0,300.0,75.0,-225.0
Participant_398,400.0,250.0,100.0,250.0,300.0,0.0,-300.0
Participant_399,400.0,500.0,100.0,25.0,300.0,475.0,175.0
Participant_400,400.0,325.0,100.0,300.0,300.0,25.0,-275.0
Participant_401,400.0,450.0,100.0,0.0,300.0,450.0,150.0
Participant_402,400.0,375.0,100.0,0.0,300.0,375.0,75.0
Participant_403,400.0,175.0,100.0,200.0,300.0,-25.0,-325.0
Participant_404,400.0,350.0,100.0,25.0,300.0,325.0,25.0
Participant_405,400.0,300.0,100.0,250.0,300.0,50.0,-250.0
Participant_407,400.0,575.0,100.0,0.0,300.0,575.0,275.0
Participant_408,400.0,450.0,100.0,100.0,300.0,350.0,50.0
Participant_410,400.0,325.0,100.0,125.0,300.0,200.0,-100.0
Participant_411,400.0,150.0,100.0,125.0,300.0,25.0,-275.0
Participant_412,400.0,175.0,100.0,150.0,300.0,25.0,-275.0
Participant_413,400.0,250.0,100.0,250.0,300.0,0.0,-300.0
Participant_414,400.0,550.0,100.0,0.0,300.0,550.0,250.0
Participant_415,400.0,350.0,100.0,350.0,300.0,0.0,-300.0
Participant_416,400.0,575.0,100.0,0.0,300.0,575.0,275.0
Participant_417,400.0,525.0,100.0,0.0,300.0,525.0,225.0
Participant_418,400.0,550.0,100.0,0.0,300.0,550.0,250.0
Participant_419,400.0,250.0,100.0,150.0,300.0,100.0,-200.0
Participant_420,400.0,350.0,100.0,300.0,300.0,50.0,-250.0
Participant_421,400.0,100.0,100.0,75.0,300.0,25.0,-275.0
Participant_422,400.0,275.0,100.0,250.0,300.0,25.0,-275.0
Participant_423,400.0,500.0,100.0,25.0,300.0,475.0,175.0
Participant_424,400.0,350.0,100.0,275.0,300.0,75.0,-225.0
Participant_425,400.0,275.0,100.0,225.0,300.0,50.0,-250.0
Participant_426,400.0,250.0,100.0,200.0,300.0,50.0,-250.0
Participant_427,400.0,350.0,100.0,150.0,300.0,200.0,-100.0
Participant_428,400.0,250.0,100.0,250.0,300.0,0.0,-300.0
Participant_429,400.0,575.0,100.0,0.0,300.0,575.0,275.0
Participant_430,400.0,450.0,100.0,0.0,300.0,450.0,150.0
Participant_431,400.0,350.0,100.0,350.0,300.0,0.0,-300.0
Participant_432,400.0,200.0,100.0,150.0,300.0,50.0,-250.0
Participant_434,400.0,350.0,100.0,75.0,300.0,275.0,-25.0
Participant_435,400.0,275.0,100.0,125.0,300.0,150.0,-150.0
Participant_436,400.0,150.0,100.0,150.0,300.0,0.0,-300.0
Participant_437,400.0,350.0,100.0,350.0,300.0,0.0,-300.0
Participant_439,400.0,325.0,100.0,50.0,300.0,275.0,-25.0
Participant_440,400.0,400.0,100.0,25.0,300.0,375.0,75.0
Participant_441,400.0,150.0,100.0,150.0,300.0,0.0,-300.0
Participant_442,400.0,400.0,100.0,300.0,300.0,100.0,-200.0
Participant_443,400.0,600.0,100.0,0.0,300.0,600.0,300.0
Participant_444,400.0,475.0,100.0,50.0,300.0,425.0,125.0
Participant_445,400.0,250.0,100.0,150.0,300.0,100.0,-200.0
Participant_448,400.0,425.0,100.0,275.0,300.0,150.0,-150.0
Participant_449,400.0,500.0,100.0,25.0,300.0,475.0,175.0
Participant_450,400.0,575.0,100.0,75.0,300.0,500.0,200.0
Participant_452,400.0,300.0,100.0,300.0,300.0,0.0,-300.0
Participant_453,400.0,200.0,100.0,200.0,300.0,0.0,-300.0
Participant_454,400.0,600.0,100.0,0.0,300.0,600.0,300.0
Participant_455,400.0,100.0,100.0,100.0,300.0,0.0,-300.0
Participant_456,400.0,500.0,100.0,0.0,300.0,500.0,200.0
Participant_457,400.0,300.0,100.0,300.0,300.0,0.0,-300.0
Participant_458,400.0,400.0,100.0,25.0,300.0,375.0,75.0
Participant_459,400.0,450.0,100.0,175.0,300.0,275.0,-25.0
Participant_461,400.0,275.0,100.0,250.0,300.0,25.0,-275.0
Participant_462,400.0,600.0,100.0,0.0,300.0,600.0,300.0
Participant_464,400.0,300.0,100.0,300.0,300.0,0.0,-300.0
Participant_465,400.0,550.0,100.0,0.0,300.0,550.0,250.0
Participant_466,400.0,300.0,100.0,250.0,300.0,50.0,-250.0
Participant_467,400.0,250.0,100.0,250.0,300.0,0.0,-300.0
Participant_468,400.0,200.0,100.0,200.0,300.0,0.0,-300.0
Participant_469,400.0,350.0,100.0,350.0,300.0,0.0,-300.0
Participant_470,400.0,250.0,100.0,250.0,300.0,0.0,-300.0
Participant_471,400.0,375.0,100.0,175.0,300.0,200.0,-100.0
Participant_472,400.0,275.0,100.0,300.0,300.0,-25.0,-325.0
Participant_473,400.0,550.0,100.0,150.0,300.0,400.0,100.0
Participant_474,400.0,250.0,100.0,250.0,300.0,0.0,-300.0
Participant_475,400.0,300.0,100.0,250.0,300.0,50.0,-250.0
Participant_476,400.0,350.0,100.0,325.0,300.0,25.0,-275.0
Participant_477,400.0,375.0,100.0,350.0,300.0,25.0,-275.0
Participant_478,400.0,225.0,100.0,150.0,300.0,75.0,-225.0
Participant_479,400.0,100.0,100.0,100.0,300.0,0.0,-300.0
Participant_481,400.0,150.0,100.0,150.0,300.0,0.0,-300.0
Participant_482,400.0,275.0,100.0,150.0,300.0,125.0,-175.0
Participant_484,400.0,400.0,100.0,275.0,300.0,125.0,-175.0
Participant_485,400.0,300.0,100.0,275.0,300.0,25.0,-275.0
Participant_486,400.0,300.0,100.0,250.0,300.0,50.0,-250.0
Participant_487,400.0,375.0,100.0,350.0,300.0,25.0,-275.0
Participant_488,400.0,475.0,100.0,125.0,300.0,350.0,50.0
Participant_489,400.0,500.0,100.0,100.0,300.0,400.0,100.0
Participant_490,400.0,400.0,100.0,250.0,300.0,150.0,-150.0
Participant_492,400.0,250.0,100.0,250.0,300.0,0.0,-300.0
Participant_494,400.0,375.0,100.0,150.0,300.0,225.0,-75.0
Participant_495,400.0,400.0,100.0,250.0,300.0,150.0,-150.0
Participant_496,400.0,375.0,100.0,200.0,300.0,175.0,-125.0
Participant_497,400.0,175.0,100.0,125.0,300.0,50.0,-250.0
Participant_498,400.0,575.0,100.0,0.0,300.0,575.0,275.0
Participant_499,400.0,125.0,100.0,75.0,300.0,50.0,-250.0
Participant_500,400.0,200.0,100.0,200.0,300.0,0.0,-300.0
Participant_501,400.0,200.0,100.0,200.0,300.0,0.0,-300.0
Participant_502,400.0,525.0,100.0,25.0,300.0,500.0,200.0
Participant_503,400.0,375.0,100.0,250.0,300.0,125.0,-175.0
Participant_504,400.0,575.0,100.0,25.0,300.0,550.0,250.0
Participant_505,400.0,250.0,100.0,250.0,300.0,0.0,-300.0
Participant_506,400.0,550.0,100.0,0.0,300.0,550.0,250.0
Participant_507,400.0,575.0,100.0,0.0,300.0,575.0,275.0
Participant_508,400.0,200.0,100.0,100.0,300.0,100.0,-200.0
Participant_509,400.0,150.0,100.0,150.0,300.0,0.0,-300.0
Participant_510,400.0,475.0,100.0,0.0,300.0,475.0,175.0
Participant_511,400.0,200.0,100.0,175.0,300.0,25.0,-275.0
Participant_512,400.0,375.0,100.0,350.0,300.0,25.0,-275.0
Participant_513,400.0,325.0,100.0,225.0,300.0,100.0,-200.0
Participant_514,400.0,350.0,100.0,50.0,300.0,300.0,0.0
Participant_515,400.0,250.0,100.0,200.0,300.0,50.0,-250.0
Participant_516,400.0,550.0,100.0,25.0,300.0,525.0,225.0
Participant_517,400.0,425.0,100.0,225.0,300.0,200.0,-100.0
Participant_518,400.0,575.0,100.0,0.0,300.0,575.0,275.0
Participant_519,400.0,300.0,100.0,300.0,300.0,0.0,-300.0
Participant_521,400.0,350.0,100.0,325.0,300.0,25.0,-275.0
Participant_522,400.0,250.0,100.0,250.0,300.0,0.0,-300.0
Participant_524,400.0,400.0,100.0,350.0,300.0,50.0,-250.0
Participant_525,400.0,450.0,100.0,250.0,300.0,200.0,-100.0
Participant_526,400.0,275.0,100.0,150.0,300.0,125.0,-175.0
Participant_527,400.0,350.0,100.0,325.0,300.0,25.0,-275.0
Participant_528,400.0,150.0,100.0,150.0,300.0,0.0,-300.0
Participant_530,400.0,450.0,100.0,0.0,300.0,450.0,150.0
Participant_531,400.0,325.0,100.0,75.0,300.0,250.0,-50.0
Participant_532,400.0,350.0,100.0,350.0,300.0,0.0,-300.0
Participant_533,400.0,225.0,100.0,125.0,300.0,100.0,-200.0
Participant_534,400.0,250.0,100.0,250.0,300.0,0.0,-300.0
Participant_535,400.0,400.0,100.0,400.0,300.0,0.0,-300.0
Participant_536,400.0,500.0,100.0,25.0,300.0,475.0,175.0
Participant_537,400.0,525.0,100.0,25.0,300.0,500.0,200.0
Participant_538,400.0,275.0,100.0,150.0,300.0,125.0,-175.0
Participant_539,400.0,500.0,100.0,50.0,300.0,450.0,150.0
Participant_540,400.0,550.0,100.0,125.0,300.0,425.0,125.0
Participant_541,400.0,275.0,100.0,125.0,300.0,150.0,-150.0
Participant_542,400.0,525.0,100.0,0.0,300.0,525.0,225.0
Participant_543,400.0,375.0,100.0,325.0,300.0,50.0,-250.0
Participant_545,400.0,325.0,100.0,225.0,300.0,100.0,-200.0
Participant_547,400.0,550.0,100.0,25.0,300.0,525.0,225.0
Participant_548,400.0,550.0,100.0,0.0,300.0,550.0,250.0
Participant_550,400.0,225.0,100.0,150.0,300.0,75.0,-225.0
Participant_551,400.0,200.0,100.0,175.0,300.0,25.0,-275.0
Participant_553,400.0,350.0,100.0,350.0,300.0,0.0,-300.0
Participant_555,400.0,200.0,100.0,200.0,300.0,0.0,-300.0
Participant_556,400.0,250.0,100.0,250.0,300.0,0.0,-300.0
Participant_557,400.0,300.0,100.0,250.0,300.0,50.0,-250.0
Participant_558,400.0,300.0,100.0,275.0,300.0,25.0,-275.0
Participant_559,400.0,400.0,100.0,0.0,300.0,400.0,100.0
Participant_560,400.0,300.0,100.0,300.0,300.0,0.0,-300.0
Participant_561,400.0,300.0,100.0,300.0,300.0,0.0,-300.0
Participant_562,400.0,600.0,100.0,0.0,300.0,600.0,300.0
Participant_563,400.0,550.0,100.0,150.0,300.0,400.0,100.0
Participant_564,400.0,150.0,100.0,150.0,300.0,0.0,-300.0
Participant_565,400.0,150.0,100.0,150.0,300.0,0.0,-300.0
Participant_566,400.0,550.0,100.0,25.0,300.0,525.0,225.0
Participant_569,400.0,350.0,100.0,150.0,300.0,200.0,-100.0
Participant_570,400.0,350.0,100.0,225.0,300.0,125.0,-175.0
Participant_571,400.0,225.0,100.0,125.0,300.0,100.0,-200.0
Participant_572,400.0,450.0,100.0,25.0,300.0,425.0,125.0
Participant_573,400.0,200.0,100.0,200.0,300.0,0.0,-300.0
Participant_576,400.0,350.0,100.0,225.0,300.0,125.0,-175.0
Participant_577,400.0,525.0,100.0,50.0,300.0,475.0,175.0
Participant_578,400.0,500.0,100.0,125.0,300.0,375.0,75.0
Participant_579,400.0,550.0,100.0,0.0,300.0,550.0,250.0
Participant_580,400.0,600.0,100.0,0.0,300.0,600.0,300.0
Participant_581,400.0,200.0,100.0,200.0,300.0,0.0,-300.0
Participant_582,400.0,300.0,100.0,125.0,300.0,175.0,-125.0
Participant_583,400.0,575.0,100.0,25.0,300.0,550.0,250.0
Participant_584,400.0,350.0,100.0,275.0,300.0,75.0,-225.0
Participant_586,400.0,325.0,100.0,100.0,300.0,225.0,-75.0
Participant_587,400.0,450.0,100.0,25.0,300.0,425.0,125.0
Participant_588,400.0,200.0,100.0,100.0,300.0,100.0,-200.0
Participant_589,400.0,550.0,100.0,25.0,300.0,525.0,225.0
Participant_592,400.0,400.0,100.0,50.0,300.0,350.0,50.0
Participant_593,400.0,250.0,100.0,175.0,300.0,75.0,-225.0
Participant_594,400.0,550.0,100.0,0.0,300.0,550.0,250.0
Participant_595,400.0,400.0,100.0,75.0,300.0,325.0,25.0
Participant_598,400.0,525.0,100.0,0.0,300.0,525.0,225.0
Participant_599,400.0,150.0,100.0,150.0,300.0,0.0,-300.0
Participant_600,400.0,250.0,100.0,150.0,300.0,100.0,-200.0
Participant_602,400.0,550.0,100.0,0.0,300.0,550.0,250.0
Participant_604,400.0,175.0,100.0,100.0,300.0,75.0,-225.0
Participant_605,400.0,350.0,100.0,250.0,300.0,100.0,-200.0
Participant_606,400.0,125.0,100.0,75.0,300.0,50.0,-250.0
Participant_607,400.0,250.0,100.0,250.0,300.0,0.0,-300.0
Participant_608,400.0,350.0,100.0,350.0,300.0,0.0,-300.0
Participant_609,400.0,550.0,100.0,0.0,300.0,550.0,250.0
Participant_610,400.0,350.0,100.0,350.0,300.0,0.0,-300.0
Participant_611,400.0,325.0,100.0,75.0,300.0,250.0,-50.0
Participant_612,400.0,350.0,100.0,300.0,300.0,50.0,-250.0
Participant_613,400.0,300.0,100.0,225.0,300.0,75.0,-225.0
Participant_614,400.0,600.0,100.0,0.0,300.0,600.0,300.0
Participant_615,400.0,450.0,100.0,100.0,300.0,350.0,50.0
Participant_616,400.0,525.0,100.0,0.0,300.0,525.0,225.0
Participant_619,400.0,375.0,100.0,25.0,300.0,350.0,50.0
Participant_620,400.0,350.0,100.0,350.0,300.0,0.0,-300.0
Participant_621,400.0,500.0,100.0,25.0,300.0,475.0,175.0
Participant_622,400.0,150.0,100.0,75.0,300.0,75.0,-225.0
Participant_623,400.0,275.0,100.0,225.0,300.0,50.0,-250.0
Participant_625,400.0,150.0,100.0,175.0,300.0,-25.0,-325.0
Participant_626,400.0,300.0,100.0,300.0,300.0,0.0,-300.0
Participant_627,400.0,350.0,100.0,350.0,300.0,0.0,-300.0
Participant_628,400.0,350.0,100.0,350.0,300.0,0.0,-300.0
Participant_629,400.0,525.0,100.0,0.0,300.0,525.0,225.0
Participant_630,400.0,550.0,100.0,0.0,300.0,550.0,250.0
Participant_631,400.0,325.0,100.0,150.0,300.0,175.0,-125.0
Participant_632,400.0,300.0,100.0,300.0,300.0,0.0,-300.0
Participant_633,400.0,200.0,100.0,200.0,300.0,0.0,-300.0
Participant_634,400.0,400.0,100.0,400.0,300.0,0.0,-300.0
Participant_635,400.0,425.0,100.0,250.0,300.0,175.0,-125.0
Participant_636,400.0,650.0,100.0,275.0,300.0,375.0,75.0
Participant_637,400.0,100.0,100.0,100.0,300.0,0.0,-300.0
Participant_638,400.0,350.0,100.0,225.0,300.0,125.0,-175.0
Participant_639,400.0,275.0,100.0,225.0,300.0,50.0,-250.0
Participant_640,400.0,525.0,100.0,0.0,300.0,525.0,225.0
Participant_641,400.0,300.0,100.0,300.0,300.0,0.0,-300.0
Participant_642,400.0,350.0,100.0,100.0,300.0,250.0,-50.0
Participant_643,400.0,350.0,100.0,250.0,300.0,100.0,-200.0
Participant_645,400.0,500.0,100.0,0.0,300.0,500.0,200.0
Participant_646,400.0,150.0,100.0,150.0,300.0,0.0,-300.0
Participant_647,400.0,425.0,100.0,200.0,300.0,225.0,-75.0
Participant_648,400.0,350.0,100.0,350.0,300.0,0.0,-300.0
Participant_649,400.0,200.0,100.0,175.0,300.0,25.0,-275.0
Participant_650,400.0,200.0,100.0,200.0,300.0,0.0,-300.0
Participant_651,400.0,200.0,100.0,200.0,300.0,0.0,-300.0
Participant_652,400.0,200.0,100.0,200.0,300.0,0.0,-300.0
Participant_653,400.0,550.0,100.0,0.0,300.0,550.0,250.0
Participant_655,400.0,575.0,100.0,325.0,300.0,250.0,-50.0
Participant_656,400.0,250.0,100.0,100.0,300.0,150.0,-150.0
Participant_657,400.0,275.0,100.0,325.0,300.0,-50.0,-350.0
Participant_659,400.0,525.0,100.0,0.0,300.0,525.0,225.0
Participant_660,400.0,100.0,100.0,100.0,300.0,0.0,-300.0
Participant_661,400.0,225.0,100.0,125.0,300.0,100.0,-200.0
Participant_662,400.0,250.0,100.0,250.0,300.0,0.0,-300.0
Participant_663,400.0,525.0,100.0,0.0,300.0,525.0,225.0
Participant_664,400.0,550.0,100.0,0.0,300.0,550.0,250.0
Participant_665,400.0,550.0,100.0,0.0,300.0,550.0,250.0
Participant_668,400.0,625.0,100.0,0.0,300.0,625.0,325.0
Participant_670,400.0,300.0,100.0,300.0,300.0,0.0,-300.0
Participant_671,400.0,250.0,100.0,250.0,300.0,0.0,-300.0
Participant_672,400.0,525.0,100.0,25.0,300.0,500.0,200.0
Participant_673,400.0,325.0,100.0,175.0,300.0,150.0,-150.0
Participant_674,400.0,450.0,100.0,0.0,300.0,450.0,150.0
Participant_675,400.0,250.0,100.0,250.0,300.0,0.0,-300.0
Participant_676,400.0,525.0,100.0,0.0,300.0,525.0,225.0
Participant_677,400.0,425.0,100.0,275.0,300.0,150.0,-150.0
Participant_680,400.0,450.0,100.0,175.0,300.0,275.0,-25.0
Participant_682,400.0,275.0,100.0,150.0,300.0,125.0,-175.0
Participant_683,400.0,550.0,100.0,0.0,300.0,550.0,250.0
Participant_684,400.0,450.0,100.0,0.0,300.0,450.0,150.0
Participant_685,400.0,275.0,100.0,250.0,300.0,25.0,-275.0
Participant_686,400.0,200.0,100.0,200.0,300.0,0.0,-300.0
Participant_687,400.0,450.0,100.0,0.0,300.0,450.0,150.0
Participant_688,400.0,425.0,100.0,275.0,300.0,150.0,-150.0
Participant_689,400.0,475.0,100.0,25.0,300.0,450.0,150.0
Participant_690,400.0,150.0,100.0,150.0,300.0,0.0,-300.0
Participant_691,400.0,300.0,100.0,300.0,300.0,0.0,-300.0
Participant_692,400.0,400.0,100.0,50.0,300.0,350.0,50.0
Participant_695,400.0,275.0,100.0,100.0,300.0,175.0,-125.0
Participant_697,400.0,550.0,100.0,25.0,300.0,525.0,225.0
Participant_698,400.0,550.0,100.0,0.0,300.0,550.0,250.0
Participant_699,400.0,350.0,100.0,50.0,300.0,300.0,0.0
Participant_700,400.0,475.0,100.0,25.0,300.0,450.0,150.0
Participant_702,400.0,625.0,100.0,0.0,300.0,625.0,325.0
Participant_703,400.0,150.0,100.0,150.0,300.0,0.0,-300.0
Participant_704,400.0,400.0,100.0,225.0,300.0,175.0,-125.0
Participant_705,400.0,375.0,100.0,125.0,300.0,250.0,-50.0
Participant_707,400.0,350.0,100.0,0.0,300.0,350.0,50.0
Participant_708,400.0,450.0,100.0,400.0,300.0,50.0,-250.0
Participant_709,400.0,525.0,100.0,25.0,300.0,500.0,200.0
Participant_710,400.0,200.0,100.0,200.0,300.0,0.0,-300.0
Participant_711,400.0,250.0,100.0,250.0,300.0,0.0,-300.0
Participant_712,400.0,400.0,100.0,75.0,300.0,325.0,25.0
Participant_713,400.0,150.0,100.0,150.0,300.0,0.0,-300.0
Participant_714,400.0,225.0,100.0,175.0,300.0,50.0,-250.0
Participant_715,400.0,275.0,100.0,250.0,300.0,25.0,-275.0
Participant_716,400.0,600.0,100.0,0.0,300.0,600.0,300.0
Participant_717,400.0,500.0,100.0,50.0,300.0,450.0,150.0
Participant_718,400.0,425.0,100.0,275.0,300.0,150.0,-150.0
Participant_720,400.0,250.0,100.0,250.0,300.0,0.0,-300.0
Participant_721,400.0,225.0,100.0,200.0,300.0,25.0,-275.0
Participant_722,400.0,400.0,100.0,400.0,300.0,0.0,-300.0
Participant_723,400.0,500.0,100.0,100.0,300.0,400.0,100.0
Participant_724,400.0,150.0,100.0,150.0,300.0,0.0,-300.0
Participant_725,400.0,250.0,100.0,250.0,300.0,0.0,-300.0
Participant_726,400.0,300.0,100.0,300.0,300.0,0.0,-300.0
Participant_727,400.0,100.0,100.0,125.0,300.0,-25.0,-325.0
Participant_728,400.0,550.0,100.0,75.0,300.0,475.0,175.0
Participant_729,400.0,275.0,100.0,225.0,300.0,50.0,-250.0
Participant_730,400.0,400.0,100.0,325.0,300.0,75.0,-225.0
Participant_731,400.0,250.0,100.0,250.0,300.0,0.0,-300.0
Participant_732,400.0,550.0,100.0,50.0,300.0,500.0,200.0
Participant_734,400.0,425.0,100.0,75.0,300.0,350.0,50.0
Participant_735,400.0,425.0,100.0,25.0,300.0,400.0,100.0
Participant_736,400.0,575.0,100.0,250.0,300.0,325.0,25.0
Participant_737,400.0,350.0,100.0,325.0,300.0,25.0,-275.0
Participant_738,400.0,475.0,100.0,25.0,300.0,450.0,150.0
Participant_739,400.0,275.0,100.0,175.0,300.0,100.0,-200.0
Participant_740,400.0,550.0,100.0,25.0,300.0,525.0,225.0
Participant_741,400.0,125.0,100.0,100.0,300.0,25.0,-275.0
Participant_742,400.0,100.0,100.0,100.0,300.0,0.0,-300.0
Participant_743,400.0,575.0,100.0,0.0,300.0,575.0,275.0
Participant_744,400.0,475.0,100.0,25.0,300.0,450.0,150.0
Participant_745,400.0,300.0,100.0,275.0,300.0,25.0,-275.0
Participant_746,400.0,150.0,100.0,75.0,300.0,75.0,-225.0
Participant_747,400.0,150.0,100.0,150.0,300.0,0.0,-300.0
Participant_748,400.0,275.0,100.0,150.0,300.0,125.0,-175.0
Participant_749,400.0,550.0,100.0,50.0,300.0,500.0,200.0
Participant_750,400.0,350.0,100.0,75.0,300.0,275.0,-25.0
Participant_752,400.0,525.0,100.0,25.0,300.0,500.0,200.0
Participant_753,400.0,375.0,100.0,350.0,300.0,25.0,-275.0
Participant_755,400.0,150.0,100.0,150.0,300.0,0.0,-300.0
Participant_758,400.0,475.0,100.0,50.0,300.0,425.0,125.0
Participant_759,400.0,400.0,100.0,200.0,300.0,200.0,-100.0
Participant_760,400.0,150.0,100.0,125.0,300.0,25.0,-275.0
Participant_761,400.0,600.0,100.0,0.0,300.0,600.0,300.0
Participant_762,400.0,350.0,100.0,225.0,300.0,125.0,-175.0
Participant_763,400.0,450.0,100.0,175.0,300.0,275.0,-25.0
Participant_764,400.0,425.0,100.0,50.0,300.0,375.0,75.0
Participant_766,400.0,450.0,100.0,50.0,300.0,400.0,100.0
Participant_767,400.0,250.0,100.0,125.0,300.0,125.0,-175.0
Participant_768,400.0,500.0,100.0,25.0,300.0,475.0,175.0
Participant_769,400.0,300.0,100.0,300.0,300.0,0.0,-300.0
Participant_770,400.0,550.0,100.0,100.0,300.0,450.0,150.0
Participant_771,400.0,400.0,100.0,275.0,300.0,125.0,-175.0
Participant_774,400.0,200.0,100.0,150.0,300.0,50.0,-250.0
Participant_775,400.0,350.0,100.0,325.0,300.0,25.0,-275.0
Participant_777,400.0,400.0,100.0,250.0,300.0,150.0,-150.0
Participant_778,400.0,300.0,100.0,300.0,300.0,0.0,-300.0
Participant_779,400.0,400.0,100.0,350.0,300.0,50.0,-250.0
Participant_780,400.0,400.0,100.0,100.0,300.0,300.0,0.0
Participant_781,400.0,475.0,100.0,25.0,300.0,450.0,150.0
Participant_782,400.0,225.0,100.0,175.0,300.0,50.0,-250.0
Participant_783,400.0,550.0,100.0,50.0,300.0,500.0,200.0
Participant_784,400.0,250.0,100.0,250.0,300.0,0.0,-300.0
Participant_785,400.0,450.0,100.0,100.0,300.0,350.0,50.0
Participant_786,400.0,550.0,100.0,25.0,300.0,525.0,225.0
Participant_787,400.0,350.0,100.0,325.0,300.0,25.0,-275.0
Participant_788,400.0,325.0,100.0,300.0,300.0,25.0,-275.0
Participant_789,400.0,150.0,100.0,150.0,300.0,0.0,-300.0
Participant_790,400.0,550.0,100.0,25.0,300.0,525.0,225.0
Participant_791,400.0,400.0,100.0,0.0,300.0,400.0,100.0
Participant_792,400.0,375.0,100.0,200.0,300.0,175.0,-125.0
Participant_793,400.0,500.0,100.0,50.0,300.0,450.0,150.0
Participant_794,400.0,250.0,100.0,250.0,300.0,0.0,-300.0
Participant_795,400.0,475.0,100.0,25.0,300.0,450.0,150.0
Participant_796,400.0,450.0,100.0,225.0,300.0,225.0,-75.0
Participant_797,400.0,300.0,100.0,250.0,300.0,50.0,-250.0
Participant_798,400.0,250.0,100.0,225.0,300.0,25.0,-275.0
Participant_799,400.0,275.0,100.0,275.0,300.0,0.0,-300.0
Participant_801,400.0,500.0,100.0,0.0,300.0,500.0,200.0
Participant_802,400.0,100.0,100.0,100.0,300.0,0.0,-300.0
Participant_803,400.0,600.0,100.0,0.0,300.0,600.0,300.0
Participant_804,400.0,475.0,100.0,25.0,300.0,450.0,150.0
Participant_805,400.0,150.0,100.0,150.0,300.0,0.0,-300.0
Participant_807,400.0,125.0,100.0,100.0,300.0,25.0,-275.0
Participant_808,400.0,425.0,100.0,300.0,300.0,125.0,-175.0
Participant_810,400.0,525.0,100.0,50.0,300.0,475.0,175.0
Participant_811,400.0,375.0,100.0,200.0,300.0,175.0,-125.0
Participant_812,400.0,150.0,100.0,150.0,300.0,0.0,-300.0
Participant_813,400.0,525.0,100.0,50.0,300.0,475.0,175.0
Participant_814,400.0,350.0,100.0,300.0,300.0,50.0,-250.0
Participant_815,400.0,350.0,100.0,350.0,300.0,0.0,-300.0
Participant_816,400.0,350.0,100.0,350.0,300.0,0.0,-300.0
Participant_817,400.0,475.0,100.0,150.0,300.0,325.0,25.0
Participant_819,400.0,300.0,100.0,300.0,300.0,0.0,-300.0
Participant_820,400.0,150.0,100.0,150.0,300.0,0.0,-300.0
Participant_821,400.0,500.0,100.0,25.0,300.0,475.0,175.0
Participant_822,400.0,400.0,100.0,400.0,300.0,0.0,-300.0
Participant_823,400.0,275.0,100.0,125.0,300.0,150.0,-150.0
Participant_824,400.0,100.0,100.0,100.0,300.0,0.0,-300.0
Participant_825,400.0,475.0,100.0,200.0,300.0,275.0,-25.0
Participant_826,400.0,300.0,100.0,250.0,300.0,50.0,-250.0
Participant_827,400.0,325.0,100.0,100.0,300.0,225.0,-75.0
Participant_828,400.0,250.0,100.0,250.0,300.0,0.0,-300.0
Participant_829,400.0,225.0,100.0,150.0,300.0,75.0,-225.0
Participant_830,400.0,425.0,100.0,250.0,300.0,175.0,-125.0
Participant_831,400.0,325.0,100.0,200.0,300.0,125.0,-175.0
Participant_832,400.0,200.0,100.0,200.0,300.0,0.0,-300.0
Participant_833,400.0,400.0,100.0,400.0,300.0,0.0,-300.0
Participant_836,400.0,575.0,100.0,75.0,300.0,500.0,200.0
Participant_837,400.0,125.0,100.0,100.0,300.0,25.0,-275.0
Participant_838,400.0,350.0,100.0,250.0,300.0,100.0,-200.0
Participant_839,400.0,500.0,100.0,25.0,300.0,475.0,175.0
Participant_840,400.0,350.0,100.0,350.0,300.0,0.0,-300.0
Participant_841,400.0,250.0,100.0,275.0,300.0,-25.0,-325.0
Participant_842,400.0,575.0,100.0,125.0,300.0,450.0,150.0
Participant_844,400.0,525.0,100.0,0.0,300.0,525.0,225.0
Participant_845,400.0,500.0,100.0,0.0,300.0,500.0,200.0
Participant_846,400.0,150.0,100.0,100.0,300.0,50.0,-250.0
Participant_847,400.0,300.0,100.0,100.0,300.0,200.0,-100.0
Participant_849,400.0,575.0,100.0,0.0,300.0,575.0,275.0
Participant_850,400.0,300.0,100.0,225.0,300.0,75.0,-225.0
Participant_851,400.0,525.0,100.0,25.0,300.0,500.0,200.0
Participant_852,400.0,400.0,100.0,225.0,300.0,175.0,-125.0
Participant_853,400.0,150.0,100.0,150.0,300.0,0.0,-300.0
Participant_854,400.0,300.0,100.0,300.0,300.0,0.0,-300.0
Participant_855,400.0,350.0,100.0,350.0,300.0,0.0,-300.0
Participant_856,400.0,300.0,100.0,300.0,300.0,0.0,-300.0
Participant_857,400.0,100.0,100.0,100.0,300.0,0.0,-300.0
Participant_860,400.0,350.0,100.0,100.0,300.0,250.0,-50.0
Participant_861,400.0,225.0,100.0,200.0,300.0,25.0,-275.0
Participant_862,400.0,375.0,100.0,125.0,300.0,250.0,-50.0
Participant_863,400.0,100.0,100.0,100.0,300.0,0.0,-300.0
Participant_864,400.0,250.0,100.0,175.0,300.0,75.0,-225.0
Participant_865,400.0,275.0,100.0,25.0,300.0,250.0,-50.0
Participant_866,400.0,575.0,100.0,0.0,300.0,575.0,275.0
Participant_867,400.0,350.0,100.0,375.0,300.0,-25.0,-325.0
Participant_868,400.0,275.0,100.0,325.0,300.0,-50.0,-350.0
Participant_869,400.0,525.0,100.0,175.0,300.0,350.0,50.0
Participant_870,400.0,575.0,100.0,100.0,300.0,475.0,175.0
Participant_873,400.0,200.0,100.0,200.0,300.0,0.0,-300.0
Participant_875,400.0,625.0,100.0,0.0,300.0,625.0,325.0
Participant_877,400.0,575.0,100.0,0.0,300.0,575.0,275.0
Participant_878,400.0,325.0,100.0,300.0,300.0,25.0,-275.0
Participant_880,400.0,400.0,100.0,400.0,300.0,0.0,-300.0
Participant_882,400.0,500.0,100.0,150.0,300.0,350.0,50.0
Participant_883,400.0,350.0,100.0,275.0,300.0,75.0,-225.0
Participant_884,400.0,400.0,100.0,275.0,300.0,125.0,-175.0
Participant_885,400.0,250.0,100.0,250.0,300.0,0.0,-300.0
Participant_886,400.0,550.0,100.0,100.0,300.0,450.0,150.0
Participant_887,400.0,400.0,100.0,75.0,300.0,325.0,25.0
Participant_888,400.0,350.0,100.0,325.0,300.0,25.0,-275.0
Participant_889,400.0,550.0,100.0,0.0,300.0,550.0,250.0
Participant_890,400.0,575.0,100.0,150.0,300.0,425.0,125.0
Participant_891,400.0,575.0,100.0,0.0,300.0,575.0,275.0
Participant_892,400.0,575.0,100.0,0.0,300.0,575.0,275.0
Participant_893,400.0,400.0,100.0,375.0,300.0,25.0,-275.0
Participant_894,400.0,625.0,100.0,125.0,300.0,500.0,200.0
Participant_896,400.0,225.0,100.0,150.0,300.0,75.0,-225.0
Participant_898,400.0,425.0,100.0,375.0,300.0,50.0,-250.0
Participant_900,400.0,325.0,100.0,200.0,300.0,125.0,-175.0
Participant_901,400.0,400.0,100.0,350.0,300.0,50.0,-250.0
Participant_902,400.0,350.0,100.0,350.0,300.0,0.0,-300.0
Participant_903,400.0,500.0,100.0,25.0,300.0,475.0,175.0
Participant_904,400.0,150.0,100.0,150.0,300.0,0.0,-300.0
Participant_905,400.0,575.0,100.0,0.0,300.0,575.0,275.0
Participant_906,400.0,275.0,100.0,175.0,300.0,100.0,-200.0
Participant_907,400.0,325.0,100.0,100.0,300.0,225.0,-75.0
Participant_908,400.0,250.0,100.0,250.0,300.0,0.0,-300.0
Participant_909,400.0,400.0,100.0,125.0,300.0,275.0,-25.0
Participant_911,400.0,400.0,100.0,250.0,300.0,150.0,-150.0
Participant_912,400.0,400.0,100.0,300.0,300.0,100.0,-200.0
Participant_914,400.0,525.0,100.0,0.0,300.0,525.0,225.0
Participant_915,400.0,400.0,100.0,275.0,300.0,125.0,-175.0
Participant_916,400.0,250.0,100.0,175.0,300.0,75.0,-225.0
Participant_917,400.0,250.0,100.0,175.0,300.0,75.0,-225.0
Participant_919,400.0,150.0,100.0,75.0,300.0,75.0,-225.0
Participant_921,400.0,350.0,100.0,50.0,300.0,300.0,0.0
Participant_922,400.0,275.0,100.0,250.0,300.0,25.0,-275.0
Participant_923,400.0,400.0,100.0,150.0,300.0,250.0,-50.0
Participant_924,400.0,350.0,100.0,225.0,300.0,125.0,-175.0
Participant_925,400.0,575.0,100.0,0.0,300.0,575.0,275.0
Participant_926,400.0,450.0,100.0,0.0,300.0,450.0,150.0
Participant_927,400.0,225.0,100.0,200.0,300.0,25.0,-275.0
Participant_928,400.0,550.0,100.0,100.0,300.0,450.0,150.0
Participant_929,400.0,250.0,100.0,200.0,300.0,50.0,-250.0
Participant_930,400.0,225.0,100.0,250.0,300.0,-25.0,-325.0
Participant_931,400.0,225.0,100.0,250.0,300.0,-25.0,-325.0
Participant_933,400.0,200.0,100.0,175.0,300.0,25.0,-275.0
Participant_934,400.0,400.0,100.0,300.0,300.0,100.0,-200.0
Participant_935,400.0,400.0,100.0,100.0,300.0,300.0,0.0
Participant_937,400.0,350.0,100.0,275.0,300.0,75.0,-225.0
Participant_938,400.0,400.0,100.0,400.0,300.0,0.0,-300.0
Participant_939,400.0,475.0,100.0,50.0,300.0,425.0,125.0
Participant_941,400.0,275.0,100.0,225.0,300.0,50.0,-250.0
Participant_942,400.0,100.0,100.0,100.0,300.0,0.0,-300.0
Participant_943,400.0,200.0,100.0,200.0,300.0,0.0,-300.0
Participant_946,400.0,275.0,100.0,250.0,300.0,25.0,-275.0
Participant_947,400.0,350.0,100.0,350.0,300.0,0.0,-300.0
Participant_948,400.0,575.0,100.0,0.0,300.0,575.0,275.0
Participant_949,400.0,550.0,100.0,300.0,300.0,250.0,-50.0
Participant_950,400.0,275.0,100.0,0.0,300.0,275.0,-25.0
Participant_951,400.0,600.0,100.0,0.0,300.0,600.0,300.0
Participant_953,400.0,575.0,100.0,300.0,300.0,275.0,-25.0
Participant_954,400.0,350.0,100.0,100.0,300.0,250.0,-50.0
Participant_955,400.0,275.0,100.0,275.0,300.0,0.0,-300.0
Participant_956,400.0,425.0,100.0,75.0,300.0,350.0,50.0
Participant_958,400.0,325.0,100.0,125.0,300.0,200.0,-100.0
Participant_959,400.0,400.0,100.0,400.0,300.0,0.0,-300.0
Participant_960,400.0,350.0,100.0,175.0,300.0,175.0,-125.0
Participant_961,400.0,275.0,100.0,250.0,300.0,25.0,-275.0
Participant_964,400.0,525.0,100.0,0.0,300.0,525.0,225.0
Participant_967,400.0,450.0,100.0,25.0,300.0,425.0,125.0
Participant_968,400.0,475.0,100.0,50.0,300.0,425.0,125.0
Participant_970,400.0,350.0,100.0,350.0,300.0,0.0,-300.0
Participant_971,400.0,525.0,100.0,0.0,300.0,525.0,225.0
Participant_972,400.0,400.0,100.0,375.0,300.0,25.0,-275.0
Participant_973,400.0,200.0,100.0,200.0,300.0,0.0,-300.0
Participant_974,400.0,375.0,100.0,200.0,300.0,175.0,-125.0
Participant_976,400.0,150.0,100.0,150.0,300.0,0.0,-300.0
Participant_978,400.0,400.0,100.0,125.0,300.0,275.0,-25.0
Participant_979,400.0,200.0,100.0,200.0,300.0,0.0,-300.0
Participant_980,400.0,575.0,100.0,0.0,300.0,575.0,275.0
Participant_981,400.0,375.0,100.0,125.0,300.0,250.0,-50.0
Participant_982,400.0,375.0,100.0,325.0,300.0,50.0,-250.0
Participant_983,400.0,250.0,100.0,100.0,300.0,150.0,-150.0
Participant_984,400.0,150.0,100.0,150.0,300.0,0.0,-300.0
Participant_985,400.0,500.0,100.0,25.0,300.0,475.0,175.0
Participant_986,400.0,450.0,100.0,0.0,300.0,450.0,150.0
Participant_987,400.0,625.0,100.0,0.0,300.0,625.0,325.0
Participant_988,400.0,300.0,100.0,200.0,300.0,100.0,-200.0
Participant_989,400.0,250.0,100.0,250.0,300.0,0.0,-300.0
Participant_990,400.0,325.0,100.0,200.0,300.0,125.0,-175.0
Participant_991,400.0,250.0,100.0,250.0,300.0,0.0,-300.0
Participant_992,400.0,325.0,100.0,175.0,300.0,150.0,-150.0
Participant_993,400.0,325.0,100.0,250.0,300.0,75.0,-225.0
Participant_994,400.0,500.0,100.0,125.0,300.0,375.0,75.0
Participant_995,400.0,200.0,100.0,175.0,300.0,25.0,-275.0
Participant_996,400.0,400.0,100.0,400.0,300.0,0.0,-300.0
Participant_998,400.0,300.0,100.0,175.0,300.0,125.0,-175.0
Participant_999,400.0,175.0,100.0,125.0,300.0,50.0,-250.0
Participant_1000,400.0,375.0,100.0,75.0,300.0,300.0,0.0
Participant_1001,400.0,300.0,100.0,275.0,300.0,25.0,-275.0
Participant_1002,400.0,225.0,100.0,75.0,300.0,150.0,-150.0
Participant_1003,400.0,225.0,100.0,150.0,300.0,75.0,-225.0
Participant_1004,400.0,550.0,100.0,25.0,300.0,525.0,225.0
Participant_1005,400.0,125.0,100.0,100.0,300.0,25.0,-275.0
Participant_1007,400.0,475.0,100.0,0.0,300.0,475.0,175.0
Participant_1008,400.0,300.0,100.0,300.0,300.0,0.0,-300.0
Participant_1009,400.0,250.0,100.0,250.0,300.0,0.0,-300.0
Participant_1010,400.0,325.0,100.0,325.0,300.0,0.0,-300.0
Participant_1012,400.0,350.0,100.0,225.0,300.0,125.0,-175.0
Participant_1013,400.0,175.0,100.0,150.0,300.0,25.0,-275.0
Participant_1014,400.0,425.0,100.0,50.0,300.0,375.0,75.0
Participant_1015,400.0,500.0,100.0,25.0,300.0,475.0,175.0
Participant_1016,400.0,525.0,100.0,0.0,300.0,525.0,225.0
Participant_1017,400.0,350.0,100.0,175.0,300.0,175.0,-125.0
Participant_1018,400.0,550.0,100.0,0.0,300.0,550.0,250.0
Participant_1019,400.0,550.0,100.0,175.0,300.0,375.0,75.0
Participant_1020,400.0,350.0,100.0,350.0,300.0,0.0,-300.0
Participant_1021,400.0,200.0,100.0,200.0,300.0,0.0,-300.0
Participant_1022,400.0,100.0,100.0,100.0,300.0,0.0,-300.0
Participant_1023,400.0,525.0,100.0,0.0,300.0,525.0,225.0
Participant_1025,400.0,400.0,100.0,150.0,300.0,250.0,-50.0
Participant_1026,400.0,275.0,100.0,0.0,300.0,275.0,-25.0
Participant_1027,400.0,350.0,100.0,350.0,300.0,0.0,-300.0
Participant_1028,400.0,450.0,100.0,0.0,300.0,450.0,150.0
Participant_1029,400.0,250.0,100.0,200.0,300.0,50.0,-250.0
Participant_1030,400.0,575.0,100.0,0.0,300.0,575.0,275.0
Participant_1031,400.0,275.0,100.0,100.0,300.0,175.0,-125.0
Participant_1032,400.0,325.0,100.0,325.0,300.0,0.0,-300.0
Participant_1033,400.0,200.0,100.0,150.0,300.0,50.0,-250.0
Participant_1034,400.0,575.0,100.0,0.0,300.0,575.0,275.0
Participant_1035,400.0,350.0,100.0,25.0,300.0,325.0,25.0
Participant_1036,400.0,300.0,100.0,225.0,300.0,75.0,-225.0
Participant_1038,400.0,350.0,100.0,125.0,300.0,225.0,-75.0
Participant_1039,400.0,600.0,100.0,0.0,300.0,600.0,300.0
Participant_1041,400.0,525.0,100.0,50.0,300.0,475.0,175.0
Participant_1042,400.0,150.0,100.0,150.0,300.0,0.0,-300.0
Participant_1043,400.0,225.0,100.0,125.0,300.0,100.0,-200.0
Participant_1044,400.0,325.0,100.0,50.0,300.0,275.0,-25.0
Participant_1045,400.0,600.0,100.0,0.0,300.0,600.0,300.0
Participant_1047,400.0,250.0,100.0,225.0,300.0,25.0,-275.0
Participant_1048,400.0,525.0,100.0,50.0,300.0,475.0,175.0
Participant_1049,400.0,350.0,100.0,200.0,300.0,150.0,-150.0
Participant_1050,400.0,300.0,100.0,300.0,300.0,0.0,-300.0
Participant_1051,400.0,475.0,100.0,250.0,300.0,225.0,-75.0
Participant_1052,400.0,525.0,100.0,50.0,300.0,475.0,175.0
Participant_1053,400.0,250.0,100.0,250.0,300.0,0.0,-300.0
Participant_1054,400.0,250.0,100.0,250.0,300.0,0.0,-300.0
Participant_1055,400.0,200.0,100.0,200.0,300.0,0.0,-300.0
Participant_1057,400.0,150.0,100.0,125.0,300.0,25.0,-275.0
Participant_1058,400.0,350.0,100.0,225.0,300.0,125.0,-175.0
Participant_1059,400.0,550.0,100.0,0.0,300.0,550.0,250.0
Participant_1060,400.0,400.0,100.0,400.0,300.0,0.0,-300.0
Participant_1062,400.0,525.0,100.0,0.0,300.0,525.0,225.0
Participant_1063,400.0,350.0,100.0,350.0,300.0,0.0,-300.0
Participant_1064,400.0,500.0,100.0,75.0,300.0,425.0,125.0
Participant_1065,400.0,475.0,100.0,125.0,300.0,350.0,50.0
Participant_1067,400.0,350.0,100.0,0.0,300.0,350.0,50.0
Participant_1069,400.0,575.0,100.0,25.0,300.0,550.0,250.0
Participant_1070,400.0,600.0,100.0,0.0,300.0,600.0,300.0
Participant_1072,400.0,525.0,100.0,325.0,300.0,200.0,-100.0
Participant_1073,400.0,200.0,100.0,200.0,300.0,0.0,-300.0
Participant_1074,400.0,275.0,100.0,275.0,300.0,0.0,-300.0
Participant_1075,400.0,425.0,100.0,125.0,300.0,300.0,0.0
Participant_1076,400.0,175.0,100.0,150.0,300.0,25.0,-275.0
Participant_1077,400.0,425.0,100.0,0.0,300.0,425.0,125.0
Participant_1078,400.0,275.0,100.0,75.0,300.0,200.0,-100.0
Participant_1079,400.0,100.0,100.0,100.0,300.0,0.0,-300.0
Participant_1080,400.0,400.0,100.0,400.0,300.0,0.0,-300.0
Participant_1081,400.0,400.0,100.0,400.0,300.0,0.0,-300.0
Participant_1083,400.0,500.0,100.0,0.0,300.0,500.0,200.0
Participant_1084,400.0,275.0,100.0,175.0,300.0,100.0,-200.0
Participant_1086,400.0,350.0,100.0,150.0,300.0,200.0,-100.0
Participant_1087,400.0,575.0,100.0,0.0,300.0,575.0,275.0
Participant_1088,400.0,225.0,100.0,200.0,300.0,25.0,-275.0
Participant_1089,400.0,175.0,100.0,125.0,300.0,50.0,-250.0
Participant_1090,400.0,600.0,100.0,0.0,300.0,600.0,300.0
Participant_1091,400.0,375.0,100.0,50.0,300.0,325.0,25.0
Participant_1092,400.0,375.0,100.0,225.0,300.0,150.0,-150.0
Participant_1093,400.0,350.0,100.0,350.0,300.0,0.0,-300.0
Participant_1094,400.0,225.0,100.0,75.0,300.0,150.0,-150.0
Participant_1095,400.0,400.0,100.0,400.0,300.0,0.0,-300.0
Participant_1097,400.0,100.0,100.0,100.0,300.0,0.0,-300.0
Participant_1098,400.0,575.0,100.0,0.0,300.0,575.0,275.0
Participant_1099,400.0,375.0,100.0,225.0,300.0,150.0,-150.0
Participant_1100,400.0,550.0,100.0,100.0,300.0,450.0,150.0
Participant_1103,400.0,425.0,100.0,325.0,300.0,100.0,-200.0
Participant_1104,400.0,175.0,100.0,150.0,300.0,25.0,-275.0
Participant_1107,400.0,550.0,100.0,125.0,300.0,425.0,125.0
Participant_1108,400.0,250.0,100.0,250.0,300.0,0.0,-300.0
Participant_1109,400.0,150.0,100.0,150.0,300.0,0.0,-300.0
Participant_1110,400.0,450.0,100.0,0.0,300.0,450.0,150.0
Participant_1111,400.0,300.0,100.0,275.0,300.0,25.0,-275.0
Participant_1113,400.0,300.0,100.0,300.0,300.0,0.0,-300.0
Participant_1114,400.0,200.0,100.0,125.0,300.0,75.0,-225.0
Participant_1115,400.0,600.0,100.0,25.0,300.0,575.0,275.0
Participant_1117,400.0,300.0,100.0,75.0,300.0,225.0,-75.0
Participant_1118,400.0,150.0,100.0,150.0,300.0,0.0,-300.0
Participant_1119,400.0,325.0,100.0,200.0,300.0,125.0,-175.0
Participant_1120,400.0,425.0,100.0,0.0,300.0,425.0,125.0
Participant_1121,400.0,250.0,100.0,250.0,300.0,0.0,-300.0
Participant_1122,400.0,425.0,100.0,175.0,300.0,250.0,-50.0
Participant_1124,400.0,250.0,100.0,200.0,300.0,50.0,-250.0
Participant_1125,400.0,375.0,100.0,25.0,300.0,350.0,50.0
Participant_1126,400.0,225.0,100.0,150.0,300.0,75.0,-225.0
Participant_1127,400.0,125.0,100.0,100.0,300.0,25.0,-275.0
Participant_1128,400.0,475.0,100.0,75.0,300.0,400.0,100.0
Participant_1129,400.0,350.0,100.0,150.0,300.0,200.0,-100.0
Participant_1130,400.0,175.0,100.0,150.0,300.0,25.0,-275.0
Participant_1131,400.0,575.0,100.0,50.0,300.0,525.0,225.0
Participant_1132,400.0,375.0,100.0,300.0,300.0,75.0,-225.0
Participant_1133,400.0,300.0,100.0,300.0,300.0,0.0,-300.0
Participant_1134,400.0,250.0,100.0,250.0,300.0,0.0,-300.0
Participant_1135,400.0,250.0,100.0,200.0,300.0,50.0,-250.0
Participant_1136,400.0,575.0,100.0,0.0,300.0,575.0,275.0
Participant_1137,400.0,100.0,100.0,100.0,300.0,0.0,-300.0
Participant_1138,400.0,200.0,100.0,200.0,300.0,0.0,-300.0
Participant_1139,400.0,300.0,100.0,300.0,300.0,0.0,-300.0
Participant_1140,400.0,500.0,100.0,200.0,300.0,300.0,0.0
Participant_1141,400.0,400.0,100.0,300.0,300.0,100.0,-200.0
Participant_1142,400.0,575.0,100.0,275.0,300.0,300.0,0.0
Participant_1143,400.0,275.0,100.0,250.0,300.0,25.0,-275.0
Participant_1144,400.0,175.0,100.0,175.0,300.0,0.0,-300.0
Participant_1145,400.0,350.0,100.0,325.0,300.0,25.0,-275.0
Participant_1147,400.0,375.0,100.0,250.0,300.0,125.0,-175.0
Participant_1149,400.0,550.0,100.0,50.0,300.0,500.0,200.0
Participant_1150,400.0,200.0,100.0,200.0,300.0,0.0,-300.0
Participant_1151,400.0,550.0,100.0,75.0,300.0,475.0,175.0
Participant_1152,400.0,150.0,100.0,125.0,300.0,25.0,-275.0
Participant_1153,400.0,325.0,100.0,225.0,300.0,100.0,-200.0
Participant_1154,400.0,400.0,100.0,350.0,300.0,50.0,-250.0
Participant_1155,400.0,225.0,100.0,250.0,300.0,-25.0,-325.0
Participant_1157,400.0,425.0,100.0,175.0,300.0,250.0,-50.0
Participant_1158,400.0,100.0,100.0,100.0,300.0,0.0,-300.0
Participant_1159,400.0,200.0,100.0,200.0,300.0,0.0,-300.0
Participant_1160,400.0,275.0,100.0,250.0,300.0,25.0,-275.0
Participant_1161,400.0,550.0,100.0,0.0,300.0,550.0,250.0
Participant_1162,400.0,525.0,100.0,0.0,300.0,525.0,225.0
Participant_1163,400.0,275.0,100.0,50.0,300.0,225.0,-75.0
Participant_1165,400.0,225.0,100.0,175.0,300.0,50.0,-250.0
Participant_1166,400.0,400.0,100.0,0.0,300.0,400.0,100.0
Participant_1167,400.0,575.0,100.0,0.0,300.0,575.0,275.0
Participant_1168,400.0,375.0,100.0,250.0,300.0,125.0,-175.0
Participant_1169,400.0,275.0,100.0,75.0,300.0,200.0,-100.0
Participant_1171,400.0,525.0,100.0,0.0,300.0,525.0,225.0
Participant_1172,400.0,550.0,100.0,0.0,300.0,550.0,250.0
Participant_1173,400.0,600.0,100.0,0.0,300.0,600.0,300.0
Participant_1174,400.0,625.0,100.0,0.0,300.0,625.0,325.0
Participant_1175,400.0,500.0,100.0,50.0,300.0,450.0,150.0
Participant_1177,400.0,500.0,100.0,0.0,300.0,500.0,200.0
Participant_1179,400.0,400.0,100.0,25.0,300.0,375.0,75.0
Participant_1180,400.0,250.0,100.0,250.0,300.0,0.0,-300.0
Participant_1181,400.0,450.0,100.0,100.0,300.0,350.0,50.0
Participant_1182,400.0,325.0,100.0,275.0,300.0,50.0,-250.0
Participant_1184,400.0,375.0,100.0,100.0,300.0,275.0,-25.0
Participant_1185,400.0,300.0,100.0,300.0,300.0,0.0,-300.0
Participant_1186,400.0,575.0,100.0,0.0,300.0,575.0,275.0
Participant_1187,400.0,300.0,100.0,300.0,300.0,0.0,-300.0
Participant_1188,400.0,275.0,100.0,150.0,300.0,125.0,-175.0
Participant_1189,400.0,100.0,100.0,100.0,300.0,0.0,-300.0
Participant_1190,400.0,300.0,100.0,300.0,300.0,0.0,-300.0
Participant_1191,400.0,200.0,100.0,200.0,300.0,0.0,-300.0
Participant_1193,400.0,250.0,100.0,250.0,300.0,0.0,-300.0
Participant_1194,400.0,350.0,100.0,325.0,300.0,25.0,-275.0
Participant_1195,400.0,250.0,100.0,200.0,300.0,50.0,-250.0
Participant_1198,400.0,225.0,100.0,125.0,300.0,100.0,-200.0
Participant_1199,400.0,550.0,100.0,0.0,300.0,550.0,250.0
Participant_1200,400.0,375.0,100.0,200.0,300.0,175.0,-125.0
Participant_1201,400.0,550.0,100.0,0.0,300.0,550.0,250.0
Participant_1203,400.0,450.0,100.0,150.0,300.0,300.0,0.0
Participant_1204,400.0,525.0,100.0,25.0,300.0,500.0,200.0
Participant_1206,400.0,225.0,100.0,150.0,300.0,75.0,-225.0
Participant_1207,400.0,400.0,100.0,350.0,300.0,50.0,-250.0
Participant_1208,400.0,275.0,100.0,75.0,300.0,200.0,-100.0
Participant_1209,400.0,250.0,100.0,275.0,300.0,-25.0,-325.0
Participant_1210,400.0,200.0,100.0,150.0,300.0,50.0,-250.0
Participant_1211,400.0,225.0,100.0,225.0,300.0,0.0,-300.0
Participant_1212,400.0,400.0,100.0,400.0,300.0,0.0,-300.0
Participant_1213,400.0,600.0,100.0,0.0,300.0,600.0,300.0
Participant_1215,400.0,525.0,100.0,25.0,300.0,500.0,200.0
Participant_1216,400.0,250.0,100.0,150.0,300.0,100.0,-200.0
Participant_1217,400.0,250.0,100.0,250.0,300.0,0.0,-300.0
Participant_1219,400.0,425.0,100.0,225.0,300.0,200.0,-100.0
Participant_1220,400.0,600.0,100.0,0.0,300.0,600.0,300.0
Participant_1221,400.0,125.0,100.0,100.0,300.0,25.0,-275.0
Participant_1222,400.0,150.0,100.0,150.0,300.0,0.0,-300.0
Participant_1224,400.0,325.0,100.0,200.0,300.0,125.0,-175.0
Participant_1225,400.0,225.0,100.0,125.0,300.0,100.0,-200.0
Participant_1226,400.0,300.0,100.0,100.0,300.0,200.0,-100.0
Participant_1227,400.0,150.0,100.0,150.0,300.0,0.0,-300.0
Participant_1228,400.0,225.0,100.0,125.0,300.0,100.0,-200.0
Participant_1229,400.0,350.0,100.0,225.0,300.0,125.0,-175.0
Participant_1230,400.0,300.0,100.0,300.0,300.0,0.0,-300.0
Participant_1231,400.0,525.0,100.0,0.0,300.0,525.0,225.0
Participant_1233,400.0,200.0,100.0,150.0,300.0,50.0,-250.0
Participant_1234,400.0,200.0,100.0,100.0,300.0,100.0,-200.0
Participant_1235,400.0,600.0,100.0,0.0,300.0,600.0,300.0
Participant_1236,400.0,400.0,100.0,400.0,300.0,0.0,-300.0
Participant_1238,400.0,350.0,100.0,300.0,300.0,50.0,-250.0
Participant_1239,400.0,575.0,100.0,0.0,300.0,575.0,275.0
Participant_1240,400.0,500.0,100.0,0.0,300.0,500.0,200.0
Participant_1241,400.0,425.0,100.0,250.0,300.0,175.0,-125.0
Participant_1242,400.0,300.0,100.0,300.0,300.0,0.0,-300.0
Participant_1243,400.0,350.0,100.0,175.0,300.0,175.0,-125.0
Participant_1244,400.0,200.0,100.0,75.0,300.0,125.0,-175.0
Participant_1245,400.0,450.0,100.0,75.0,300.0,375.0,75.0
Participant_1246,400.0,175.0,100.0,100.0,300.0,75.0,-225.0
Participant_1247,400.0,500.0,100.0,50.0,300.0,450.0,150.0
Participant_1248,400.0,375.0,100.0,275.0,300.0,100.0,-200.0
Participant_1249,400.0,450.0,100.0,300.0,300.0,150.0,-150.0
Participant_1251,400.0,300.0,100.0,300.0,300.0,0.0,-300.0
Participant_1252,400.0,550.0,100.0,100.0,300.0,450.0,150.0
Participant_1253,400.0,325.0,100.0,325.0,300.0,0.0,-300.0
Participant_1254,400.0,100.0,100.0,100.0,300.0,0.0,-300.0
Participant_1255,400.0,250.0,100.0,175.0,300.0,75.0,-225.0
Participant_1258,400.0,450.0,100.0,175.0,300.0,275.0,-25.0
Participant_1261,400.0,175.0,100.0,150.0,300.0,25.0,-275.0
Participant_1262,400.0,500.0,100.0,0.0,300.0,500.0,200.0
Participant_1264,400.0,275.0,100.0,100.0,300.0,175.0,-125.0
Participant_1265,400.0,300.0,100.0,125.0,300.0,175.0,-125.0
Participant_1267,400.0,300.0,100.0,200.0,300.0,100.0,-200.0
Participant_1268,400.0,425.0,100.0,0.0,300.0,425.0,125.0
Participant_1269,400.0,150.0,100.0,150.0,300.0,0.0,-300.0
Participant_1270,400.0,375.0,100.0,375.0,300.0,0.0,-300.0
Participant_1271,400.0,375.0,100.0,0.0,300.0,375.0,75.0
Participant_1272,400.0,300.0,100.0,300.0,300.0,0.0,-300.0
Participant_1273,400.0,200.0,100.0,200.0,300.0,0.0,-300.0
Participant_1274,400.0,275.0,100.0,250.0,300.0,25.0,-275.0
Participant_1275,400.0,400.0,100.0,275.0,300.0,125.0,-175.0
Participant_1276,400.0,450.0,100.0,75.0,300.0,375.0,75.0
Participant_1277,400.0,575.0,100.0,0.0,300.0,575.0,275.0
Participant_1278,400.0,325.0,100.0,350.0,300.0,-25.0,-325.0
Participant_1279,400.0,525.0,100.0,0.0,300.0,525.0,225.0
Participant_1282,400.0,200.0,100.0,200.0,300.0,0.0,-300.0
Participant_1283,400.0,600.0,100.0,0.0,300.0,600.0,300.0
Participant_1284,400.0,350.0,100.0,350.0,300.0,0.0,-300.0
Participant_1286,400.0,150.0,100.0,150.0,300.0,0.0,-300.0
Participant_1288,400.0,400.0,100.0,150.0,300.0,250.0,-50.0
Participant_1289,400.0,375.0,100.0,275.0,300.0,100.0,-200.0
Participant_1290,400.0,200.0,100.0,175.0,300.0,25.0,-275.0
Participant_1291,400.0,200.0,100.0,200.0,300.0,0.0,-300.0
Participant_1292,400.0,425.0,100.0,0.0,300.0,425.0,125.0
Participant_1293,400.0,275.0,100.0,125.0,300.0,150.0,-150.0
Participant_1294,400.0,400.0,100.0,400.0,300.0,0.0,-300.0
Participant_1295,400.0,275.0,100.0,50.0,300.0,225.0,-75.0
Participant_1296,400.0,200.0,100.0,200.0,300.0,0.0,-300.0
Participant_1298,400.0,250.0,100.0,275.0,300.0,-25.0,-325.0
Participant_1300,400.0,425.0,100.0,325.0,300.0,100.0,-200.0
Participant_1301,400.0,325.0,100.0,250.0,300.0,75.0,-225.0
Participant_1302,400.0,475.0,100.0,125.0,300.0,350.0,50.0
Participant_1303,400.0,300.0,100.0,250.0,300.0,50.0,-250.0
Participant_1304,400.0,150.0,100.0,175.0,300.0,-25.0,-325.0
Participant_1306,400.0,250.0,100.0,225.0,300.0,25.0,-275.0
Participant_1307,400.0,150.0,100.0,75.0,300.0,75.0,-225.0
Participant_1308,400.0,500.0,100.0,125.0,300.0,375.0,75.0
Participant_1309,400.0,300.0,100.0,300.0,300.0,0.0,-300.0
Participant_1310,400.0,300.0,100.0,250.0,300.0,50.0,-250.0
Participant_1311,400.0,375.0,100.0,350.0,300.0,25.0,-275.0
Participant_1312,400.0,400.0,100.0,25.0,300.0,375.0,75.0
Participant_1313,400.0,275.0,100.0,0.0,300.0,275.0,-25.0
Participant_1315,400.0,300.0,100.0,300.0,300.0,0.0,-300.0
Participant_1316,400.0,525.0,100.0,175.0,300.0,350.0,50.0
Participant_1317,400.0,450.0,100.0,0.0,300.0,450.0,150.0
Participant_1318,400.0,250.0,100.0,250.0,300.0,0.0,-300.0
Participant_1319,400.0,400.0,100.0,400.0,300.0,0.0,-300.0
Participant_1320,400.0,225.0,100.0,225.0,300.0,0.0,-300.0
Participant_1321,400.0,550.0,100.0,0.0,300.0,550.0,250.0
Participant_1323,400.0,200.0,100.0,200.0,300.0,0.0,-300.0
Participant_1324,400.0,475.0,100.0,75.0,300.0,400.0,100.0
Participant_1325,400.0,325.0,100.0,200.0,300.0,125.0,-175.0
Participant_1327,400.0,350.0,100.0,350.0,300.0,0.0,-300.0
Participant_1328,400.0,275.0,100.0,225.0,300.0,50.0,-250.0
Participant_1329,400.0,300.0,100.0,100.0,300.0,200.0,-100.0
Participant_1330,400.0,600.0,100.0,150.0,300.0,450.0,150.0
Participant_1331,400.0,275.0,100.0,300.0,300.0,-25.0,-325.0
Participant_1332,400.0,300.0,100.0,250.0,300.0,50.0,-250.0
Participant_1333,400.0,475.0,100.0,0.0,300.0,475.0,175.0
Participant_1334,400.0,200.0,100.0,150.0,300.0,50.0,-250.0
Participant_1335,400.0,150.0,100.0,150.0,300.0,0.0,-300.0
Participant_1336,400.0,250.0,100.0,125.0,300.0,125.0,-175.0
Participant_1337,400.0,225.0,100.0,0.0,300.0,225.0,-75.0
Participant_1338,400.0,600.0,100.0,0.0,300.0,600.0,300.0
Participant_1339,400.0,525.0,100.0,25.0,300.0,500.0,200.0
Participant_1340,400.0,400.0,100.0,275.0,300.0,125.0,-175.0
Participant_1341,400.0,300.0,100.0,100.0,300.0,200.0,-100.0
Participant_1342,400.0,550.0,100.0,175.0,300.0,375.0,75.0
Participant_1344,400.0,150.0,100.0,125.0,300.0,25.0,-275.0
Participant_1345,400.0,275.0,100.0,300.0,300.0,-25.0,-325.0
Participant_1346,400.0,525.0,100.0,25.0,300.0,500.0,200.0
Participant_1347,400.0,250.0,100.0,125.0,300.0,125.0,-175.0
Participant_1348,400.0,450.0,100.0,100.0,300.0,350.0,50.0
Participant_1350,400.0,350.0,100.0,200.0,300.0,150.0,-150.0
Participant_1351,400.0,200.0,100.0,225.0,300.0,-25.0,-325.0
Participant_1352,400.0,475.0,100.0,100.0,300.0,375.0,75.0
Participant_1353,400.0,525.0,100.0,0.0,300.0,525.0,225.0
Participant_1354,400.0,200.0,100.0,200.0,300.0,0.0,-300.0
Participant_1355,400.0,375.0,100.0,250.0,300.0,125.0,-175.0
Participant_1356,400.0,350.0,100.0,350.0,300.0,0.0,-300.0
Participant_1357,400.0,200.0,100.0,200.0,300.0,0.0,-300.0
Participant_1358,400.0,275.0,100.0,200.0,300.0,75.0,-225.0
Participant_1359,400.0,300.0,100.0,100.0,300.0,200.0,-100.0
Participant_1360,400.0,475.0,100.0,150.0,300.0,325.0,25.0
Participant_1361,400.0,300.0,100.0,300.0,300.0,0.0,-300.0
Participant_1362,400.0,300.0,100.0,300.0,300.0,0.0,-300.0
Participant_1363,400.0,375.0,100.0,200.0,300.0,175.0,-125.0
Participant_1364,400.0,425.0,100.0,350.0,300.0,75.0,-225.0
Participant_1365,400.0,575.0,100.0,0.0,300.0,575.0,275.0
Participant_1366,400.0,250.0,100.0,275.0,300.0,-25.0,-325.0
Participant_1368,400.0,350.0,100.0,300.0,300.0,50.0,-250.0
Participant_1369,400.0,200.0,100.0,200.0,300.0,0.0,-300.0
Participant_1370,400.0,400.0,100.0,350.0,300.0,50.0,-250.0
Participant_1371,400.0,300.0,100.0,100.0,300.0,200.0,-100.0
Participant_1372,400.0,275.0,100.0,100.0,300.0,175.0,-125.0
Participant_1373,400.0,400.0,100.0,400.0,300.0,0.0,-300.0
Participant_1374,400.0,200.0,100.0,200.0,300.0,0.0,-300.0
Participant_1376,400.0,575.0,100.0,0.0,300.0,575.0,275.0
Participant_1377,400.0,250.0,100.0,125.0,300.0,125.0,-175.0
Participant_1379,400.0,375.0,100.0,150.0,300.0,225.0,-75.0
Participant_1380,400.0,250.0,100.0,200.0,300.0,50.0,-250.0
Participant_1381,400.0,150.0,100.0,150.0,300.0,0.0,-300.0
Participant_1382,400.0,400.0,100.0,225.0,300.0,175.0,-125.0
Participant_1384,400.0,200.0,100.0,200.0,300.0,0.0,-300.0
Participant_1385,400.0,100.0,100.0,100.0,300.0,0.0,-300.0
Participant_1386,400.0,525.0,100.0,0.0,300.0,525.0,225.0
Participant_1387,400.0,525.0,100.0,0.0,300.0,525.0,225.0
Participant_1388,400.0,375.0,100.0,200.0,300.0,175.0,-125.0
Participant_1390,400.0,400.0,100.0,400.0,300.0,0.0,-300.0
Participant_1391,400.0,250.0,100.0,250.0,300.0,0.0,-300.0
Participant_1392,400.0,375.0,100.0,225.0,300.0,150.0,-150.0
Participant_1394,400.0,350.0,100.0,275.0,300.0,75.0,-225.0
Participant_1395,400.0,275.0,100.0,100.0,300.0,175.0,-125.0
Participant_1396,400.0,400.0,100.0,100.0,300.0,300.0,0.0
Participant_1398,400.0,300.0,100.0,300.0,300.0,0.0,-300.0
Participant_1401,400.0,525.0,100.0,50.0,300.0,475.0,175.0
Participant_1402,400.0,550.0,100.0,125.0,300.0,425.0,125.0
Participant_1403,400.0,325.0,100.0,175.0,300.0,150.0,-150.0
Participant_1404,400.0,450.0,100.0,0.0,300.0,450.0,150.0
Participant_1405,400.0,100.0,100.0,100.0,300.0,0.0,-300.0
Participant_1406,400.0,300.0,100.0,250.0,300.0,50.0,-250.0
Participant_1408,400.0,500.0,100.0,25.0,300.0,475.0,175.0
Participant_1409,400.0,475.0,100.0,0.0,300.0,475.0,175.0
Participant_1410,400.0,200.0,100.0,150.0,300.0,50.0,-250.0
Participant_1411,400.0,400.0,100.0,175.0,300.0,225.0,-75.0
Participant_1412,400.0,350.0,100.0,225.0,300.0,125.0,-175.0
Participant_1414,400.0,550.0,100.0,0.0,300.0,550.0,250.0
Participant_1415,400.0,150.0,100.0,125.0,300.0,25.0,-275.0
Participant_1416,400.0,325.0,100.0,300.0,300.0,25.0,-275.0
Participant_1417,400.0,250.0,100.0,150.0,300.0,100.0,-200.0
Participant_1418,400.0,325.0,100.0,325.0,300.0,0.0,-300.0
Participant_1419,400.0,200.0,100.0,250.0,300.0,-50.0,-350.0
Participant_1420,400.0,200.0,100.0,200.0,300.0,0.0,-300.0
Participant_1421,400.0,150.0,100.0,150.0,300.0,0.0,-300.0
Participant_1422,400.0,175.0,100.0,150.0,300.0,25.0,-275.0
Participant_1423,400.0,100.0,100.0,100.0,300.0,0.0,-300.0
Participant_1425,400.0,250.0,100.0,150.0,300.0,100.0,-200.0
Participant_1426,400.0,550.0,100.0,25.0,300.0,525.0,225.0
Participant_1429,400.0,300.0,100.0,150.0,300.0,150.0,-150.0
Participant_1430,400.0,100.0,100.0,100.0,300.0,0.0,-300.0
Participant_1431,400.0,175.0,100.0,150.0,300.0,25.0,-275.0
Participant_1432,400.0,250.0,100.0,250.0,300.0,0.0,-300.0
Participant_1433,400.0,150.0,100.0,150.0,300.0,0.0,-300.0
Participant_1435,400.0,350.0,100.0,350.0,300.0,0.0,-300.0
Participant_1437,400.0,300.0,100.0,300.0,300.0,0.0,-300.0
Participant_1438,400.0,200.0,100.0,200.0,300.0,0.0,-300.0
Participant_1440,400.0,300.0,100.0,150.0,300.0,150.0,-150.0
Participant_1441,400.0,275.0,100.0,0.0,300.0,275.0,-25.0
Participant_1442,400.0,450.0,100.0,0.0,300.0,450.0,150.0
Participant_1443,400.0,350.0,100.0,350.0,300.0,0.0,-300.0
Participant_1444,400.0,350.0,100.0,350.0,300.0,0.0,-300.0
Participant_1446,400.0,600.0,100.0,25.0,300.0,575.0,275.0
Participant_1447,400.0,350.0,100.0,325.0,300.0,25.0,-275.0
Participant_1448,400.0,175.0,100.0,125.0,300.0,50.0,-250.0
Participant_1449,400.0,400.0,100.0,275.0,300.0,125.0,-175.0
Participant_1450,400.0,275.0,100.0,225.0,300.0,50.0,-250.0
Participant_1451,400.0,425.0,100.0,0.0,300.0,425.0,125.0
Participant_1454,400.0,500.0,100.0,0.0,300.0,500.0,200.0
Participant_1458,400.0,400.0,100.0,50.0,300.0,350.0,50.0
Participant_1459,400.0,525.0,100.0,0.0,300.0,525.0,225.0
Participant_1460,400.0,300.0,100.0,300.0,300.0,0.0,-300.0
Participant_1461,400.0,300.0,100.0,300.0,300.0,0.0,-300.0
Participant_1462,400.0,375.0,100.0,0.0,300.0,375.0,75.0
Participant_1463,400.0,475.0,100.0,75.0,300.0,400.0,100.0
Participant_1464,400.0,275.0,100.0,200.0,300.0,75.0,-225.0
Participant_1465,400.0,400.0,100.0,250.0,300.0,150.0,-150.0
Participant_1466,400.0,250.0,100.0,250.0,300.0,0.0,-300.0
Participant_1467,400.0,250.0,100.0,225.0,300.0,25.0,-275.0
Participant_1468,400.0,200.0,100.0,200.0,300.0,0.0,-300.0
Participant_1469,400.0,525.0,100.0,0.0,300.0,525.0,225.0
Participant_1470,400.0,325.0,100.0,325.0,300.0,0.0,-300.0
Participant_1471,400.0,400.0,100.0,350.0,300.0,50.0,-250.0
Participant_1472,400.0,400.0,100.0,0.0,300.0,400.0,100.0
Participant_1473,400.0,200.0,100.0,100.0,300.0,100.0,-200.0
Participant_1475,400.0,350.0,100.0,325.0,300.0,25.0,-275.0
Participant_1476,400.0,575.0,100.0,25.0,300.0,550.0,250.0
Participant_1477,400.0,425.0,100.0,250.0,300.0,175.0,-125.0
Participant_1478,400.0,275.0,100.0,125.0,300.0,150.0,-150.0
Participant_1479,400.0,225.0,100.0,225.0,300.0,0.0,-300.0
Participant_1480,400.0,100.0,100.0,100.0,300.0,0.0,-300.0
Participant_1481,400.0,525.0,100.0,0.0,300.0,525.0,225.0
Participant_1482,400.0,400.0,100.0,75.0,300.0,325.0,25.0
Participant_1483,400.0,350.0,100.0,350.0,300.0,0.0,-300.0
Participant_1484,400.0,200.0,100.0,200.0,300.0,0.0,-300.0
Participant_1486,400.0,200.0,100.0,200.0,300.0,0.0,-300.0
Participant_1487,400.0,250.0,100.0,175.0,300.0,75.0,-225.0
Participant_1488,400.0,600.0,100.0,0.0,300.0,600.0,300.0
Participant_1489,400.0,300.0,100.0,300.0,300.0,0.0,-300.0
Participant_1491,400.0,400.0,100.0,375.0,300.0,25.0,-275.0
Participant_1492,400.0,450.0,100.0,200.0,300.0,250.0,-50.0
Participant_1493,400.0,275.0,100.0,200.0,300.0,75.0,-225.0
Participant_1494,400.0,250.0,100.0,150.0,300.0,100.0,-200.0
Participant_1495,400.0,575.0,100.0,0.0,300.0,575.0,275.0
Participant_1496,400.0,275.0,100.0,75.0,300.0,200.0,-100.0
Participant_1498,400.0,250.0,100.0,250.0,300.0,0.0,-300.0
Participant_1499,400.0,550.0,100.0,0.0,300.0,550.0,250.0
Participant_1500,400.0,350.0,100.0,350.0,300.0,0.0,-300.0
Participant_1501,400.0,400.0,100.0,400.0,300.0,0.0,-300.0
Participant_1503,400.0,225.0,100.0,225.0,300.0,0.0,-300.0
Participant_1504,400.0,300.0,100.0,100.0,300.0,200.0,-100.0
Participant_1506,400.0,425.0,100.0,25.0,300.0,400.0,100.0
Participant_1507,400.0,175.0,100.0,75.0,300.0,100.0,-200.0
Participant_1509,400.0,275.0,100.0,100.0,300.0,175.0,-125.0
Participant_1510,400.0,200.0,100.0,200.0,300.0,0.0,-300.0
Participant_1511,400.0,125.0,100.0,100.0,300.0,25.0,-275.0
Participant_1512,400.0,125.0,100.0,75.0,300.0,50.0,-250.0
Participant_1513,400.0,550.0,100.0,100.0,300.0,450.0,150.0
Participant_1514,400.0,425.0,100.0,50.0,300.0,375.0,75.0
Participant_1516,400.0,275.0,100.0,250.0,300.0,25.0,-275.0
Participant_1517,400.0,400.0,100.0,375.0,300.0,25.0,-275.0
Participant_1518,400.0,250.0,100.0,250.0,300.0,0.0,-300.0
Participant_1519,400.0,250.0,100.0,250.0,300.0,0.0,-300.0
Participant_1520,400.0,375.0,100.0,300.0,300.0,75.0,-225.0
Participant_1521,400.0,575.0,100.0,125.0,300.0,450.0,150.0
Participant_1522,400.0,425.0,100.0,200.0,300.0,225.0,-75.0
Participant_1523,400.0,150.0,100.0,175.0,300.0,-25.0,-325.0
Participant_1524,400.0,250.0,100.0,250.0,300.0,0.0,-300.0
Participant_1525,400.0,550.0,100.0,150.0,300.0,400.0,100.0
Participant_1526,400.0,250.0,100.0,200.0,300.0,50.0,-250.0
Participant_1527,400.0,350.0,100.0,350.0,300.0,0.0,-300.0
Participant_1529,400.0,125.0,100.0,100.0,300.0,25.0,-275.0
Participant_1530,400.0,300.0,100.0,300.0,300.0,0.0,-300.0
Participant_1531,400.0,375.0,100.0,200.0,300.0,175.0,-125.0
Participant_1532,400.0,325.0,100.0,150.0,300.0,175.0,-125.0
Participant_1534,400.0,550.0,100.0,0.0,300.0,550.0,250.0
Participant_1535,400.0,375.0,100.0,400.0,300.0,-25.0,-325.0
Participant_1536,400.0,525.0,100.0,25.0,300.0,500.0,200.0
Participant_1537,400.0,200.0,100.0,200.0,300.0,0.0,-300.0
Participant_1538,400.0,375.0,100.0,25.0,300.0,350.0,50.0
Participant_1539,400.0,300.0,100.0,300.0,300.0,0.0,-300.0
Participant_1540,400.0,250.0,100.0,225.0,300.0,25.0,-275.0
Participant_1541,400.0,200.0,100.0,200.0,300.0,0.0,-300.0
Participant_1542,400.0,550.0,100.0,0.0,300.0,550.0,250.0
Participant_1543,400.0,300.0,100.0,200.0,300.0,100.0,-200.0
Participant_1544,400.0,350.0,100.0,250.0,300.0,100.0,-200.0
Participant_1546,400.0,575.0,100.0,25.0,300.0,550.0,250.0
Participant_1547,400.0,375.0,100.0,150.0,300.0,225.0,-75.0
Participant_1548,400.0,250.0,100.0,250.0,300.0,0.0,-300.0
Participant_1550,400.0,600.0,100.0,75.0,300.0,525.0,225.0
Participant_1552,400.0,250.0,100.0,250.0,300.0,0.0,-300.0
Participant_1553,400.0,550.0,100.0,25.0,300.0,525.0,225.0
Participant_1554,400.0,525.0,100.0,0.0,300.0,525.0,225.0
Participant_1555,400.0,275.0,100.0,100.0,300.0,175.0,-125.0
Participant_1557,400.0,350.0,100.0,150.0,300.0,200.0,-100.0
Participant_1558,400.0,250.0,100.0,150.0,300.0,100.0,-200.0
Participant_1559,400.0,250.0,100.0,250.0,300.0,0.0,-300.0
Participant_1560,400.0,525.0,100.0,25.0,300.0,500.0,200.0
Participant_1561,400.0,325.0,100.0,125.0,300.0,200.0,-100.0
Participant_1562,400.0,475.0,100.0,0.0,300.0,475.0,175.0
Participant_1563,400.0,525.0,100.0,150.0,300.0,375.0,75.0
Participant_1564,400.0,400.0,100.0,400.0,300.0,0.0,-300.0
Participant_1565,400.0,275.0,100.0,300.0,300.0,-25.0,-325.0
Participant_1567,400.0,375.0,100.0,250.0,300.0,125.0,-175.0
Participant_1568,400.0,250.0,100.0,225.0,300.0,25.0,-275.0
Participant_1569,400.0,300.0,100.0,300.0,300.0,0.0,-300.0
Participant_1571,400.0,250.0,100.0,125.0,300.0,125.0,-175.0
Participant_1572,400.0,125.0,100.0,100.0,300.0,25.0,-275.0
Participant_1573,400.0,275.0,100.0,125.0,300.0,150.0,-150.0
Participant_1574,400.0,500.0,100.0,25.0,300.0,475.0,175.0
Participant_1575,400.0,325.0,100.0,125.0,300.0,200.0,-100.0
Participant_1576,400.0,575.0,100.0,25.0,300.0,550.0,250.0
Participant_1578,400.0,575.0,100.0,0.0,300.0,575.0,275.0
Participant_1579,400.0,500.0,100.0,0.0,300.0,500.0,200.0
Participant_1580,400.0,125.0,100.0,100.0,300.0,25.0,-275.0
Participant_1581,400.0,225.0,100.0,175.0,300.0,50.0,-250.0
Participant_1582,400.0,400.0,100.0,275.0,300.0,125.0,-175.0
Participant_1583,400.0,425.0,100.0,325.0,300.0,100.0,-200.0
Participant_1586,400.0,350.0,100.0,250.0,300.0,100.0,-200.0
Participant_1588,400.0,475.0,100.0,0.0,300.0,475.0,175.0
Participant_1589,400.0,400.0,100.0,225.0,300.0,175.0,-125.0
Participant_1590,400.0,400.0,100.0,400.0,300.0,0.0,-300.0
Participant_1591,400.0,250.0,100.0,250.0,300.0,0.0,-300.0
Participant_1592,400.0,300.0,100.0,300.0,300.0,0.0,-300.0
Participant_1593,400.0,600.0,100.0,0.0,300.0,600.0,300.0
Participant_1594,400.0,250.0,100.0,250.0,300.0,0.0,-300.0
Participant_1595,400.0,575.0,100.0,0.0,300.0,575.0,275.0
Participant_1596,400.0,550.0,100.0,0.0,300.0,550.0,250.0
Participant_1597,400.0,250.0,100.0,250.0,300.0,0.0,-300.0
Participant_1598,400.0,225.0,100.0,125.0,300.0,100.0,-200.0
Participant_1599,400.0,600.0,100.0,0.0,300.0,600.0,300.0
Participant_1601,400.0,450.0,100.0,75.0,300.0,375.0,75.0
Participant_1603,400.0,350.0,100.0,350.0,300.0,0.0,-300.0
Participant_1604,400.0,150.0,100.0,150.0,300.0,0.0,-300.0
Participant_1606,400.0,450.0,100.0,0.0,300.0,450.0,150.0
Participant_1607,400.0,350.0,100.0,275.0,300.0,75.0,-225.0
Participant_1608,400.0,575.0,100.0,0.0,300.0,575.0,275.0
Participant_1609,400.0,500.0,100.0,0.0,300.0,500.0,200.0
Participant_1610,400.0,400.0,100.0,400.0,300.0,0.0,-300.0
Participant_1612,400.0,250.0,100.0,225.0,300.0,25.0,-275.0
Participant_1613,400.0,150.0,100.0,150.0,300.0,0.0,-300.0
Participant_1615,400.0,575.0,100.0,0.0,300.0,575.0,275.0
Participant_1617,400.0,350.0,100.0,300.0,300.0,50.0,-250.0
Participant_1618,400.0,300.0,100.0,300.0,300.0,0.0,-300.0
Participant_1621,400.0,575.0,100.0,0.0,300.0,575.0,275.0
Participant_1622,400.0,550.0,100.0,0.0,300.0,550.0,250.0
Participant_1623,400.0,400.0,100.0,325.0,300.0,75.0,-225.0
Participant_1624,400.0,400.0,100.0,275.0,300.0,125.0,-175.0
Participant_1625,400.0,350.0,100.0,0.0,300.0,350.0,50.0
Participant_1626,400.0,100.0,100.0,100.0,300.0,0.0,-300.0
Participant_1627,400.0,400.0,100.0,25.0,300.0,375.0,75.0
Participant_1628,400.0,550.0,100.0,25.0,300.0,525.0,225.0
Participant_1629,400.0,400.0,100.0,300.0,300.0,100.0,-200.0
Participant_1630,400.0,400.0,100.0,375.0,300.0,25.0,-275.0
Participant_1631,400.0,375.0,100.0,150.0,300.0,225.0,-75.0
Participant_1632,400.0,275.0,100.0,150.0,300.0,125.0,-175.0
Participant_1633,400.0,225.0,100.0,100.0,300.0,125.0,-175.0
Participant_1634,400.0,500.0,100.0,0.0,300.0,500.0,200.0
Participant_1635,400.0,525.0,100.0,100.0,300.0,425.0,125.0
Participant_1636,400.0,250.0,100.0,250.0,300.0,0.0,-300.0
Participant_1637,400.0,525.0,100.0,0.0,300.0,525.0,225.0
Participant_1638,400.0,575.0,100.0,125.0,300.0,450.0,150.0
Participant_1639,400.0,550.0,100.0,0.0,300.0,550.0,250.0
Participant_1640,400.0,250.0,100.0,200.0,300.0,50.0,-250.0
Participant_1641,400.0,200.0,100.0,125.0,300.0,75.0,-225.0
Participant_1642,400.0,250.0,100.0,250.0,300.0,0.0,-300.0
Participant_1643,400.0,275.0,100.0,50.0,300.0,225.0,-75.0
Participant_1644,400.0,100.0,100.0,100.0,300.0,0.0,-300.0
Participant_1645,400.0,400.0,100.0,400.0,300.0,0.0,-300.0
Participant_1646,400.0,350.0,100.0,200.0,300.0,150.0,-150.0
Participant_1647,400.0,250.0,100.0,175.0,300.0,75.0,-225.0
Participant_1649,400.0,500.0,100.0,125.0,300.0,375.0,75.0
Participant_1650,400.0,300.0,100.0,125.0,300.0,175.0,-125.0
Participant_1651,400.0,575.0,100.0,0.0,300.0,575.0,275.0
Participant_1652,400.0,300.0,100.0,300.0,300.0,0.0,-300.0
Participant_1653,400.0,425.0,100.0,125.0,300.0,300.0,0.0
Participant_1654,400.0,425.0,100.0,150.0,300.0,275.0,-25.0
Participant_1655,400.0,550.0,100.0,125.0,300.0,425.0,125.0
Participant_1656,400.0,525.0,100.0,0.0,300.0,525.0,225.0
Participant_1657,400.0,225.0,100.0,150.0,300.0,75.0,-225.0
Participant_1658,400.0,150.0,100.0,150.0,300.0,0.0,-300.0
Participant_1659,400.0,400.0,100.0,400.0,300.0,0.0,-300.0
Participant_1660,400.0,200.0,100.0,200.0,300.0,0.0,-300.0
Participant_1661,400.0,575.0,100.0,150.0,300.0,425.0,125.0
Participant_1662,400.0,400.0,100.0,375.0,300.0,25.0,-275.0
Participant_1663,400.0,350.0,100.0,350.0,300.0,0.0,-300.0
Participant_1664,400.0,550.0,100.0,100.0,300.0,450.0,150.0
Participant_1665,400.0,400.0,100.0,250.0,300.0,150.0,-150.0
Participant_1666,400.0,200.0,100.0,200.0,300.0,0.0,-300.0
Participant_1667,400.0,350.0,100.0,0.0,300.0,350.0,50.0
Participant_1668,400.0,250.0,100.0,275.0,300.0,-25.0,-325.0
Participant_1670,400.0,275.0,100.0,225.0,300.0,50.0,-250.0
Participant_1673,400.0,600.0,100.0,0.0,300.0,600.0,300.0
Participant_1674,400.0,250.0,100.0,250.0,300.0,0.0,-300.0
Participant_1675,400.0,400.0,100.0,400.0,300.0,0.0,-300.0
Participant_1676,400.0,400.0,100.0,400.0,300.0,0.0,-300.0
Participant_1677,400.0,475.0,100.0,25.0,300.0,450.0,150.0
Participant_1678,400.0,300.0,100.0,300.0,300.0,0.0,-300.0
Participant_1679,400.0,525.0,100.0,25.0,300.0,500.0,200.0
Participant_1681,400.0,150.0,100.0,150.0,300.0,0.0,-300.0
Participant_1682,400.0,425.0,100.0,25.0,300.0,400.0,100.0
Participant_1683,400.0,575.0,100.0,0.0,300.0,575.0,275.0
Participant_1684,400.0,275.0,100.0,200.0,300.0,75.0,-225.0
Participant_1685,400.0,200.0,100.0,225.0,300.0,-25.0,-325.0
Participant_1686,400.0,400.0,100.0,400.0,300.0,0.0,-300.0
Participant_1687,400.0,325.0,100.0,200.0,300.0,125.0,-175.0
Participant_1688,400.0,150.0,100.0,150.0,300.0,0.0,-300.0
Participant_1690,400.0,525.0,100.0,0.0,300.0,525.0,225.0
Participant_1693,400.0,500.0,100.0,150.0,300.0,350.0,50.0
Participant_1694,400.0,150.0,100.0,150.0,300.0,0.0,-300.0
Participant_1695,400.0,525.0,100.0,0.0,300.0,525.0,225.0
Participant_1696,400.0,400.0,100.0,250.0,300.0,150.0,-150.0
Participant_1697,400.0,375.0,100.0,225.0,300.0,150.0,-150.0
Participant_1699,400.0,525.0,100.0,25.0,300.0,500.0,200.0
Participant_1700,400.0,450.0,100.0,125.0,300.0,325.0,25.0
Participant_1701,400.0,350.0,100.0,325.0,300.0,25.0,-275.0
Participant_1702,400.0,300.0,100.0,125.0,300.0,175.0,-125.0
Participant_1703,400.0,350.0,100.0,0.0,300.0,350.0,50.0
Participant_1704,400.0,400.0,100.0,300.0,300.0,100.0,-200.0
Participant_1705,400.0,375.0,100.0,275.0,300.0,100.0,-200.0
Participant_1706,400.0,575.0,100.0,25.0,300.0,550.0,250.0
Participant_1707,400.0,250.0,100.0,225.0,300.0,25.0,-275.0
Participant_1708,400.0,100.0,100.0,100.0,300.0,0.0,-300.0
Participant_1709,400.0,250.0,100.0,250.0,300.0,0.0,-300.0
Participant_1710,400.0,600.0,100.0,25.0,300.0,575.0,275.0
Participant_1712,400.0,300.0,100.0,300.0,300.0,0.0,-300.0
Participant_1713,400.0,150.0,100.0,150.0,300.0,0.0,-300.0
Participant_1715,400.0,350.0,100.0,350.0,300.0,0.0,-300.0
Participant_1716,400.0,250.0,100.0,200.0,300.0,50.0,-250.0
Participant_1717,400.0,525.0,100.0,25.0,300.0,500.0,200.0
Participant_1719,400.0,325.0,100.0,175.0,300.0,150.0,-150.0
Participant_1720,400.0,550.0,100.0,0.0,300.0,550.0,250.0
Participant_1721,400.0,525.0,100.0,0.0,300.0,525.0,225.0
Participant_1723,400.0,325.0,100.0,300.0,300.0,25.0,-275.0
Participant_1724,400.0,350.0,100.0,300.0,300.0,50.0,-250.0
Participant_1725,400.0,300.0,100.0,300.0,300.0,0.0,-300.0
Participant_1727,400.0,125.0,100.0,100.0,300.0,25.0,-275.0
Participant_1728,400.0,250.0,100.0,250.0,300.0,0.0,-300.0
Participant_1729,400.0,200.0,100.0,200.0,300.0,0.0,-300.0
Participant_1731,400.0,475.0,100.0,250.0,300.0,225.0,-75.0
Participant_1732,400.0,150.0,100.0,150.0,300.0,0.0,-300.0
Participant_1733,400.0,525.0,100.0,0.0,300.0,525.0,225.0
Participant_1734,400.0,275.0,100.0,125.0,300.0,150.0,-150.0
Participant_1735,400.0,250.0,100.0,250.0,300.0,0.0,-300.0
Participant_1738,400.0,225.0,100.0,125.0,300.0,100.0,-200.0
Participant_1739,400.0,300.0,100.0,150.0,300.0,150.0,-150.0
Participant_1741,400.0,525.0,100.0,0.0,300.0,525.0,225.0
Participant_1742,400.0,400.0,100.0,75.0,300.0,325.0,25.0
Participant_1743,400.0,300.0,100.0,250.0,300.0,50.0,-250.0
Participant_1744,400.0,300.0,100.0,300.0,300.0,0.0,-300.0
Participant_1745,400.0,350.0,100.0,250.0,300.0,100.0,-200.0
Participant_1746,400.0,525.0,100.0,0.0,300.0,525.0,225.0
Participant_1747,400.0,575.0,100.0,25.0,300.0,550.0,250.0
Participant_1748,400.0,525.0,100.0,50.0,300.0,475.0,175.0
Participant_1751,400.0,200.0,100.0,100.0,300.0,100.0,-200.0
Participant_1752,400.0,300.0,100.0,300.0,300.0,0.0,-300.0
Participant_1753,400.0,200.0,100.0,200.0,300.0,0.0,-300.0
Participant_1754,400.0,550.0,100.0,0.0,300.0,550.0,250.0
Participant_1755,400.0,200.0,100.0,275.0,300.0,-75.0,-375.0
Participant_1756,400.0,575.0,100.0,0.0,300.0,575.0,275.0
Participant_1757,400.0,500.0,100.0,0.0,300.0,500.0,200.0
Participant_1758,400.0,250.0,100.0,250.0,300.0,0.0,-300.0
Participant_1759,400.0,575.0,100.0,0.0,300.0,575.0,275.0
Participant_1760,400.0,300.0,100.0,50.0,300.0,250.0,-50.0
Participant_1761,400.0,475.0,100.0,0.0,300.0,475.0,175.0
Participant_1762,400.0,400.0,100.0,325.0,300.0,75.0,-225.0
Participant_1763,400.0,425.0,100.0,250.0,300.0,175.0,-125.0
Participant_1764,400.0,375.0,100.0,250.0,300.0,125.0,-175.0
Participant_1765,400.0,100.0,100.0,100.0,300.0,0.0,-300.0
Participant_1766,400.0,300.0,100.0,125.0,300.0,175.0,-125.0
Participant_1768,400.0,300.0,100.0,150.0,300.0,150.0,-150.0
Participant_1769,400.0,400.0,100.0,400.0,300.0,0.0,-300.0
Participant_1771,400.0,600.0,100.0,0.0,300.0,600.0,300.0
Participant_1774,400.0,400.0,100.0,375.0,300.0,25.0,-275.0
Participant_1775,400.0,250.0,100.0,250.0,300.0,0.0,-300.0
Participant_1777,400.0,375.0,100.0,150.0,300.0,225.0,-75.0
Participant_1778,400.0,150.0,100.0,75.0,300.0,75.0,-225.0
Participant_1779,400.0,550.0,100.0,0.0,300.0,550.0,250.0
Participant_1780,400.0,325.0,100.0,300.0,300.0,25.0,-275.0
Participant_1781,400.0,150.0,100.0,150.0,300.0,0.0,-300.0
Participant_1782,400.0,325.0,100.0,275.0,300.0,50.0,-250.0
Participant_1783,400.0,350.0,100.0,150.0,300.0,200.0,-100.0
Participant_1785,400.0,475.0,100.0,100.0,300.0,375.0,75.0
Participant_1786,400.0,500.0,100.0,25.0,300.0,475.0,175.0
Participant_1787,400.0,600.0,100.0,0.0,300.0,600.0,300.0
Participant_1788,400.0,200.0,100.0,200.0,300.0,0.0,-300.0
Participant_1789,400.0,575.0,100.0,25.0,300.0,550.0,250.0
Participant_1790,400.0,250.0,100.0,250.0,300.0,0.0,-300.0
Participant_1791,400.0,300.0,100.0,200.0,300.0,100.0,-200.0
Participant_1793,400.0,200.0,100.0,125.0,300.0,75.0,-225.0
Participant_1794,400.0,525.0,100.0,0.0,300.0,525.0,225.0
Participant_1795,400.0,250.0,100.0,250.0,300.0,0.0,-300.0
Participant_1796,400.0,250.0,100.0,125.0,300.0,125.0,-175.0
Participant_1798,400.0,100.0,100.0,100.0,300.0,0.0,-300.0
Participant_1799,400.0,400.0,100.0,400.0,300.0,0.0,-300.0
Participant_1800,400.0,525.0,100.0,25.0,300.0,500.0,200.0
Participant_1802,400.0,300.0,100.0,300.0,300.0,0.0,-300.0
Participant_1803,400.0,100.0,100.0,100.0,300.0,0.0,-300.0
Participant_1804,400.0,575.0,100.0,0.0,300.0,575.0,275.0
Participant_1805,400.0,300.0,100.0,200.0,300.0,100.0,-200.0
Participant_1808,400.0,300.0,100.0,300.0,300.0,0.0,-300.0
Participant_1809,400.0,150.0,100.0,100.0,300.0,50.0,-250.0
Participant_1811,400.0,250.0,100.0,250.0,300.0,0.0,-300.0
Participant_1812,400.0,375.0,100.0,250.0,300.0,125.0,-175.0
Participant_1813,400.0,150.0,100.0,150.0,300.0,0.0,-300.0
Participant_1814,400.0,425.0,100.0,25.0,300.0,400.0,100.0
Participant_1815,400.0,400.0,100.0,325.0,300.0,75.0,-225.0
Participant_1816,400.0,375.0,100.0,100.0,300.0,275.0,-25.0
Participant_1817,400.0,300.0,100.0,300.0,300.0,0.0,-300.0
Participant_1818,400.0,125.0,100.0,100.0,300.0,25.0,-275.0
Participant_1819,400.0,225.0,100.0,225.0,300.0,0.0,-300.0
Participant_1821,400.0,575.0,100.0,0.0,300.0,575.0,275.0
Participant_1822,400.0,250.0,100.0,125.0,300.0,125.0,-175.0
Participant_1823,400.0,400.0,100.0,125.0,300.0,275.0,-25.0
Participant_1824,400.0,350.0,100.0,150.0,300.0,200.0,-100.0
Participant_1825,400.0,400.0,100.0,25.0,300.0,375.0,75.0
Participant_1826,400.0,275.0,100.0,100.0,300.0,175.0,-125.0
Participant_1827,400.0,350.0,100.0,350.0,300.0,0.0,-300.0
Participant_1829,400.0,425.0,100.0,250.0,300.0,175.0,-125.0
Participant_1830,400.0,500.0,100.0,0.0,300.0,500.0,200.0
Participant_1831,400.0,150.0,100.0,100.0,300.0,50.0,-250.0
Participant_1832,400.0,350.0,100.0,175.0,300.0,175.0,-125.0
Participant_1833,400.0,300.0,100.0,300.0,300.0,0.0,-300.0
Participant_1834,400.0,425.0,100.0,300.0,300.0,125.0,-175.0
Participant_1835,400.0,275.0,100.0,125.0,300.0,150.0,-150.0
Participant_1836,400.0,500.0,100.0,25.0,300.0,475.0,175.0
Participant_1837,400.0,250.0,100.0,250.0,300.0,0.0,-300.0
Participant_1838,400.0,550.0,100.0,0.0,300.0,550.0,250.0
Participant_1839,400.0,150.0,100.0,150.0,300.0,0.0,-300.0
Participant_1840,400.0,200.0,100.0,200.0,300.0,0.0,-300.0
Participant_1842,400.0,225.0,100.0,125.0,300.0,100.0,-200.0
Participant_1843,400.0,425.0,100.0,0.0,300.0,425.0,125.0
Participant_1846,400.0,425.0,100.0,25.0,300.0,400.0,100.0
Participant_1847,400.0,475.0,100.0,150.0,300.0,325.0,25.0
Participant_1848,400.0,175.0,100.0,100.0,300.0,75.0,-225.0
Participant_1849,400.0,300.0,100.0,150.0,300.0,150.0,-150.0
Participant_1851,400.0,300.0,100.0,275.0,300.0,25.0,-275.0
Participant_1853,400.0,300.0,100.0,200.0,300.0,100.0,-200.0
Participant_1854,400.0,575.0,100.0,0.0,300.0,575.0,275.0
Participant_1855,400.0,375.0,100.0,350.0,300.0,25.0,-275.0
Participant_1856,400.0,325.0,100.0,75.0,300.0,250.0,-50.0
Participant_1857,400.0,225.0,100.0,100.0,300.0,125.0,-175.0
Participant_1858,400.0,375.0,100.0,225.0,300.0,150.0,-150.0
Participant_1859,400.0,150.0,100.0,150.0,300.0,0.0,-300.0
Participant_1860,400.0,100.0,100.0,100.0,300.0,0.0,-300.0
Participant_1861,400.0,625.0,100.0,0.0,300.0,625.0,325.0
Participant_1862,400.0,150.0,100.0,100.0,300.0,50.0,-250.0
Participant_1863,400.0,200.0,100.0,200.0,300.0,0.0,-300.0
Participant_1864,400.0,250.0,100.0,250.0,300.0,0.0,-300.0
Participant_1865,400.0,200.0,100.0,175.0,300.0,25.0,-275.0
Participant_1866,400.0,475.0,100.0,0.0,300.0,475.0,175.0
Participant_1867,400.0,600.0,100.0,125.0,300.0,475.0,175.0
Participant_1868,400.0,425.0,100.0,25.0,300.0,400.0,100.0
Participant_1871,400.0,250.0,100.0,250.0,300.0,0.0,-300.0
Participant_1872,400.0,350.0,100.0,350.0,300.0,0.0,-300.0
Participant_1874,400.0,275.0,100.0,75.0,300.0,200.0,-100.0
Participant_1875,400.0,350.0,100.0,350.0,300.0,0.0,-300.0
Participant_1876,400.0,550.0,100.0,0.0,300.0,550.0,250.0
Participant_1877,400.0,250.0,100.0,250.0,300.0,0.0,-300.0
Participant_1879,400.0,350.0,100.0,350.0,300.0,0.0,-300.0
Participant_1880,400.0,275.0,100.0,300.0,300.0,-25.0,-325.0
Participant_1881,400.0,600.0,100.0,0.0,300.0,600.0,300.0
Participant_1882,400.0,400.0,100.0,250.0,300.0,150.0,-150.0
Participant_1883,400.0,475.0,100.0,0.0,300.0,475.0,175.0
Participant_1885,400.0,150.0,100.0,150.0,300.0,0.0,-300.0
Participant_1886,400.0,400.0,100.0,275.0,300.0,125.0,-175.0
Participant_1887,400.0,300.0,100.0,200.0,300.0,100.0,-200.0
Participant_1888,400.0,175.0,100.0,175.0,300.0,0.0,-300.0
Participant_1890,400.0,325.0,100.0,350.0,300.0,-25.0,-325.0
Participant_1891,400.0,175.0,100.0,175.0,300.0,0.0,-300.0
Participant_1893,400.0,425.0,100.0,50.0,300.0,375.0,75.0
Participant_1894,400.0,400.0,100.0,175.0,300.0,225.0,-75.0
Participant_1896,400.0,225.0,100.0,0.0,300.0,225.0,-75.0
Participant_1897,400.0,550.0,100.0,0.0,300.0,550.0,250.0
Participant_1898,400.0,100.0,100.0,100.0,300.0,0.0,-300.0
Participant_1900,400.0,375.0,100.0,200.0,300.0,175.0,-125.0
Participant_1901,400.0,250.0,100.0,175.0,300.0,75.0,-225.0
Participant_1902,400.0,250.0,100.0,100.0,300.0,150.0,-150.0
Participant_1903,400.0,400.0,100.0,400.0,300.0,0.0,-300.0
Participant_1904,400.0,225.0,100.0,100.0,300.0,125.0,-175.0
Participant_1905,400.0,350.0,100.0,300.0,300.0,50.0,-250.0
Participant_1908,400.0,200.0,100.0,200.0,300.0,0.0,-300.0
Participant_1909,400.0,575.0,100.0,75.0,300.0,500.0,200.0
Participant_1910,400.0,350.0,100.0,325.0,300.0,25.0,-275.0
Participant_1911,400.0,350.0,100.0,350.0,300.0,0.0,-300.0
Participant_1913,400.0,225.0,100.0,125.0,300.0,100.0,-200.0
Participant_1914,400.0,150.0,100.0,100.0,300.0,50.0,-250.0
Participant_1916,400.0,175.0,100.0,125.0,300.0,50.0,-250.0
Participant_1917,400.0,400.0,100.0,375.0,300.0,25.0,-275.0
Participant_1918,400.0,325.0,100.0,25.0,300.0,300.0,0.0
Participant_1919,400.0,350.0,100.0,275.0,300.0,75.0,-225.0
Participant_1921,400.0,150.0,100.0,150.0,300.0,0.0,-300.0
Participant_1922,400.0,550.0,100.0,0.0,300.0,550.0,250.0
Participant_1923,400.0,300.0,100.0,300.0,300.0,0.0,-300.0
Participant_1924,400.0,400.0,100.0,0.0,300.0,400.0,100.0
Participant_1925,400.0,200.0,100.0,125.0,300.0,75.0,-225.0
Participant_1926,400.0,525.0,100.0,0.0,300.0,525.0,225.0
Participant_1927,400.0,300.0,100.0,225.0,300.0,75.0,-225.0
Participant_1929,400.0,550.0,100.0,0.0,300.0,550.0,250.0
Participant_1930,400.0,150.0,100.0,75.0,300.0,75.0,-225.0
Participant_1931,400.0,550.0,100.0,50.0,300.0,500.0,200.0
Participant_1932,400.0,250.0,100.0,275.0,300.0,-25.0,-325.0
Participant_1933,400.0,325.0,100.0,275.0,300.0,50.0,-250.0
Participant_1934,400.0,150.0,100.0,150.0,300.0,0.0,-300.0
Participant_1935,400.0,250.0,100.0,100.0,300.0,150.0,-150.0
Participant_1936,400.0,325.0,100.0,300.0,300.0,25.0,-275.0
Participant_1937,400.0,575.0,100.0,25.0,300.0,550.0,250.0
Participant_1938,400.0,325.0,100.0,175.0,300.0,150.0,-150.0
Participant_1939,400.0,550.0,100.0,275.0,300.0,275.0,-25.0
Participant_1941,400.0,250.0,100.0,250.0,300.0,0.0,-300.0
Participant_1942,400.0,250.0,100.0,250.0,300.0,0.0,-300.0
Participant_1943,400.0,225.0,100.0,75.0,300.0,150.0,-150.0
Participant_1944,400.0,400.0,100.0,400.0,300.0,0.0,-300.0
Participant_1945,400.0,100.0,100.0,100.0,300.0,0.0,-300.0
Participant_1946,400.0,575.0,100.0,0.0,300.0,575.0,275.0
Participant_1947,400.0,300.0,100.0,200.0,300.0,100.0,-200.0
Participant_1948,400.0,500.0,100.0,0.0,300.0,500.0,200.0
Participant_1949,400.0,400.0,100.0,350.0,300.0,50.0,-250.0
Participant_1950,400.0,300.0,100.0,100.0,300.0,200.0,-100.0
Participant_1951,400.0,400.0,100.0,300.0,300.0,100.0,-200.0
Participant_1952,400.0,475.0,100.0,0.0,300.0,475.0,175.0
Participant_1953,400.0,600.0,100.0,100.0,300.0,500.0,200.0
Participant_1954,400.0,400.0,100.0,400.0,300.0,0.0,-300.0
Participant_1955,400.0,475.0,100.0,25.0,300.0,450.0,150.0
Participant_1957,400.0,150.0,100.0,150.0,300.0,0.0,-300.0
Participant_1959,400.0,350.0,100.0,350.0,300.0,0.0,-300.0
Participant_1960,400.0,275.0,100.0,225.0,300.0,50.0,-250.0
Participant_1961,400.0,375.0,100.0,125.0,300.0,250.0,-50.0
Participant_1962,400.0,375.0,100.0,0.0,300.0,375.0,75.0
Participant_1963,400.0,250.0,100.0,250.0,300.0,0.0,-300.0
Participant_1964,400.0,400.0,100.0,175.0,300.0,225.0,-75.0
Participant_1965,400.0,300.0,100.0,300.0,300.0,0.0,-300.0
Participant_1966,400.0,400.0,100.0,200.0,300.0,200.0,-100.0
Participant_1967,400.0,325.0,100.0,75.0,300.0,250.0,-50.0
Participant_1968,400.0,375.0,100.0,150.0,300.0,225.0,-75.0
Participant_1969,400.0,500.0,100.0,50.0,300.0,450.0,150.0
Participant_1972,400.0,600.0,100.0,0.0,300.0,600.0,300.0
Participant_1973,400.0,450.0,100.0,0.0,300.0,450.0,150.0
Participant_1974,400.0,400.0,100.0,225.0,300.0,175.0,-125.0
Participant_1975,400.0,250.0,100.0,225.0,300.0,25.0,-275.0
Participant_1976,400.0,425.0,100.0,275.0,300.0,150.0,-150.0
Participant_1977,400.0,375.0,100.0,350.0,300.0,25.0,-275.0
Participant_1978,400.0,400.0,100.0,175.0,300.0,225.0,-75.0
Participant_1979,400.0,225.0,100.0,150.0,300.0,75.0,-225.0
Participant_1981,400.0,500.0,100.0,225.0,300.0,275.0,-25.0
Participant_1982,400.0,475.0,100.0,0.0,300.0,475.0,175.0
Participant_1983,400.0,300.0,100.0,300.0,300.0,0.0,-300.0
Participant_1984,400.0,200.0,100.0,175.0,300.0,25.0,-275.0
Participant_1987,400.0,475.0,100.0,0.0,300.0,475.0,175.0
Participant_1989,400.0,400.0,100.0,400.0,300.0,0.0,-300.0
Participant_1990,400.0,200.0,100.0,200.0,300.0,0.0,-300.0
Participant_1991,400.0,650.0,100.0,0.0,300.0,650.0,350.0
Participant_1992,400.0,125.0,100.0,100.0,300.0,25.0,-275.0
Participant_1993,400.0,525.0,100.0,0.0,300.0,525.0,225.0
Participant_1994,400.0,350.0,100.0,350.0,300.0,0.0,-300.0
Participant_1995,400.0,300.0,100.0,300.0,300.0,0.0,-300.0
Participant_1996,400.0,375.0,100.0,275.0,300.0,100.0,-200.0
Participant_1998,400.0,525.0,100.0,50.0,300.0,475.0,175.0
Participant_1999,400.0,150.0,100.0,150.0,300.0,0.0,-300.0
Participant_2000,400.0,125.0,100.0,100.0,300.0,25.0,-275.0
Participant_2001,400.0,225.0,100.0,150.0,300.0,75.0,-225.0
Participant_2002,400.0,500.0,100.0,175.0,300.0,325.0,25.0
Participant_2003,400.0,250.0,100.0,250.0,300.0,0.0,-300.0
Participant_2004,400.0,400.0,100.0,325.0,300.0,75.0,-225.0
Participant_2006,400.0,200.0,100.0,200.0,300.0,0.0,-300.0
Participant_2007,400.0,200.0,100.0,100.0,300.0,100.0,-200.0
Participant_2008,400.0,400.0,100.0,375.0,300.0,25.0,-275.0
Participant_2009,400.0,475.0,100.0,75.0,300.0,400.0,100.0
Participant_2010,400.0,500.0,100.0,75.0,300.0,425.0,125.0
Participant_2011,400.0,400.0,100.0,250.0,300.0,150.0,-150.0
Participant_2012,400.0,275.0,100.0,225.0,300.0,50.0,-250.0
Participant_2013,400.0,300.0,100.0,275.0,300.0,25.0,-275.0
Participant_2014,400.0,225.0,100.0,0.0,300.0,225.0,-75.0
Participant_2015,400.0,300.0,100.0,200.0,300.0,100.0,-200.0
Participant_2017,400.0,100.0,100.0,100.0,300.0,0.0,-300.0
Participant_2018,400.0,400.0,100.0,275.0,300.0,125.0,-175.0
Participant_2019,400.0,550.0,100.0,0.0,300.0,550.0,250.0
Participant_2020,400.0,150.0,100.0,150.0,300.0,0.0,-300.0
Participant_2021,400.0,300.0,100.0,200.0,300.0,100.0,-200.0
Participant_2022,400.0,300.0,100.0,75.0,300.0,225.0,-75.0
Participant_2023,400.0,400.0,100.0,400.0,300.0,0.0,-300.0
Participant_2024,400.0,300.0,100.0,300.0,300.0,0.0,-300.0
Participant_2026,400.0,550.0,100.0,50.0,300.0,500.0,200.0
Participant_2027,400.0,225.0,100.0,125.0,300.0,100.0,-200.0
Participant_2028,400.0,250.0,100.0,0.0,300.0,250.0,-50.0
Participant_2029,400.0,200.0,100.0,200.0,300.0,0.0,-300.0
Participant_2031,400.0,100.0,100.0,100.0,300.0,0.0,-300.0
Participant_2032,400.0,200.0,100.0,100.0,300.0,100.0,-200.0
Participant_2033,400.0,450.0,100.0,25.0,300.0,425.0,125.0
Participant_2034,400.0,250.0,100.0,250.0,300.0,0.0,-300.0
Participant_2035,400.0,575.0,100.0,0.0,300.0,575.0,275.0
Participant_2037,400.0,275.0,100.0,100.0,300.0,175.0,-125.0
Participant_2038,400.0,200.0,100.0,200.0,300.0,0.0,-300.0
Participant_2039,400.0,525.0,100.0,25.0,300.0,500.0,200.0
Participant_2040,400.0,350.0,100.0,125.0,300.0,225.0,-75.0
Participant_2041,400.0,350.0,100.0,350.0,300.0,0.0,-300.0
Participant_2042,400.0,300.0,100.0,300.0,300.0,0.0,-300.0
Participant_2043,400.0,325.0,100.0,300.0,300.0,25.0,-275.0
Participant_2044,400.0,300.0,100.0,300.0,300.0,0.0,-300.0
Participant_2045,400.0,200.0,100.0,200.0,300.0,0.0,-300.0
Participant_2046,400.0,400.0,100.0,200.0,300.0,200.0,-100.0
Participant_2047,400.0,350.0,100.0,350.0,300.0,0.0,-300.0
Participant_2048,400.0,300.0,100.0,300.0,300.0,0.0,-300.0
Participant_2049,400.0,400.0,100.0,225.0,300.0,175.0,-125.0
Participant_2051,400.0,250.0,100.0,250.0,300.0,0.0,-300.0
Participant_2052,400.0,400.0,100.0,300.0,300.0,100.0,-200.0
Participant_2053,400.0,250.0,100.0,250.0,300.0,0.0,-300.0
Participant_2054,400.0,350.0,100.0,350.0,300.0,0.0,-300.0
Participant_2055,400.0,350.0,100.0,350.0,300.0,0.0,-300.0
Participant_2056,400.0,550.0,100.0,0.0,300.0,550.0,250.0
Participant_2057,400.0,425.0,100.0,225.0,300.0,200.0,-100.0
Participant_2058,400.0,100.0,100.0,100.0,300.0,0.0,-300.0
Participant_2059,400.0,350.0,100.0,200.0,300.0,150.0,-150.0
Participant_2060,400.0,375.0,100.0,350.0,300.0,25.0,-275.0
Participant_2062,400.0,475.0,100.0,200.0,300.0,275.0,-25.0
Participant_2063,400.0,350.0,100.0,200.0,300.0,150.0,-150.0
Participant_2064,400.0,200.0,100.0,225.0,300.0,-25.0,-325.0
Participant_2065,400.0,575.0,100.0,0.0,300.0,575.0,275.0
Participant_2066,400.0,400.0,100.0,400.0,300.0,0.0,-300.0
Participant_2067,400.0,350.0,100.0,250.0,300.0,100.0,-200.0
Participant_2068,400.0,325.0,100.0,325.0,300.0,0.0,-300.0
Participant_2069,400.0,200.0,100.0,200.0,300.0,0.0,-300.0
Participant_2070,400.0,525.0,100.0,75.0,300.0,450.0,150.0
Participant_2072,400.0,250.0,100.0,250.0,300.0,0.0,-300.0
Participant_2073,400.0,200.0,100.0,200.0,300.0,0.0,-300.0
Participant_2075,400.0,325.0,100.0,350.0,300.0,-25.0,-325.0
Participant_2077,400.0,350.0,100.0,350.0,300.0,0.0,-300.0
Participant_2078,400.0,300.0,100.0,275.0,300.0,25.0,-275.0
Participant_2079,400.0,350.0,100.0,350.0,300.0,0.0,-300.0
Participant_2080,400.0,300.0,100.0,300.0,300.0,0.0,-300.0
Participant_2081,400.0,400.0,100.0,275.0,300.0,125.0,-175.0
Participant_2082,400.0,250.0,100.0,150.0,300.0,100.0,-200.0
Participant_2083,400.0,250.0,100.0,150.0,300.0,100.0,-200.0
Participant_2084,400.0,525.0,100.0,0.0,300.0,525.0,225.0
Participant_2085,400.0,600.0,100.0,0.0,300.0,600.0,300.0
Participant_2086,400.0,200.0,100.0,200.0,300.0,0.0,-300.0
Participant_2089,400.0,450.0,100.0,25.0,300.0,425.0,125.0
Participant_2092,400.0,200.0,100.0,75.0,300.0,125.0,-175.0
Participant_2093,400.0,400.0,100.0,25.0,300.0,375.0,75.0
Participant_2094,400.0,250.0,100.0,225.0,300.0,25.0,-275.0
Participant_2095,400.0,600.0,100.0,0.0,300.0,600.0,300.0
Participant_2096,400.0,525.0,100.0,0.0,300.0,525.0,225.0
Participant_2097,400.0,250.0,100.0,175.0,300.0,75.0,-225.0
Participant_2098,400.0,275.0,100.0,125.0,300.0,150.0,-150.0
Participant_2099,400.0,400.0,100.0,375.0,300.0,25.0,-275.0
Participant_2100,400.0,550.0,100.0,50.0,300.0,500.0,200.0
Participant_2101,400.0,150.0,100.0,125.0,300.0,25.0,-275.0
Participant_2102,400.0,325.0,100.0,150.0,300.0,175.0,-125.0
Participant_2103,400.0,550.0,100.0,0.0,300.0,550.0,250.0
Participant_2104,400.0,375.0,100.0,350.0,300.0,25.0,-275.0
Participant_2105,400.0,550.0,100.0,0.0,300.0,550.0,250.0
Participant_2106,400.0,400.0,100.0,300.0,300.0,100.0,-200.0
Participant_2107,400.0,325.0,100.0,200.0,300.0,125.0,-175.0
Participant_2108,400.0,400.0,100.0,375.0,300.0,25.0,-275.0
Participant_2109,400.0,350.0,100.0,225.0,300.0,125.0,-175.0
Participant_2110,400.0,575.0,100.0,0.0,300.0,575.0,275.0
Participant_2112,400.0,200.0,100.0,225.0,300.0,-25.0,-325.0
Participant_2113,400.0,525.0,100.0,0.0,300.0,525.0,225.0
Participant_2114,400.0,400.0,100.0,350.0,300.0,50.0,-250.0
Participant_2115,400.0,150.0,100.0,150.0,300.0,0.0,-300.0
Participant_2116,400.0,300.0,100.0,275.0,300.0,25.0,-275.0
Participant_2117,400.0,350.0,100.0,250.0,300.0,100.0,-200.0
Participant_2118,400.0,550.0,100.0,0.0,300.0,550.0,250.0
Participant_2119,400.0,225.0,100.0,150.0,300.0,75.0,-225.0
Participant_2120,400.0,300.0,100.0,350.0,300.0,-50.0,-350.0
Participant_2121,400.0,250.0,100.0,250.0,300.0,0.0,-300.0
Participant_2123,400.0,525.0,100.0,75.0,300.0,450.0,150.0
Participant_2124,400.0,350.0,100.0,350.0,300.0,0.0,-300.0
Participant_2126,400.0,350.0,100.0,300.0,300.0,50.0,-250.0
Participant_2127,400.0,400.0,100.0,300.0,300.0,100.0,-200.0
Participant_2131,400.0,150.0,100.0,150.0,300.0,0.0,-300.0
Participant_2133,400.0,575.0,100.0,0.0,300.0,575.0,275.0
Participant_2134,400.0,175.0,100.0,150.0,300.0,25.0,-275.0
Participant_2135,400.0,350.0,100.0,350.0,300.0,0.0,-300.0
Participant_2136,400.0,250.0,100.0,250.0,300.0,0.0,-300.0
Participant_2137,400.0,325.0,100.0,275.0,300.0,50.0,-250.0
Participant_2138,400.0,325.0,100.0,225.0,300.0,100.0,-200.0
Participant_2139,400.0,575.0,100.0,0.0,300.0,575.0,275.0
Participant_2140,400.0,275.0,100.0,100.0,300.0,175.0,-125.0
Participant_2142,400.0,500.0,100.0,100.0,300.0,400.0,100.0
Participant_2143,400.0,150.0,100.0,150.0,300.0,0.0,-300.0
Participant_2145,400.0,200.0,100.0,200.0,300.0,0.0,-300.0
Participant_2146,400.0,200.0,100.0,75.0,300.0,125.0,-175.0
Participant_2147,400.0,150.0,100.0,150.0,300.0,0.0,-300.0
Participant_2148,400.0,325.0,100.0,225.0,300.0,100.0,-200.0
Participant_2149,400.0,225.0,100.0,100.0,300.0,125.0,-175.0
Participant_2150,400.0,300.0,100.0,300.0,300.0,0.0,-300.0
Participant_2151,400.0,350.0,100.0,350.0,300.0,0.0,-300.0
Participant_2152,400.0,550.0,100.0,0.0,300.0,550.0,250.0
Participant_2154,400.0,200.0,100.0,225.0,300.0,-25.0,-325.0
Participant_2156,400.0,100.0,100.0,100.0,300.0,0.0,-300.0
Participant_2159,400.0,225.0,100.0,150.0,300.0,75.0,-225.0
Participant_2160,400.0,300.0,100.0,175.0,300.0,125.0,-175.0
Participant_2161,400.0,350.0,100.0,350.0,300.0,0.0,-300.0
Participant_2162,400.0,350.0,100.0,350.0,300.0,0.0,-300.0
Participant_2163,400.0,300.0,100.0,100.0,300.0,200.0,-100.0
Participant_2164,400.0,400.0,100.0,250.0,300.0,150.0,-150.0
Participant_2165,400.0,500.0,100.0,0.0,300.0,500.0,200.0
Participant_2166,400.0,575.0,100.0,0.0,300.0,575.0,275.0
Participant_2167,400.0,350.0,100.0,250.0,300.0,100.0,-200.0
Participant_2168,400.0,350.0,100.0,150.0,300.0,200.0,-100.0
Participant_2169,400.0,575.0,100.0,0.0,300.0,575.0,275.0
Participant_2170,400.0,575.0,100.0,0.0,300.0,575.0,275.0
Participant_2172,400.0,550.0,100.0,0.0,300.0,550.0,250.0
Participant_2173,400.0,100.0,100.0,100.0,300.0,0.0,-300.0
Participant_2175,400.0,200.0,100.0,150.0,300.0,50.0,-250.0
Participant_2176,400.0,300.0,100.0,325.0,300.0,-25.0,-325.0
Participant_2177,400.0,350.0,100.0,0.0,300.0,350.0,50.0
Participant_2179,400.0,450.0,100.0,75.0,300.0,375.0,75.0
Participant_2180,400.0,300.0,100.0,300.0,300.0,0.0,-300.0
Participant_2182,400.0,175.0,100.0,150.0,300.0,25.0,-275.0
Participant_2183,400.0,600.0,100.0,25.0,300.0,575.0,275.0
Participant_2184,400.0,300.0,100.0,300.0,300.0,0.0,-300.0
Participant_2185,400.0,600.0,100.0,0.0,300.0,600.0,300.0
Participant_2186,400.0,450.0,100.0,25.0,300.0,425.0,125.0
Participant_2187,400.0,475.0,100.0,50.0,300.0,425.0,125.0
Participant_2188,400.0,450.0,100.0,100.0,300.0,350.0,50.0
Participant_2189,400.0,600.0,100.0,0.0,300.0,600.0,300.0
Participant_2190,400.0,525.0,100.0,0.0,300.0,525.0,225.0
Participant_2191,400.0,150.0,100.0,150.0,300.0,0.0,-300.0
Participant_2192,400.0,150.0,100.0,150.0,300.0,0.0,-300.0
Participant_2193,400.0,350.0,100.0,150.0,300.0,200.0,-100.0
Participant_2194,400.0,250.0,100.0,250.0,300.0,0.0,-300.0
Participant_2195,400.0,150.0,100.0,150.0,300.0,0.0,-300.0
Participant_2196,400.0,100.0,100.0,100.0,300.0,0.0,-300.0
Participant_2198,400.0,300.0,100.0,300.0,300.0,0.0,-300.0
Participant_2199,400.0,350.0,100.0,350.0,300.0,0.0,-300.0
Participant_2200,400.0,175.0,100.0,200.0,300.0,-25.0,-325.0
Participant_2201,400.0,325.0,100.0,175.0,300.0,150.0,-150.0
Participant_2202,400.0,625.0,100.0,0.0,300.0,625.0,325.0
Participant_2203,400.0,450.0,100.0,200.0,300.0,250.0,-50.0
Participant_2204,400.0,275.0,100.0,250.0,300.0,25.0,-275.0
Participant_2205,400.0,525.0,100.0,0.0,300.0,525.0,225.0
Participant_2206,400.0,550.0,100.0,0.0,300.0,550.0,250.0
Participant_2207,400.0,300.0,100.0,150.0,300.0,150.0,-150.0
Participant_2208,400.0,525.0,100.0,0.0,300.0,525.0,225.0
Participant_2210,400.0,475.0,100.0,25.0,300.0,450.0,150.0
Participant_2211,400.0,150.0,100.0,150.0,300.0,0.0,-300.0
Participant_2213,400.0,200.0,100.0,200.0,300.0,0.0,-300.0
Participant_2214,400.0,200.0,100.0,200.0,300.0,0.0,-300.0
Participant_2215,400.0,450.0,100.0,225.0,300.0,225.0,-75.0
Participant_2216,400.0,550.0,100.0,0.0,300.0,550.0,250.0
Participant_2217,400.0,300.0,100.0,300.0,300.0,0.0,-300.0
Participant_2218,400.0,550.0,100.0,125.0,300.0,425.0,125.0
Participant_2219,400.0,550.0,100.0,50.0,300.0,500.0,200.0
Participant_2220,400.0,225.0,100.0,125.0,300.0,100.0,-200.0
Participant_2221,400.0,550.0,100.0,0.0,300.0,550.0,250.0
Participant_2222,400.0,275.0,100.0,125.0,300.0,150.0,-150.0
Participant_2223,400.0,150.0,100.0,150.0,300.0,0.0,-300.0
Participant_2224,400.0,200.0,100.0,100.0,300.0,100.0,-200.0
Participant_2225,400.0,450.0,100.0,0.0,300.0,450.0,150.0
Participant_2226,400.0,150.0,100.0,150.0,300.0,0.0,-300.0
Participant_2227,400.0,325.0,100.0,200.0,300.0,125.0,-175.0
Participant_2228,400.0,225.0,100.0,150.0,300.0,75.0,-225.0
Participant_2231,400.0,300.0,100.0,300.0,300.0,0.0,-300.0
Participant_2232,400.0,325.0,100.0,250.0,300.0,75.0,-225.0
Participant_2233,400.0,250.0,100.0,100.0,300.0,150.0,-150.0
Participant_2234,400.0,300.0,100.0,300.0,300.0,0.0,-300.0
Participant_2235,400.0,275.0,100.0,250.0,300.0,25.0,-275.0
Participant_2236,400.0,475.0,100.0,0.0,300.0,475.0,175.0
Participant_2238,400.0,300.0,100.0,325.0,300.0,-25.0,-325.0
Participant_2239,400.0,350.0,100.0,350.0,300.0,0.0,-300.0
Participant_2240,400.0,425.0,100.0,200.0,300.0,225.0,-75.0
Participant_2241,400.0,200.0,100.0,200.0,300.0,0.0,-300.0
Participant_2242,400.0,175.0,100.0,125.0,300.0,50.0,-250.0
Participant_2243,400.0,400.0,100.0,400.0,300.0,0.0,-300.0
Participant_2244,400.0,350.0,100.0,175.0,300.0,175.0,-125.0
Participant_2245,400.0,350.0,100.0,175.0,300.0,175.0,-125.0
Participant_2246,400.0,175.0,100.0,100.0,300.0,75.0,-225.0
Participant_2247,400.0,575.0,100.0,200.0,300.0,375.0,75.0
Participant_2248,400.0,300.0,100.0,300.0,300.0,0.0,-300.0
Participant_2249,400.0,350.0,100.0,350.0,300.0,0.0,-300.0
Participant_2250,400.0,425.0,100.0,175.0,300.0,250.0,-50.0
Participant_2252,400.0,300.0,100.0,200.0,300.0,100.0,-200.0
Participant_2253,400.0,400.0,100.0,300.0,300.0,100.0,-200.0
Participant_2254,400.0,325.0,100.0,175.0,300.0,150.0,-150.0
Participant_2255,400.0,300.0,100.0,300.0,300.0,0.0,-300.0
Participant_2256,400.0,600.0,100.0,0.0,300.0,600.0,300.0
Participant_2257,400.0,100.0,100.0,100.0,300.0,0.0,-300.0
Participant_2258,400.0,425.0,100.0,225.0,300.0,200.0,-100.0
Participant_2259,400.0,350.0,100.0,200.0,300.0,150.0,-150.0
Participant_2260,400.0,400.0,100.0,400.0,300.0,0.0,-300.0
Participant_2261,400.0,300.0,100.0,25.0,300.0,275.0,-25.0
Participant_2262,400.0,525.0,100.0,0.0,300.0,525.0,225.0
Participant_2263,400.0,525.0,100.0,225.0,300.0,300.0,0.0
Participant_2264,400.0,350.0,100.0,325.0,300.0,25.0,-275.0
Participant_2265,400.0,475.0,100.0,200.0,300.0,275.0,-25.0
Participant_2266,400.0,200.0,100.0,200.0,300.0,0.0,-300.0
Participant_2267,400.0,500.0,100.0,50.0,300.0,450.0,150.0
Participant_2268,400.0,400.0,100.0,175.0,300.0,225.0,-75.0
Participant_2269,400.0,300.0,100.0,200.0,300.0,100.0,-200.0
Participant_2270,400.0,375.0,100.0,250.0,300.0,125.0,-175.0
Participant_2271,400.0,400.0,100.0,25.0,300.0,375.0,75.0
Participant_2273,400.0,275.0,100.0,300.0,300.0,-25.0,-325.0
Participant_2274,400.0,350.0,100.0,350.0,300.0,0.0,-300.0
Participant_2275,400.0,325.0,100.0,200.0,300.0,125.0,-175.0
Participant_2277,400.0,350.0,100.0,350.0,300.0,0.0,-300.0
Participant_2278,400.0,300.0,100.0,300.0,300.0,0.0,-300.0
Participant_2279,400.0,300.0,100.0,300.0,300.0,0.0,-300.0
Participant_2280,400.0,525.0,100.0,75.0,300.0,450.0,150.0
Participant_2281,400.0,275.0,100.0,125.0,300.0,150.0,-150.0
Participant_2282,400.0,325.0,100.0,225.0,300.0,100.0,-200.0
Participant_2283,400.0,425.0,100.0,0.0,300.0,425.0,125.0
Participant_2285,400.0,400.0,100.0,400.0,300.0,0.0,-300.0
Participant_2287,400.0,525.0,100.0,0.0,300.0,525.0,225.0
Participant_2288,400.0,250.0,100.0,250.0,300.0,0.0,-300.0
Participant_2290,400.0,525.0,100.0,25.0,300.0,500.0,200.0
Participant_2291,400.0,375.0,100.0,250.0,300.0,125.0,-175.0
Participant_2292,400.0,350.0,100.0,350.0,300.0,0.0,-300.0
Participant_2293,400.0,475.0,100.0,25.0,300.0,450.0,150.0
Participant_2294,400.0,250.0,100.0,225.0,300.0,25.0,-275.0
Participant_2296,400.0,250.0,100.0,250.0,300.0,0.0,-300.0
Participant_2297,400.0,350.0,100.0,225.0,300.0,125.0,-175.0
Participant_2298,400.0,350.0,100.0,350.0,300.0,0.0,-300.0
Participant_2299,400.0,325.0,100.0,250.0,300.0,75.0,-225.0
Participant_2300,400.0,250.0,100.0,225.0,300.0,25.0,-275.0
Participant_2301,400.0,550.0,100.0,300.0,300.0,250.0,-50.0
Participant_2303,400.0,200.0,100.0,225.0,300.0,-25.0,-325.0
Participant_2304,400.0,250.0,100.0,225.0,300.0,25.0,-275.0
Participant_2305,400.0,300.0,100.0,250.0,300.0,50.0,-250.0
Participant_2306,400.0,275.0,100.0,275.0,300.0,0.0,-300.0
Participant_2307,400.0,600.0,100.0,0.0,300.0,600.0,300.0
Participant_2308,400.0,150.0,100.0,150.0,300.0,0.0,-300.0
Participant_2310,400.0,200.0,100.0,200.0,300.0,0.0,-300.0
Participant_2312,400.0,525.0,100.0,25.0,300.0,500.0,200.0
Participant_2313,400.0,400.0,100.0,25.0,300.0,375.0,75.0
Participant_2314,400.0,225.0,100.0,100.0,300.0,125.0,-175.0
Participant_2315,400.0,275.0,100.0,200.0,300.0,75.0,-225.0
Participant_2316,400.0,375.0,100.0,300.0,300.0,75.0,-225.0
Participant_2317,400.0,250.0,100.0,100.0,300.0,150.0,-150.0
Participant_2318,400.0,200.0,100.0,200.0,300.0,0.0,-300.0
Participant_2319,400.0,450.0,100.0,175.0,300.0,275.0,-25.0
Participant_2320,400.0,250.0,100.0,125.0,300.0,125.0,-175.0
Participant_2321,400.0,375.0,100.0,350.0,300.0,25.0,-275.0
Participant_2322,400.0,150.0,100.0,125.0,300.0,25.0,-275.0
Participant_2323,400.0,225.0,100.0,150.0,300.0,75.0,-225.0
Participant_2324,400.0,225.0,100.0,175.0,300.0,50.0,-250.0
Participant_2325,400.0,375.0,100.0,250.0,300.0,125.0,-175.0
Participant_2326,400.0,250.0,100.0,250.0,300.0,0.0,-300.0
Participant_2327,400.0,300.0,100.0,300.0,300.0,0.0,-300.0
Participant_2328,400.0,425.0,100.0,50.0,300.0,375.0,75.0
Participant_2329,400.0,550.0,100.0,0.0,300.0,550.0,250.0
Participant_2330,400.0,275.0,100.0,225.0,300.0,50.0,-250.0
Participant_2331,400.0,250.0,100.0,250.0,300.0,0.0,-300.0
Participant_2332,400.0,600.0,100.0,0.0,300.0,600.0,300.0
Participant_2334,400.0,250.0,100.0,250.0,300.0,0.0,-300.0
Participant_2335,400.0,275.0,100.0,225.0,300.0,50.0,-250.0
Participant_2336,400.0,200.0,100.0,150.0,300.0,50.0,-250.0
Participant_2337,400.0,350.0,100.0,150.0,300.0,200.0,-100.0
Participant_2340,400.0,350.0,100.0,300.0,300.0,50.0,-250.0
Participant_2341,400.0,375.0,100.0,200.0,300.0,175.0,-125.0
Participant_2342,400.0,200.0,100.0,225.0,300.0,-25.0,-325.0
Participant_2344,400.0,275.0,100.0,150.0,300.0,125.0,-175.0
Participant_2346,400.0,275.0,100.0,275.0,300.0,0.0,-300.0
Participant_2347,400.0,525.0,100.0,75.0,300.0,450.0,150.0
Participant_2348,400.0,600.0,100.0,0.0,300.0,600.0,300.0
Participant_2349,400.0,150.0,100.0,150.0,300.0,0.0,-300.0
Participant_2350,400.0,500.0,100.0,275.0,300.0,225.0,-75.0
Participant_2351,400.0,200.0,100.0,200.0,300.0,0.0,-300.0
Participant_2352,400.0,300.0,100.0,300.0,300.0,0.0,-300.0
Participant_2353,400.0,375.0,100.0,200.0,300.0,175.0,-125.0
Participant_2354,400.0,350.0,100.0,300.0,300.0,50.0,-250.0
Participant_2355,400.0,275.0,100.0,75.0,300.0,200.0,-100.0
Participant_2356,400.0,275.0,100.0,250.0,300.0,25.0,-275.0
Participant_2357,400.0,525.0,100.0,150.0,300.0,375.0,75.0
Participant_2358,400.0,200.0,100.0,200.0,300.0,0.0,-300.0
Participant_2359,400.0,450.0,100.0,225.0,300.0,225.0,-75.0
Participant_2360,400.0,550.0,100.0,125.0,300.0,425.0,125.0
Participant_2361,400.0,500.0,100.0,0.0,300.0,500.0,200.0
Participant_2362,400.0,550.0,100.0,0.0,300.0,550.0,250.0
Participant_2364,400.0,400.0,100.0,225.0,300.0,175.0,-125.0
Participant_2365,400.0,275.0,100.0,50.0,300.0,225.0,-75.0
Participant_2367,400.0,275.0,100.0,275.0,300.0,0.0,-300.0
Participant_2368,400.0,500.0,100.0,0.0,300.0,500.0,200.0
Participant_2370,400.0,350.0,100.0,325.0,300.0,25.0,-275.0
Participant_2371,400.0,525.0,100.0,0.0,300.0,525.0,225.0
Participant_2372,400.0,150.0,100.0,150.0,300.0,0.0,-300.0
Participant_2374,400.0,550.0,100.0,25.0,300.0,525.0,225.0
Participant_2375,400.0,575.0,100.0,0.0,300.0,575.0,275.0
Participant_2376,400.0,400.0,100.0,325.0,300.0,75.0,-225.0
Participant_2377,400.0,350.0,100.0,325.0,300.0,25.0,-275.0
Participant_2379,400.0,575.0,100.0,0.0,300.0,575.0,275.0
Participant_2380,400.0,350.0,100.0,225.0,300.0,125.0,-175.0
Participant_2381,400.0,550.0,100.0,25.0,300.0,525.0,225.0
Participant_2382,400.0,275.0,100.0,125.0,300.0,150.0,-150.0
Participant_2383,400.0,400.0,100.0,400.0,300.0,0.0,-300.0
Participant_2384,400.0,350.0,100.0,350.0,300.0,0.0,-300.0
Participant_2385,400.0,175.0,100.0,100.0,300.0,75.0,-225.0
Participant_2386,400.0,500.0,100.0,25.0,300.0,475.0,175.0
Participant_2389,400.0,275.0,100.0,225.0,300.0,50.0,-250.0
Participant_2390,400.0,450.0,100.0,200.0,300.0,250.0,-50.0
Participant_2391,400.0,175.0,100.0,100.0,300.0,75.0,-225.0
Participant_2393,400.0,150.0,100.0,150.0,300.0,0.0,-300.0
Participant_2394,400.0,200.0,100.0,200.0,300.0,0.0,-300.0
Participant_2395,400.0,400.0,100.0,225.0,300.0,175.0,-125.0
Participant_2396,400.0,550.0,100.0,0.0,300.0,550.0,250.0
Participant_2397,400.0,250.0,100.0,250.0,300.0,0.0,-300.0
Participant_2398,400.0,300.0,100.0,300.0,300.0,0.0,-300.0
Participant_2399,400.0,525.0,100.0,125.0,300.0,400.0,100.0
Participant_2400,400.0,250.0,100.0,225.0,300.0,25.0,-275.0
Participant_2401,400.0,200.0,100.0,150.0,300.0,50.0,-250.0
Participant_2402,400.0,200.0,100.0,200.0,300.0,0.0,-300.0
Participant_2404,400.0,350.0,100.0,300.0,300.0,50.0,-250.0
Participant_2405,400.0,325.0,100.0,175.0,300.0,150.0,-150.0
Participant_2406,400.0,250.0,100.0,250.0,300.0,0.0,-300.0
Participant_2408,400.0,375.0,100.0,275.0,300.0,100.0,-200.0
Participant_2409,400.0,525.0,100.0,0.0,300.0,525.0,225.0
Participant_2411,400.0,575.0,100.0,0.0,300.0,575.0,275.0
Participant_2412,400.0,250.0,100.0,250.0,300.0,0.0,-300.0
Participant_2413,400.0,525.0,100.0,0.0,300.0,525.0,225.0
Participant_2414,400.0,275.0,100.0,125.0,300.0,150.0,-150.0
Participant_2415,400.0,175.0,100.0,150.0,300.0,25.0,-275.0
Participant_2417,400.0,400.0,100.0,375.0,300.0,25.0,-275.0
Participant_2418,400.0,450.0,100.0,0.0,300.0,450.0,150.0
Participant_2420,400.0,575.0,100.0,150.0,300.0,425.0,125.0
Participant_2421,400.0,425.0,100.0,0.0,300.0,425.0,125.0
Participant_2422,400.0,300.0,100.0,50.0,300.0,250.0,-50.0
Participant_2424,400.0,250.0,100.0,250.0,300.0,0.0,-300.0
Participant_2425,400.0,250.0,100.0,125.0,300.0,125.0,-175.0
Participant_2426,400.0,525.0,100.0,0.0,300.0,525.0,225.0
Participant_2427,400.0,400.0,100.0,325.0,300.0,75.0,-225.0
Participant_2428,400.0,250.0,100.0,250.0,300.0,0.0,-300.0
Participant_2429,400.0,475.0,100.0,175.0,300.0,300.0,0.0
Participant_2430,400.0,300.0,100.0,300.0,300.0,0.0,-300.0
Participant_2431,400.0,500.0,100.0,50.0,300.0,450.0,150.0
Participant_2432,400.0,500.0,100.0,25.0,300.0,475.0,175.0
Participant_2433,400.0,550.0,100.0,0.0,300.0,550.0,250.0
Participant_2434,400.0,550.0,100.0,25.0,300.0,525.0,225.0
Participant_2435,400.0,425.0,100.0,0.0,300.0,425.0,125.0
Participant_2436,400.0,550.0,100.0,0.0,300.0,550.0,250.0
Participant_2437,400.0,300.0,100.0,150.0,300.0,150.0,-150.0
Participant_2438,400.0,350.0,100.0,250.0,300.0,100.0,-200.0
Participant_2439,400.0,200.0,100.0,200.0,300.0,0.0,-300.0
Participant_2440,400.0,300.0,100.0,250.0,300.0,50.0,-250.0
Participant_2441,400.0,350.0,100.0,350.0,300.0,0.0,-300.0
Participant_2442,400.0,500.0,100.0,50.0,300.0,450.0,150.0
Participant_2443,400.0,250.0,100.0,125.0,300.0,125.0,-175.0
Participant_2444,400.0,300.0,100.0,300.0,300.0,0.0,-300.0
Participant_2445,400.0,475.0,100.0,0.0,300.0,475.0,175.0
Participant_2446,400.0,350.0,100.0,175.0,300.0,175.0,-125.0
Participant_2447,400.0,225.0,100.0,0.0,300.0,225.0,-75.0
Participant_2448,400.0,350.0,100.0,350.0,300.0,0.0,-300.0
Participant_2449,400.0,150.0,100.0,150.0,300.0,0.0,-300.0
Participant_2450,400.0,575.0,100.0,0.0,300.0,575.0,275.0
Participant_2451,400.0,175.0,100.0,100.0,300.0,75.0,-225.0
Participant_2452,400.0,225.0,100.0,25.0,300.0,200.0,-100.0
Participant_2453,400.0,225.0,100.0,125.0,300.0,100.0,-200.0
Participant_2454,400.0,400.0,100.0,350.0,300.0,50.0,-250.0
Participant_2455,400.0,500.0,100.0,125.0,300.0,375.0,75.0
Participant_2456,400.0,575.0,100.0,0.0,300.0,575.0,275.0
Participant_2457,400.0,375.0,100.0,0.0,300.0,375.0,75.0
Participant_2458,400.0,350.0,100.0,100.0,300.0,250.0,-50.0
Participant_2460,400.0,475.0,100.0,50.0,300.0,425.0,125.0
Participant_2461,400.0,475.0,100.0,25.0,300.0,450.0,150.0
Participant_2462,400.0,400.0,100.0,0.0,300.0,400.0,100.0
Participant_2463,400.0,350.0,100.0,325.0,300.0,25.0,-275.0
Participant_2464,400.0,625.0,100.0,25.0,300.0,600.0,300.0
Participant_2465,400.0,500.0,100.0,0.0,300.0,500.0,200.0
Participant_2467,400.0,150.0,100.0,150.0,300.0,0.0,-300.0
Participant_2469,400.0,200.0,100.0,175.0,300.0,25.0,-275.0
Participant_2470,400.0,250.0,100.0,175.0,300.0,75.0,-225.0
Participant_2471,400.0,150.0,100.0,150.0,300.0,0.0,-300.0
Participant_2472,400.0,175.0,100.0,125.0,300.0,50.0,-250.0
Participant_2473,400.0,250.0,100.0,250.0,300.0,0.0,-300.0
Participant_2475,400.0,550.0,100.0,0.0,300.0,550.0,250.0
Participant_2477,400.0,550.0,100.0,0.0,300.0,550.0,250.0
Participant_2479,400.0,600.0,100.0,0.0,300.0,600.0,300.0
Participant_2480,400.0,525.0,100.0,75.0,300.0,450.0,150.0
Participant_2481,400.0,550.0,100.0,0.0,300.0,550.0,250.0
Participant_2482,400.0,225.0,100.0,200.0,300.0,25.0,-275.0
Participant_2483,400.0,400.0,100.0,400.0,300.0,0.0,-300.0
Participant_2485,400.0,250.0,100.0,250.0,300.0,0.0,-300.0
Participant_2487,400.0,125.0,100.0,125.0,300.0,0.0,-300.0
Participant_2488,400.0,300.0,100.0,300.0,300.0,0.0,-300.0
Participant_2489,400.0,350.0,100.0,0.0,300.0,350.0,50.0
Participant_2490,400.0,425.0,100.0,50.0,300.0,375.0,75.0
Participant_2491,400.0,200.0,100.0,100.0,300.0,100.0,-200.0
Participant_2492,400.0,525.0,100.0,0.0,300.0,525.0,225.0
Participant_2493,400.0,250.0,100.0,300.0,300.0,-50.0,-350.0
Participant_2495,400.0,300.0,100.0,175.0,300.0,125.0,-175.0
Participant_2496,400.0,350.0,100.0,325.0,300.0,25.0,-275.0
Participant_2498,400.0,325.0,100.0,200.0,300.0,125.0,-175.0
Participant_2499,400.0,250.0,100.0,0.0,300.0,250.0,-50.0
Participant_2500,400.0,400.0,100.0,225.0,300.0,175.0,-125.0
Participant_2501,400.0,250.0,100.0,175.0,300.0,75.0,-225.0
Participant_2502,400.0,200.0,100.0,200.0,300.0,0.0,-300.0
Participant_2503,400.0,525.0,100.0,25.0,300.0,500.0,200.0
Participant_2504,400.0,575.0,100.0,25.0,300.0,550.0,250.0
Participant_2505,400.0,600.0,100.0,0.0,300.0,600.0,300.0
Participant_2506,400.0,200.0,100.0,200.0,300.0,0.0,-300.0
Participant_2507,400.0,350.0,100.0,275.0,300.0,75.0,-225.0
Participant_2508,400.0,425.0,100.0,75.0,300.0,350.0,50.0
Participant_2509,400.0,525.0,100.0,125.0,300.0,400.0,100.0
Participant_2510,400.0,400.0,100.0,400.0,300.0,0.0,-300.0
Participant_2511,400.0,375.0,100.0,225.0,300.0,150.0,-150.0
Participant_2512,400.0,375.0,100.0,350.0,300.0,25.0,-275.0
Participant_2513,400.0,475.0,100.0,0.0,300.0,475.0,175.0
Participant_2515,400.0,400.0,100.0,175.0,300.0,225.0,-75.0
Participant_2516,400.0,275.0,100.0,200.0,300.0,75.0,-225.0
Participant_2517,400.0,350.0,100.0,75.0,300.0,275.0,-25.0
Participant_2518,400.0,625.0,100.0,25.0,300.0,600.0,300.0
Participant_2519,400.0,550.0,100.0,150.0,300.0,400.0,100.0
Participant_2520,400.0,275.0,100.0,200.0,300.0,75.0,-225.0
Participant_2521,400.0,550.0,100.0,325.0,300.0,225.0,-75.0
Participant_2522,400.0,300.0,100.0,300.0,300.0,0.0,-300.0
Participant_2524,400.0,400.0,100.0,350.0,300.0,50.0,-250.0
Participant_2525,400.0,600.0,100.0,25.0,300.0,575.0,275.0
Participant_2527,400.0,400.0,100.0,300.0,300.0,100.0,-200.0
Participant_2528,400.0,325.0,100.0,325.0,300.0,0.0,-300.0
Participant_2529,400.0,175.0,100.0,150.0,300.0,25.0,-275.0
Participant_2530,400.0,350.0,100.0,350.0,300.0,0.0,-300.0
Participant_2531,400.0,450.0,100.0,0.0,300.0,450.0,150.0
Participant_2532,400.0,300.0,100.0,150.0,300.0,150.0,-150.0
Participant_2533,400.0,425.0,100.0,350.0,300.0,75.0,-225.0
Participant_2534,400.0,400.0,100.0,0.0,300.0,400.0,100.0
Participant_2535,400.0,350.0,100.0,200.0,300.0,150.0,-150.0
Participant_2536,400.0,250.0,100.0,150.0,300.0,100.0,-200.0
Participant_2537,400.0,350.0,100.0,350.0,300.0,0.0,-300.0
Participant_2540,400.0,125.0,100.0,150.0,300.0,-25.0,-325.0
Participant_2541,400.0,400.0,100.0,400.0,300.0,0.0,-300.0
Participant_2542,400.0,550.0,100.0,50.0,300.0,500.0,200.0
Participant_2543,400.0,550.0,100.0,125.0,300.0,425.0,125.0
Participant_2547,400.0,400.0,100.0,350.0,300.0,50.0,-250.0
Participant_2548,400.0,200.0,100.0,200.0,300.0,0.0,-300.0
Participant_2549,400.0,375.0,100.0,0.0,300.0,375.0,75.0
Participant_2550,400.0,375.0,100.0,400.0,300.0,-25.0,-325.0
Participant_2553,400.0,475.0,100.0,0.0,300.0,475.0,175.0
Participant_2554,400.0,250.0,100.0,250.0,300.0,0.0,-300.0
Participant_2556,400.0,375.0,100.0,75.0,300.0,300.0,0.0
Participant_2557,400.0,350.0,100.0,325.0,300.0,25.0,-275.0
Participant_2558,400.0,350.0,100.0,350.0,300.0,0.0,-300.0
Participant_2560,400.0,325.0,100.0,300.0,300.0,25.0,-275.0
Participant_2561,400.0,250.0,100.0,250.0,300.0,0.0,-300.0
Participant_2562,400.0,100.0,100.0,100.0,300.0,0.0,-300.0
Participant_2563,400.0,575.0,100.0,0.0,300.0,575.0,275.0
Participant_2564,400.0,550.0,100.0,0.0,300.0,550.0,250.0
Participant_2565,400.0,275.0,100.0,100.0,300.0,175.0,-125.0
Participant_2566,400.0,325.0,100.0,275.0,300.0,50.0,-250.0
Participant_2567,400.0,350.0,100.0,350.0,300.0,0.0,-300.0
Participant_2568,400.0,150.0,100.0,150.0,300.0,0.0,-300.0
Participant_2569,400.0,150.0,100.0,150.0,300.0,0.0,-300.0
Participant_2570,400.0,500.0,100.0,100.0,300.0,400.0,100.0
Participant_2571,400.0,250.0,100.0,200.0,300.0,50.0,-250.0
Participant_2572,400.0,575.0,100.0,0.0,300.0,575.0,275.0
Participant_2574,400.0,575.0,100.0,0.0,300.0,575.0,275.0
Participant_2575,400.0,425.0,100.0,175.0,300.0,250.0,-50.0
Participant_2576,400.0,525.0,100.0,50.0,300.0,475.0,175.0
Participant_2577,400.0,300.0,100.0,150.0,300.0,150.0,-150.0
Participant_2578,400.0,150.0,100.0,150.0,300.0,0.0,-300.0
Participant_2579,400.0,225.0,100.0,125.0,300.0,100.0,-200.0
Participant_2580,400.0,250.0,100.0,250.0,300.0,0.0,-300.0
Participant_2581,400.0,300.0,100.0,175.0,300.0,125.0,-175.0
Participant_2582,400.0,325.0,100.0,50.0,300.0,275.0,-25.0
Participant_2583,400.0,525.0,100.0,50.0,300.0,475.0,175.0
Participant_2584,400.0,250.0,100.0,175.0,300.0,75.0,-225.0
Participant_2585,400.0,300.0,100.0,200.0,300.0,100.0,-200.0
Participant_2586,400.0,400.0,100.0,350.0,300.0,50.0,-250.0
Participant_2587,400.0,375.0,100.0,300.0,300.0,75.0,-225.0
Participant_2588,400.0,325.0,100.0,100.0,300.0,225.0,-75.0
Participant_2589,400.0,325.0,100.0,250.0,300.0,75.0,-225.0
Participant_2590,400.0,225.0,100.0,125.0,300.0,100.0,-200.0
Participant_2591,400.0,250.0,100.0,250.0,300.0,0.0,-300.0
Participant_2592,400.0,500.0,100.0,0.0,300.0,500.0,200.0
Participant_2595,400.0,175.0,100.0,175.0,300.0,0.0,-300.0
Participant_2598,400.0,300.0,100.0,375.0,300.0,-75.0,-375.0
Participant_2600,400.0,200.0,100.0,200.0,300.0,0.0,-300.0
Participant_2602,400.0,350.0,100.0,350.0,300.0,0.0,-300.0
Participant_2603,400.0,225.0,100.0,100.0,300.0,125.0,-175.0
Participant_2604,400.0,525.0,100.0,0.0,300.0,525.0,225.0
Participant_2605,400.0,325.0,100.0,275.0,300.0,50.0,-250.0
Participant_2606,400.0,300.0,100.0,300.0,300.0,0.0,-300.0
Participant_2607,400.0,425.0,100.0,200.0,300.0,225.0,-75.0
Participant_2608,400.0,325.0,100.0,275.0,300.0,50.0,-250.0
Participant_2609,400.0,400.0,100.0,400.0,300.0,0.0,-300.0
Participant_2610,400.0,550.0,100.0,0.0,300.0,550.0,250.0
Participant_2611,400.0,275.0,100.0,225.0,300.0,50.0,-250.0
Participant_2614,400.0,300.0,100.0,300.0,300.0,0.0,-300.0
Participant_2615,400.0,500.0,100.0,0.0,300.0,500.0,200.0
Participant_2616,400.0,275.0,100.0,200.0,300.0,75.0,-225.0
Participant_2617,400.0,550.0,100.0,125.0,300.0,425.0,125.0
Participant_2618,400.0,500.0,100.0,0.0,300.0,500.0,200.0
Participant_2619,400.0,350.0,100.0,350.0,300.0,0.0,-300.0
Participant_2626,400.0,375.0,100.0,0.0,300.0,375.0,75.0
Participant_2627,400.0,550.0,100.0,0.0,300.0,550.0,250.0
Participant_2628,400.0,300.0,100.0,250.0,300.0,50.0,-250.0
Participant_2629,400.0,350.0,100.0,350.0,300.0,0.0,-300.0
Participant_2630,400.0,400.0,100.0,350.0,300.0,50.0,-250.0
Participant_2631,400.0,375.0,100.0,225.0,300.0,150.0,-150.0
Participant_2632,400.0,325.0,100.0,175.0,300.0,150.0,-150.0
Participant_2633,400.0,400.0,100.0,400.0,300.0,0.0,-300.0
Participant_2634,400.0,150.0,100.0,150.0,300.0,0.0,-300.0
Participant_2635,400.0,550.0,100.0,0.0,300.0,550.0,250.0
Participant_2637,400.0,425.0,100.0,0.0,300.0,425.0,125.0
Participant_2638,400.0,475.0,100.0,0.0,300.0,475.0,175.0
Participant_2639,400.0,300.0,100.0,300.0,300.0,0.0,-300.0
Participant_2640,400.0,275.0,100.0,150.0,300.0,125.0,-175.0
Participant_2641,400.0,150.0,100.0,150.0,300.0,0.0,-300.0
Participant_2642,400.0,300.0,100.0,300.0,300.0,0.0,-300.0
Participant_2643,400.0,200.0,100.0,200.0,300.0,0.0,-300.0
Participant_2644,400.0,100.0,100.0,100.0,300.0,0.0,-300.0
Participant_2645,400.0,400.0,100.0,0.0,300.0,400.0,100.0
Participant_2647,400.0,200.0,100.0,175.0,300.0,25.0,-275.0
Participant_2648,400.0,200.0,100.0,200.0,300.0,0.0,-300.0
Participant_2649,400.0,300.0,100.0,275.0,300.0,25.0,-275.0
Participant_2650,400.0,300.0,100.0,250.0,300.0,50.0,-250.0
Participant_2651,400.0,150.0,100.0,150.0,300.0,0.0,-300.0
Participant_2653,400.0,100.0,100.0,100.0,300.0,0.0,-300.0
Participant_2654,400.0,500.0,100.0,0.0,300.0,500.0,200.0
Participant_2656,400.0,300.0,100.0,300.0,300.0,0.0,-300.0
Participant_2657,400.0,200.0,100.0,225.0,300.0,-25.0,-325.0
Participant_2658,400.0,250.0,100.0,250.0,300.0,0.0,-300.0
Participant_2659,400.0,350.0,100.0,350.0,300.0,0.0,-300.0
Participant_2661,400.0,150.0,100.0,150.0,300.0,0.0,-300.0
Participant_2662,400.0,350.0,100.0,350.0,300.0,0.0,-300.0
Participant_2663,400.0,275.0,100.0,150.0,300.0,125.0,-175.0
Participant_2664,400.0,175.0,100.0,0.0,300.0,175.0,-125.0
Participant_2665,400.0,225.0,100.0,150.0,300.0,75.0,-225.0
Participant_2666,400.0,350.0,100.0,300.0,300.0,50.0,-250.0
Participant_2667,400.0,525.0,100.0,175.0,300.0,350.0,50.0
Participant_2668,400.0,350.0,100.0,350.0,300.0,0.0,-300.0
Participant_2669,400.0,400.0,100.0,275.0,300.0,125.0,-175.0
Participant_2671,400.0,550.0,100.0,50.0,300.0,500.0,200.0
Participant_2674,400.0,325.0,100.0,325.0,300.0,0.0,-300.0
Participant_2675,400.0,300.0,100.0,100.0,300.0,200.0,-100.0
Participant_2676,400.0,275.0,100.0,250.0,300.0,25.0,-275.0
Participant_2677,400.0,400.0,100.0,50.0,300.0,350.0,50.0
Participant_2679,400.0,225.0,100.0,0.0,300.0,225.0,-75.0
Participant_2681,400.0,250.0,100.0,175.0,300.0,75.0,-225.0
Participant_2682,400.0,425.0,100.0,200.0,300.0,225.0,-75.0
Participant_2683,400.0,400.0,100.0,325.0,300.0,75.0,-225.0
Participant_2684,400.0,475.0,100.0,150.0,300.0,325.0,25.0
Participant_2685,400.0,200.0,100.0,200.0,300.0,0.0,-300.0
Participant_2686,400.0,250.0,100.0,250.0,300.0,0.0,-300.0
Participant_2687,400.0,250.0,100.0,75.0,300.0,175.0,-125.0
Participant_2688,400.0,400.0,100.0,350.0,300.0,50.0,-250.0
Participant_2689,400.0,325.0,100.0,300.0,300.0,25.0,-275.0
Participant_2690,400.0,475.0,100.0,0.0,300.0,475.0,175.0
Participant_2691,400.0,275.0,100.0,175.0,300.0,100.0,-200.0
Participant_2692,400.0,250.0,100.0,100.0,300.0,150.0,-150.0
Participant_2693,400.0,375.0,100.0,200.0,300.0,175.0,-125.0
Participant_2694,400.0,575.0,100.0,25.0,300.0,550.0,250.0
Participant_2696,400.0,400.0,100.0,175.0,300.0,225.0,-75.0
Participant_2697,400.0,300.0,100.0,300.0,300.0,0.0,-300.0
Participant_2698,400.0,575.0,100.0,0.0,300.0,575.0,275.0
Participant_2700,400.0,500.0,100.0,25.0,300.0,475.0,175.0
Participant_2701,400.0,500.0,100.0,150.0,300.0,350.0,50.0
Participant_2702,400.0,275.0,100.0,250.0,300.0,25.0,-275.0
Participant_2703,400.0,550.0,100.0,0.0,300.0,550.0,250.0
Participant_2704,400.0,450.0,100.0,0.0,300.0,450.0,150.0
Participant_2706,400.0,275.0,100.0,250.0,300.0,25.0,-275.0
Participant_2707,400.0,300.0,100.0,100.0,300.0,200.0,-100.0
Participant_2709,400.0,350.0,100.0,350.0,300.0,0.0,-300.0
Participant_2710,400.0,550.0,100.0,25.0,300.0,525.0,225.0
Participant_2711,400.0,550.0,100.0,25.0,300.0,525.0,225.0
Participant_2712,400.0,450.0,100.0,250.0,300.0,200.0,-100.0
Participant_2713,400.0,350.0,100.0,350.0,300.0,0.0,-300.0
Participant_2714,400.0,300.0,100.0,300.0,300.0,0.0,-300.0
Participant_2715,400.0,400.0,100.0,400.0,300.0,0.0,-300.0
Participant_2717,400.0,550.0,100.0,0.0,300.0,550.0,250.0
Participant_2718,400.0,475.0,100.0,150.0,300.0,325.0,25.0
Participant_2719,400.0,425.0,100.0,0.0,300.0,425.0,125.0
Participant_2720,400.0,225.0,100.0,225.0,300.0,0.0,-300.0
Participant_2721,400.0,400.0,100.0,75.0,300.0,325.0,25.0
Participant_2722,400.0,325.0,100.0,0.0,300.0,325.0,25.0
Participant_2723,400.0,300.0,100.0,325.0,300.0,-25.0,-325.0
Participant_2724,400.0,550.0,100.0,150.0,300.0,400.0,100.0
Participant_2725,400.0,400.0,100.0,225.0,300.0,175.0,-125.0
Participant_2728,400.0,400.0,100.0,0.0,300.0,400.0,100.0
Participant_2729,400.0,250.0,100.0,275.0,300.0,-25.0,-325.0
Participant_2730,400.0,600.0,100.0,0.0,300.0,600.0,300.0
Participant_2732,400.0,275.0,100.0,200.0,300.0,75.0,-225.0
Participant_2733,400.0,500.0,100.0,150.0,300.0,350.0,50.0
Participant_2734,400.0,100.0,100.0,100.0,300.0,0.0,-300.0
Participant_2736,400.0,250.0,100.0,250.0,300.0,0.0,-300.0
Participant_2737,400.0,300.0,100.0,175.0,300.0,125.0,-175.0
Participant_2738,400.0,300.0,100.0,300.0,300.0,0.0,-300.0
Participant_2739,400.0,475.0,100.0,75.0,300.0,400.0,100.0
Participant_2740,400.0,525.0,100.0,0.0,300.0,525.0,225.0
Participant_2742,400.0,600.0,100.0,0.0,300.0,600.0,300.0
Participant_2743,400.0,500.0,100.0,0.0,300.0,500.0,200.0
Participant_2744,400.0,500.0,100.0,0.0,300.0,500.0,200.0
Participant_2746,400.0,250.0,100.0,150.0,300.0,100.0,-200.0
Participant_2747,400.0,375.0,100.0,50.0,300.0,325.0,25.0
Participant_2748,400.0,375.0,100.0,275.0,300.0,100.0,-200.0
Participant_2749,400.0,500.0,100.0,0.0,300.0,500.0,200.0
Participant_2750,400.0,325.0,100.0,175.0,300.0,150.0,-150.0
Participant_2752,400.0,600.0,100.0,0.0,300.0,600.0,300.0
Participant_2753,400.0,325.0,100.0,325.0,300.0,0.0,-300.0
Participant_2754,400.0,225.0,100.0,150.0,300.0,75.0,-225.0
Participant_2756,400.0,625.0,100.0,0.0,300.0,625.0,325.0
Participant_2759,400.0,250.0,100.0,250.0,300.0,0.0,-300.0
Participant_2760,400.0,400.0,100.0,400.0,300.0,0.0,-300.0
Participant_2761,400.0,400.0,100.0,50.0,300.0,350.0,50.0
Participant_2762,400.0,525.0,100.0,0.0,300.0,525.0,225.0
Participant_2763,400.0,550.0,100.0,0.0,300.0,550.0,250.0
Participant_2764,400.0,400.0,100.0,225.0,300.0,175.0,-125.0
Participant_2765,400.0,225.0,100.0,100.0,300.0,125.0,-175.0
Participant_2766,400.0,225.0,100.0,100.0,300.0,125.0,-175.0
Participant_2767,400.0,200.0,100.0,200.0,300.0,0.0,-300.0
Participant_2768,400.0,475.0,100.0,0.0,300.0,475.0,175.0
Participant_2769,400.0,425.0,100.0,75.0,300.0,350.0,50.0
Participant_2770,400.0,200.0,100.0,200.0,300.0,0.0,-300.0
Participant_2771,400.0,400.0,100.0,400.0,300.0,0.0,-300.0
Participant_2772,400.0,575.0,100.0,0.0,300.0,575.0,275.0
Participant_2773,400.0,575.0,100.0,0.0,300.0,575.0,275.0
Participant_2774,400.0,200.0,100.0,200.0,300.0,0.0,-300.0
Participant_2775,400.0,300.0,100.0,125.0,300.0,175.0,-125.0
Participant_2776,400.0,425.0,100.0,250.0,300.0,175.0,-125.0
Participant_2778,400.0,400.0,100.0,375.0,300.0,25.0,-275.0
Participant_2779,400.0,325.0,100.0,325.0,300.0,0.0,-300.0
Participant_2781,400.0,425.0,100.0,300.0,300.0,125.0,-175.0
Participant_2782,400.0,375.0,100.0,250.0,300.0,125.0,-175.0
Participant_2783,400.0,325.0,100.0,75.0,300.0,250.0,-50.0
Participant_2784,400.0,575.0,100.0,0.0,300.0,575.0,275.0
Participant_2785,400.0,375.0,100.0,0.0,300.0,375.0,75.0
Participant_2786,400.0,500.0,100.0,0.0,300.0,500.0,200.0
Participant_2788,400.0,400.0,100.0,0.0,300.0,400.0,100.0
Participant_2789,400.0,200.0,100.0,200.0,300.0,0.0,-300.0
Participant_2790,400.0,300.0,100.0,225.0,300.0,75.0,-225.0
Participant_2792,400.0,350.0,100.0,350.0,300.0,0.0,-300.0
Participant_2793,400.0,300.0,100.0,75.0,300.0,225.0,-75.0
Participant_2794,400.0,550.0,100.0,125.0,300.0,425.0,125.0
Participant_2795,400.0,150.0,100.0,150.0,300.0,0.0,-300.0
Participant_2796,400.0,250.0,100.0,250.0,300.0,0.0,-300.0
Participant_2797,400.0,400.0,100.0,350.0,300.0,50.0,-250.0
Participant_2798,400.0,400.0,100.0,175.0,300.0,225.0,-75.0
Participant_2801,400.0,375.0,100.0,200.0,300.0,175.0,-125.0
Participant_2802,400.0,200.0,100.0,225.0,300.0,-25.0,-325.0
Participant_2803,400.0,350.0,100.0,350.0,300.0,0.0,-300.0
Participant_2804,400.0,350.0,100.0,350.0,300.0,0.0,-300.0
Participant_2805,400.0,350.0,100.0,350.0,300.0,0.0,-300.0
Participant_2808,400.0,500.0,100.0,100.0,300.0,400.0,100.0
Participant_2810,400.0,300.0,100.0,275.0,300.0,25.0,-275.0
Participant_2812,400.0,350.0,100.0,275.0,300.0,75.0,-225.0
Participant_2813,400.0,625.0,100.0,0.0,300.0,625.0,325.0
Participant_2814,400.0,200.0,100.0,200.0,300.0,0.0,-300.0
Participant_2816,400.0,550.0,100.0,50.0,300.0,500.0,200.0
Participant_2817,400.0,550.0,100.0,0.0,300.0,550.0,250.0
Participant_2818,400.0,250.0,100.0,250.0,300.0,0.0,-300.0
Participant_2819,400.0,100.0,100.0,100.0,300.0,0.0,-300.0
Participant_2820,400.0,450.0,100.0,75.0,300.0,375.0,75.0
Participant_2821,400.0,275.0,100.0,50.0,300.0,225.0,-75.0
Participant_2822,400.0,525.0,100.0,25.0,300.0,500.0,200.0
Participant_2823,400.0,200.0,100.0,200.0,300.0,0.0,-300.0
Participant_2825,400.0,575.0,100.0,50.0,300.0,525.0,225.0
Participant_2827,400.0,400.0,100.0,400.0,300.0,0.0,-300.0
Participant_2828,400.0,575.0,100.0,0.0,300.0,575.0,275.0
Participant_2829,400.0,500.0,100.0,25.0,300.0,475.0,175.0
Participant_2830,400.0,475.0,100.0,125.0,300.0,350.0,50.0
Participant_2831,400.0,350.0,100.0,275.0,300.0,75.0,-225.0
Participant_2832,400.0,275.0,100.0,225.0,300.0,50.0,-250.0
Participant_2833,400.0,250.0,100.0,25.0,300.0,225.0,-75.0
Participant_2834,400.0,425.0,100.0,25.0,300.0,400.0,100.0
Participant_2835,400.0,525.0,100.0,0.0,300.0,525.0,225.0
Participant_2837,400.0,325.0,100.0,350.0,300.0,-25.0,-325.0
Participant_2838,400.0,300.0,100.0,300.0,300.0,0.0,-300.0
Participant_2839,400.0,100.0,100.0,100.0,300.0,0.0,-300.0
Participant_2840,400.0,575.0,100.0,0.0,300.0,575.0,275.0
Participant_2841,400.0,425.0,100.0,275.0,300.0,150.0,-150.0
Participant_2842,400.0,325.0,100.0,200.0,300.0,125.0,-175.0
Participant_2843,400.0,300.0,100.0,300.0,300.0,0.0,-300.0
Participant_2844,400.0,500.0,100.0,25.0,300.0,475.0,175.0
Participant_2845,400.0,275.0,100.0,250.0,300.0,25.0,-275.0
Participant_2846,400.0,275.0,100.0,75.0,300.0,200.0,-100.0
Participant_2847,400.0,225.0,100.0,200.0,300.0,25.0,-275.0
Participant_2848,400.0,350.0,100.0,150.0,300.0,200.0,-100.0
Participant_2849,400.0,400.0,100.0,400.0,300.0,0.0,-300.0
Participant_2850,400.0,500.0,100.0,25.0,300.0,475.0,175.0
Participant_2851,400.0,525.0,100.0,75.0,300.0,450.0,150.0
Participant_2852,400.0,575.0,100.0,0.0,300.0,575.0,275.0
Participant_2853,400.0,250.0,100.0,250.0,300.0,0.0,-300.0
Participant_2854,400.0,400.0,100.0,275.0,300.0,125.0,-175.0
Participant_2855,400.0,250.0,100.0,250.0,300.0,0.0,-300.0
Participant_2856,400.0,375.0,100.0,250.0,300.0,125.0,-175.0
Participant_2857,400.0,250.0,100.0,100.0,300.0,150.0,-150.0
Participant_2858,400.0,275.0,100.0,75.0,300.0,200.0,-100.0
Participant_2859,400.0,300.0,100.0,275.0,300.0,25.0,-275.0
Participant_2860,400.0,175.0,100.0,150.0,300.0,25.0,-275.0
Participant_2862,400.0,200.0,100.0,200.0,300.0,0.0,-300.0
Participant_2863,400.0,525.0,100.0,50.0,300.0,475.0,175.0
Participant_2864,400.0,200.0,100.0,75.0,300.0,125.0,-175.0
Participant_2865,400.0,200.0,100.0,200.0,300.0,0.0,-300.0
Participant_2866,400.0,250.0,100.0,225.0,300.0,25.0,-275.0
Participant_2867,400.0,250.0,100.0,300.0,300.0,-50.0,-350.0
Participant_2868,400.0,150.0,100.0,125.0,300.0,25.0,-275.0
Participant_2869,400.0,350.0,100.0,350.0,300.0,0.0,-300.0
Participant_2870,400.0,250.0,100.0,250.0,300.0,0.0,-300.0
Participant_2871,400.0,400.0,100.0,300.0,300.0,100.0,-200.0
Participant_2872,400.0,525.0,100.0,0.0,300.0,525.0,225.0
Participant_2873,400.0,525.0,100.0,250.0,300.0,275.0,-25.0
Participant_2875,400.0,200.0,100.0,200.0,300.0,0.0,-300.0
Participant_2876,400.0,500.0,100.0,0.0,300.0,500.0,200.0
Participant_2877,400.0,350.0,100.0,300.0,300.0,50.0,-250.0
Participant_2878,400.0,450.0,100.0,25.0,300.0,425.0,125.0
Participant_2879,400.0,225.0,100.0,200.0,300.0,25.0,-275.0
Participant_2880,400.0,475.0,100.0,0.0,300.0,475.0,175.0
Participant_2882,400.0,200.0,100.0,175.0,300.0,25.0,-275.0
Participant_2883,400.0,325.0,100.0,175.0,300.0,150.0,-150.0
Participant_2884,400.0,350.0,100.0,350.0,300.0,0.0,-300.0
Participant_2886,400.0,575.0,100.0,25.0,300.0,550.0,250.0
Participant_2887,400.0,250.0,100.0,250.0,300.0,0.0,-300.0
Participant_2889,400.0,250.0,100.0,250.0,300.0,0.0,-300.0
Participant_2891,400.0,250.0,100.0,100.0,300.0,150.0,-150.0
Participant_2892,400.0,100.0,100.0,100.0,300.0,0.0,-300.0
Participant_2893,400.0,575.0,100.0,0.0,300.0,575.0,275.0
Participant_2894,400.0,150.0,100.0,150.0,300.0,0.0,-300.0
Participant_2895,400.0,375.0,100.0,75.0,300.0,300.0,0.0
Participant_2896,400.0,350.0,100.0,350.0,300.0,0.0,-300.0
Participant_2897,400.0,400.0,100.0,25.0,300.0,375.0,75.0
Participant_2898,400.0,400.0,100.0,300.0,300.0,100.0,-200.0
Participant_2899,400.0,525.0,100.0,0.0,300.0,525.0,225.0
Participant_2900,400.0,475.0,100.0,100.0,300.0,375.0,75.0
Participant_2901,400.0,200.0,100.0,200.0,300.0,0.0,-300.0
Participant_2902,400.0,200.0,100.0,75.0,300.0,125.0,-175.0
Participant_2906,400.0,350.0,100.0,350.0,300.0,0.0,-300.0
Participant_2908,400.0,300.0,100.0,225.0,300.0,75.0,-225.0
Participant_2910,400.0,200.0,100.0,75.0,300.0,125.0,-175.0
Participant_2911,400.0,250.0,100.0,250.0,300.0,0.0,-300.0
Participant_2912,400.0,525.0,100.0,0.0,300.0,525.0,225.0
Participant_2913,400.0,275.0,100.0,250.0,300.0,25.0,-275.0
Participant_2914,400.0,375.0,100.0,125.0,300.0,250.0,-50.0
Participant_2915,400.0,250.0,100.0,200.0,300.0,50.0,-250.0
Participant_2917,400.0,300.0,100.0,225.0,300.0,75.0,-225.0
Participant_2918,400.0,200.0,100.0,75.0,300.0,125.0,-175.0
Participant_2919,400.0,575.0,100.0,25.0,300.0,550.0,250.0
Participant_2920,400.0,625.0,100.0,125.0,300.0,500.0,200.0
Participant_2921,400.0,150.0,100.0,150.0,300.0,0.0,-300.0
Participant_2922,400.0,300.0,100.0,200.0,300.0,100.0,-200.0
Participant_2923,400.0,550.0,100.0,0.0,300.0,550.0,250.0
Participant_2924,400.0,300.0,100.0,50.0,300.0,250.0,-50.0
Participant_2926,400.0,475.0,100.0,0.0,300.0,475.0,175.0
Participant_2927,400.0,425.0,100.0,400.0,300.0,25.0,-275.0
Participant_2928,400.0,125.0,100.0,100.0,300.0,25.0,-275.0
Participant_2929,400.0,450.0,100.0,0.0,300.0,450.0,150.0
Participant_2930,400.0,400.0,100.0,350.0,300.0,50.0,-250.0
Participant_2931,400.0,400.0,100.0,125.0,300.0,275.0,-25.0
Participant_2933,400.0,350.0,100.0,275.0,300.0,75.0,-225.0
Participant_2934,400.0,150.0,100.0,150.0,300.0,0.0,-300.0
Participant_2935,400.0,100.0,100.0,100.0,300.0,0.0,-300.0
Participant_2936,400.0,275.0,100.0,250.0,300.0,25.0,-275.0
Participant_2937,400.0,425.0,100.0,25.0,300.0,400.0,100.0
Participant_2938,400.0,200.0,100.0,125.0,300.0,75.0,-225.0
Participant_2939,400.0,325.0,100.0,250.0,300.0,75.0,-225.0
Participant_2940,400.0,400.0,100.0,400.0,300.0,0.0,-300.0
Participant_2943,400.0,300.0,100.0,200.0,300.0,100.0,-200.0
Participant_2945,400.0,400.0,100.0,400.0,300.0,0.0,-300.0
Participant_2946,400.0,300.0,100.0,275.0,300.0,25.0,-275.0
Participant_2947,400.0,350.0,100.0,275.0,300.0,75.0,-225.0
Participant_2948,400.0,350.0,100.0,325.0,300.0,25.0,-275.0
Participant_2949,400.0,400.0,100.0,400.0,300.0,0.0,-300.0
Participant_2950,400.0,225.0,100.0,100.0,300.0,125.0,-175.0
Participant_2952,400.0,400.0,100.0,400.0,300.0,0.0,-300.0
Participant_2953,400.0,375.0,100.0,325.0,300.0,50.0,-250.0
Participant_2954,400.0,350.0,100.0,150.0,300.0,200.0,-100.0
Participant_2955,400.0,350.0,100.0,300.0,300.0,50.0,-250.0
Participant_2956,400.0,400.0,100.0,400.0,300.0,0.0,-300.0
Participant_2957,400.0,125.0,100.0,100.0,300.0,25.0,-275.0
Participant_2958,400.0,200.0,100.0,200.0,300.0,0.0,-300.0
Participant_2959,400.0,100.0,100.0,100.0,300.0,0.0,-300.0
Participant_2960,400.0,250.0,100.0,200.0,300.0,50.0,-250.0
Participant_2961,400.0,550.0,100.0,125.0,300.0,425.0,125.0
Participant_2963,400.0,400.0,100.0,200.0,300.0,200.0,-100.0
Participant_2964,400.0,250.0,100.0,225.0,300.0,25.0,-275.0
Participant_2966,400.0,650.0,100.0,0.0,300.0,650.0,350.0
Participant_2968,400.0,350.0,100.0,50.0,300.0,300.0,0.0
Participant_2969,400.0,550.0,100.0,50.0,300.0,500.0,200.0
Participant_2971,400.0,300.0,100.0,300.0,300.0,0.0,-300.0
Participant_2972,400.0,100.0,100.0,100.0,300.0,0.0,-300.0
Participant_2973,400.0,550.0,100.0,25.0,300.0,525.0,225.0
Participant_2974,400.0,125.0,100.0,100.0,300.0,25.0,-275.0
Participant_2975,400.0,225.0,100.0,225.0,300.0,0.0,-300.0
Participant_2976,400.0,400.0,100.0,375.0,300.0,25.0,-275.0
Participant_2977,400.0,525.0,100.0,50.0,300.0,475.0,175.0
Participant_2978,400.0,175.0,100.0,0.0,300.0,175.0,-125.0
Participant_2979,400.0,300.0,100.0,125.0,300.0,175.0,-125.0
Participant_2980,400.0,375.0,100.0,25.0,300.0,350.0,50.0
Participant_2981,400.0,300.0,100.0,100.0,300.0,200.0,-100.0
Participant_2982,400.0,175.0,100.0,100.0,300.0,75.0,-225.0
Participant_2983,400.0,600.0,100.0,0.0,300.0,600.0,300.0
Participant_2984,400.0,400.0,100.0,100.0,300.0,300.0,0.0
Participant_2985,400.0,525.0,100.0,0.0,300.0,525.0,225.0
Participant_2986,400.0,275.0,100.0,125.0,300.0,150.0,-150.0
Participant_2988,400.0,275.0,100.0,125.0,300.0,150.0,-150.0
Participant_2989,400.0,250.0,100.0,225.0,300.0,25.0,-275.0
Participant_2990,400.0,475.0,100.0,50.0,300.0,425.0,125.0
Participant_2991,400.0,250.0,100.0,250.0,300.0,0.0,-300.0
Participant_2992,400.0,400.0,100.0,400.0,300.0,0.0,-300.0
Participant_2993,400.0,375.0,100.0,0.0,300.0,375.0,75.0
Participant_2994,400.0,350.0,100.0,250.0,300.0,100.0,-200.0
Participant_2995,400.0,325.0,100.0,275.0,300.0,50.0,-250.0
Participant_2996,400.0,150.0,100.0,150.0,300.0,0.0,-300.0
Participant_2997,400.0,525.0,100.0,0.0,300.0,525.0,225.0
Participant_2998,400.0,500.0,100.0,0.0,300.0,500.0,200.0
Participant_2999,400.0,525.0,100.0,0.0,300.0,525.0,225.0
Participant_3000,400.0,525.0,100.0,25.0,300.0,500.0,200.0
Participant_3001,400.0,350.0,100.0,350.0,300.0,0.0,-300.0
Participant_3002,400.0,325.0,100.0,200.0,300.0,125.0,-175.0
Participant_3004,400.0,600.0,100.0,25.0,300.0,575.0,275.0
Participant_3005,400.0,550.0,100.0,0.0,300.0,550.0,250.0
Participant_3006,400.0,350.0,100.0,200.0,300.0,150.0,-150.0
Participant_3007,400.0,200.0,100.0,200.0,300.0,0.0,-300.0
Participant_3009,400.0,500.0,100.0,0.0,300.0,500.0,200.0
Participant_3010,400.0,525.0,100.0,25.0,300.0,500.0,200.0
Participant_3011,400.0,400.0,100.0,25.0,300.0,375.0,75.0
Participant_3012,400.0,350.0,100.0,350.0,300.0,0.0,-300.0
Participant_3013,400.0,375.0,100.0,250.0,300.0,125.0,-175.0
Participant_3014,400.0,550.0,100.0,25.0,300.0,525.0,225.0
Participant_3015,400.0,150.0,100.0,150.0,300.0,0.0,-300.0
Participant_3017,400.0,375.0,100.0,325.0,300.0,50.0,-250.0
Participant_3018,400.0,475.0,100.0,75.0,300.0,400.0,100.0
Participant_3019,400.0,525.0,100.0,25.0,300.0,500.0,200.0
Participant_3020,400.0,250.0,100.0,200.0,300.0,50.0,-250.0
Participant_3021,400.0,150.0,100.0,150.0,300.0,0.0,-300.0
Participant_3022,400.0,200.0,100.0,100.0,300.0,100.0,-200.0
Participant_3023,400.0,225.0,100.0,100.0,300.0,125.0,-175.0
Participant_3024,400.0,475.0,100.0,100.0,300.0,375.0,75.0
Participant_3025,400.0,225.0,100.0,150.0,300.0,75.0,-225.0
Participant_3026,400.0,475.0,100.0,225.0,300.0,250.0,-50.0
Participant_3027,400.0,100.0,100.0,100.0,300.0,0.0,-300.0
Participant_3028,400.0,375.0,100.0,125.0,300.0,250.0,-50.0
Participant_3029,400.0,250.0,100.0,150.0,300.0,100.0,-200.0
Participant_3030,400.0,475.0,100.0,25.0,300.0,450.0,150.0
Participant_3031,400.0,375.0,100.0,0.0,300.0,375.0,75.0
Participant_3032,400.0,200.0,100.0,200.0,300.0,0.0,-300.0
Participant_3033,400.0,250.0,100.0,150.0,300.0,100.0,-200.0
Participant_3034,400.0,500.0,100.0,50.0,300.0,450.0,150.0
Participant_3035,400.0,300.0,100.0,225.0,300.0,75.0,-225.0
Participant_3036,400.0,425.0,100.0,0.0,300.0,425.0,125.0
Participant_3037,400.0,225.0,100.0,225.0,300.0,0.0,-300.0
Participant_3038,400.0,425.0,100.0,25.0,300.0,400.0,100.0
Participant_3039,400.0,250.0,100.0,250.0,300.0,0.0,-300.0
Participant_3040,400.0,525.0,100.0,25.0,300.0,500.0,200.0
Participant_3041,400.0,150.0,100.0,175.0,300.0,-25.0,-325.0
Participant_3042,400.0,500.0,100.0,0.0,300.0,500.0,200.0
Participant_3043,400.0,100.0,100.0,100.0,300.0,0.0,-300.0
Participant_3044,400.0,350.0,100.0,125.0,300.0,225.0,-75.0
Participant_3045,400.0,400.0,100.0,300.0,300.0,100.0,-200.0
Participant_3046,400.0,150.0,100.0,150.0,300.0,0.0,-300.0
Participant_3048,400.0,125.0,100.0,100.0,300.0,25.0,-275.0
Participant_3049,400.0,400.0,100.0,375.0,300.0,25.0,-275.0
Participant_3050,400.0,525.0,100.0,25.0,300.0,500.0,200.0
Participant_3051,400.0,400.0,100.0,350.0,300.0,50.0,-250.0
Participant_3052,400.0,225.0,100.0,225.0,300.0,0.0,-300.0
Participant_3053,400.0,575.0,100.0,0.0,300.0,575.0,275.0
Participant_3054,400.0,200.0,100.0,200.0,300.0,0.0,-300.0
Participant_3055,400.0,150.0,100.0,150.0,300.0,0.0,-300.0
Participant_3056,400.0,275.0,100.0,225.0,300.0,50.0,-250.0
Participant_3057,400.0,275.0,100.0,300.0,300.0,-25.0,-325.0
Participant_3058,400.0,275.0,100.0,200.0,300.0,75.0,-225.0
Participant_3061,400.0,375.0,100.0,225.0,300.0,150.0,-150.0
Participant_3063,400.0,275.0,100.0,100.0,300.0,175.0,-125.0
Participant_3064,400.0,300.0,100.0,300.0,300.0,0.0,-300.0
Participant_3065,400.0,250.0,100.0,175.0,300.0,75.0,-225.0
Participant_3066,400.0,100.0,100.0,100.0,300.0,0.0,-300.0
Participant_3067,400.0,550.0,100.0,0.0,300.0,550.0,250.0
Participant_3068,400.0,550.0,100.0,0.0,300.0,550.0,250.0
Participant_3069,400.0,600.0,100.0,300.0,300.0,300.0,0.0
Participant_3070,400.0,550.0,100.0,125.0,300.0,425.0,125.0
Participant_3072,400.0,425.0,100.0,250.0,300.0,175.0,-125.0
Participant_3073,400.0,325.0,100.0,225.0,300.0,100.0,-200.0
Participant_3075,400.0,550.0,100.0,0.0,300.0,550.0,250.0
Participant_3076,400.0,275.0,100.0,200.0,300.0,75.0,-225.0
Participant_3077,400.0,250.0,100.0,250.0,300.0,0.0,-300.0
Participant_3078,400.0,300.0,100.0,225.0,300.0,75.0,-225.0
Participant_3079,400.0,425.0,100.0,300.0,300.0,125.0,-175.0
Participant_3080,400.0,600.0,100.0,0.0,300.0,600.0,300.0
Participant_3081,400.0,300.0,100.0,300.0,300.0,0.0,-300.0
Participant_3082,400.0,350.0,100.0,350.0,300.0,0.0,-300.0
Participant_3083,400.0,350.0,100.0,350.0,300.0,0.0,-300.0
Participant_3084,400.0,250.0,100.0,225.0,300.0,25.0,-275.0
Participant_3088,400.0,175.0,100.0,75.0,300.0,100.0,-200.0
Participant_3089,400.0,300.0,100.0,100.0,300.0,200.0,-100.0
Participant_3090,400.0,625.0,100.0,0.0,300.0,625.0,325.0
Participant_3092,400.0,300.0,100.0,250.0,300.0,50.0,-250.0
Participant_3093,400.0,400.0,100.0,375.0,300.0,25.0,-275.0
Participant_3094,400.0,375.0,100.0,0.0,300.0,375.0,75.0
Participant_3095,400.0,525.0,100.0,175.0,300.0,350.0,50.0
Participant_3096,400.0,200.0,100.0,200.0,300.0,0.0,-300.0
Participant_3097,400.0,300.0,100.0,275.0,300.0,25.0,-275.0
Participant_3098,400.0,225.0,100.0,200.0,300.0,25.0,-275.0
Participant_3099,400.0,300.0,100.0,150.0,300.0,150.0,-150.0
Participant_3100,400.0,425.0,100.0,375.0,300.0,50.0,-250.0
Participant_3101,400.0,400.0,100.0,300.0,300.0,100.0,-200.0
Participant_3102,400.0,525.0,100.0,0.0,300.0,525.0,225.0
Participant_3103,400.0,500.0,100.0,250.0,300.0,250.0,-50.0
Participant_3105,400.0,550.0,100.0,0.0,300.0,550.0,250.0
Participant_3106,400.0,400.0,100.0,375.0,300.0,25.0,-275.0
Participant_3107,400.0,325.0,100.0,300.0,300.0,25.0,-275.0
Participant_3109,400.0,350.0,100.0,350.0,300.0,0.0,-300.0
Participant_3110,400.0,550.0,100.0,0.0,300.0,550.0,250.0
Participant_3111,400.0,400.0,100.0,375.0,300.0,25.0,-275.0
Participant_3112,400.0,300.0,100.0,300.0,300.0,0.0,-300.0
Participant_3115,400.0,350.0,100.0,350.0,300.0,0.0,-300.0
Participant_3116,400.0,375.0,100.0,25.0,300.0,350.0,50.0
Participant_3117,400.0,400.0,100.0,200.0,300.0,200.0,-100.0
Participant_3121,400.0,550.0,100.0,0.0,300.0,550.0,250.0
Participant_3122,400.0,425.0,100.0,0.0,300.0,425.0,125.0
Participant_3123,400.0,550.0,100.0,0.0,300.0,550.0,250.0
Participant_3124,400.0,600.0,100.0,0.0,300.0,600.0,300.0
Participant_3125,400.0,250.0,100.0,250.0,300.0,0.0,-300.0
Participant_3127,400.0,175.0,100.0,150.0,300.0,25.0,-275.0
Participant_3128,400.0,175.0,100.0,175.0,300.0,0.0,-300.0
Participant_3129,400.0,400.0,100.0,300.0,300.0,100.0,-200.0
Participant_3131,400.0,625.0,100.0,0.0,300.0,625.0,325.0
Participant_3132,400.0,375.0,100.0,0.0,300.0,375.0,75.0
Participant_3133,400.0,400.0,100.0,325.0,300.0,75.0,-225.0
Participant_3134,400.0,150.0,100.0,100.0,300.0,50.0,-250.0
Participant_3136,400.0,500.0,100.0,50.0,300.0,450.0,150.0
Participant_3137,400.0,150.0,100.0,150.0,300.0,0.0,-300.0
Participant_3138,400.0,500.0,100.0,0.0,300.0,500.0,200.0
Participant_3139,400.0,150.0,100.0,150.0,300.0,0.0,-300.0
Participant_3141,400.0,350.0,100.0,350.0,300.0,0.0,-300.0
Participant_3142,400.0,200.0,100.0,200.0,300.0,0.0,-300.0
Participant_3143,400.0,400.0,100.0,400.0,300.0,0.0,-300.0
Participant_3145,400.0,375.0,100.0,175.0,300.0,200.0,-100.0
Participant_3146,400.0,300.0,100.0,175.0,300.0,125.0,-175.0
Participant_3147,400.0,300.0,100.0,300.0,300.0,0.0,-300.0
Participant_3148,400.0,300.0,100.0,300.0,300.0,0.0,-300.0
Participant_3149,400.0,250.0,100.0,100.0,300.0,150.0,-150.0
Participant_3150,400.0,575.0,100.0,0.0,300.0,575.0,275.0
Participant_3151,400.0,475.0,100.0,125.0,300.0,350.0,50.0
Participant_3152,400.0,300.0,100.0,175.0,300.0,125.0,-175.0
Participant_3153,400.0,575.0,100.0,25.0,300.0,550.0,250.0
Participant_3154,400.0,550.0,100.0,0.0,300.0,550.0,250.0
Participant_3155,400.0,375.0,100.0,375.0,300.0,0.0,-300.0
Participant_3156,400.0,150.0,100.0,100.0,300.0,50.0,-250.0
Participant_3158,400.0,375.0,100.0,275.0,300.0,100.0,-200.0
Participant_3159,400.0,475.0,100.0,50.0,300.0,425.0,125.0
Participant_3160,400.0,425.0,100.0,175.0,300.0,250.0,-50.0
Participant_3161,400.0,250.0,100.0,250.0,300.0,0.0,-300.0
Participant_3162,400.0,225.0,100.0,25.0,300.0,200.0,-100.0
Participant_3163,400.0,100.0,100.0,125.0,300.0,-25.0,-325.0
Participant_3164,400.0,350.0,100.0,350.0,300.0,0.0,-300.0
Participant_3165,400.0,250.0,100.0,150.0,300.0,100.0,-200.0
Participant_3166,400.0,325.0,100.0,200.0,300.0,125.0,-175.0
Participant_3167,400.0,425.0,100.0,375.0,300.0,50.0,-250.0
Participant_3168,400.0,500.0,100.0,25.0,300.0,475.0,175.0
Participant_3171,400.0,150.0,100.0,150.0,300.0,0.0,-300.0
Participant_3172,400.0,300.0,100.0,150.0,300.0,150.0,-150.0
Participant_3173,400.0,125.0,100.0,100.0,300.0,25.0,-275.0
Participant_3174,400.0,325.0,100.0,200.0,300.0,125.0,-175.0
Participant_3175,400.0,525.0,100.0,25.0,300.0,500.0,200.0
Participant_3176,400.0,250.0,100.0,250.0,300.0,0.0,-300.0
Participant_3177,400.0,125.0,100.0,75.0,300.0,50.0,-250.0
Participant_3178,400.0,350.0,100.0,325.0,300.0,25.0,-275.0
Participant_3179,400.0,525.0,100.0,25.0,300.0,500.0,200.0
Participant_3180,400.0,400.0,100.0,0.0,300.0,400.0,100.0
Participant_3181,400.0,250.0,100.0,250.0,300.0,0.0,-300.0
Participant_3182,400.0,525.0,100.0,100.0,300.0,425.0,125.0
Participant_3183,400.0,375.0,100.0,350.0,300.0,25.0,-275.0
Participant_3184,400.0,500.0,100.0,0.0,300.0,500.0,200.0
Participant_3186,400.0,550.0,100.0,0.0,300.0,550.0,250.0
Participant_3187,400.0,350.0,100.0,350.0,300.0,0.0,-300.0
Participant_3188,400.0,600.0,100.0,0.0,300.0,600.0,300.0
Participant_3190,400.0,200.0,100.0,200.0,300.0,0.0,-300.0
Participant_3191,400.0,425.0,100.0,150.0,300.0,275.0,-25.0
Participant_3192,400.0,250.0,100.0,250.0,300.0,0.0,-300.0
Participant_3193,400.0,375.0,100.0,275.0,300.0,100.0,-200.0
Participant_3194,400.0,225.0,100.0,150.0,300.0,75.0,-225.0
Participant_3195,400.0,475.0,100.0,100.0,300.0,375.0,75.0
Participant_3197,400.0,325.0,100.0,175.0,300.0,150.0,-150.0
Participant_3198,400.0,250.0,100.0,275.0,300.0,-25.0,-325.0
Participant_3199,400.0,375.0,100.0,350.0,300.0,25.0,-275.0
Participant_3200,400.0,550.0,100.0,50.0,300.0,500.0,200.0
Participant_3201,400.0,300.0,100.0,225.0,300.0,75.0,-225.0
Participant_3202,400.0,200.0,100.0,200.0,300.0,0.0,-300.0
Participant_3203,400.0,175.0,100.0,100.0,300.0,75.0,-225.0
Participant_3204,400.0,400.0,100.0,350.0,300.0,50.0,-250.0
Participant_3205,400.0,150.0,100.0,175.0,300.0,-25.0,-325.0
Participant_3206,400.0,200.0,100.0,0.0,300.0,200.0,-100.0
Participant_3207,400.0,325.0,100.0,250.0,300.0,75.0,-225.0
Participant_3208,400.0,125.0,100.0,100.0,300.0,25.0,-275.0
Participant_3209,400.0,250.0,100.0,250.0,300.0,0.0,-300.0
Participant_3210,400.0,500.0,100.0,0.0,300.0,500.0,200.0
Participant_3211,400.0,600.0,100.0,0.0,300.0,600.0,300.0
Participant_3212,400.0,375.0,100.0,50.0,300.0,325.0,25.0
Participant_3214,400.0,400.0,100.0,300.0,300.0,100.0,-200.0
Participant_3216,400.0,375.0,100.0,0.0,300.0,375.0,75.0
Participant_3217,400.0,250.0,100.0,175.0,300.0,75.0,-225.0
Participant_3218,400.0,500.0,100.0,150.0,300.0,350.0,50.0
Participant_3219,400.0,225.0,100.0,0.0,300.0,225.0,-75.0
Participant_3220,400.0,275.0,100.0,250.0,300.0,25.0,-275.0
Participant_3221,400.0,375.0,100.0,350.0,300.0,25.0,-275.0
Participant_3222,400.0,325.0,100.0,350.0,300.0,-25.0,-325.0
Participant_3223,400.0,525.0,100.0,75.0,300.0,450.0,150.0
Participant_3224,400.0,600.0,100.0,0.0,300.0,600.0,300.0
Participant_3225,400.0,400.0,100.0,200.0,300.0,200.0,-100.0
Participant_3227,400.0,325.0,100.0,150.0,300.0,175.0,-125.0
Participant_3228,400.0,400.0,100.0,400.0,300.0,0.0,-300.0
Participant_3229,400.0,100.0,100.0,100.0,300.0,0.0,-300.0
Participant_3230,400.0,275.0,100.0,250.0,300.0,25.0,-275.0
Participant_3231,400.0,200.0,100.0,200.0,300.0,0.0,-300.0
Participant_3232,400.0,550.0,100.0,0.0,300.0,550.0,250.0
Participant_3233,400.0,325.0,100.0,100.0,300.0,225.0,-75.0
Participant_3235,400.0,100.0,100.0,100.0,300.0,0.0,-300.0
Participant_3236,400.0,575.0,100.0,0.0,300.0,575.0,275.0
Participant_3237,400.0,375.0,100.0,300.0,300.0,75.0,-225.0
Participant_3238,400.0,350.0,100.0,250.0,300.0,100.0,-200.0
Participant_3240,400.0,300.0,100.0,100.0,300.0,200.0,-100.0
Participant_3241,400.0,500.0,100.0,0.0,300.0,500.0,200.0
Participant_3242,400.0,200.0,100.0,200.0,300.0,0.0,-300.0
Participant_3243,400.0,200.0,100.0,200.0,300.0,0.0,-300.0
Participant_3244,400.0,475.0,100.0,50.0,300.0,425.0,125.0
Participant_3245,400.0,325.0,100.0,200.0,300.0,125.0,-175.0
Participant_3246,400.0,325.0,100.0,150.0,300.0,175.0,-125.0
Participant_3247,400.0,150.0,100.0,150.0,300.0,0.0,-300.0
Participant_3249,400.0,300.0,100.0,300.0,300.0,0.0,-300.0
Participant_3250,400.0,325.0,100.0,225.0,300.0,100.0,-200.0
Participant_3251,400.0,500.0,100.0,0.0,300.0,500.0,200.0
Participant_3252,400.0,300.0,100.0,100.0,300.0,200.0,-100.0
Participant_3256,400.0,450.0,100.0,0.0,300.0,450.0,150.0
Participant_3258,400.0,450.0,100.0,50.0,300.0,400.0,100.0
Participant_3259,400.0,150.0,100.0,150.0,300.0,0.0,-300.0
Participant_3260,400.0,300.0,100.0,275.0,300.0,25.0,-275.0
Participant_3261,400.0,425.0,100.0,50.0,300.0,375.0,75.0
Participant_3262,400.0,525.0,100.0,0.0,300.0,525.0,225.0
Participant_3263,400.0,450.0,100.0,150.0,300.0,300.0,0.0
Participant_3264,400.0,550.0,100.0,50.0,300.0,500.0,200.0
Participant_3266,400.0,450.0,100.0,50.0,300.0,400.0,100.0
Participant_3268,400.0,300.0,100.0,250.0,300.0,50.0,-250.0
Participant_3269,400.0,300.0,100.0,225.0,300.0,75.0,-225.0
Participant_3270,400.0,250.0,100.0,250.0,300.0,0.0,-300.0
Participant_3271,400.0,525.0,100.0,0.0,300.0,525.0,225.0
Participant_3272,400.0,575.0,100.0,0.0,300.0,575.0,275.0
Participant_3274,400.0,150.0,100.0,150.0,300.0,0.0,-300.0
Participant_3276,400.0,200.0,100.0,175.0,300.0,25.0,-275.0
Participant_3277,400.0,200.0,100.0,200.0,300.0,0.0,-300.0
Participant_3278,400.0,375.0,100.0,0.0,300.0,375.0,75.0
Participant_3279,400.0,275.0,100.0,100.0,300.0,175.0,-125.0
Participant_3281,400.0,300.0,100.0,300.0,300.0,0.0,-300.0
Participant_3283,400.0,225.0,100.0,200.0,300.0,25.0,-275.0
Participant_3284,400.0,275.0,100.0,225.0,300.0,50.0,-250.0
Participant_3285,400.0,350.0,100.0,350.0,300.0,0.0,-300.0
Participant_3286,400.0,475.0,100.0,50.0,300.0,425.0,125.0
Participant_3287,400.0,250.0,100.0,150.0,300.0,100.0,-200.0
Participant_3289,400.0,250.0,100.0,250.0,300.0,0.0,-300.0
Participant_3290,400.0,275.0,100.0,25.0,300.0,250.0,-50.0
Participant_3291,400.0,425.0,100.0,25.0,300.0,400.0,100.0
Participant_3292,400.0,375.0,100.0,175.0,300.0,200.0,-100.0
Participant_3293,400.0,300.0,100.0,200.0,300.0,100.0,-200.0
Participant_3294,400.0,525.0,100.0,0.0,300.0,525.0,225.0
Participant_3295,400.0,525.0,100.0,250.0,300.0,275.0,-25.0
Participant_3296,400.0,225.0,100.0,200.0,300.0,25.0,-275.0
Participant_3297,400.0,300.0,100.0,325.0,300.0,-25.0,-325.0
Participant_3298,400.0,325.0,100.0,75.0,300.0,250.0,-50.0
Participant_3299,400.0,400.0,100.0,325.0,300.0,75.0,-225.0
Participant_3300,400.0,300.0,100.0,175.0,300.0,125.0,-175.0
Participant_3302,400.0,500.0,100.0,0.0,300.0,500.0,200.0
Participant_3303,400.0,275.0,100.0,300.0,300.0,-25.0,-325.0
Participant_3304,400.0,550.0,100.0,0.0,300.0,550.0,250.0
Participant_3305,400.0,325.0,100.0,100.0,300.0,225.0,-75.0
Participant_3306,400.0,275.0,100.0,300.0,300.0,-25.0,-325.0
Participant_3307,400.0,400.0,100.0,150.0,300.0,250.0,-50.0
Participant_3308,400.0,125.0,100.0,100.0,300.0,25.0,-275.0
Participant_3309,400.0,175.0,100.0,100.0,300.0,75.0,-225.0
Participant_3310,400.0,500.0,100.0,50.0,300.0,450.0,150.0
Participant_3311,400.0,400.0,100.0,400.0,300.0,0.0,-300.0
Participant_3312,400.0,550.0,100.0,25.0,300.0,525.0,225.0
Participant_3314,400.0,200.0,100.0,200.0,300.0,0.0,-300.0
Participant_3315,400.0,400.0,100.0,200.0,300.0,200.0,-100.0
Participant_3318,400.0,300.0,100.0,200.0,300.0,100.0,-200.0
Participant_3319,400.0,150.0,100.0,150.0,300.0,0.0,-300.0
Participant_3320,400.0,150.0,100.0,150.0,300.0,0.0,-300.0
Participant_3321,400.0,550.0,100.0,0.0,300.0,550.0,250.0
Participant_3322,400.0,325.0,100.0,225.0,300.0,100.0,-200.0
Participant_3323,400.0,400.0,100.0,375.0,300.0,25.0,-275.0
Participant_3327,400.0,475.0,100.0,0.0,300.0,475.0,175.0
Participant_3328,400.0,250.0,100.0,250.0,300.0,0.0,-300.0
Participant_3329,400.0,200.0,100.0,200.0,300.0,0.0,-300.0
Participant_3330,400.0,225.0,100.0,200.0,300.0,25.0,-275.0
Participant_3331,400.0,200.0,100.0,200.0,300.0,0.0,-300.0
Participant_3332,400.0,275.0,100.0,250.0,300.0,25.0,-275.0
Participant_3333,400.0,250.0,100.0,225.0,300.0,25.0,-275.0
Participant_3334,400.0,350.0,100.0,0.0,300.0,350.0,50.0
Participant_3336,400.0,575.0,100.0,175.0,300.0,400.0,100.0
Participant_3337,400.0,300.0,100.0,300.0,300.0,0.0,-300.0
Participant_3338,400.0,400.0,100.0,0.0,300.0,400.0,100.0
Participant_3339,400.0,200.0,100.0,175.0,300.0,25.0,-275.0
Participant_3340,400.0,500.0,100.0,0.0,300.0,500.0,200.0
Participant_3341,400.0,400.0,100.0,100.0,300.0,300.0,0.0
Participant_3342,400.0,200.0,100.0,0.0,300.0,200.0,-100.0
Participant_3343,400.0,250.0,100.0,75.0,300.0,175.0,-125.0
Participant_3344,400.0,500.0,100.0,0.0,300.0,500.0,200.0
Participant_3346,400.0,400.0,100.0,400.0,300.0,0.0,-300.0
Participant_3347,400.0,600.0,100.0,0.0,300.0,600.0,300.0
Participant_3348,400.0,300.0,100.0,150.0,300.0,150.0,-150.0
Participant_3349,400.0,550.0,100.0,0.0,300.0,550.0,250.0
Participant_3350,400.0,550.0,100.0,0.0,300.0,550.0,250.0
Participant_3351,400.0,250.0,100.0,250.0,300.0,0.0,-300.0
Participant_3353,400.0,275.0,100.0,150.0,300.0,125.0,-175.0
Participant_3354,400.0,400.0,100.0,400.0,300.0,0.0,-300.0
Participant_3355,400.0,250.0,100.0,100.0,300.0,150.0,-150.0
Participant_3357,400.0,300.0,100.0,275.0,300.0,25.0,-275.0
Participant_3359,400.0,250.0,100.0,250.0,300.0,0.0,-300.0
Participant_3360,400.0,100.0,100.0,100.0,300.0,0.0,-300.0
Participant_3361,400.0,325.0,100.0,275.0,300.0,50.0,-250.0
Participant_3362,400.0,250.0,100.0,150.0,300.0,100.0,-200.0
Participant_3363,400.0,350.0,100.0,350.0,300.0,0.0,-300.0
Participant_3364,400.0,125.0,100.0,100.0,300.0,25.0,-275.0
Participant_3365,400.0,150.0,100.0,50.0,300.0,100.0,-200.0
Participant_3366,400.0,250.0,100.0,200.0,300.0,50.0,-250.0
Participant_3367,400.0,200.0,100.0,200.0,300.0,0.0,-300.0
Participant_3368,400.0,425.0,100.0,400.0,300.0,25.0,-275.0
Participant_3370,400.0,150.0,100.0,150.0,300.0,0.0,-300.0
Participant_3371,400.0,400.0,100.0,25.0,300.0,375.0,75.0
Participant_3372,400.0,300.0,100.0,350.0,300.0,-50.0,-350.0
Participant_3373,400.0,425.0,100.0,0.0,300.0,425.0,125.0
Participant_3374,400.0,150.0,100.0,75.0,300.0,75.0,-225.0
Participant_3376,400.0,375.0,100.0,200.0,300.0,175.0,-125.0
Participant_3377,400.0,275.0,100.0,125.0,300.0,150.0,-150.0
Participant_3378,400.0,425.0,100.0,175.0,300.0,250.0,-50.0
Participant_3379,400.0,525.0,100.0,125.0,300.0,400.0,100.0
Participant_3380,400.0,250.0,100.0,175.0,300.0,75.0,-225.0
Participant_3381,400.0,600.0,100.0,0.0,300.0,600.0,300.0
Participant_3382,400.0,350.0,100.0,225.0,300.0,125.0,-175.0
Participant_3383,400.0,300.0,100.0,200.0,300.0,100.0,-200.0
Participant_3384,400.0,525.0,100.0,25.0,300.0,500.0,200.0
Participant_3385,400.0,225.0,100.0,125.0,300.0,100.0,-200.0
Participant_3386,400.0,400.0,100.0,400.0,300.0,0.0,-300.0
Participant_3387,400.0,150.0,100.0,150.0,300.0,0.0,-300.0
Participant_3388,400.0,575.0,100.0,0.0,300.0,575.0,275.0
Participant_3389,400.0,175.0,100.0,125.0,300.0,50.0,-250.0
Participant_3391,400.0,375.0,100.0,0.0,300.0,375.0,75.0
Participant_3392,400.0,175.0,100.0,150.0,300.0,25.0,-275.0
Participant_3396,400.0,250.0,100.0,225.0,300.0,25.0,-275.0
Participant_3397,400.0,550.0,100.0,25.0,300.0,525.0,225.0
Participant_3398,400.0,600.0,100.0,0.0,300.0,600.0,300.0
Participant_3400,400.0,250.0,100.0,250.0,300.0,0.0,-300.0
Participant_3401,400.0,325.0,100.0,100.0,300.0,225.0,-75.0
Participant_3402,400.0,175.0,100.0,150.0,300.0,25.0,-275.0
Participant_3403,400.0,200.0,100.0,100.0,300.0,100.0,-200.0
Participant_3404,400.0,150.0,100.0,200.0,300.0,-50.0,-350.0
Participant_3405,400.0,275.0,100.0,275.0,300.0,0.0,-300.0
Participant_3406,400.0,275.0,100.0,200.0,300.0,75.0,-225.0
Participant_3407,400.0,550.0,100.0,0.0,300.0,550.0,250.0
Participant_3408,400.0,350.0,100.0,350.0,300.0,0.0,-300.0
Participant_3409,400.0,300.0,100.0,300.0,300.0,0.0,-300.0
Participant_3410,400.0,275.0,100.0,125.0,300.0,150.0,-150.0
Participant_3411,400.0,350.0,100.0,350.0,300.0,0.0,-300.0
Participant_3412,400.0,250.0,100.0,250.0,300.0,0.0,-300.0
Participant_3413,400.0,200.0,100.0,200.0,300.0,0.0,-300.0
Participant_3414,400.0,300.0,100.0,200.0,300.0,100.0,-200.0
Participant_3415,400.0,100.0,100.0,100.0,300.0,0.0,-300.0
Participant_3416,400.0,300.0,100.0,300.0,300.0,0.0,-300.0
Participant_3417,400.0,400.0,100.0,250.0,300.0,150.0,-150.0
Participant_3418,400.0,325.0,100.0,325.0,300.0,0.0,-300.0
Participant_3419,400.0,100.0,100.0,100.0,300.0,0.0,-300.0
Participant_3421,400.0,250.0,100.0,225.0,300.0,25.0,-275.0
Participant_3422,400.0,350.0,100.0,350.0,300.0,0.0,-300.0
Participant_3423,400.0,300.0,100.0,300.0,300.0,0.0,-300.0
Participant_3424,400.0,175.0,100.0,100.0,300.0,75.0,-225.0
Participant_3425,400.0,350.0,100.0,325.0,300.0,25.0,-275.0
Participant_3426,400.0,325.0,100.0,225.0,300.0,100.0,-200.0
Participant_3427,400.0,550.0,100.0,100.0,300.0,450.0,150.0
Participant_3428,400.0,175.0,100.0,100.0,300.0,75.0,-225.0
Participant_3429,400.0,575.0,100.0,0.0,300.0,575.0,275.0
Participant_3430,400.0,275.0,100.0,225.0,300.0,50.0,-250.0
Participant_3432,400.0,375.0,100.0,300.0,300.0,75.0,-225.0
Participant_3433,400.0,250.0,100.0,250.0,300.0,0.0,-300.0
Participant_3434,400.0,400.0,100.0,400.0,300.0,0.0,-300.0
Participant_3435,400.0,375.0,100.0,225.0,300.0,150.0,-150.0
Participant_3436,400.0,300.0,100.0,175.0,300.0,125.0,-175.0
Participant_3437,400.0,400.0,100.0,400.0,300.0,0.0,-300.0
Participant_3438,400.0,350.0,100.0,325.0,300.0,25.0,-275.0
Participant_3439,400.0,300.0,100.0,200.0,300.0,100.0,-200.0
Participant_3440,400.0,400.0,100.0,250.0,300.0,150.0,-150.0
Participant_3441,400.0,425.0,100.0,50.0,300.0,375.0,75.0
Participant_3442,400.0,575.0,100.0,0.0,300.0,575.0,275.0
Participant_3443,400.0,425.0,100.0,200.0,300.0,225.0,-75.0
Participant_3444,400.0,325.0,100.0,175.0,300.0,150.0,-150.0
Participant_3445,400.0,350.0,100.0,275.0,300.0,75.0,-225.0
Participant_3446,400.0,150.0,100.0,150.0,300.0,0.0,-300.0
Participant_3449,400.0,425.0,100.0,75.0,300.0,350.0,50.0
Participant_3450,400.0,350.0,100.0,350.0,300.0,0.0,-300.0
Participant_3451,400.0,300.0,100.0,275.0,300.0,25.0,-275.0
Participant_3452,400.0,550.0,100.0,75.0,300.0,475.0,175.0
Participant_3453,400.0,400.0,100.0,25.0,300.0,375.0,75.0
Participant_3454,400.0,350.0,100.0,350.0,300.0,0.0,-300.0
Participant_3455,400.0,425.0,100.0,325.0,300.0,100.0,-200.0
Participant_3456,400.0,550.0,100.0,75.0,300.0,475.0,175.0
Participant_3457,400.0,175.0,100.0,125.0,300.0,50.0,-250.0
Participant_3458,400.0,375.0,100.0,200.0,300.0,175.0,-125.0
Participant_3461,400.0,325.0,100.0,300.0,300.0,25.0,-275.0
Participant_3462,400.0,325.0,100.0,150.0,300.0,175.0,-125.0
Participant_3463,400.0,350.0,100.0,350.0,300.0,0.0,-300.0
Participant_3464,400.0,225.0,100.0,0.0,300.0,225.0,-75.0
Participant_3465,400.0,575.0,100.0,25.0,300.0,550.0,250.0
Participant_3466,400.0,325.0,100.0,275.0,300.0,50.0,-250.0
Participant_3468,400.0,575.0,100.0,0.0,300.0,575.0,275.0
Participant_3469,400.0,400.0,100.0,400.0,300.0,0.0,-300.0
Participant_3470,400.0,300.0,100.0,300.0,300.0,0.0,-300.0
Participant_3471,400.0,150.0,100.0,200.0,300.0,-50.0,-350.0
Participant_3472,400.0,550.0,100.0,0.0,300.0,550.0,250.0
Participant_3473,400.0,575.0,100.0,50.0,300.0,525.0,225.0
Participant_3475,400.0,100.0,100.0,100.0,300.0,0.0,-300.0
Participant_3476,400.0,525.0,100.0,0.0,300.0,525.0,225.0
Participant_3477,400.0,300.0,100.0,300.0,300.0,0.0,-300.0
Participant_3478,400.0,550.0,100.0,0.0,300.0,550.0,250.0
Participant_3479,400.0,475.0,100.0,125.0,300.0,350.0,50.0
Participant_3482,400.0,300.0,100.0,300.0,300.0,0.0,-300.0
Participant_3483,400.0,325.0,100.0,250.0,300.0,75.0,-225.0
Participant_3484,400.0,450.0,100.0,25.0,300.0,425.0,125.0
Participant_3485,400.0,150.0,100.0,150.0,300.0,0.0,-300.0
Participant_3486,400.0,350.0,100.0,325.0,300.0,25.0,-275.0
Participant_3488,400.0,350.0,100.0,100.0,300.0,250.0,-50.0
Participant_3489,400.0,350.0,100.0,350.0,300.0,0.0,-300.0
Participant_3491,400.0,300.0,100.0,275.0,300.0,25.0,-275.0
Participant_3494,400.0,400.0,100.0,400.0,300.0,0.0,-300.0
Participant_3495,400.0,275.0,100.0,250.0,300.0,25.0,-275.0
Participant_3496,400.0,100.0,100.0,100.0,300.0,0.0,-300.0
Participant_3498,400.0,350.0,100.0,175.0,300.0,175.0,-125.0
Participant_3500,400.0,375.0,100.0,50.0,300.0,325.0,25.0
Participant_3501,400.0,425.0,100.0,150.0,300.0,275.0,-25.0
Participant_3502,400.0,550.0,100.0,0.0,300.0,550.0,250.0
Participant_3503,400.0,350.0,100.0,200.0,300.0,150.0,-150.0
Participant_3504,400.0,550.0,100.0,0.0,300.0,550.0,250.0
Participant_3505,400.0,525.0,100.0,0.0,300.0,525.0,225.0
Participant_3508,400.0,400.0,100.0,0.0,300.0,400.0,100.0
Participant_3509,400.0,525.0,100.0,150.0,300.0,375.0,75.0
Participant_3510,400.0,250.0,100.0,250.0,300.0,0.0,-300.0
Participant_3511,400.0,300.0,100.0,225.0,300.0,75.0,-225.0
Participant_3512,400.0,325.0,100.0,75.0,300.0,250.0,-50.0
Participant_3513,400.0,400.0,100.0,175.0,300.0,225.0,-75.0
Participant_3514,400.0,475.0,100.0,25.0,300.0,450.0,150.0
Participant_3515,400.0,525.0,100.0,0.0,300.0,525.0,225.0
Participant_3516,400.0,400.0,100.0,200.0,300.0,200.0,-100.0
Participant_3517,400.0,300.0,100.0,300.0,300.0,0.0,-300.0
Participant_3519,400.0,550.0,100.0,0.0,300.0,550.0,250.0
Participant_3520,400.0,475.0,100.0,0.0,300.0,475.0,175.0
Participant_3523,400.0,525.0,100.0,0.0,300.0,525.0,225.0
Participant_3524,400.0,450.0,100.0,75.0,300.0,375.0,75.0
Participant_3525,400.0,200.0,100.0,125.0,300.0,75.0,-225.0
Participant_3526,400.0,250.0,100.0,250.0,300.0,0.0,-300.0
Participant_3528,400.0,250.0,100.0,225.0,300.0,25.0,-275.0
Participant_3529,400.0,400.0,100.0,400.0,300.0,0.0,-300.0
Participant_3530,400.0,150.0,100.0,150.0,300.0,0.0,-300.0
Participant_3531,400.0,350.0,100.0,200.0,300.0,150.0,-150.0
Participant_3532,400.0,575.0,100.0,0.0,300.0,575.0,275.0
Participant_3533,400.0,600.0,100.0,0.0,300.0,600.0,300.0
Participant_3534,400.0,250.0,100.0,250.0,300.0,0.0,-300.0
Participant_3535,400.0,250.0,100.0,150.0,300.0,100.0,-200.0
Participant_3537,400.0,425.0,100.0,150.0,300.0,275.0,-25.0
Participant_3538,400.0,300.0,100.0,300.0,300.0,0.0,-300.0
Participant_3539,400.0,400.0,100.0,25.0,300.0,375.0,75.0
Participant_3540,400.0,150.0,100.0,150.0,300.0,0.0,-300.0
Participant_3541,400.0,400.0,100.0,250.0,300.0,150.0,-150.0
Participant_3542,400.0,300.0,100.0,275.0,300.0,25.0,-275.0
Participant_3543,400.0,150.0,100.0,150.0,300.0,0.0,-300.0
Participant_3544,400.0,200.0,100.0,200.0,300.0,0.0,-300.0
Participant_3545,400.0,375.0,100.0,0.0,300.0,375.0,75.0
Participant_3546,400.0,275.0,100.0,250.0,300.0,25.0,-275.0
Participant_3548,400.0,200.0,100.0,200.0,300.0,0.0,-300.0
Participant_3549,400.0,200.0,100.0,200.0,300.0,0.0,-300.0
Participant_3550,400.0,325.0,100.0,75.0,300.0,250.0,-50.0
Participant_3551,400.0,350.0,100.0,350.0,300.0,0.0,-300.0
Participant_3552,400.0,275.0,100.0,275.0,300.0,0.0,-300.0
Participant_3553,400.0,575.0,100.0,0.0,300.0,575.0,275.0
Participant_3554,400.0,100.0,100.0,100.0,300.0,0.0,-300.0
Participant_3555,400.0,250.0,100.0,150.0,300.0,100.0,-200.0
Participant_3556,400.0,425.0,100.0,0.0,300.0,425.0,125.0
Participant_3557,400.0,600.0,100.0,50.0,300.0,550.0,250.0
Participant_3559,400.0,525.0,100.0,125.0,300.0,400.0,100.0
Participant_3560,400.0,350.0,100.0,275.0,300.0,75.0,-225.0
Participant_3561,400.0,425.0,100.0,25.0,300.0,400.0,100.0
Participant_3563,400.0,100.0,100.0,100.0,300.0,0.0,-300.0
Participant_3565,400.0,500.0,100.0,0.0,300.0,500.0,200.0
Participant_3566,400.0,300.0,100.0,250.0,300.0,50.0,-250.0
Participant_3567,400.0,250.0,100.0,225.0,300.0,25.0,-275.0
Participant_3568,400.0,375.0,100.0,300.0,300.0,75.0,-225.0
Participant_3569,400.0,550.0,100.0,25.0,300.0,525.0,225.0
Participant_3570,400.0,275.0,100.0,100.0,300.0,175.0,-125.0
Participant_3571,400.0,575.0,100.0,0.0,300.0,575.0,275.0
Participant_3574,400.0,150.0,100.0,150.0,300.0,0.0,-300.0
Participant_3576,400.0,275.0,100.0,275.0,300.0,0.0,-300.0
Participant_3577,400.0,250.0,100.0,250.0,300.0,0.0,-300.0
Participant_3579,400.0,550.0,100.0,0.0,300.0,550.0,250.0
Participant_3580,400.0,375.0,100.0,100.0,300.0,275.0,-25.0
Participant_3581,400.0,550.0,100.0,0.0,300.0,550.0,250.0
Participant_3583,400.0,325.0,100.0,275.0,300.0,50.0,-250.0
Participant_3584,400.0,575.0,100.0,0.0,300.0,575.0,275.0
Participant_3585,400.0,400.0,100.0,0.0,300.0,400.0,100.0
Participant_3586,400.0,425.0,100.0,50.0,300.0,375.0,75.0
Participant_3587,400.0,350.0,100.0,200.0,300.0,150.0,-150.0
Participant_3588,400.0,450.0,100.0,50.0,300.0,400.0,100.0
Participant_3589,400.0,325.0,100.0,250.0,300.0,75.0,-225.0
Participant_3590,400.0,475.0,100.0,25.0,300.0,450.0,150.0
Participant_3591,400.0,550.0,100.0,25.0,300.0,525.0,225.0
Participant_3592,400.0,300.0,100.0,300.0,300.0,0.0,-300.0
Participant_3594,400.0,200.0,100.0,200.0,300.0,0.0,-300.0
Participant_3595,400.0,100.0,100.0,100.0,300.0,0.0,-300.0
Participant_3596,400.0,575.0,100.0,0.0,300.0,575.0,275.0
Participant_3597,400.0,500.0,100.0,25.0,300.0,475.0,175.0
Participant_3598,400.0,625.0,100.0,0.0,300.0,625.0,325.0
Participant_3599,400.0,300.0,100.0,350.0,300.0,-50.0,-350.0
Participant_3600,400.0,600.0,100.0,0.0,300.0,600.0,300.0
Participant_3601,400.0,625.0,100.0,125.0,300.0,500.0,200.0
Participant_3602,400.0,575.0,100.0,0.0,300.0,575.0,275.0
Participant_3603,400.0,300.0,100.0,150.0,300.0,150.0,-150.0
Participant_3604,400.0,500.0,100.0,0.0,300.0,500.0,200.0
Participant_3605,400.0,575.0,100.0,0.0,300.0,575.0,275.0
Participant_3606,400.0,275.0,100.0,200.0,300.0,75.0,-225.0
Participant_3607,400.0,350.0,100.0,150.0,300.0,200.0,-100.0
Participant_3608,400.0,325.0,100.0,225.0,300.0,100.0,-200.0
Participant_3609,400.0,300.0,100.0,175.0,300.0,125.0,-175.0
Participant_3610,400.0,100.0,100.0,100.0,300.0,0.0,-300.0
Participant_3611,400.0,150.0,100.0,150.0,300.0,0.0,-300.0
Participant_3613,400.0,275.0,100.0,100.0,300.0,175.0,-125.0
Participant_3615,400.0,150.0,100.0,150.0,300.0,0.0,-300.0
Participant_3616,400.0,550.0,100.0,0.0,300.0,550.0,250.0
Participant_3619,400.0,200.0,100.0,200.0,300.0,0.0,-300.0
Participant_3620,400.0,300.0,100.0,300.0,300.0,0.0,-300.0
Participant_3622,400.0,275.0,100.0,100.0,300.0,175.0,-125.0
Participant_3623,400.0,275.0,100.0,100.0,300.0,175.0,-125.0
Participant_3624,400.0,300.0,100.0,250.0,300.0,50.0,-250.0
Participant_3625,400.0,200.0,100.0,200.0,300.0,0.0,-300.0
Participant_3627,400.0,275.0,100.0,300.0,300.0,-25.0,-325.0
Participant_3628,400.0,200.0,100.0,0.0,300.0,200.0,-100.0
Participant_3629,400.0,600.0,100.0,150.0,300.0,450.0,150.0
Participant_3630,400.0,425.0,100.0,75.0,300.0,350.0,50.0
Participant_3631,400.0,350.0,100.0,350.0,300.0,0.0,-300.0
Participant_3632,400.0,375.0,100.0,300.0,300.0,75.0,-225.0
Participant_3633,400.0,250.0,100.0,150.0,300.0,100.0,-200.0
Participant_3635,400.0,350.0,100.0,350.0,300.0,0.0,-300.0
Participant_3636,400.0,500.0,100.0,175.0,300.0,325.0,25.0
Participant_3637,400.0,525.0,100.0,0.0,300.0,525.0,225.0
Participant_3638,400.0,375.0,100.0,25.0,300.0,350.0,50.0
Participant_3639,400.0,250.0,100.0,250.0,300.0,0.0,-300.0
Participant_3640,400.0,350.0,100.0,350.0,300.0,0.0,-300.0
Participant_3641,400.0,375.0,100.0,75.0,300.0,300.0,0.0
Participant_3643,400.0,150.0,100.0,150.0,300.0,0.0,-300.0
Participant_3644,400.0,500.0,100.0,0.0,300.0,500.0,200.0
Participant_3645,400.0,100.0,100.0,100.0,300.0,0.0,-300.0
Participant_3646,400.0,450.0,100.0,50.0,300.0,400.0,100.0
Participant_3647,400.0,325.0,100.0,0.0,300.0,325.0,25.0
Participant_3648,400.0,425.0,100.0,0.0,300.0,425.0,125.0
Participant_3651,400.0,525.0,100.0,125.0,300.0,400.0,100.0
Participant_3652,400.0,175.0,100.0,150.0,300.0,25.0,-275.0
Participant_3653,400.0,575.0,100.0,0.0,300.0,575.0,275.0
Participant_3654,400.0,450.0,100.0,25.0,300.0,425.0,125.0
Participant_3655,400.0,175.0,100.0,150.0,300.0,25.0,-275.0
Participant_3656,400.0,200.0,100.0,100.0,300.0,100.0,-200.0
Participant_3657,400.0,275.0,100.0,75.0,300.0,200.0,-100.0
Participant_3659,400.0,550.0,100.0,0.0,300.0,550.0,250.0
Participant_3661,400.0,475.0,100.0,0.0,300.0,475.0,175.0
Participant_3663,400.0,250.0,100.0,250.0,300.0,0.0,-300.0
Participant_3664,400.0,450.0,100.0,50.0,300.0,400.0,100.0
Participant_3665,400.0,600.0,100.0,0.0,300.0,600.0,300.0
Participant_3666,400.0,550.0,100.0,75.0,300.0,475.0,175.0
Participant_3667,400.0,200.0,100.0,175.0,300.0,25.0,-275.0
Participant_3668,400.0,525.0,100.0,25.0,300.0,500.0,200.0
Participant_3669,400.0,500.0,100.0,0.0,300.0,500.0,200.0
Participant_3671,400.0,250.0,100.0,250.0,300.0,0.0,-300.0
Participant_3672,400.0,350.0,100.0,200.0,300.0,150.0,-150.0
Participant_3673,400.0,200.0,100.0,175.0,300.0,25.0,-275.0
Participant_3675,400.0,200.0,100.0,200.0,300.0,0.0,-300.0
Participant_3676,400.0,425.0,100.0,0.0,300.0,425.0,125.0
Participant_3677,400.0,400.0,100.0,50.0,300.0,350.0,50.0
Participant_3678,400.0,275.0,100.0,250.0,300.0,25.0,-275.0
Participant_3679,400.0,275.0,100.0,50.0,300.0,225.0,-75.0
Participant_3680,400.0,350.0,100.0,225.0,300.0,125.0,-175.0
Participant_3681,400.0,150.0,100.0,150.0,300.0,0.0,-300.0
Participant_3682,400.0,300.0,100.0,300.0,300.0,0.0,-300.0
Participant_3684,400.0,350.0,100.0,350.0,300.0,0.0,-300.0
Participant_3685,400.0,100.0,100.0,100.0,300.0,0.0,-300.0
Participant_3686,400.0,500.0,100.0,0.0,300.0,500.0,200.0
Participant_3687,400.0,250.0,100.0,250.0,300.0,0.0,-300.0
Participant_3688,400.0,400.0,100.0,400.0,300.0,0.0,-300.0
Participant_3689,400.0,450.0,100.0,0.0,300.0,450.0,150.0
Participant_3691,400.0,350.0,100.0,350.0,300.0,0.0,-300.0
Participant_3692,400.0,200.0,100.0,200.0,300.0,0.0,-300.0
Participant_3693,400.0,300.0,100.0,300.0,300.0,0.0,-300.0
Participant_3694,400.0,275.0,100.0,100.0,300.0,175.0,-125.0
Participant_3695,400.0,250.0,100.0,125.0,300.0,125.0,-175.0
Participant_3696,400.0,350.0,100.0,300.0,300.0,50.0,-250.0
Participant_3697,400.0,275.0,100.0,50.0,300.0,225.0,-75.0
Participant_3698,400.0,575.0,100.0,0.0,300.0,575.0,275.0
Participant_3699,400.0,125.0,100.0,100.0,300.0,25.0,-275.0
Participant_3700,400.0,250.0,100.0,75.0,300.0,175.0,-125.0
Participant_3701,400.0,300.0,100.0,300.0,300.0,0.0,-300.0
Participant_3702,400.0,550.0,100.0,50.0,300.0,500.0,200.0
Participant_3703,400.0,525.0,100.0,0.0,300.0,525.0,225.0
Participant_3704,400.0,300.0,100.0,0.0,300.0,300.0,0.0
Participant_3706,400.0,250.0,100.0,250.0,300.0,0.0,-300.0
Participant_3708,400.0,500.0,100.0,0.0,300.0,500.0,200.0
Participant_3709,400.0,175.0,100.0,75.0,300.0,100.0,-200.0
Participant_3710,400.0,275.0,100.0,175.0,300.0,100.0,-200.0
Participant_3711,400.0,325.0,100.0,200.0,300.0,125.0,-175.0
Participant_3713,400.0,150.0,100.0,150.0,300.0,0.0,-300.0
Participant_3714,400.0,325.0,100.0,225.0,300.0,100.0,-200.0
Participant_3715,400.0,200.0,100.0,200.0,300.0,0.0,-300.0
Participant_3717,400.0,225.0,100.0,250.0,300.0,-25.0,-325.0
Participant_3718,400.0,150.0,100.0,150.0,300.0,0.0,-300.0
Participant_3719,400.0,300.0,100.0,200.0,300.0,100.0,-200.0
Participant_3720,400.0,325.0,100.0,300.0,300.0,25.0,-275.0
Participant_3721,400.0,375.0,100.0,75.0,300.0,300.0,0.0
Participant_3722,400.0,150.0,100.0,150.0,300.0,0.0,-300.0
Participant_3723,400.0,400.0,100.0,225.0,300.0,175.0,-125.0
Participant_3724,400.0,350.0,100.0,150.0,300.0,200.0,-100.0
Participant_3725,400.0,525.0,100.0,100.0,300.0,425.0,125.0
Participant_3726,400.0,400.0,100.0,325.0,300.0,75.0,-225.0
Participant_3727,400.0,550.0,100.0,0.0,300.0,550.0,250.0
Participant_3729,400.0,150.0,100.0,50.0,300.0,100.0,-200.0
Participant_3730,400.0,550.0,100.0,0.0,300.0,550.0,250.0
Participant_3731,400.0,325.0,100.0,225.0,300.0,100.0,-200.0
Participant_3732,400.0,375.0,100.0,200.0,300.0,175.0,-125.0
Participant_3733,400.0,450.0,100.0,350.0,300.0,100.0,-200.0
Participant_3734,400.0,550.0,100.0,25.0,300.0,525.0,225.0
Participant_3735,400.0,350.0,100.0,350.0,300.0,0.0,-300.0
Participant_3736,400.0,150.0,100.0,150.0,300.0,0.0,-300.0
Participant_3737,400.0,350.0,100.0,325.0,300.0,25.0,-275.0
Participant_3738,400.0,275.0,100.0,200.0,300.0,75.0,-225.0
Participant_3739,400.0,300.0,100.0,300.0,300.0,0.0,-300.0
Participant_3740,400.0,100.0,100.0,100.0,300.0,0.0,-300.0
Participant_3741,400.0,400.0,100.0,0.0,300.0,400.0,100.0
Participant_3742,400.0,200.0,100.0,150.0,300.0,50.0,-250.0
Participant_3743,400.0,450.0,100.0,75.0,300.0,375.0,75.0
Participant_3744,400.0,400.0,100.0,400.0,300.0,0.0,-300.0
Participant_3746,400.0,250.0,100.0,50.0,300.0,200.0,-100.0
Participant_3747,400.0,300.0,100.0,225.0,300.0,75.0,-225.0
Participant_3748,400.0,250.0,100.0,250.0,300.0,0.0,-300.0
Participant_3749,400.0,275.0,100.0,150.0,300.0,125.0,-175.0
Participant_3750,400.0,150.0,100.0,150.0,300.0,0.0,-300.0
Participant_3751,400.0,375.0,100.0,250.0,300.0,125.0,-175.0
Participant_3752,400.0,200.0,100.0,200.0,300.0,0.0,-300.0
Participant_3753,400.0,200.0,100.0,150.0,300.0,50.0,-250.0
Participant_3754,400.0,275.0,100.0,150.0,300.0,125.0,-175.0
Participant_3755,400.0,250.0,100.0,250.0,300.0,0.0,-300.0
Participant_3756,400.0,250.0,100.0,125.0,300.0,125.0,-175.0
Participant_3757,400.0,250.0,100.0,50.0,300.0,200.0,-100.0
Participant_3758,400.0,400.0,100.0,375.0,300.0,25.0,-275.0
Participant_3759,400.0,200.0,100.0,200.0,300.0,0.0,-300.0
Participant_3760,400.0,350.0,100.0,200.0,300.0,150.0,-150.0
Participant_3761,400.0,250.0,100.0,225.0,300.0,25.0,-275.0
Participant_3762,400.0,400.0,100.0,400.0,300.0,0.0,-300.0
Participant_3763,400.0,425.0,100.0,0.0,300.0,425.0,125.0
Participant_3764,400.0,325.0,100.0,150.0,300.0,175.0,-125.0
Participant_3766,400.0,200.0,100.0,200.0,300.0,0.0,-300.0
Participant_3768,400.0,350.0,100.0,350.0,300.0,0.0,-300.0
Participant_3769,400.0,125.0,100.0,100.0,300.0,25.0,-275.0
Participant_3770,400.0,350.0,100.0,350.0,300.0,0.0,-300.0
Participant_3771,400.0,400.0,100.0,25.0,300.0,375.0,75.0
Participant_3772,400.0,175.0,100.0,100.0,300.0,75.0,-225.0
Participant_3773,400.0,400.0,100.0,375.0,300.0,25.0,-275.0
Participant_3774,400.0,200.0,100.0,175.0,300.0,25.0,-275.0
Participant_3775,400.0,150.0,100.0,150.0,300.0,0.0,-300.0
Participant_3777,400.0,375.0,100.0,75.0,300.0,300.0,0.0
Participant_3778,400.0,400.0,100.0,50.0,300.0,350.0,50.0
Participant_3779,400.0,400.0,100.0,75.0,300.0,325.0,25.0
Participant_3780,400.0,575.0,100.0,0.0,300.0,575.0,275.0
Participant_3781,400.0,300.0,100.0,300.0,300.0,0.0,-300.0
Participant_3782,400.0,575.0,100.0,0.0,300.0,575.0,275.0
Participant_3783,400.0,575.0,100.0,0.0,300.0,575.0,275.0
Participant_3784,400.0,500.0,100.0,25.0,300.0,475.0,175.0
Participant_3785,400.0,100.0,100.0,100.0,300.0,0.0,-300.0
Participant_3786,400.0,400.0,100.0,0.0,300.0,400.0,100.0
Participant_3787,400.0,275.0,100.0,150.0,300.0,125.0,-175.0
Participant_3788,400.0,200.0,100.0,200.0,300.0,0.0,-300.0
Participant_3790,400.0,400.0,100.0,275.0,300.0,125.0,-175.0
Participant_3791,400.0,550.0,100.0,25.0,300.0,525.0,225.0
Participant_3793,400.0,300.0,100.0,300.0,300.0,0.0,-300.0
Participant_3794,400.0,375.0,100.0,200.0,300.0,175.0,-125.0
Participant_3795,400.0,250.0,100.0,100.0,300.0,150.0,-150.0
Participant_3796,400.0,450.0,100.0,50.0,300.0,400.0,100.0
Participant_3797,400.0,150.0,100.0,125.0,300.0,25.0,-275.0
Participant_3798,400.0,250.0,100.0,100.0,300.0,150.0,-150.0
Participant_3800,400.0,575.0,100.0,0.0,300.0,575.0,275.0
Participant_3801,400.0,275.0,100.0,100.0,300.0,175.0,-125.0
Participant_3803,400.0,200.0,100.0,200.0,300.0,0.0,-300.0
Participant_3804,400.0,550.0,100.0,0.0,300.0,550.0,250.0
Participant_3805,400.0,400.0,100.0,375.0,300.0,25.0,-275.0
Participant_3806,400.0,300.0,100.0,200.0,300.0,100.0,-200.0
Participant_3807,400.0,325.0,100.0,100.0,300.0,225.0,-75.0
Participant_3808,400.0,400.0,100.0,275.0,300.0,125.0,-175.0
Participant_3809,400.0,350.0,100.0,225.0,300.0,125.0,-175.0
Participant_3810,400.0,500.0,100.0,50.0,300.0,450.0,150.0
Participant_3811,400.0,600.0,100.0,0.0,300.0,600.0,300.0
Participant_3813,400.0,300.0,100.0,275.0,300.0,25.0,-275.0
Participant_3814,400.0,400.0,100.0,175.0,300.0,225.0,-75.0
Participant_3816,400.0,500.0,100.0,0.0,300.0,500.0,200.0
Participant_3818,400.0,200.0,100.0,200.0,300.0,0.0,-300.0
Participant_3821,400.0,200.0,100.0,200.0,300.0,0.0,-300.0
Participant_3822,400.0,225.0,100.0,175.0,300.0,50.0,-250.0
Participant_3824,400.0,100.0,100.0,100.0,300.0,0.0,-300.0
Participant_3825,400.0,350.0,100.0,150.0,300.0,200.0,-100.0
Participant_3827,400.0,450.0,100.0,350.0,300.0,100.0,-200.0
Participant_3828,400.0,300.0,100.0,150.0,300.0,150.0,-150.0
Participant_3829,400.0,350.0,100.0,325.0,300.0,25.0,-275.0
Participant_3831,400.0,500.0,100.0,0.0,300.0,500.0,200.0
Participant_3832,400.0,400.0,100.0,400.0,300.0,0.0,-300.0
Participant_3833,400.0,350.0,100.0,350.0,300.0,0.0,-300.0
Participant_3834,400.0,275.0,100.0,0.0,300.0,275.0,-25.0
Participant_3835,400.0,175.0,100.0,150.0,300.0,25.0,-275.0
Participant_3836,400.0,225.0,100.0,150.0,300.0,75.0,-225.0
Participant_3837,400.0,400.0,100.0,0.0,300.0,400.0,100.0
Participant_3838,400.0,600.0,100.0,0.0,300.0,600.0,300.0
Participant_3840,400.0,400.0,100.0,400.0,300.0,0.0,-300.0
Participant_3841,400.0,100.0,100.0,100.0,300.0,0.0,-300.0
Participant_3844,400.0,475.0,100.0,0.0,300.0,475.0,175.0
Participant_3845,400.0,550.0,100.0,75.0,300.0,475.0,175.0
Participant_3846,400.0,550.0,100.0,0.0,300.0,550.0,250.0
Participant_3847,400.0,200.0,100.0,150.0,300.0,50.0,-250.0
Participant_3848,400.0,200.0,100.0,0.0,300.0,200.0,-100.0
Participant_3849,400.0,150.0,100.0,150.0,300.0,0.0,-300.0
Participant_3851,400.0,200.0,100.0,200.0,300.0,0.0,-300.0
Participant_3852,400.0,175.0,100.0,125.0,300.0,50.0,-250.0
Participant_3853,400.0,325.0,100.0,325.0,300.0,0.0,-300.0
Participant_3854,400.0,575.0,100.0,0.0,300.0,575.0,275.0
Participant_3855,400.0,550.0,100.0,25.0,300.0,525.0,225.0
Participant_3856,400.0,350.0,100.0,250.0,300.0,100.0,-200.0
Participant_3857,400.0,300.0,100.0,300.0,300.0,0.0,-300.0
Participant_3859,400.0,350.0,100.0,350.0,300.0,0.0,-300.0
Participant_3860,400.0,525.0,100.0,0.0,300.0,525.0,225.0
Participant_3861,400.0,150.0,100.0,150.0,300.0,0.0,-300.0
Participant_3862,400.0,400.0,100.0,25.0,300.0,375.0,75.0
Participant_3863,400.0,575.0,100.0,0.0,300.0,575.0,275.0
Participant_3864,400.0,400.0,100.0,325.0,300.0,75.0,-225.0
Participant_3865,400.0,325.0,100.0,225.0,300.0,100.0,-200.0
Participant_3868,400.0,375.0,100.0,50.0,300.0,325.0,25.0
Participant_3869,400.0,425.0,100.0,175.0,300.0,250.0,-50.0
Participant_3870,400.0,250.0,100.0,250.0,300.0,0.0,-300.0
Participant_3871,400.0,325.0,100.0,300.0,300.0,25.0,-275.0
Participant_3872,400.0,275.0,100.0,75.0,300.0,200.0,-100.0
Participant_3873,400.0,400.0,100.0,175.0,300.0,225.0,-75.0
Participant_3874,400.0,350.0,100.0,175.0,300.0,175.0,-125.0
Participant_3875,400.0,125.0,100.0,100.0,300.0,25.0,-275.0
Participant_3876,400.0,250.0,100.0,275.0,300.0,-25.0,-325.0
Participant_3877,400.0,300.0,100.0,100.0,300.0,200.0,-100.0
Participant_3878,400.0,475.0,100.0,200.0,300.0,275.0,-25.0
Participant_3879,400.0,600.0,100.0,0.0,300.0,600.0,300.0
Participant_3881,400.0,225.0,100.0,125.0,300.0,100.0,-200.0
Participant_3882,400.0,300.0,100.0,300.0,300.0,0.0,-300.0
Participant_3883,400.0,250.0,100.0,250.0,300.0,0.0,-300.0
Participant_3885,400.0,400.0,100.0,400.0,300.0,0.0,-300.0
Participant_3886,400.0,425.0,100.0,375.0,300.0,50.0,-250.0
Participant_3887,400.0,150.0,100.0,150.0,300.0,0.0,-300.0
Participant_3888,400.0,275.0,100.0,225.0,300.0,50.0,-250.0
Participant_3889,400.0,200.0,100.0,200.0,300.0,0.0,-300.0
Participant_3890,400.0,375.0,100.0,275.0,300.0,100.0,-200.0
Participant_3892,400.0,475.0,100.0,0.0,300.0,475.0,175.0
Participant_3893,400.0,325.0,100.0,175.0,300.0,150.0,-150.0
Participant_3894,400.0,150.0,100.0,150.0,300.0,0.0,-300.0
Participant_3895,400.0,450.0,100.0,75.0,300.0,375.0,75.0
Participant_3896,400.0,400.0,100.0,325.0,300.0,75.0,-225.0
Participant_3897,400.0,575.0,100.0,0.0,300.0,575.0,275.0
Participant_3898,400.0,525.0,100.0,0.0,300.0,525.0,225.0
Participant_3899,400.0,150.0,100.0,150.0,300.0,0.0,-300.0
Participant_3900,400.0,575.0,100.0,0.0,300.0,575.0,275.0
Participant_3901,400.0,150.0,100.0,150.0,300.0,0.0,-300.0
Participant_3902,400.0,525.0,100.0,0.0,300.0,525.0,225.0
Participant_3903,400.0,375.0,100.0,50.0,300.0,325.0,25.0
Participant_3904,400.0,600.0,100.0,0.0,300.0,600.0,300.0
Participant_3906,400.0,300.0,100.0,175.0,300.0,125.0,-175.0
Participant_3907,400.0,275.0,100.0,75.0,300.0,200.0,-100.0
Participant_3908,400.0,575.0,100.0,0.0,300.0,575.0,275.0
Participant_3909,400.0,250.0,100.0,250.0,300.0,0.0,-300.0
Participant_3910,400.0,525.0,100.0,0.0,300.0,525.0,225.0
Participant_3911,400.0,350.0,100.0,275.0,300.0,75.0,-225.0
Participant_3913,400.0,550.0,100.0,0.0,300.0,550.0,250.0
Participant_3916,400.0,150.0,100.0,150.0,300.0,0.0,-300.0
Participant_3917,400.0,400.0,100.0,350.0,300.0,50.0,-250.0
Participant_3918,400.0,300.0,100.0,300.0,300.0,0.0,-300.0
Participant_3919,400.0,300.0,100.0,125.0,300.0,175.0,-125.0
Participant_3920,400.0,275.0,100.0,125.0,300.0,150.0,-150.0
Participant_3921,400.0,500.0,100.0,0.0,300.0,500.0,200.0
Participant_3922,400.0,125.0,100.0,100.0,300.0,25.0,-275.0
Participant_3923,400.0,225.0,100.0,150.0,300.0,75.0,-225.0
Participant_3924,400.0,600.0,100.0,0.0,300.0,600.0,300.0
Participant_3925,400.0,375.0,100.0,50.0,300.0,325.0,25.0
Participant_3926,400.0,600.0,100.0,25.0,300.0,575.0,275.0
Participant_3927,400.0,300.0,100.0,325.0,300.0,-25.0,-325.0
Participant_3928,400.0,375.0,100.0,200.0,300.0,175.0,-125.0
Participant_3929,400.0,100.0,100.0,100.0,300.0,0.0,-300.0
Participant_3931,400.0,350.0,100.0,300.0,300.0,50.0,-250.0
Participant_3932,400.0,350.0,100.0,325.0,300.0,25.0,-275.0
Participant_3934,400.0,400.0,100.0,400.0,300.0,0.0,-300.0
Participant_3935,400.0,175.0,100.0,100.0,300.0,75.0,-225.0
Participant_3936,400.0,550.0,100.0,275.0,300.0,275.0,-25.0
Participant_3937,400.0,550.0,100.0,25.0,300.0,525.0,225.0
Participant_3938,400.0,150.0,100.0,100.0,300.0,50.0,-250.0
Participant_3939,400.0,150.0,100.0,150.0,300.0,0.0,-300.0
Participant_3940,400.0,400.0,100.0,50.0,300.0,350.0,50.0
Participant_3941,400.0,225.0,100.0,250.0,300.0,-25.0,-325.0
Participant_3943,400.0,325.0,100.0,225.0,300.0,100.0,-200.0
Participant_3944,400.0,400.0,100.0,400.0,300.0,0.0,-300.0
Participant_3945,400.0,550.0,100.0,0.0,300.0,550.0,250.0
Participant_3946,400.0,575.0,100.0,25.0,300.0,550.0,250.0
Participant_3947,400.0,225.0,100.0,125.0,300.0,100.0,-200.0
Participant_3948,400.0,450.0,100.0,150.0,300.0,300.0,0.0
Participant_3950,400.0,150.0,100.0,150.0,300.0,0.0,-300.0
Participant_3951,400.0,225.0,100.0,100.0,300.0,125.0,-175.0
Participant_3952,400.0,400.0,100.0,400.0,300.0,0.0,-300.0
Participant_3953,400.0,525.0,100.0,0.0,300.0,525.0,225.0
Participant_3954,400.0,450.0,100.0,100.0,300.0,350.0,50.0
Participant_3955,400.0,100.0,100.0,100.0,300.0,0.0,-300.0
Participant_3956,400.0,250.0,100.0,125.0,300.0,125.0,-175.0
Participant_3958,400.0,200.0,100.0,150.0,300.0,50.0,-250.0
Participant_3960,400.0,575.0,100.0,25.0,300.0,550.0,250.0
Participant_3961,400.0,350.0,100.0,375.0,300.0,-25.0,-325.0
Participant_3963,400.0,400.0,100.0,400.0,300.0,0.0,-300.0
Participant_3965,400.0,550.0,100.0,25.0,300.0,525.0,225.0
Participant_3966,400.0,325.0,100.0,300.0,300.0,25.0,-275.0
Participant_3967,400.0,200.0,100.0,200.0,300.0,0.0,-300.0
Participant_3968,400.0,525.0,100.0,50.0,300.0,475.0,175.0
Participant_3970,400.0,200.0,100.0,175.0,300.0,25.0,-275.0
Participant_3971,400.0,275.0,100.0,225.0,300.0,50.0,-250.0
Participant_3972,400.0,350.0,100.0,275.0,300.0,75.0,-225.0
Participant_3973,400.0,550.0,100.0,0.0,300.0,550.0,250.0
Participant_3975,400.0,275.0,100.0,250.0,300.0,25.0,-275.0
Participant_3976,400.0,275.0,100.0,300.0,300.0,-25.0,-325.0
Participant_3980,400.0,150.0,100.0,150.0,300.0,0.0,-300.0
Participant_3981,400.0,125.0,100.0,100.0,300.0,25.0,-275.0
Participant_3982,400.0,200.0,100.0,150.0,300.0,50.0,-250.0
Participant_3984,400.0,450.0,100.0,0.0,300.0,450.0,150.0
Participant_3985,400.0,500.0,100.0,0.0,300.0,500.0,200.0
Participant_3986,400.0,300.0,100.0,225.0,300.0,75.0,-225.0
Participant_3987,400.0,375.0,100.0,225.0,300.0,150.0,-150.0
Participant_3988,400.0,200.0,100.0,200.0,300.0,0.0,-300.0
Participant_3989,400.0,400.0,100.0,375.0,300.0,25.0,-275.0
Participant_3990,400.0,400.0,100.0,400.0,300.0,0.0,-300.0
Participant_3991,400.0,250.0,100.0,250.0,300.0,0.0,-300.0
Participant_3992,400.0,400.0,100.0,50.0,300.0,350.0,50.0
Participant_3993,400.0,375.0,100.0,200.0,300.0,175.0,-125.0
Participant_3994,400.0,225.0,100.0,75.0,300.0,150.0,-150.0
Participant_3995,400.0,525.0,100.0,0.0,300.0,525.0,225.0
Participant_3996,400.0,250.0,100.0,0.0,300.0,250.0,-50.0
Participant_3997,400.0,375.0,100.0,175.0,300.0,200.0,-100.0
Participant_3998,400.0,500.0,100.0,0.0,300.0,500.0,200.0
Participant_3999,400.0,475.0,100.0,150.0,300.0,325.0,25.0
Participant_4001,400.0,300.0,100.0,100.0,300.0,200.0,-100.0
Participant_4003,400.0,200.0,100.0,200.0,300.0,0.0,-300.0
Participant_4004,400.0,250.0,100.0,250.0,300.0,0.0,-300.0
Participant_4005,400.0,300.0,100.0,250.0,300.0,50.0,-250.0
Participant_4006,400.0,250.0,100.0,250.0,300.0,0.0,-300.0
Participant_4007,400.0,550.0,100.0,25.0,300.0,525.0,225.0
Participant_4008,400.0,300.0,100.0,250.0,300.0,50.0,-250.0
Participant_4009,400.0,550.0,100.0,25.0,300.0,525.0,225.0
Participant_4010,400.0,400.0,100.0,25.0,300.0,375.0,75.0
Participant_4011,400.0,200.0,100.0,200.0,300.0,0.0,-300.0
Participant_4012,400.0,350.0,100.0,250.0,300.0,100.0,-200.0
Participant_4013,400.0,300.0,100.0,75.0,300.0,225.0,-75.0
Participant_4014,400.0,375.0,100.0,125.0,300.0,250.0,-50.0
Participant_4015,400.0,500.0,100.0,150.0,300.0,350.0,50.0
Participant_4016,400.0,300.0,100.0,175.0,300.0,125.0,-175.0
Participant_4017,400.0,250.0,100.0,175.0,300.0,75.0,-225.0
Participant_4019,400.0,175.0,100.0,150.0,300.0,25.0,-275.0
Participant_4020,400.0,500.0,100.0,150.0,300.0,350.0,50.0
Participant_4021,400.0,400.0,100.0,75.0,300.0,325.0,25.0
Participant_4022,400.0,350.0,100.0,250.0,300.0,100.0,-200.0
Participant_4023,400.0,550.0,100.0,100.0,300.0,450.0,150.0
Participant_4024,400.0,200.0,100.0,200.0,300.0,0.0,-300.0
Participant_4025,400.0,525.0,100.0,0.0,300.0,525.0,225.0
Participant_4026,400.0,425.0,100.0,375.0,300.0,50.0,-250.0
Participant_4027,400.0,425.0,100.0,200.0,300.0,225.0,-75.0
Participant_4028,400.0,350.0,100.0,175.0,300.0,175.0,-125.0
Participant_4029,400.0,600.0,100.0,0.0,300.0,600.0,300.0
Participant_4030,400.0,550.0,100.0,0.0,300.0,550.0,250.0
Participant_4031,400.0,300.0,100.0,25.0,300.0,275.0,-25.0
Participant_4033,400.0,350.0,100.0,225.0,300.0,125.0,-175.0
Participant_4034,400.0,350.0,100.0,350.0,300.0,0.0,-300.0
Participant_4035,400.0,450.0,100.0,0.0,300.0,450.0,150.0
Participant_4036,400.0,550.0,100.0,50.0,300.0,500.0,200.0
Participant_4037,400.0,300.0,100.0,300.0,300.0,0.0,-300.0
Participant_4039,400.0,275.0,100.0,125.0,300.0,150.0,-150.0
Participant_4040,400.0,525.0,100.0,275.0,300.0,250.0,-50.0
Participant_4041,400.0,300.0,100.0,50.0,300.0,250.0,-50.0
Participant_4042,400.0,600.0,100.0,0.0,300.0,600.0,300.0
Participant_4043,400.0,300.0,100.0,300.0,300.0,0.0,-300.0
Participant_4044,400.0,575.0,100.0,0.0,300.0,575.0,275.0
Participant_4045,400.0,375.0,100.0,225.0,300.0,150.0,-150.0
Participant_4046,400.0,150.0,100.0,150.0,300.0,0.0,-300.0
Participant_4047,400.0,250.0,100.0,250.0,300.0,0.0,-300.0
Participant_4048,400.0,100.0,100.0,100.0,300.0,0.0,-300.0
Participant_4049,400.0,200.0,100.0,100.0,300.0,100.0,-200.0
Participant_4050,400.0,550.0,100.0,0.0,300.0,550.0,250.0
Participant_4052,400.0,350.0,100.0,25.0,300.0,325.0,25.0
Participant_4057,400.0,325.0,100.0,350.0,300.0,-25.0,-325.0
Participant_4058,400.0,250.0,100.0,125.0,300.0,125.0,-175.0
Participant_4059,400.0,225.0,100.0,125.0,300.0,100.0,-200.0
Participant_4060,400.0,225.0,100.0,200.0,300.0,25.0,-275.0
Participant_4061,400.0,625.0,100.0,0.0,300.0,625.0,325.0
Participant_4062,400.0,525.0,100.0,25.0,300.0,500.0,200.0
Participant_4063,400.0,225.0,100.0,75.0,300.0,150.0,-150.0
Participant_4064,400.0,350.0,100.0,350.0,300.0,0.0,-300.0
Participant_4065,400.0,550.0,100.0,25.0,300.0,525.0,225.0
Participant_4066,400.0,225.0,100.0,175.0,300.0,50.0,-250.0
Participant_4067,400.0,150.0,100.0,175.0,300.0,-25.0,-325.0
Participant_4068,400.0,300.0,100.0,300.0,300.0,0.0,-300.0
Participant_4069,400.0,275.0,100.0,100.0,300.0,175.0,-125.0
Participant_4070,400.0,300.0,100.0,300.0,300.0,0.0,-300.0
Participant_4071,400.0,375.0,100.0,250.0,300.0,125.0,-175.0
Participant_4073,400.0,500.0,100.0,0.0,300.0,500.0,200.0
Participant_4074,400.0,350.0,100.0,300.0,300.0,50.0,-250.0
Participant_4075,400.0,175.0,100.0,100.0,300.0,75.0,-225.0
Participant_4076,400.0,425.0,100.0,50.0,300.0,375.0,75.0
Participant_4078,400.0,450.0,100.0,50.0,300.0,400.0,100.0
Participant_4080,400.0,200.0,100.0,200.0,300.0,0.0,-300.0
Participant_4081,400.0,175.0,100.0,150.0,300.0,25.0,-275.0
Participant_4082,400.0,400.0,100.0,400.0,300.0,0.0,-300.0
Participant_4084,400.0,550.0,100.0,0.0,300.0,550.0,250.0
Participant_4085,400.0,350.0,100.0,175.0,300.0,175.0,-125.0
Participant_4086,400.0,525.0,100.0,75.0,300.0,450.0,150.0
Participant_4087,400.0,175.0,100.0,125.0,300.0,50.0,-250.0
Participant_4088,400.0,575.0,100.0,0.0,300.0,575.0,275.0
Participant_4089,400.0,325.0,100.0,275.0,300.0,50.0,-250.0
Participant_4090,400.0,200.0,100.0,125.0,300.0,75.0,-225.0
Participant_4091,400.0,525.0,100.0,0.0,300.0,525.0,225.0
Participant_4092,400.0,625.0,100.0,0.0,300.0,625.0,325.0
Participant_4093,400.0,575.0,100.0,50.0,300.0,525.0,225.0
Participant_4097,400.0,625.0,100.0,0.0,300.0,625.0,325.0
Participant_4098,400.0,575.0,100.0,0.0,300.0,575.0,275.0
Participant_4099,400.0,175.0,100.0,150.0,300.0,25.0,-275.0
Participant_4100,400.0,200.0,100.0,200.0,300.0,0.0,-300.0
Participant_4101,400.0,250.0,100.0,200.0,300.0,50.0,-250.0
Participant_4103,400.0,550.0,100.0,0.0,300.0,550.0,250.0
Participant_4104,400.0,475.0,100.0,150.0,300.0,325.0,25.0
Participant_4105,400.0,200.0,100.0,200.0,300.0,0.0,-300.0
Participant_4106,400.0,175.0,100.0,100.0,300.0,75.0,-225.0
Participant_4109,400.0,225.0,100.0,100.0,300.0,125.0,-175.0
Participant_4110,400.0,525.0,100.0,0.0,300.0,525.0,225.0
Participant_4111,400.0,400.0,100.0,400.0,300.0,0.0,-300.0
Participant_4112,400.0,325.0,100.0,175.0,300.0,150.0,-150.0
Participant_4113,400.0,250.0,100.0,200.0,300.0,50.0,-250.0
Participant_4114,400.0,300.0,100.0,200.0,300.0,100.0,-200.0
Participant_4115,400.0,200.0,100.0,200.0,300.0,0.0,-300.0
Participant_4116,400.0,600.0,100.0,0.0,300.0,600.0,300.0
Participant_4118,400.0,350.0,100.0,200.0,300.0,150.0,-150.0
Participant_4119,400.0,250.0,100.0,225.0,300.0,25.0,-275.0
Participant_4121,400.0,375.0,100.0,175.0,300.0,200.0,-100.0
Participant_4122,400.0,500.0,100.0,0.0,300.0,500.0,200.0
Participant_4123,400.0,150.0,100.0,150.0,300.0,0.0,-300.0
Participant_4125,400.0,450.0,100.0,275.0,300.0,175.0,-125.0
Participant_4126,400.0,350.0,100.0,100.0,300.0,250.0,-50.0
Participant_4127,400.0,375.0,100.0,225.0,300.0,150.0,-150.0
Participant_4128,400.0,350.0,100.0,350.0,300.0,0.0,-300.0
Participant_4129,400.0,350.0,100.0,275.0,300.0,75.0,-225.0
Participant_4130,400.0,375.0,100.0,0.0,300.0,375.0,75.0
Participant_4131,400.0,200.0,100.0,200.0,300.0,0.0,-300.0
Participant_4132,400.0,350.0,100.0,250.0,300.0,100.0,-200.0
Participant_4133,400.0,625.0,100.0,0.0,300.0,625.0,325.0
Participant_4134,400.0,225.0,100.0,100.0,300.0,125.0,-175.0
Participant_4135,400.0,400.0,100.0,50.0,300.0,350.0,50.0
Participant_4136,400.0,275.0,100.0,175.0,300.0,100.0,-200.0
Participant_4137,400.0,350.0,100.0,200.0,300.0,150.0,-150.0
Participant_4138,400.0,300.0,100.0,100.0,300.0,200.0,-100.0
Participant_4139,400.0,500.0,100.0,0.0,300.0,500.0,200.0
Participant_4140,400.0,400.0,100.0,400.0,300.0,0.0,-300.0
Participant_4141,400.0,575.0,100.0,0.0,300.0,575.0,275.0
Participant_4142,400.0,525.0,100.0,0.0,300.0,525.0,225.0
Participant_4143,400.0,325.0,100.0,75.0,300.0,250.0,-50.0
Participant_4144,400.0,350.0,100.0,200.0,300.0,150.0,-150.0
Participant_4145,400.0,600.0,100.0,0.0,300.0,600.0,300.0
Participant_4146,400.0,275.0,100.0,225.0,300.0,50.0,-250.0
Participant_4147,400.0,150.0,100.0,150.0,300.0,0.0,-300.0
Participant_4148,400.0,425.0,100.0,200.0,300.0,225.0,-75.0
Participant_4149,400.0,200.0,100.0,150.0,300.0,50.0,-250.0
Participant_4151,400.0,300.0,100.0,225.0,300.0,75.0,-225.0
Participant_4152,400.0,475.0,100.0,0.0,300.0,475.0,175.0
Participant_4153,400.0,550.0,100.0,0.0,300.0,550.0,250.0
Participant_4154,400.0,575.0,100.0,0.0,300.0,575.0,275.0
Participant_4155,400.0,150.0,100.0,150.0,300.0,0.0,-300.0
Participant_4156,400.0,525.0,100.0,75.0,300.0,450.0,150.0
Participant_4158,400.0,100.0,100.0,100.0,300.0,0.0,-300.0
Participant_4159,400.0,325.0,100.0,225.0,300.0,100.0,-200.0
Participant_4160,400.0,575.0,100.0,0.0,300.0,575.0,275.0
Participant_4161,400.0,100.0,100.0,100.0,300.0,0.0,-300.0
Participant_4163,400.0,450.0,100.0,0.0,300.0,450.0,150.0
Participant_4164,400.0,525.0,100.0,50.0,300.0,475.0,175.0
Participant_4165,400.0,125.0,100.0,100.0,300.0,25.0,-275.0
Participant_4166,400.0,525.0,100.0,50.0,300.0,475.0,175.0
Participant_4167,400.0,250.0,100.0,250.0,300.0,0.0,-300.0
Participant_4168,400.0,150.0,100.0,100.0,300.0,50.0,-250.0
Participant_4169,400.0,400.0,100.0,275.0,300.0,125.0,-175.0
Participant_4170,400.0,400.0,100.0,400.0,300.0,0.0,-300.0
Participant_4171,400.0,550.0,100.0,0.0,300.0,550.0,250.0
Participant_4172,400.0,375.0,100.0,350.0,300.0,25.0,-275.0
Participant_4173,400.0,325.0,100.0,225.0,300.0,100.0,-200.0
Participant_4174,400.0,525.0,100.0,0.0,300.0,525.0,225.0
Participant_4175,400.0,200.0,100.0,200.0,300.0,0.0,-300.0
Participant_4176,400.0,200.0,100.0,150.0,300.0,50.0,-250.0
Participant_4177,400.0,200.0,100.0,225.0,300.0,-25.0,-325.0
Participant_4178,400.0,300.0,100.0,100.0,300.0,200.0,-100.0
Participant_4179,400.0,550.0,100.0,25.0,300.0,525.0,225.0
Participant_4180,400.0,200.0,100.0,0.0,300.0,200.0,-100.0
Participant_4181,400.0,500.0,100.0,175.0,300.0,325.0,25.0
Participant_4182,400.0,350.0,100.0,0.0,300.0,350.0,50.0
Participant_4184,400.0,175.0,100.0,200.0,300.0,-25.0,-325.0
Participant_4185,400.0,550.0,100.0,0.0,300.0,550.0,250.0
Participant_4186,400.0,250.0,100.0,0.0,300.0,250.0,-50.0
Participant_4187,400.0,525.0,100.0,150.0,300.0,375.0,75.0
Participant_4188,400.0,250.0,100.0,250.0,300.0,0.0,-300.0
Participant_4189,400.0,350.0,100.0,350.0,300.0,0.0,-300.0
Participant_4190,400.0,425.0,100.0,175.0,300.0,250.0,-50.0
Participant_4191,400.0,525.0,100.0,0.0,300.0,525.0,225.0
Participant_4192,400.0,400.0,100.0,0.0,300.0,400.0,100.0
Participant_4193,400.0,450.0,100.0,150.0,300.0,300.0,0.0
Participant_4194,400.0,550.0,100.0,225.0,300.0,325.0,25.0
Participant_4197,400.0,500.0,100.0,0.0,300.0,500.0,200.0
Participant_4199,400.0,375.0,100.0,300.0,300.0,75.0,-225.0
Participant_4200,400.0,200.0,100.0,200.0,300.0,0.0,-300.0
Participant_4201,400.0,150.0,100.0,150.0,300.0,0.0,-300.0
Participant_4202,400.0,275.0,100.0,75.0,300.0,200.0,-100.0
Participant_4203,400.0,375.0,100.0,375.0,300.0,0.0,-300.0
Participant_4204,400.0,475.0,100.0,50.0,300.0,425.0,125.0
Participant_4205,400.0,300.0,100.0,300.0,300.0,0.0,-300.0
Participant_4207,400.0,425.0,100.0,250.0,300.0,175.0,-125.0
Participant_4208,400.0,200.0,100.0,125.0,300.0,75.0,-225.0
Participant_4209,400.0,275.0,100.0,200.0,300.0,75.0,-225.0
Participant_4210,400.0,300.0,100.0,300.0,300.0,0.0,-300.0
Participant_4211,400.0,375.0,100.0,50.0,300.0,325.0,25.0
Participant_4212,400.0,275.0,100.0,175.0,300.0,100.0,-200.0
Participant_4213,400.0,400.0,100.0,50.0,300.0,350.0,50.0
Participant_4214,400.0,225.0,100.0,200.0,300.0,25.0,-275.0
Participant_4216,400.0,400.0,100.0,400.0,300.0,0.0,-300.0
Participant_4218,400.0,275.0,100.0,100.0,300.0,175.0,-125.0
Participant_4219,400.0,575.0,100.0,0.0,300.0,575.0,275.0
Participant_4220,400.0,525.0,100.0,0.0,300.0,525.0,225.0
Participant_4221,400.0,350.0,100.0,350.0,300.0,0.0,-300.0
Participant_4223,400.0,350.0,100.0,300.0,300.0,50.0,-250.0
Participant_4224,400.0,300.0,100.0,300.0,300.0,0.0,-300.0
Participant_4225,400.0,550.0,100.0,0.0,300.0,550.0,250.0
Participant_4226,400.0,575.0,100.0,0.0,300.0,575.0,275.0
Participant_4227,400.0,325.0,100.0,275.0,300.0,50.0,-250.0
Participant_4228,400.0,200.0,100.0,225.0,300.0,-25.0,-325.0
Participant_4229,400.0,325.0,100.0,150.0,300.0,175.0,-125.0
Participant_4230,400.0,350.0,100.0,350.0,300.0,0.0,-300.0
Participant_4232,400.0,375.0,100.0,125.0,300.0,250.0,-50.0
Participant_4233,400.0,425.0,100.0,200.0,300.0,225.0,-75.0
Participant_4234,400.0,300.0,100.0,175.0,300.0,125.0,-175.0
Participant_4235,400.0,375.0,100.0,0.0,300.0,375.0,75.0
Participant_4236,400.0,200.0,100.0,225.0,300.0,-25.0,-325.0
Participant_4237,400.0,250.0,100.0,250.0,300.0,0.0,-300.0
Participant_4238,400.0,250.0,100.0,250.0,300.0,0.0,-300.0
Participant_4239,400.0,300.0,100.0,100.0,300.0,200.0,-100.0
Participant_4241,400.0,250.0,100.0,225.0,300.0,25.0,-275.0
Participant_4242,400.0,425.0,100.0,150.0,300.0,275.0,-25.0
Participant_4243,400.0,275.0,100.0,100.0,300.0,175.0,-125.0
Participant_4244,400.0,525.0,100.0,0.0,300.0,525.0,225.0
Participant_4245,400.0,275.0,100.0,200.0,300.0,75.0,-225.0
Participant_4246,400.0,450.0,100.0,25.0,300.0,425.0,125.0
Participant_4247,400.0,450.0,100.0,75.0,300.0,375.0,75.0
Participant_4248,400.0,300.0,100.0,50.0,300.0,250.0,-50.0
Participant_4249,400.0,575.0,100.0,25.0,300.0,550.0,250.0
Participant_4250,400.0,300.0,100.0,100.0,300.0,200.0,-100.0
Participant_4251,400.0,450.0,100.0,25.0,300.0,425.0,125.0
Participant_4253,400.0,550.0,100.0,25.0,300.0,525.0,225.0
Participant_4254,400.0,375.0,100.0,0.0,300.0,375.0,75.0
Participant_4255,400.0,500.0,100.0,75.0,300.0,425.0,125.0
Participant_4256,400.0,350.0,100.0,350.0,300.0,0.0,-300.0
Participant_4257,400.0,475.0,100.0,0.0,300.0,475.0,175.0
Participant_4258,400.0,300.0,100.0,300.0,300.0,0.0,-300.0
Participant_4259,400.0,475.0,100.0,0.0,300.0,475.0,175.0
Participant_4260,400.0,425.0,100.0,375.0,300.0,50.0,-250.0
Participant_4261,400.0,375.0,100.0,175.0,300.0,200.0,-100.0
Participant_4262,400.0,125.0,100.0,100.0,300.0,25.0,-275.0
Participant_4263,400.0,250.0,100.0,200.0,300.0,50.0,-250.0
Participant_4265,400.0,275.0,100.0,75.0,300.0,200.0,-100.0
Participant_4266,400.0,475.0,100.0,125.0,300.0,350.0,50.0
Participant_4267,400.0,200.0,100.0,200.0,300.0,0.0,-300.0
Participant_4268,400.0,475.0,100.0,0.0,300.0,475.0,175.0
Participant_4269,400.0,400.0,100.0,400.0,300.0,0.0,-300.0
Participant_4271,400.0,525.0,100.0,0.0,300.0,525.0,225.0
Participant_4272,400.0,250.0,100.0,0.0,300.0,250.0,-50.0
Participant_4273,400.0,500.0,100.0,25.0,300.0,475.0,175.0
Participant_4274,400.0,325.0,100.0,250.0,300.0,75.0,-225.0
Participant_4275,400.0,425.0,100.0,275.0,300.0,150.0,-150.0
Participant_4276,400.0,400.0,100.0,250.0,300.0,150.0,-150.0
Participant_4277,400.0,525.0,100.0,0.0,300.0,525.0,225.0
Participant_4278,400.0,425.0,100.0,275.0,300.0,150.0,-150.0
Participant_4279,400.0,300.0,100.0,175.0,300.0,125.0,-175.0
Participant_4280,400.0,325.0,100.0,50.0,300.0,275.0,-25.0
Participant_4281,400.0,400.0,100.0,350.0,300.0,50.0,-250.0
Participant_4282,400.0,225.0,100.0,200.0,300.0,25.0,-275.0
Participant_4283,400.0,300.0,100.0,325.0,300.0,-25.0,-325.0
Participant_4285,400.0,200.0,100.0,225.0,300.0,-25.0,-325.0
Participant_4286,400.0,200.0,100.0,200.0,300.0,0.0,-300.0
Participant_4287,400.0,300.0,100.0,200.0,300.0,100.0,-200.0
Participant_4288,400.0,400.0,100.0,250.0,300.0,150.0,-150.0
Participant_4289,400.0,225.0,100.0,125.0,300.0,100.0,-200.0
Participant_4290,400.0,425.0,100.0,25.0,300.0,400.0,100.0
Participant_4291,400.0,500.0,100.0,0.0,300.0,500.0,200.0
Participant_4293,400.0,300.0,100.0,200.0,300.0,100.0,-200.0
Participant_4294,400.0,250.0,100.0,225.0,300.0,25.0,-275.0
Participant_4295,400.0,300.0,100.0,300.0,300.0,0.0,-300.0
Participant_4297,400.0,400.0,100.0,25.0,300.0,375.0,75.0
Participant_4299,400.0,375.0,100.0,325.0,300.0,50.0,-250.0
Participant_4300,400.0,575.0,100.0,0.0,300.0,575.0,275.0
Participant_4301,400.0,250.0,100.0,225.0,300.0,25.0,-275.0
Participant_4302,400.0,450.0,100.0,25.0,300.0,425.0,125.0
Participant_4303,400.0,250.0,100.0,250.0,300.0,0.0,-300.0
Participant_4304,400.0,150.0,100.0,100.0,300.0,50.0,-250.0
Participant_4306,400.0,375.0,100.0,200.0,300.0,175.0,-125.0
Participant_4307,400.0,250.0,100.0,125.0,300.0,125.0,-175.0
Participant_4308,400.0,400.0,100.0,350.0,300.0,50.0,-250.0
Participant_4309,400.0,200.0,100.0,175.0,300.0,25.0,-275.0
Participant_4310,400.0,125.0,100.0,100.0,300.0,25.0,-275.0
Participant_4311,400.0,250.0,100.0,250.0,300.0,0.0,-300.0
Participant_4312,400.0,300.0,100.0,300.0,300.0,0.0,-300.0
Participant_4313,400.0,225.0,100.0,175.0,300.0,50.0,-250.0
Participant_4315,400.0,350.0,100.0,325.0,300.0,25.0,-275.0
Participant_4316,400.0,150.0,100.0,100.0,300.0,50.0,-250.0
Participant_4318,400.0,375.0,100.0,250.0,300.0,125.0,-175.0
Participant_4319,400.0,175.0,100.0,150.0,300.0,25.0,-275.0
Participant_4320,400.0,425.0,100.0,275.0,300.0,150.0,-150.0
Participant_4321,400.0,250.0,100.0,250.0,300.0,0.0,-300.0
Participant_4322,400.0,550.0,100.0,0.0,300.0,550.0,250.0
Participant_4323,400.0,175.0,100.0,200.0,300.0,-25.0,-325.0
Participant_4324,400.0,300.0,100.0,300.0,300.0,0.0,-300.0
Participant_4325,400.0,150.0,100.0,150.0,300.0,0.0,-300.0
Participant_4327,400.0,450.0,100.0,50.0,300.0,400.0,100.0
Participant_4329,400.0,250.0,100.0,50.0,300.0,200.0,-100.0
Participant_4330,400.0,250.0,100.0,250.0,300.0,0.0,-300.0
Participant_4332,400.0,300.0,100.0,250.0,300.0,50.0,-250.0
Participant_4333,400.0,225.0,100.0,225.0,300.0,0.0,-300.0
Participant_4335,400.0,150.0,100.0,150.0,300.0,0.0,-300.0
Participant_4336,400.0,350.0,100.0,350.0,300.0,0.0,-300.0
Participant_4337,400.0,150.0,100.0,100.0,300.0,50.0,-250.0
Participant_4339,400.0,450.0,100.0,0.0,300.0,450.0,150.0
Participant_4341,400.0,575.0,100.0,0.0,300.0,575.0,275.0
Participant_4343,400.0,350.0,100.0,250.0,300.0,100.0,-200.0
Participant_4344,400.0,400.0,100.0,0.0,300.0,400.0,100.0
Participant_4345,400.0,325.0,100.0,0.0,300.0,325.0,25.0
Participant_4346,400.0,175.0,100.0,200.0,300.0,-25.0,-325.0
Participant_4348,400.0,525.0,100.0,75.0,300.0,450.0,150.0
Participant_4349,400.0,550.0,100.0,0.0,300.0,550.0,250.0
Participant_4350,400.0,500.0,100.0,25.0,300.0,475.0,175.0
Participant_4352,400.0,100.0,100.0,100.0,300.0,0.0,-300.0
Participant_4353,400.0,300.0,100.0,175.0,300.0,125.0,-175.0
Participant_4354,400.0,300.0,100.0,300.0,300.0,0.0,-300.0
Participant_4355,400.0,275.0,100.0,275.0,300.0,0.0,-300.0
Participant_4357,400.0,250.0,100.0,250.0,300.0,0.0,-300.0
Participant_4358,400.0,300.0,100.0,325.0,300.0,-25.0,-325.0
Participant_4359,400.0,500.0,100.0,50.0,300.0,450.0,150.0
Participant_4361,400.0,425.0,100.0,175.0,300.0,250.0,-50.0
Participant_4362,400.0,325.0,100.0,275.0,300.0,50.0,-250.0
Participant_4363,400.0,400.0,100.0,25.0,300.0,375.0,75.0
Participant_4364,400.0,350.0,100.0,350.0,300.0,0.0,-300.0
Participant_4365,400.0,275.0,100.0,75.0,300.0,200.0,-100.0
Participant_4368,400.0,500.0,100.0,100.0,300.0,400.0,100.0
Participant_4369,400.0,400.0,100.0,200.0,300.0,200.0,-100.0
Participant_4371,400.0,200.0,100.0,200.0,300.0,0.0,-300.0
Participant_4372,400.0,300.0,100.0,300.0,300.0,0.0,-300.0
Participant_4373,400.0,500.0,100.0,0.0,300.0,500.0,200.0
Participant_4375,400.0,300.0,100.0,100.0,300.0,200.0,-100.0
Participant_4377,400.0,300.0,100.0,225.0,300.0,75.0,-225.0
Participant_4378,400.0,400.0,100.0,250.0,300.0,150.0,-150.0
Participant_4379,400.0,250.0,100.0,125.0,300.0,125.0,-175.0
Participant_4380,400.0,200.0,100.0,150.0,300.0,50.0,-250.0
Participant_4381,400.0,150.0,100.0,150.0,300.0,0.0,-300.0
Participant_4382,400.0,300.0,100.0,300.0,300.0,0.0,-300.0
Participant_4384,400.0,400.0,100.0,350.0,300.0,50.0,-250.0
Participant_4385,400.0,375.0,100.0,200.0,300.0,175.0,-125.0
Participant_4387,400.0,225.0,100.0,200.0,300.0,25.0,-275.0
Participant_4389,400.0,200.0,100.0,175.0,300.0,25.0,-275.0
Participant_4390,400.0,300.0,100.0,250.0,300.0,50.0,-250.0
Participant_4392,400.0,300.0,100.0,300.0,300.0,0.0,-300.0
Participant_4393,400.0,150.0,100.0,150.0,300.0,0.0,-300.0
Participant_4394,400.0,325.0,100.0,200.0,300.0,125.0,-175.0
Participant_4395,400.0,350.0,100.0,275.0,300.0,75.0,-225.0
Participant_4396,400.0,375.0,100.0,200.0,300.0,175.0,-125.0
Participant_4397,400.0,425.0,100.0,175.0,300.0,250.0,-50.0
Participant_4398,400.0,500.0,100.0,75.0,300.0,425.0,125.0
Participant_4399,400.0,375.0,100.0,200.0,300.0,175.0,-125.0
Participant_4400,400.0,200.0,100.0,225.0,300.0,-25.0,-325.0
Participant_4401,400.0,300.0,100.0,300.0,300.0,0.0,-300.0
Participant_4403,400.0,275.0,100.0,125.0,300.0,150.0,-150.0
Participant_4404,400.0,550.0,100.0,25.0,300.0,525.0,225.0
Participant_4405,400.0,350.0,100.0,225.0,300.0,125.0,-175.0
Participant_4406,400.0,250.0,100.0,250.0,300.0,0.0,-300.0
Participant_4407,400.0,250.0,100.0,150.0,300.0,100.0,-200.0
Participant_4408,400.0,350.0,100.0,350.0,300.0,0.0,-300.0
Participant_4409,400.0,250.0,100.0,200.0,300.0,50.0,-250.0
Participant_4410,400.0,550.0,100.0,0.0,300.0,550.0,250.0
Participant_4411,400.0,375.0,100.0,350.0,300.0,25.0,-275.0
Participant_4412,400.0,300.0,100.0,325.0,300.0,-25.0,-325.0
Participant_4414,400.0,150.0,100.0,150.0,300.0,0.0,-300.0
Participant_4415,400.0,275.0,100.0,275.0,300.0,0.0,-300.0
Participant_4416,400.0,250.0,100.0,250.0,300.0,0.0,-300.0
Participant_4417,400.0,500.0,100.0,50.0,300.0,450.0,150.0
Participant_4418,400.0,175.0,100.0,200.0,300.0,-25.0,-325.0
Participant_4419,400.0,400.0,100.0,125.0,300.0,275.0,-25.0
Participant_4420,400.0,400.0,100.0,400.0,300.0,0.0,-300.0
Participant_4421,400.0,100.0,100.0,100.0,300.0,0.0,-300.0
Participant_4422,400.0,525.0,100.0,25.0,300.0,500.0,200.0
Participant_4423,400.0,275.0,100.0,225.0,300.0,50.0,-250.0
Participant_4426,400.0,325.0,100.0,275.0,300.0,50.0,-250.0
Participant_4427,400.0,150.0,100.0,150.0,300.0,0.0,-300.0
Participant_4428,400.0,575.0,100.0,75.0,300.0,500.0,200.0
Participant_4429,400.0,575.0,100.0,25.0,300.0,550.0,250.0
Participant_4430,400.0,350.0,100.0,0.0,300.0,350.0,50.0
Participant_4431,400.0,200.0,100.0,200.0,300.0,0.0,-300.0
Participant_4432,400.0,200.0,100.0,200.0,300.0,0.0,-300.0
Participant_4433,400.0,450.0,100.0,25.0,300.0,425.0,125.0
Participant_4434,400.0,575.0,100.0,0.0,300.0,575.0,275.0
Participant_4435,400.0,400.0,100.0,25.0,300.0,375.0,75.0
Participant_4436,400.0,350.0,100.0,350.0,300.0,0.0,-300.0
Participant_4438,400.0,350.0,100.0,275.0,300.0,75.0,-225.0
Participant_4439,400.0,400.0,100.0,400.0,300.0,0.0,-300.0
Participant_4441,400.0,375.0,100.0,275.0,300.0,100.0,-200.0
Participant_4442,400.0,550.0,100.0,0.0,300.0,550.0,250.0
Participant_4443,400.0,400.0,100.0,400.0,300.0,0.0,-300.0
Participant_4444,400.0,250.0,100.0,250.0,300.0,0.0,-300.0
Participant_4445,400.0,300.0,100.0,300.0,300.0,0.0,-300.0
Participant_4446,400.0,275.0,100.0,250.0,300.0,25.0,-275.0
Participant_4447,400.0,625.0,100.0,0.0,300.0,625.0,325.0
Participant_4448,400.0,400.0,100.0,400.0,300.0,0.0,-300.0
Participant_4449,400.0,450.0,100.0,0.0,300.0,450.0,150.0
Participant_4450,400.0,100.0,100.0,100.0,300.0,0.0,-300.0
Participant_4451,400.0,350.0,100.0,200.0,300.0,150.0,-150.0
Participant_4452,400.0,400.0,100.0,100.0,300.0,300.0,0.0
Participant_4453,400.0,200.0,100.0,225.0,300.0,-25.0,-325.0
Participant_4454,400.0,300.0,100.0,300.0,300.0,0.0,-300.0
Participant_4456,400.0,275.0,100.0,175.0,300.0,100.0,-200.0
Participant_4457,400.0,225.0,100.0,250.0,300.0,-25.0,-325.0
Participant_4458,400.0,325.0,100.0,250.0,300.0,75.0,-225.0
Participant_4459,400.0,225.0,100.0,125.0,300.0,100.0,-200.0
Participant_4460,400.0,350.0,100.0,175.0,300.0,175.0,-125.0
Participant_4461,400.0,400.0,100.0,50.0,300.0,350.0,50.0
Participant_4462,400.0,300.0,100.0,325.0,300.0,-25.0,-325.0
Participant_4463,400.0,325.0,100.0,225.0,300.0,100.0,-200.0
Participant_4464,400.0,325.0,100.0,225.0,300.0,100.0,-200.0
Participant_4465,400.0,200.0,100.0,200.0,300.0,0.0,-300.0
Participant_4466,400.0,475.0,100.0,50.0,300.0,425.0,125.0
Participant_4467,400.0,175.0,100.0,200.0,300.0,-25.0,-325.0
Participant_4469,400.0,525.0,100.0,0.0,300.0,525.0,225.0
Participant_4470,400.0,425.0,100.0,75.0,300.0,350.0,50.0
Participant_4471,400.0,125.0,100.0,100.0,300.0,25.0,-275.0
Participant_4472,400.0,200.0,100.0,225.0,300.0,-25.0,-325.0
Participant_4473,400.0,475.0,100.0,250.0,300.0,225.0,-75.0
Participant_4474,400.0,150.0,100.0,125.0,300.0,25.0,-275.0
Participant_4475,400.0,200.0,100.0,200.0,300.0,0.0,-300.0
Participant_4477,400.0,100.0,100.0,100.0,300.0,0.0,-300.0
Participant_4478,400.0,400.0,100.0,225.0,300.0,175.0,-125.0
Participant_4479,400.0,375.0,100.0,25.0,300.0,350.0,50.0
Participant_4480,400.0,300.0,100.0,300.0,300.0,0.0,-300.0
Participant_4481,400.0,475.0,100.0,125.0,300.0,350.0,50.0
Participant_4482,400.0,250.0,100.0,225.0,300.0,25.0,-275.0
Participant_4483,400.0,350.0,100.0,350.0,300.0,0.0,-300.0
Participant_4484,400.0,175.0,100.0,100.0,300.0,75.0,-225.0
Participant_4485,400.0,300.0,100.0,150.0,300.0,150.0,-150.0
Participant_4486,400.0,550.0,100.0,0.0,300.0,550.0,250.0
Participant_4487,400.0,375.0,100.0,0.0,300.0,375.0,75.0
Participant_4488,400.0,500.0,100.0,25.0,300.0,475.0,175.0
Participant_4491,400.0,375.0,100.0,250.0,300.0,125.0,-175.0
Participant_4492,400.0,475.0,100.0,0.0,300.0,475.0,175.0
Participant_4493,400.0,600.0,100.0,0.0,300.0,600.0,300.0
Participant_4494,400.0,400.0,100.0,200.0,300.0,200.0,-100.0
Participant_4496,400.0,500.0,100.0,50.0,300.0,450.0,150.0
Participant_4497,400.0,225.0,100.0,200.0,300.0,25.0,-275.0
Participant_4499,400.0,400.0,100.0,400.0,300.0,0.0,-300.0
Participant_4500,400.0,250.0,100.0,250.0,300.0,0.0,-300.0
Participant_4501,400.0,250.0,100.0,250.0,300.0,0.0,-300.0
Participant_4503,400.0,350.0,100.0,350.0,300.0,0.0,-300.0
Participant_4504,400.0,250.0,100.0,150.0,300.0,100.0,-200.0
Participant_4507,400.0,525.0,100.0,100.0,300.0,425.0,125.0
Participant_4508,400.0,175.0,100.0,100.0,300.0,75.0,-225.0
Participant_4509,400.0,450.0,100.0,25.0,300.0,425.0,125.0
Participant_4510,400.0,275.0,100.0,175.0,300.0,100.0,-200.0
Participant_4511,400.0,275.0,100.0,175.0,300.0,100.0,-200.0
Participant_4514,400.0,250.0,100.0,250.0,300.0,0.0,-300.0
Participant_4515,400.0,175.0,100.0,150.0,300.0,25.0,-275.0
Participant_4516,400.0,425.0,100.0,0.0,300.0,425.0,125.0
Participant_4517,400.0,375.0,100.0,175.0,300.0,200.0,-100.0
Participant_4519,400.0,550.0,100.0,125.0,300.0,425.0,125.0
Participant_4521,400.0,150.0,100.0,150.0,300.0,0.0,-300.0
Participant_4523,400.0,250.0,100.0,250.0,300.0,0.0,-300.0
Participant_4526,400.0,350.0,100.0,0.0,300.0,350.0,50.0
Participant_4528,400.0,300.0,100.0,300.0,300.0,0.0,-300.0
Participant_4529,400.0,300.0,100.0,300.0,300.0,0.0,-300.0
Participant_4530,400.0,300.0,100.0,200.0,300.0,100.0,-200.0
Participant_4531,400.0,300.0,100.0,225.0,300.0,75.0,-225.0
Participant_4532,400.0,325.0,100.0,125.0,300.0,200.0,-100.0
Participant_4534,400.0,500.0,100.0,25.0,300.0,475.0,175.0
Participant_4535,400.0,300.0,100.0,250.0,300.0,50.0,-250.0
Participant_4537,400.0,400.0,100.0,200.0,300.0,200.0,-100.0
Participant_4538,400.0,550.0,100.0,175.0,300.0,375.0,75.0
Participant_4539,400.0,175.0,100.0,175.0,300.0,0.0,-300.0
Participant_4541,400.0,275.0,100.0,200.0,300.0,75.0,-225.0
Participant_4542,400.0,325.0,100.0,350.0,300.0,-25.0,-325.0
Participant_4543,400.0,500.0,100.0,200.0,300.0,300.0,0.0
Participant_4544,400.0,450.0,100.0,100.0,300.0,350.0,50.0
Participant_4545,400.0,150.0,100.0,150.0,300.0,0.0,-300.0
Participant_4546,400.0,325.0,100.0,250.0,300.0,75.0,-225.0
Participant_4547,400.0,300.0,100.0,300.0,300.0,0.0,-300.0
Participant_4548,400.0,650.0,100.0,275.0,300.0,375.0,75.0
Participant_4550,400.0,325.0,100.0,225.0,300.0,100.0,-200.0
Participant_4551,400.0,200.0,100.0,200.0,300.0,0.0,-300.0
Participant_4552,400.0,400.0,100.0,375.0,300.0,25.0,-275.0
Participant_4553,400.0,300.0,100.0,300.0,300.0,0.0,-300.0
Participant_4554,400.0,400.0,100.0,400.0,300.0,0.0,-300.0
Participant_4555,400.0,200.0,100.0,225.0,300.0,-25.0,-325.0
Participant_4556,400.0,200.0,100.0,200.0,300.0,0.0,-300.0
Participant_4557,400.0,550.0,100.0,0.0,300.0,550.0,250.0
Participant_4558,400.0,500.0,100.0,225.0,300.0,275.0,-25.0
Participant_4559,400.0,625.0,100.0,0.0,300.0,625.0,325.0
Participant_4560,400.0,250.0,100.0,175.0,300.0,75.0,-225.0
Participant_4561,400.0,275.0,100.0,200.0,300.0,75.0,-225.0
Participant_4562,400.0,250.0,100.0,250.0,300.0,0.0,-300.0
Participant_4563,400.0,150.0,100.0,150.0,300.0,0.0,-300.0
Participant_4564,400.0,350.0,100.0,75.0,300.0,275.0,-25.0
Participant_4566,400.0,400.0,100.0,400.0,300.0,0.0,-300.0
Participant_4567,400.0,125.0,100.0,100.0,300.0,25.0,-275.0
Participant_4568,400.0,525.0,100.0,0.0,300.0,525.0,225.0
Participant_4569,400.0,150.0,100.0,150.0,300.0,0.0,-300.0
Participant_4570,400.0,275.0,100.0,125.0,300.0,150.0,-150.0
Participant_4572,400.0,575.0,100.0,50.0,300.0,525.0,225.0
Participant_4573,400.0,500.0,100.0,100.0,300.0,400.0,100.0
Participant_4574,400.0,400.0,100.0,400.0,300.0,0.0,-300.0
Participant_4575,400.0,425.0,100.0,0.0,300.0,425.0,125.0
Participant_4577,400.0,350.0,100.0,200.0,300.0,150.0,-150.0
Participant_4580,400.0,250.0,100.0,100.0,300.0,150.0,-150.0
Participant_4581,400.0,150.0,100.0,100.0,300.0,50.0,-250.0
Participant_4582,400.0,300.0,100.0,250.0,300.0,50.0,-250.0
Participant_4583,400.0,400.0,100.0,275.0,300.0,125.0,-175.0
Participant_4584,400.0,475.0,100.0,25.0,300.0,450.0,150.0
Participant_4585,400.0,500.0,100.0,0.0,300.0,500.0,200.0
Participant_4587,400.0,550.0,100.0,50.0,300.0,500.0,200.0
Participant_4588,400.0,350.0,100.0,300.0,300.0,50.0,-250.0
Participant_4591,400.0,500.0,100.0,50.0,300.0,450.0,150.0
Participant_4593,400.0,200.0,100.0,200.0,300.0,0.0,-300.0
Participant_4594,400.0,175.0,100.0,100.0,300.0,75.0,-225.0
Participant_4596,400.0,350.0,100.0,125.0,300.0,225.0,-75.0
Participant_4597,400.0,225.0,100.0,225.0,300.0,0.0,-300.0
Participant_4598,400.0,350.0,100.0,225.0,300.0,125.0,-175.0
Participant_4599,400.0,350.0,100.0,200.0,300.0,150.0,-150.0
Participant_4601,400.0,350.0,100.0,350.0,300.0,0.0,-300.0
Participant_4603,400.0,300.0,100.0,300.0,300.0,0.0,-300.0
Participant_4604,400.0,250.0,100.0,250.0,300.0,0.0,-300.0
Participant_4605,400.0,375.0,100.0,350.0,300.0,25.0,-275.0
Participant_4607,400.0,500.0,100.0,50.0,300.0,450.0,150.0
Participant_4608,400.0,500.0,100.0,225.0,300.0,275.0,-25.0
Participant_4609,400.0,150.0,100.0,150.0,300.0,0.0,-300.0
Participant_4610,400.0,275.0,100.0,150.0,300.0,125.0,-175.0
Participant_4611,400.0,350.0,100.0,225.0,300.0,125.0,-175.0
Participant_4612,400.0,250.0,100.0,250.0,300.0,0.0,-300.0
Participant_4613,400.0,275.0,100.0,200.0,300.0,75.0,-225.0
Participant_4615,400.0,375.0,100.0,400.0,300.0,-25.0,-325.0
Participant_4616,400.0,200.0,100.0,200.0,300.0,0.0,-300.0
Participant_4617,400.0,300.0,100.0,150.0,300.0,150.0,-150.0
Participant_4618,400.0,575.0,100.0,125.0,300.0,450.0,150.0
Participant_4619,400.0,400.0,100.0,400.0,300.0,0.0,-300.0
Participant_4620,400.0,375.0,100.0,125.0,300.0,250.0,-50.0
Participant_4621,400.0,375.0,100.0,350.0,300.0,25.0,-275.0
Participant_4622,400.0,200.0,100.0,225.0,300.0,-25.0,-325.0
Participant_4623,400.0,350.0,100.0,250.0,300.0,100.0,-200.0
Participant_4624,400.0,450.0,100.0,25.0,300.0,425.0,125.0
Participant_4625,400.0,100.0,100.0,100.0,300.0,0.0,-300.0
Participant_4626,400.0,150.0,100.0,100.0,300.0,50.0,-250.0
Participant_4627,400.0,550.0,100.0,150.0,300.0,400.0,100.0
Participant_4628,400.0,500.0,100.0,25.0,300.0,475.0,175.0
Participant_4630,400.0,275.0,100.0,175.0,300.0,100.0,-200.0
Participant_4631,400.0,350.0,100.0,225.0,300.0,125.0,-175.0
Participant_4632,400.0,175.0,100.0,100.0,300.0,75.0,-225.0
Participant_4633,400.0,250.0,100.0,250.0,300.0,0.0,-300.0
Participant_4634,400.0,350.0,100.0,300.0,300.0,50.0,-250.0
Participant_4635,400.0,100.0,100.0,100.0,300.0,0.0,-300.0
Participant_4636,400.0,400.0,100.0,400.0,300.0,0.0,-300.0
Participant_4637,400.0,450.0,100.0,25.0,300.0,425.0,125.0
Participant_4638,400.0,200.0,100.0,150.0,300.0,50.0,-250.0
Participant_4639,400.0,575.0,100.0,0.0,300.0,575.0,275.0
Participant_4640,400.0,200.0,100.0,200.0,300.0,0.0,-300.0
Participant_4641,400.0,400.0,100.0,400.0,300.0,0.0,-300.0
Participant_4644,400.0,375.0,100.0,325.0,300.0,50.0,-250.0
Participant_4645,400.0,550.0,100.0,50.0,300.0,500.0,200.0
Participant_4646,400.0,300.0,100.0,300.0,300.0,0.0,-300.0
Participant_4647,400.0,250.0,100.0,325.0,300.0,-75.0,-375.0
Participant_4648,400.0,375.0,100.0,0.0,300.0,375.0,75.0
Participant_4650,400.0,150.0,100.0,150.0,300.0,0.0,-300.0
Participant_4651,400.0,100.0,100.0,100.0,300.0,0.0,-300.0
Participant_4652,400.0,350.0,100.0,300.0,300.0,50.0,-250.0
Participant_4654,400.0,275.0,100.0,100.0,300.0,175.0,-125.0
Participant_4655,400.0,100.0,100.0,100.0,300.0,0.0,-300.0
Participant_4656,400.0,225.0,100.0,150.0,300.0,75.0,-225.0
Participant_4657,400.0,450.0,100.0,0.0,300.0,450.0,150.0
Participant_4658,400.0,550.0,100.0,0.0,300.0,550.0,250.0
Participant_4659,400.0,525.0,100.0,0.0,300.0,525.0,225.0
Participant_4660,400.0,450.0,100.0,0.0,300.0,450.0,150.0
Participant_4662,400.0,250.0,100.0,25.0,300.0,225.0,-75.0
Participant_4663,400.0,475.0,100.0,0.0,300.0,475.0,175.0
Participant_4664,400.0,350.0,100.0,350.0,300.0,0.0,-300.0
Participant_4665,400.0,250.0,100.0,125.0,300.0,125.0,-175.0
Participant_4666,400.0,325.0,100.0,225.0,300.0,100.0,-200.0
Participant_4667,400.0,500.0,100.0,0.0,300.0,500.0,200.0
Participant_4668,400.0,350.0,100.0,300.0,300.0,50.0,-250.0
Participant_4669,400.0,400.0,100.0,0.0,300.0,400.0,100.0
Participant_4671,400.0,400.0,100.0,325.0,300.0,75.0,-225.0
Participant_4672,400.0,150.0,100.0,150.0,300.0,0.0,-300.0
Participant_4673,400.0,300.0,100.0,300.0,300.0,0.0,-300.0
Participant_4674,400.0,275.0,100.0,175.0,300.0,100.0,-200.0
Participant_4675,400.0,475.0,100.0,0.0,300.0,475.0,175.0
Participant_4676,400.0,225.0,100.0,100.0,300.0,125.0,-175.0
Participant_4677,400.0,550.0,100.0,150.0,300.0,400.0,100.0
Participant_4678,400.0,400.0,100.0,125.0,300.0,275.0,-25.0
Participant_4679,400.0,500.0,100.0,25.0,300.0,475.0,175.0
Participant_4680,400.0,175.0,100.0,150.0,300.0,25.0,-275.0
Participant_4681,400.0,350.0,100.0,125.0,300.0,225.0,-75.0
Participant_4682,400.0,350.0,100.0,350.0,300.0,0.0,-300.0
Participant_4683,400.0,150.0,100.0,100.0,300.0,50.0,-250.0
Participant_4684,400.0,350.0,100.0,200.0,300.0,150.0,-150.0
Participant_4685,400.0,400.0,100.0,400.0,300.0,0.0,-300.0
Participant_4686,400.0,475.0,100.0,175.0,300.0,300.0,0.0
Participant_4687,400.0,350.0,100.0,100.0,300.0,250.0,-50.0
Participant_4688,400.0,250.0,100.0,150.0,300.0,100.0,-200.0
Participant_4689,400.0,225.0,100.0,125.0,300.0,100.0,-200.0
Participant_4690,400.0,575.0,100.0,0.0,300.0,575.0,275.0
Participant_4691,400.0,300.0,100.0,250.0,300.0,50.0,-250.0
Participant_4692,400.0,250.0,100.0,250.0,300.0,0.0,-300.0
Participant_4693,400.0,300.0,100.0,275.0,300.0,25.0,-275.0
Participant_4694,400.0,425.0,100.0,325.0,300.0,100.0,-200.0
Participant_4695,400.0,575.0,100.0,0.0,300.0,575.0,275.0
Participant_4696,400.0,275.0,100.0,175.0,300.0,100.0,-200.0
Participant_4697,400.0,350.0,100.0,350.0,300.0,0.0,-300.0
Participant_4700,400.0,400.0,100.0,375.0,300.0,25.0,-275.0
Participant_4701,400.0,450.0,100.0,75.0,300.0,375.0,75.0
Participant_4702,400.0,250.0,100.0,225.0,300.0,25.0,-275.0
Participant_4703,400.0,400.0,100.0,125.0,300.0,275.0,-25.0
Participant_4704,400.0,200.0,100.0,200.0,300.0,0.0,-300.0
Participant_4705,400.0,225.0,100.0,125.0,300.0,100.0,-200.0
Participant_4706,400.0,250.0,100.0,225.0,300.0,25.0,-275.0
Participant_4707,400.0,550.0,100.0,25.0,300.0,525.0,225.0
Participant_4708,400.0,525.0,100.0,75.0,300.0,450.0,150.0
Participant_4710,400.0,100.0,100.0,100.0,300.0,0.0,-300.0
Participant_4711,400.0,250.0,100.0,250.0,300.0,0.0,-300.0
Participant_4712,400.0,225.0,100.0,175.0,300.0,50.0,-250.0
Participant_4713,400.0,250.0,100.0,250.0,300.0,0.0,-300.0
Participant_4714,400.0,200.0,100.0,100.0,300.0,100.0,-200.0
Participant_4715,400.0,625.0,100.0,0.0,300.0,625.0,325.0
Participant_4716,400.0,275.0,100.0,300.0,300.0,-25.0,-325.0
Participant_4717,400.0,200.0,100.0,175.0,300.0,25.0,-275.0
Participant_4718,400.0,475.0,100.0,0.0,300.0,475.0,175.0
Participant_4719,400.0,525.0,100.0,125.0,300.0,400.0,100.0
Participant_4720,400.0,550.0,100.0,0.0,300.0,550.0,250.0
Participant_4721,400.0,200.0,100.0,250.0,300.0,-50.0,-350.0
Participant_4722,400.0,400.0,100.0,350.0,300.0,50.0,-250.0
Participant_4723,400.0,200.0,100.0,250.0,300.0,-50.0,-350.0
Participant_4724,400.0,600.0,100.0,0.0,300.0,600.0,300.0
Participant_4726,400.0,300.0,100.0,125.0,300.0,175.0,-125.0
Participant_4728,400.0,475.0,100.0,50.0,300.0,425.0,125.0
Participant_4729,400.0,475.0,100.0,25.0,300.0,450.0,150.0
Participant_4730,400.0,550.0,100.0,0.0,300.0,550.0,250.0
Participant_4731,400.0,250.0,100.0,125.0,300.0,125.0,-175.0
Participant_4732,400.0,550.0,100.0,0.0,300.0,550.0,250.0
Participant_4734,400.0,350.0,100.0,25.0,300.0,325.0,25.0
Participant_4737,400.0,425.0,100.0,300.0,300.0,125.0,-175.0
Participant_4738,400.0,150.0,100.0,100.0,300.0,50.0,-250.0
Participant_4739,400.0,100.0,100.0,100.0,300.0,0.0,-300.0
Participant_4740,400.0,100.0,100.0,100.0,300.0,0.0,-300.0
Participant_4741,400.0,350.0,100.0,275.0,300.0,75.0,-225.0
Participant_4743,400.0,400.0,100.0,25.0,300.0,375.0,75.0
Participant_4744,400.0,500.0,100.0,50.0,300.0,450.0,150.0
Participant_4745,400.0,350.0,100.0,300.0,300.0,50.0,-250.0
Participant_4746,400.0,300.0,100.0,200.0,300.0,100.0,-200.0
Participant_4747,400.0,175.0,100.0,200.0,300.0,-25.0,-325.0
Participant_4748,400.0,325.0,100.0,250.0,300.0,75.0,-225.0
Participant_4749,400.0,250.0,100.0,175.0,300.0,75.0,-225.0
Participant_4750,400.0,475.0,100.0,150.0,300.0,325.0,25.0
Participant_4751,400.0,100.0,100.0,75.0,300.0,25.0,-275.0
Participant_4752,400.0,500.0,100.0,0.0,300.0,500.0,200.0
Participant_4754,400.0,350.0,100.0,275.0,300.0,75.0,-225.0
Participant_4755,400.0,200.0,100.0,200.0,300.0,0.0,-300.0
Participant_4756,400.0,275.0,100.0,50.0,300.0,225.0,-75.0
Participant_4757,400.0,300.0,100.0,300.0,300.0,0.0,-300.0
Participant_4758,400.0,225.0,100.0,200.0,300.0,25.0,-275.0
Participant_4759,400.0,475.0,100.0,25.0,300.0,450.0,150.0
Participant_4760,400.0,200.0,100.0,100.0,300.0,100.0,-200.0
Participant_4761,400.0,325.0,100.0,200.0,300.0,125.0,-175.0
Participant_4762,400.0,300.0,100.0,300.0,300.0,0.0,-300.0
Participant_4763,400.0,425.0,100.0,225.0,300.0,200.0,-100.0
Participant_4764,400.0,325.0,100.0,200.0,300.0,125.0,-175.0
Participant_4765,400.0,425.0,100.0,275.0,300.0,150.0,-150.0
Participant_4766,400.0,275.0,100.0,0.0,300.0,275.0,-25.0
Participant_4767,400.0,525.0,100.0,125.0,300.0,400.0,100.0
Participant_4768,400.0,350.0,100.0,300.0,300.0,50.0,-250.0
Participant_4769,400.0,400.0,100.0,250.0,300.0,150.0,-150.0
Participant_4770,400.0,525.0,100.0,0.0,300.0,525.0,225.0
Participant_4771,400.0,550.0,100.0,300.0,300.0,250.0,-50.0
Participant_4773,400.0,400.0,100.0,400.0,300.0,0.0,-300.0
Participant_4774,400.0,400.0,100.0,375.0,300.0,25.0,-275.0
Participant_4775,400.0,300.0,100.0,50.0,300.0,250.0,-50.0
Participant_4776,400.0,350.0,100.0,350.0,300.0,0.0,-300.0
Participant_4777,400.0,275.0,100.0,150.0,300.0,125.0,-175.0
Participant_4778,400.0,200.0,100.0,200.0,300.0,0.0,-300.0
Participant_4779,400.0,425.0,100.0,0.0,300.0,425.0,125.0
Participant_4780,400.0,225.0,100.0,200.0,300.0,25.0,-275.0
Participant_4781,400.0,475.0,100.0,0.0,300.0,475.0,175.0
Participant_4782,400.0,300.0,100.0,300.0,300.0,0.0,-300.0
Participant_4785,400.0,250.0,100.0,250.0,300.0,0.0,-300.0
Participant_4786,400.0,200.0,100.0,200.0,300.0,0.0,-300.0
Participant_4787,400.0,250.0,100.0,250.0,300.0,0.0,-300.0
Participant_4788,400.0,550.0,100.0,0.0,300.0,550.0,250.0
Participant_4789,400.0,500.0,100.0,75.0,300.0,425.0,125.0
Participant_4790,400.0,575.0,100.0,0.0,300.0,575.0,275.0
Participant_4791,400.0,400.0,100.0,25.0,300.0,375.0,75.0
Participant_4793,400.0,300.0,100.0,75.0,300.0,225.0,-75.0
Participant_4794,400.0,475.0,100.0,0.0,300.0,475.0,175.0
Participant_4795,400.0,375.0,100.0,250.0,300.0,125.0,-175.0
Participant_4797,400.0,225.0,100.0,200.0,300.0,25.0,-275.0
Participant_4798,400.0,400.0,100.0,375.0,300.0,25.0,-275.0
Participant_4799,400.0,375.0,100.0,300.0,300.0,75.0,-225.0
Participant_4800,400.0,325.0,100.0,175.0,300.0,150.0,-150.0
Participant_4801,400.0,250.0,100.0,250.0,300.0,0.0,-300.0
Participant_4802,400.0,575.0,100.0,0.0,300.0,575.0,275.0
Participant_4803,400.0,350.0,100.0,350.0,300.0,0.0,-300.0
Participant_4804,400.0,150.0,100.0,150.0,300.0,0.0,-300.0
Participant_4805,400.0,225.0,100.0,200.0,300.0,25.0,-275.0
Participant_4808,400.0,400.0,100.0,325.0,300.0,75.0,-225.0
Participant_4809,400.0,375.0,100.0,275.0,300.0,100.0,-200.0
Participant_4810,400.0,300.0,100.0,275.0,300.0,25.0,-275.0
Participant_4811,400.0,100.0,100.0,100.0,300.0,0.0,-300.0
Participant_4812,400.0,600.0,100.0,0.0,300.0,600.0,300.0
Participant_4813,400.0,325.0,100.0,0.0,300.0,325.0,25.0
Participant_4815,400.0,300.0,100.0,175.0,300.0,125.0,-175.0
Participant_4816,400.0,100.0,100.0,100.0,300.0,0.0,-300.0
Participant_4818,400.0,325.0,100.0,175.0,300.0,150.0,-150.0
Participant_4819,400.0,350.0,100.0,300.0,300.0,50.0,-250.0
Participant_4820,400.0,575.0,100.0,0.0,300.0,575.0,275.0
Participant_4822,400.0,275.0,100.0,275.0,300.0,0.0,-300.0
Participant_4823,400.0,200.0,100.0,200.0,300.0,0.0,-300.0
Participant_4824,400.0,200.0,100.0,100.0,300.0,100.0,-200.0
Participant_4827,400.0,125.0,100.0,100.0,300.0,25.0,-275.0
Participant_4828,400.0,225.0,100.0,200.0,300.0,25.0,-275.0
Participant_4829,400.0,100.0,100.0,100.0,300.0,0.0,-300.0
Participant_4831,400.0,225.0,100.0,125.0,300.0,100.0,-200.0
Participant_4832,400.0,150.0,100.0,150.0,300.0,0.0,-300.0
Participant_4833,400.0,550.0,100.0,100.0,300.0,450.0,150.0
Participant_4834,400.0,425.0,100.0,0.0,300.0,425.0,125.0
Participant_4835,400.0,150.0,100.0,150.0,300.0,0.0,-300.0
Participant_4836,400.0,150.0,100.0,150.0,300.0,0.0,-300.0
Participant_4837,400.0,300.0,100.0,275.0,300.0,25.0,-275.0
Participant_4838,400.0,125.0,100.0,100.0,300.0,25.0,-275.0
Participant_4839,400.0,250.0,100.0,250.0,300.0,0.0,-300.0
Participant_4841,400.0,575.0,100.0,0.0,300.0,575.0,275.0
Participant_4842,400.0,275.0,100.0,300.0,300.0,-25.0,-325.0
Participant_4844,400.0,525.0,100.0,25.0,300.0,500.0,200.0
Participant_4845,400.0,500.0,100.0,0.0,300.0,500.0,200.0
Participant_4846,400.0,425.0,100.0,175.0,300.0,250.0,-50.0
Participant_4847,400.0,350.0,100.0,275.0,300.0,75.0,-225.0
Participant_4849,400.0,600.0,100.0,0.0,300.0,600.0,300.0
Participant_4850,400.0,200.0,100.0,175.0,300.0,25.0,-275.0
Participant_4851,400.0,475.0,100.0,75.0,300.0,400.0,100.0
Participant_4852,400.0,525.0,100.0,25.0,300.0,500.0,200.0
Participant_4854,400.0,200.0,100.0,225.0,300.0,-25.0,-325.0
Participant_4856,400.0,425.0,100.0,200.0,300.0,225.0,-75.0
Participant_4857,400.0,300.0,100.0,225.0,300.0,75.0,-225.0
Participant_4858,400.0,550.0,100.0,25.0,300.0,525.0,225.0
Participant_4859,400.0,350.0,100.0,350.0,300.0,0.0,-300.0
Participant_4860,400.0,550.0,100.0,25.0,300.0,525.0,225.0
Participant_4861,400.0,450.0,100.0,0.0,300.0,450.0,150.0
Participant_4862,400.0,450.0,100.0,75.0,300.0,375.0,75.0
Participant_4863,400.0,475.0,100.0,0.0,300.0,475.0,175.0
Participant_4864,400.0,375.0,100.0,200.0,300.0,175.0,-125.0
Participant_4865,400.0,400.0,100.0,325.0,300.0,75.0,-225.0
Participant_4868,400.0,300.0,100.0,300.0,300.0,0.0,-300.0
Participant_4869,400.0,550.0,100.0,0.0,300.0,550.0,250.0
Participant_4870,400.0,400.0,100.0,75.0,300.0,325.0,25.0
Participant_4871,400.0,300.0,100.0,300.0,300.0,0.0,-300.0
Participant_4872,400.0,425.0,100.0,125.0,300.0,300.0,0.0
Participant_4873,400.0,250.0,100.0,25.0,300.0,225.0,-75.0
Participant_4874,400.0,350.0,100.0,350.0,300.0,0.0,-300.0
Participant_4875,400.0,275.0,100.0,300.0,300.0,-25.0,-325.0
Participant_4876,400.0,425.0,100.0,400.0,300.0,25.0,-275.0
Participant_4877,400.0,200.0,100.0,200.0,300.0,0.0,-300.0
Participant_4878,400.0,225.0,100.0,200.0,300.0,25.0,-275.0
Participant_4879,400.0,225.0,100.0,175.0,300.0,50.0,-250.0
Participant_4880,400.0,300.0,100.0,225.0,300.0,75.0,-225.0
Participant_4881,400.0,550.0,100.0,0.0,300.0,550.0,250.0
Participant_4883,400.0,300.0,100.0,250.0,300.0,50.0,-250.0
Participant_4885,400.0,575.0,100.0,0.0,300.0,575.0,275.0
Participant_4887,400.0,300.0,100.0,275.0,300.0,25.0,-275.0
Participant_4888,400.0,375.0,100.0,0.0,300.0,375.0,75.0
Participant_4889,400.0,275.0,100.0,200.0,300.0,75.0,-225.0
Participant_4890,400.0,550.0,100.0,225.0,300.0,325.0,25.0
Participant_4891,400.0,150.0,100.0,150.0,300.0,0.0,-300.0
Participant_4892,400.0,200.0,100.0,200.0,300.0,0.0,-300.0
Participant_4893,400.0,375.0,100.0,300.0,300.0,75.0,-225.0
Participant_4894,400.0,350.0,100.0,325.0,300.0,25.0,-275.0
Participant_4895,400.0,300.0,100.0,100.0,300.0,200.0,-100.0
Participant_4896,400.0,500.0,100.0,175.0,300.0,325.0,25.0
Participant_4897,400.0,200.0,100.0,200.0,300.0,0.0,-300.0
Participant_4898,400.0,275.0,100.0,250.0,300.0,25.0,-275.0
Participant_4899,400.0,400.0,100.0,400.0,300.0,0.0,-300.0
Participant_4900,400.0,300.0,100.0,300.0,300.0,0.0,-300.0
Participant_4901,400.0,300.0,100.0,175.0,300.0,125.0,-175.0
Participant_4902,400.0,275.0,100.0,75.0,300.0,200.0,-100.0
Participant_4903,400.0,325.0,100.0,225.0,300.0,100.0,-200.0
Participant_4904,400.0,600.0,100.0,0.0,300.0,600.0,300.0
Participant_4905,400.0,325.0,100.0,350.0,300.0,-25.0,-325.0
Participant_4906,400.0,450.0,100.0,25.0,300.0,425.0,125.0
Participant_4908,400.0,275.0,100.0,75.0,300.0,200.0,-100.0
Participant_4909,400.0,525.0,100.0,0.0,300.0,525.0,225.0
Participant_4910,400.0,500.0,100.0,0.0,300.0,500.0,200.0
Participant_4911,400.0,525.0,100.0,0.0,300.0,525.0,225.0
Participant_4912,400.0,550.0,100.0,0.0,300.0,550.0,250.0
Participant_4914,400.0,475.0,100.0,25.0,300.0,450.0,150.0
Participant_4915,400.0,300.0,100.0,300.0,300.0,0.0,-300.0
Participant_4916,400.0,400.0,100.0,400.0,300.0,0.0,-300.0
Participant_4917,400.0,200.0,100.0,200.0,300.0,0.0,-300.0
Participant_4919,400.0,400.0,100.0,275.0,300.0,125.0,-175.0
Participant_4922,400.0,475.0,100.0,0.0,300.0,475.0,175.0
Participant_4923,400.0,225.0,100.0,175.0,300.0,50.0,-250.0
Participant_4924,400.0,200.0,100.0,200.0,300.0,0.0,-300.0
Participant_4925,400.0,575.0,100.0,25.0,300.0,550.0,250.0
Participant_4926,400.0,150.0,100.0,100.0,300.0,50.0,-250.0
Participant_4928,400.0,425.0,100.0,25.0,300.0,400.0,100.0
Participant_4929,400.0,350.0,100.0,350.0,300.0,0.0,-300.0
Participant_4931,400.0,325.0,100.0,150.0,300.0,175.0,-125.0
Participant_4932,400.0,300.0,100.0,200.0,300.0,100.0,-200.0
Participant_4933,400.0,325.0,100.0,50.0,300.0,275.0,-25.0
Participant_4934,400.0,475.0,100.0,75.0,300.0,400.0,100.0
Participant_4936,400.0,300.0,100.0,250.0,300.0,50.0,-250.0
Participant_4937,400.0,250.0,100.0,275.0,300.0,-25.0,-325.0
Participant_4938,400.0,275.0,100.0,200.0,300.0,75.0,-225.0
Participant_4939,400.0,250.0,100.0,250.0,300.0,0.0,-300.0
Participant_4940,400.0,350.0,100.0,350.0,300.0,0.0,-300.0
Participant_4941,400.0,275.0,100.0,200.0,300.0,75.0,-225.0
Participant_4942,400.0,400.0,100.0,400.0,300.0,0.0,-300.0
Participant_4945,400.0,400.0,100.0,400.0,300.0,0.0,-300.0
Participant_4946,400.0,550.0,100.0,0.0,300.0,550.0,250.0
Participant_4949,400.0,475.0,100.0,50.0,300.0,425.0,125.0
Participant_4950,400.0,550.0,100.0,0.0,300.0,550.0,250.0
Participant_4951,400.0,275.0,100.0,150.0,300.0,125.0,-175.0
Participant_4952,400.0,250.0,100.0,250.0,300.0,0.0,-300.0
Participant_4955,400.0,275.0,100.0,250.0,300.0,25.0,-275.0
Participant_4958,400.0,475.0,100.0,125.0,300.0,350.0,50.0
Participant_4959,400.0,550.0,100.0,0.0,300.0,550.0,250.0
Participant_4960,400.0,375.0,100.0,375.0,300.0,0.0,-300.0
Participant_4961,400.0,500.0,100.0,25.0,300.0,475.0,175.0
Participant_4962,400.0,150.0,100.0,150.0,300.0,0.0,-300.0
Participant_4964,400.0,200.0,100.0,200.0,300.0,0.0,-300.0
Participant_4965,400.0,475.0,100.0,75.0,300.0,400.0,100.0
Participant_4966,400.0,400.0,100.0,200.0,300.0,200.0,-100.0
Participant_4967,400.0,200.0,100.0,200.0,300.0,0.0,-300.0
Participant_4968,400.0,375.0,100.0,150.0,300.0,225.0,-75.0
Participant_4971,400.0,375.0,100.0,275.0,300.0,100.0,-200.0
Participant_4972,400.0,375.0,100.0,200.0,300.0,175.0,-125.0
Participant_4973,400.0,500.0,100.0,125.0,300.0,375.0,75.0
Participant_4974,400.0,300.0,100.0,300.0,300.0,0.0,-300.0
Participant_4975,400.0,650.0,100.0,100.0,300.0,550.0,250.0
Participant_4976,400.0,350.0,100.0,350.0,300.0,0.0,-300.0
Participant_4977,400.0,300.0,100.0,300.0,300.0,0.0,-300.0
Participant_4978,400.0,475.0,100.0,0.0,300.0,475.0,175.0
Participant_4980,400.0,300.0,100.0,225.0,300.0,75.0,-225.0
Participant_4982,400.0,100.0,100.0,100.0,300.0,0.0,-300.0
Participant_4983,400.0,225.0,100.0,100.0,300.0,125.0,-175.0
Participant_4984,400.0,475.0,100.0,75.0,300.0,400.0,100.0
Participant_4985,400.0,200.0,100.0,200.0,300.0,0.0,-300.0
Participant_4987,400.0,400.0,100.0,325.0,300.0,75.0,-225.0
Participant_4988,400.0,175.0,100.0,0.0,300.0,175.0,-125.0
Participant_4989,400.0,575.0,100.0,100.0,300.0,475.0,175.0
Participant_4990,400.0,250.0,100.0,250.0,300.0,0.0,-300.0
Participant_4991,400.0,150.0,100.0,150.0,300.0,0.0,-300.0
Participant_4992,400.0,375.0,100.0,350.0,300.0,25.0,-275.0
Participant_4993,400.0,450.0,100.0,75.0,300.0,375.0,75.0
Participant_4994,400.0,600.0,100.0,0.0,300.0,600.0,300.0
Participant_4995,400.0,225.0,100.0,250.0,300.0,-25.0,-325.0
Participant_4997,400.0,275.0,100.0,300.0,300.0,-25.0,-325.0
Participant_4998,400.0,225.0,100.0,75.0,300.0,150.0,-150.0
Participant_4999,400.0,550.0,100.0,0.0,300.0,550.0,250.0
Participant_5000,400.0,275.0,100.0,250.0,300.0,25.0,-275.0
Participant_5001,400.0,550.0,100.0,100.0,300.0,450.0,150.0
Participant_5002,400.0,525.0,100.0,0.0,300.0,525.0,225.0
Participant_5003,400.0,325.0,100.0,250.0,300.0,75.0,-225.0
Participant_5004,400.0,400.0,100.0,275.0,300.0,125.0,-175.0
Participant_5005,400.0,525.0,100.0,25.0,300.0,500.0,200.0
Participant_5007,400.0,350.0,100.0,300.0,300.0,50.0,-250.0
Participant_5008,400.0,575.0,100.0,0.0,300.0,575.0,275.0
Participant_5009,400.0,300.0,100.0,300.0,300.0,0.0,-300.0
Participant_5011,400.0,325.0,100.0,100.0,300.0,225.0,-75.0
Participant_5012,400.0,450.0,100.0,75.0,300.0,375.0,75.0
Participant_5013,400.0,550.0,100.0,25.0,300.0,525.0,225.0
Participant_5014,400.0,400.0,100.0,275.0,300.0,125.0,-175.0
Participant_5015,400.0,575.0,100.0,0.0,300.0,575.0,275.0
Participant_5017,400.0,400.0,100.0,325.0,300.0,75.0,-225.0
Participant_5018,400.0,400.0,100.0,400.0,300.0,0.0,-300.0
Participant_5020,400.0,500.0,100.0,75.0,300.0,425.0,125.0
Participant_5022,400.0,175.0,100.0,150.0,300.0,25.0,-275.0
Participant_5023,400.0,400.0,100.0,75.0,300.0,325.0,25.0
Participant_5024,400.0,200.0,100.0,150.0,300.0,50.0,-250.0
Participant_5025,400.0,100.0,100.0,100.0,300.0,0.0,-300.0
Participant_5026,400.0,100.0,100.0,100.0,300.0,0.0,-300.0
Participant_5027,400.0,450.0,100.0,225.0,300.0,225.0,-75.0
Participant_5028,400.0,375.0,100.0,150.0,300.0,225.0,-75.0
Participant_5029,400.0,450.0,100.0,100.0,300.0,350.0,50.0
Participant_5031,400.0,350.0,100.0,325.0,300.0,25.0,-275.0
Participant_5032,400.0,550.0,100.0,0.0,300.0,550.0,250.0
Participant_5034,400.0,425.0,100.0,200.0,300.0,225.0,-75.0
Participant_5035,400.0,325.0,100.0,125.0,300.0,200.0,-100.0
Participant_5036,400.0,325.0,100.0,100.0,300.0,225.0,-75.0
Participant_5038,400.0,125.0,100.0,100.0,300.0,25.0,-275.0
Participant_5040,400.0,575.0,100.0,25.0,300.0,550.0,250.0
Participant_5041,400.0,525.0,100.0,0.0,300.0,525.0,225.0
Participant_5042,400.0,600.0,100.0,325.0,300.0,275.0,-25.0
Participant_5043,400.0,225.0,100.0,175.0,300.0,50.0,-250.0
Participant_5045,400.0,250.0,100.0,250.0,300.0,0.0,-300.0
Participant_5046,400.0,375.0,100.0,75.0,300.0,300.0,0.0
Participant_5047,400.0,525.0,100.0,0.0,300.0,525.0,225.0
Participant_5048,400.0,250.0,100.0,0.0,300.0,250.0,-50.0
Participant_5049,400.0,300.0,100.0,200.0,300.0,100.0,-200.0
Participant_5050,400.0,575.0,100.0,0.0,300.0,575.0,275.0
Participant_5051,400.0,425.0,100.0,50.0,300.0,375.0,75.0
Participant_5052,400.0,300.0,100.0,175.0,300.0,125.0,-175.0
Participant_5053,400.0,450.0,100.0,50.0,300.0,400.0,100.0
Participant_5054,400.0,275.0,100.0,0.0,300.0,275.0,-25.0
Participant_5055,400.0,550.0,100.0,0.0,300.0,550.0,250.0
Participant_5056,400.0,425.0,100.0,25.0,300.0,400.0,100.0
Participant_5057,400.0,300.0,100.0,300.0,300.0,0.0,-300.0
Participant_5059,400.0,325.0,100.0,300.0,300.0,25.0,-275.0
Participant_5060,400.0,400.0,100.0,400.0,300.0,0.0,-300.0
Participant_5061,400.0,300.0,100.0,275.0,300.0,25.0,-275.0
Participant_5062,400.0,225.0,100.0,175.0,300.0,50.0,-250.0
Participant_5063,400.0,525.0,100.0,0.0,300.0,525.0,225.0
Participant_5064,400.0,475.0,100.0,25.0,300.0,450.0,150.0
Participant_5065,400.0,350.0,100.0,225.0,300.0,125.0,-175.0
Participant_5066,400.0,375.0,100.0,100.0,300.0,275.0,-25.0
Participant_5067,400.0,150.0,100.0,150.0,300.0,0.0,-300.0
Participant_5068,400.0,250.0,100.0,250.0,300.0,0.0,-300.0
Participant_5069,400.0,325.0,100.0,125.0,300.0,200.0,-100.0
Participant_5071,400.0,300.0,100.0,300.0,300.0,0.0,-300.0
Participant_5072,400.0,325.0,100.0,300.0,300.0,25.0,-275.0
Participant_5073,400.0,225.0,100.0,100.0,300.0,125.0,-175.0
Participant_5074,400.0,175.0,100.0,100.0,300.0,75.0,-225.0
Participant_5075,400.0,150.0,100.0,150.0,300.0,0.0,-300.0
Participant_5076,400.0,250.0,100.0,75.0,300.0,175.0,-125.0
Participant_5077,400.0,400.0,100.0,175.0,300.0,225.0,-75.0
Participant_5078,400.0,350.0,100.0,350.0,300.0,0.0,-300.0
Participant_5079,400.0,400.0,100.0,400.0,300.0,0.0,-300.0
Participant_5080,400.0,275.0,100.0,250.0,300.0,25.0,-275.0
Participant_5081,400.0,225.0,100.0,200.0,300.0,25.0,-275.0
Participant_5082,400.0,250.0,100.0,250.0,300.0,0.0,-300.0
Participant_5083,400.0,350.0,100.0,350.0,300.0,0.0,-300.0
Participant_5084,400.0,575.0,100.0,0.0,300.0,575.0,275.0
Participant_5085,400.0,525.0,100.0,0.0,300.0,525.0,225.0
Participant_5086,400.0,525.0,100.0,0.0,300.0,525.0,225.0
Participant_5087,400.0,300.0,100.0,325.0,300.0,-25.0,-325.0
Participant_5088,400.0,225.0,100.0,0.0,300.0,225.0,-75.0
Participant_5089,400.0,350.0,100.0,175.0,300.0,175.0,-125.0
Participant_5090,400.0,575.0,100.0,25.0,300.0,550.0,250.0
Participant_5091,400.0,450.0,100.0,0.0,300.0,450.0,150.0
Participant_5092,400.0,225.0,100.0,200.0,300.0,25.0,-275.0
Participant_5094,400.0,350.0,100.0,300.0,300.0,50.0,-250.0
Participant_5095,400.0,250.0,100.0,150.0,300.0,100.0,-200.0
Participant_5096,400.0,275.0,100.0,300.0,300.0,-25.0,-325.0
Participant_5097,400.0,150.0,100.0,150.0,300.0,0.0,-300.0
Participant_5098,400.0,275.0,100.0,150.0,300.0,125.0,-175.0
Participant_5099,400.0,300.0,100.0,325.0,300.0,-25.0,-325.0
Participant_5100,400.0,525.0,100.0,0.0,300.0,525.0,225.0
Participant_5101,400.0,100.0,100.0,100.0,300.0,0.0,-300.0
Participant_5102,400.0,100.0,100.0,100.0,300.0,0.0,-300.0
Participant_5103,400.0,400.0,100.0,275.0,300.0,125.0,-175.0
Participant_5104,400.0,375.0,100.0,100.0,300.0,275.0,-25.0
Participant_5105,400.0,500.0,100.0,25.0,300.0,475.0,175.0
Participant_5106,400.0,550.0,100.0,0.0,300.0,550.0,250.0
Participant_5107,400.0,150.0,100.0,150.0,300.0,0.0,-300.0
Participant_5108,400.0,550.0,100.0,0.0,300.0,550.0,250.0
Participant_5109,400.0,550.0,100.0,25.0,300.0,525.0,225.0
Participant_5110,400.0,250.0,100.0,250.0,300.0,0.0,-300.0
Participant_5111,400.0,425.0,100.0,200.0,300.0,225.0,-75.0
Participant_5112,400.0,325.0,100.0,0.0,300.0,325.0,25.0
Participant_5113,400.0,450.0,100.0,250.0,300.0,200.0,-100.0
Participant_5114,400.0,600.0,100.0,0.0,300.0,600.0,300.0
Participant_5115,400.0,150.0,100.0,175.0,300.0,-25.0,-325.0
Participant_5116,400.0,550.0,100.0,150.0,300.0,400.0,100.0
Participant_5117,400.0,250.0,100.0,225.0,300.0,25.0,-275.0
Participant_5118,400.0,250.0,100.0,250.0,300.0,0.0,-300.0
Participant_5119,400.0,450.0,100.0,0.0,300.0,450.0,150.0
Participant_5120,400.0,300.0,100.0,225.0,300.0,75.0,-225.0
Participant_5121,400.0,300.0,100.0,300.0,300.0,0.0,-300.0
Participant_5122,400.0,250.0,100.0,225.0,300.0,25.0,-275.0
Participant_5123,400.0,300.0,100.0,300.0,300.0,0.0,-300.0
Participant_5124,400.0,300.0,100.0,275.0,300.0,25.0,-275.0
Participant_5125,400.0,300.0,100.0,300.0,300.0,0.0,-300.0
Participant_5126,400.0,150.0,100.0,125.0,300.0,25.0,-275.0
Participant_5127,400.0,350.0,100.0,0.0,300.0,350.0,50.0
Participant_5128,400.0,275.0,100.0,250.0,300.0,25.0,-275.0
Participant_5129,400.0,225.0,100.0,150.0,300.0,75.0,-225.0
Participant_5130,400.0,100.0,100.0,100.0,300.0,0.0,-300.0
Participant_5131,400.0,300.0,100.0,200.0,300.0,100.0,-200.0
Participant_5132,400.0,275.0,100.0,0.0,300.0,275.0,-25.0
Participant_5133,400.0,150.0,100.0,150.0,300.0,0.0,-300.0
Participant_5134,400.0,300.0,100.0,250.0,300.0,50.0,-250.0
Participant_5135,400.0,425.0,100.0,0.0,300.0,425.0,125.0
Participant_5136,400.0,475.0,100.0,0.0,300.0,475.0,175.0
Participant_5137,400.0,325.0,100.0,175.0,300.0,150.0,-150.0
Participant_5138,400.0,350.0,100.0,350.0,300.0,0.0,-300.0
Participant_5139,400.0,150.0,100.0,150.0,300.0,0.0,-300.0
Participant_5140,400.0,250.0,100.0,250.0,300.0,0.0,-300.0
Participant_5141,400.0,500.0,100.0,125.0,300.0,375.0,75.0
Participant_5143,400.0,200.0,100.0,200.0,300.0,0.0,-300.0
Participant_5145,400.0,100.0,100.0,100.0,300.0,0.0,-300.0
Participant_5146,400.0,325.0,100.0,225.0,300.0,100.0,-200.0
Participant_5147,400.0,300.0,100.0,275.0,300.0,25.0,-275.0
Participant_5149,400.0,500.0,100.0,75.0,300.0,425.0,125.0
Participant_5150,400.0,400.0,100.0,375.0,300.0,25.0,-275.0
Participant_5151,400.0,600.0,100.0,0.0,300.0,600.0,300.0
Participant_5153,400.0,275.0,100.0,125.0,300.0,150.0,-150.0
Participant_5154,400.0,350.0,100.0,350.0,300.0,0.0,-300.0
Participant_5155,400.0,200.0,100.0,200.0,300.0,0.0,-300.0
Participant_5156,400.0,150.0,100.0,150.0,300.0,0.0,-300.0
Participant_5157,400.0,400.0,100.0,400.0,300.0,0.0,-300.0
Participant_5158,400.0,600.0,100.0,0.0,300.0,600.0,300.0
Participant_5160,400.0,225.0,100.0,0.0,300.0,225.0,-75.0
Participant_5161,400.0,450.0,100.0,125.0,300.0,325.0,25.0
Participant_5162,400.0,425.0,100.0,375.0,300.0,50.0,-250.0
Participant_5164,400.0,550.0,100.0,300.0,300.0,250.0,-50.0
Participant_5165,400.0,475.0,100.0,75.0,300.0,400.0,100.0
Participant_5166,400.0,400.0,100.0,375.0,300.0,25.0,-275.0
Participant_5167,400.0,400.0,100.0,225.0,300.0,175.0,-125.0
Participant_5168,400.0,400.0,100.0,400.0,300.0,0.0,-300.0
Participant_5169,400.0,525.0,100.0,200.0,300.0,325.0,25.0
Participant_5170,400.0,400.0,100.0,325.0,300.0,75.0,-225.0
Participant_5171,400.0,250.0,100.0,250.0,300.0,0.0,-300.0
Participant_5172,400.0,400.0,100.0,400.0,300.0,0.0,-300.0
Participant_5173,400.0,100.0,100.0,100.0,300.0,0.0,-300.0
Participant_5174,400.0,500.0,100.0,25.0,300.0,475.0,175.0
Participant_5176,400.0,275.0,100.0,0.0,300.0,275.0,-25.0
Participant_5177,400.0,600.0,100.0,0.0,300.0,600.0,300.0
Participant_5178,400.0,275.0,100.0,300.0,300.0,-25.0,-325.0
Participant_5179,400.0,375.0,100.0,0.0,300.0,375.0,75.0
Participant_5180,400.0,375.0,100.0,125.0,300.0,250.0,-50.0
Participant_5181,400.0,575.0,100.0,0.0,300.0,575.0,275.0
Participant_5182,400.0,550.0,100.0,150.0,300.0,400.0,100.0
Participant_5183,400.0,300.0,100.0,150.0,300.0,150.0,-150.0
Participant_5184,400.0,150.0,100.0,150.0,300.0,0.0,-300.0
Participant_5185,400.0,550.0,100.0,50.0,300.0,500.0,200.0
Participant_5186,400.0,300.0,100.0,300.0,300.0,0.0,-300.0
Participant_5187,400.0,525.0,100.0,0.0,300.0,525.0,225.0
Participant_5188,400.0,550.0,100.0,0.0,300.0,550.0,250.0
Participant_5189,400.0,325.0,100.0,75.0,300.0,250.0,-50.0
Participant_5191,400.0,275.0,100.0,250.0,300.0,25.0,-275.0
Participant_5192,400.0,475.0,100.0,0.0,300.0,475.0,175.0
Participant_5193,400.0,500.0,100.0,200.0,300.0,300.0,0.0
Participant_5194,400.0,325.0,100.0,225.0,300.0,100.0,-200.0
Participant_5196,400.0,550.0,100.0,0.0,300.0,550.0,250.0
Participant_5197,400.0,250.0,100.0,250.0,300.0,0.0,-300.0
Participant_5198,400.0,400.0,100.0,350.0,300.0,50.0,-250.0
Participant_5199,400.0,325.0,100.0,250.0,300.0,75.0,-225.0
Participant_5200,400.0,425.0,100.0,300.0,300.0,125.0,-175.0
Participant_5201,400.0,400.0,100.0,125.0,300.0,275.0,-25.0
Participant_5202,400.0,425.0,100.0,50.0,300.0,375.0,75.0
Participant_5203,400.0,200.0,100.0,200.0,300.0,0.0,-300.0
Participant_5204,400.0,525.0,100.0,25.0,300.0,500.0,200.0
Participant_5205,400.0,275.0,100.0,200.0,300.0,75.0,-225.0
Participant_5208,400.0,375.0,100.0,200.0,300.0,175.0,-125.0
Participant_5209,400.0,350.0,100.0,200.0,300.0,150.0,-150.0
Participant_5210,400.0,575.0,100.0,0.0,300.0,575.0,275.0
Participant_5211,400.0,350.0,100.0,300.0,300.0,50.0,-250.0
Participant_5212,400.0,100.0,100.0,100.0,300.0,0.0,-300.0
Participant_5213,400.0,500.0,100.0,0.0,300.0,500.0,200.0
Participant_5215,400.0,200.0,100.0,100.0,300.0,100.0,-200.0
Participant_5216,400.0,225.0,100.0,175.0,300.0,50.0,-250.0
Participant_5217,400.0,275.0,100.0,150.0,300.0,125.0,-175.0
Participant_5218,400.0,275.0,100.0,50.0,300.0,225.0,-75.0
Participant_5219,400.0,525.0,100.0,0.0,300.0,525.0,225.0
Participant_5220,400.0,125.0,100.0,100.0,300.0,25.0,-275.0
Participant_5221,400.0,300.0,100.0,125.0,300.0,175.0,-125.0
Participant_5222,400.0,525.0,100.0,0.0,300.0,525.0,225.0
Participant_5223,400.0,125.0,100.0,100.0,300.0,25.0,-275.0
Participant_5224,400.0,300.0,100.0,175.0,300.0,125.0,-175.0
Participant_5225,400.0,575.0,100.0,150.0,300.0,425.0,125.0
Participant_5226,400.0,400.0,100.0,400.0,300.0,0.0,-300.0
Participant_5227,400.0,525.0,100.0,0.0,300.0,525.0,225.0
Participant_5228,400.0,525.0,100.0,25.0,300.0,500.0,200.0
Participant_5229,400.0,525.0,100.0,0.0,300.0,525.0,225.0
Participant_5230,400.0,450.0,100.0,0.0,300.0,450.0,150.0
Participant_5231,400.0,400.0,100.0,350.0,300.0,50.0,-250.0
Participant_5232,400.0,275.0,100.0,175.0,300.0,100.0,-200.0
Participant_5233,400.0,250.0,100.0,250.0,300.0,0.0,-300.0
Participant_5234,400.0,500.0,100.0,100.0,300.0,400.0,100.0
Participant_5235,400.0,400.0,100.0,375.0,300.0,25.0,-275.0
Participant_5236,400.0,600.0,100.0,50.0,300.0,550.0,250.0
Participant_5237,400.0,325.0,100.0,200.0,300.0,125.0,-175.0
Participant_5239,400.0,350.0,100.0,350.0,300.0,0.0,-300.0
Participant_5240,400.0,350.0,100.0,350.0,300.0,0.0,-300.0
Participant_5242,400.0,550.0,100.0,100.0,300.0,450.0,150.0
Participant_5243,400.0,400.0,100.0,400.0,300.0,0.0,-300.0
Participant_5244,400.0,250.0,100.0,250.0,300.0,0.0,-300.0
Participant_5245,400.0,325.0,100.0,325.0,300.0,0.0,-300.0
Participant_5246,400.0,200.0,100.0,200.0,300.0,0.0,-300.0
Participant_5247,400.0,300.0,100.0,225.0,300.0,75.0,-225.0
Participant_5248,400.0,100.0,100.0,75.0,300.0,25.0,-275.0
Participant_5249,400.0,250.0,100.0,250.0,300.0,0.0,-300.0
Participant_5250,400.0,250.0,100.0,125.0,300.0,125.0,-175.0
Participant_5251,400.0,300.0,100.0,325.0,300.0,-25.0,-325.0
Participant_5252,400.0,350.0,100.0,25.0,300.0,325.0,25.0
Participant_5253,400.0,325.0,100.0,350.0,300.0,-25.0,-325.0
Participant_5254,400.0,525.0,100.0,0.0,300.0,525.0,225.0
Participant_5255,400.0,475.0,100.0,25.0,300.0,450.0,150.0
Participant_5258,400.0,125.0,100.0,125.0,300.0,0.0,-300.0
Participant_5259,400.0,350.0,100.0,325.0,300.0,25.0,-275.0
Participant_5260,400.0,475.0,100.0,0.0,300.0,475.0,175.0
Participant_5261,400.0,550.0,100.0,125.0,300.0,425.0,125.0
Participant_5262,400.0,450.0,100.0,0.0,300.0,450.0,150.0
Participant_5263,400.0,550.0,100.0,125.0,300.0,425.0,125.0
Participant_5264,400.0,300.0,100.0,150.0,300.0,150.0,-150.0
Participant_5265,400.0,425.0,100.0,125.0,300.0,300.0,0.0
Participant_5266,400.0,400.0,100.0,400.0,300.0,0.0,-300.0
Participant_5267,400.0,400.0,100.0,25.0,300.0,375.0,75.0
Participant_5268,400.0,500.0,100.0,50.0,300.0,450.0,150.0
Participant_5269,400.0,300.0,100.0,275.0,300.0,25.0,-275.0
Participant_5270,400.0,575.0,100.0,25.0,300.0,550.0,250.0
Participant_5271,400.0,400.0,100.0,175.0,300.0,225.0,-75.0
Participant_5272,400.0,275.0,100.0,300.0,300.0,-25.0,-325.0
Participant_5274,400.0,500.0,100.0,0.0,300.0,500.0,200.0
Participant_5275,400.0,500.0,100.0,0.0,300.0,500.0,200.0
Participant_5277,400.0,325.0,100.0,75.0,300.0,250.0,-50.0
Participant_5278,400.0,150.0,100.0,100.0,300.0,50.0,-250.0
Participant_5281,400.0,400.0,100.0,200.0,300.0,200.0,-100.0
Participant_5282,400.0,375.0,100.0,300.0,300.0,75.0,-225.0
Participant_5283,400.0,575.0,100.0,0.0,300.0,575.0,275.0
Participant_5284,400.0,375.0,100.0,25.0,300.0,350.0,50.0
Participant_5285,400.0,225.0,100.0,200.0,300.0,25.0,-275.0
Participant_5286,400.0,200.0,100.0,0.0,300.0,200.0,-100.0
Participant_5287,400.0,350.0,100.0,300.0,300.0,50.0,-250.0
Participant_5290,400.0,650.0,100.0,100.0,300.0,550.0,250.0
Participant_5291,400.0,500.0,100.0,0.0,300.0,500.0,200.0
Participant_5292,400.0,400.0,100.0,400.0,300.0,0.0,-300.0
Participant_5294,400.0,300.0,100.0,300.0,300.0,0.0,-300.0
Participant_5295,400.0,550.0,100.0,25.0,300.0,525.0,225.0
Participant_5296,400.0,550.0,100.0,25.0,300.0,525.0,225.0
Participant_5297,400.0,175.0,100.0,100.0,300.0,75.0,-225.0
Participant_5298,400.0,450.0,100.0,25.0,300.0,425.0,125.0
Participant_5299,400.0,325.0,100.0,300.0,300.0,25.0,-275.0
Participant_5300,400.0,500.0,100.0,250.0,300.0,250.0,-50.0
Participant_5301,400.0,200.0,100.0,200.0,300.0,0.0,-300.0
Participant_5302,400.0,300.0,100.0,150.0,300.0,150.0,-150.0
Participant_5303,400.0,550.0,100.0,0.0,300.0,550.0,250.0
Participant_5304,400.0,100.0,100.0,100.0,300.0,0.0,-300.0
Participant_5305,400.0,600.0,100.0,0.0,300.0,600.0,300.0
Participant_5306,400.0,300.0,100.0,300.0,300.0,0.0,-300.0
Participant_5307,400.0,500.0,100.0,50.0,300.0,450.0,150.0
Participant_5308,400.0,375.0,100.0,300.0,300.0,75.0,-225.0
Participant_5309,400.0,150.0,100.0,150.0,300.0,0.0,-300.0
Participant_5310,400.0,200.0,100.0,200.0,300.0,0.0,-300.0
Participant_5312,400.0,225.0,100.0,150.0,300.0,75.0,-225.0
Participant_5313,400.0,250.0,100.0,250.0,300.0,0.0,-300.0
Participant_5314,400.0,275.0,100.0,250.0,300.0,25.0,-275.0
Participant_5315,400.0,250.0,100.0,175.0,300.0,75.0,-225.0
Participant_5316,400.0,275.0,100.0,75.0,300.0,200.0,-100.0
Participant_5318,400.0,250.0,100.0,250.0,300.0,0.0,-300.0
Participant_5320,400.0,400.0,100.0,300.0,300.0,100.0,-200.0
Participant_5321,400.0,325.0,100.0,175.0,300.0,150.0,-150.0
Participant_5322,400.0,275.0,100.0,150.0,300.0,125.0,-175.0
Participant_5323,400.0,325.0,100.0,200.0,300.0,125.0,-175.0
Participant_5324,400.0,350.0,100.0,350.0,300.0,0.0,-300.0
Participant_5325,400.0,500.0,100.0,75.0,300.0,425.0,125.0
Participant_5326,400.0,175.0,100.0,75.0,300.0,100.0,-200.0
Participant_5327,400.0,475.0,100.0,25.0,300.0,450.0,150.0
Participant_5328,400.0,200.0,100.0,200.0,300.0,0.0,-300.0
Participant_5329,400.0,150.0,100.0,100.0,300.0,50.0,-250.0
Participant_5330,400.0,550.0,100.0,0.0,300.0,550.0,250.0
Participant_5331,400.0,250.0,100.0,250.0,300.0,0.0,-300.0
Participant_5332,400.0,600.0,100.0,100.0,300.0,500.0,200.0
Participant_5333,400.0,675.0,100.0,25.0,300.0,650.0,350.0
Participant_5335,400.0,200.0,100.0,200.0,300.0,0.0,-300.0
Participant_5336,400.0,175.0,100.0,25.0,300.0,150.0,-150.0
Participant_5338,400.0,225.0,100.0,100.0,300.0,125.0,-175.0
Participant_5339,400.0,275.0,100.0,250.0,300.0,25.0,-275.0
Participant_5340,400.0,250.0,100.0,250.0,300.0,0.0,-300.0
Participant_5341,400.0,150.0,100.0,150.0,300.0,0.0,-300.0
Participant_5342,400.0,350.0,100.0,325.0,300.0,25.0,-275.0
Participant_5344,400.0,400.0,100.0,400.0,300.0,0.0,-300.0
Participant_5346,400.0,250.0,100.0,75.0,300.0,175.0,-125.0
Participant_5347,400.0,250.0,100.0,250.0,300.0,0.0,-300.0
Participant_5348,400.0,575.0,100.0,50.0,300.0,525.0,225.0
Participant_5349,400.0,175.0,100.0,175.0,300.0,0.0,-300.0
Participant_5351,400.0,600.0,100.0,0.0,300.0,600.0,300.0
Participant_5354,400.0,325.0,100.0,0.0,300.0,325.0,25.0
Participant_5356,400.0,500.0,100.0,125.0,300.0,375.0,75.0
Participant_5357,400.0,350.0,100.0,325.0,300.0,25.0,-275.0
Participant_5358,400.0,100.0,100.0,100.0,300.0,0.0,-300.0
Participant_5360,400.0,575.0,100.0,75.0,300.0,500.0,200.0
Participant_5361,400.0,300.0,100.0,325.0,300.0,-25.0,-325.0
Participant_5363,400.0,550.0,100.0,150.0,300.0,400.0,100.0
Participant_5365,400.0,375.0,100.0,0.0,300.0,375.0,75.0
Participant_5366,400.0,200.0,100.0,200.0,300.0,0.0,-300.0
Participant_5368,400.0,200.0,100.0,200.0,300.0,0.0,-300.0
Participant_5369,400.0,525.0,100.0,0.0,300.0,525.0,225.0
Participant_5370,400.0,250.0,100.0,250.0,300.0,0.0,-300.0
Participant_5371,400.0,300.0,100.0,350.0,300.0,-50.0,-350.0
Participant_5372,400.0,550.0,100.0,225.0,300.0,325.0,25.0
Participant_5373,400.0,275.0,100.0,250.0,300.0,25.0,-275.0
Participant_5374,400.0,275.0,100.0,225.0,300.0,50.0,-250.0
Participant_5375,400.0,525.0,100.0,75.0,300.0,450.0,150.0
Participant_5376,400.0,350.0,100.0,350.0,300.0,0.0,-300.0
Participant_5377,400.0,475.0,100.0,100.0,300.0,375.0,75.0
Participant_5378,400.0,400.0,100.0,400.0,300.0,0.0,-300.0
Participant_5380,400.0,200.0,100.0,225.0,300.0,-25.0,-325.0
Participant_5381,400.0,225.0,100.0,75.0,300.0,150.0,-150.0
Participant_5382,400.0,325.0,100.0,275.0,300.0,50.0,-250.0
Participant_5383,400.0,150.0,100.0,175.0,300.0,-25.0,-325.0
Participant_5384,400.0,300.0,100.0,250.0,300.0,50.0,-250.0
Participant_5385,400.0,250.0,100.0,125.0,300.0,125.0,-175.0
Participant_5386,400.0,525.0,100.0,0.0,300.0,525.0,225.0
Participant_5388,400.0,350.0,100.0,0.0,300.0,350.0,50.0
Participant_5389,400.0,225.0,100.0,100.0,300.0,125.0,-175.0
Participant_5390,400.0,300.0,100.0,275.0,300.0,25.0,-275.0
Participant_5391,400.0,150.0,100.0,150.0,300.0,0.0,-300.0
Participant_5392,400.0,200.0,100.0,175.0,300.0,25.0,-275.0
Participant_5393,400.0,525.0,100.0,0.0,300.0,525.0,225.0
Participant_5394,400.0,300.0,100.0,175.0,300.0,125.0,-175.0
Participant_5396,400.0,375.0,100.0,325.0,300.0,50.0,-250.0
Participant_5398,400.0,250.0,100.0,250.0,300.0,0.0,-300.0
Participant_5399,400.0,325.0,100.0,0.0,300.0,325.0,25.0
Participant_5401,400.0,525.0,100.0,0.0,300.0,525.0,225.0
Participant_5402,400.0,225.0,100.0,100.0,300.0,125.0,-175.0
Participant_5403,400.0,475.0,100.0,50.0,300.0,425.0,125.0
Participant_5404,400.0,300.0,100.0,200.0,300.0,100.0,-200.0
Participant_5405,400.0,550.0,100.0,25.0,300.0,525.0,225.0
Participant_5406,400.0,250.0,100.0,175.0,300.0,75.0,-225.0
Participant_5408,400.0,125.0,100.0,175.0,300.0,-50.0,-350.0
Participant_5409,400.0,400.0,100.0,200.0,300.0,200.0,-100.0
Participant_5410,400.0,300.0,100.0,300.0,300.0,0.0,-300.0
Participant_5411,400.0,250.0,100.0,275.0,300.0,-25.0,-325.0
Participant_5413,400.0,400.0,100.0,50.0,300.0,350.0,50.0
Participant_5415,400.0,300.0,100.0,275.0,300.0,25.0,-275.0
Participant_5416,400.0,475.0,100.0,0.0,300.0,475.0,175.0
Participant_5417,400.0,300.0,100.0,300.0,300.0,0.0,-300.0
Participant_5418,400.0,150.0,100.0,150.0,300.0,0.0,-300.0
Participant_5419,400.0,350.0,100.0,125.0,300.0,225.0,-75.0
Participant_5420,400.0,450.0,100.0,175.0,300.0,275.0,-25.0
Participant_5421,400.0,350.0,100.0,275.0,300.0,75.0,-225.0
Participant_5424,400.0,225.0,100.0,150.0,300.0,75.0,-225.0
Participant_5425,400.0,350.0,100.0,125.0,300.0,225.0,-75.0
Participant_5427,400.0,325.0,100.0,150.0,300.0,175.0,-125.0
Participant_5428,400.0,150.0,100.0,100.0,300.0,50.0,-250.0
Participant_5430,400.0,425.0,100.0,225.0,300.0,200.0,-100.0
Participant_5431,400.0,250.0,100.0,250.0,300.0,0.0,-300.0
Participant_5432,400.0,375.0,100.0,200.0,300.0,175.0,-125.0
Participant_5433,400.0,150.0,100.0,100.0,300.0,50.0,-250.0
Participant_5434,400.0,600.0,100.0,0.0,300.0,600.0,300.0
Participant_5435,400.0,450.0,100.0,100.0,300.0,350.0,50.0
Participant_5436,400.0,475.0,100.0,200.0,300.0,275.0,-25.0
Participant_5437,400.0,275.0,100.0,150.0,300.0,125.0,-175.0
Participant_5438,400.0,400.0,100.0,400.0,300.0,0.0,-300.0
Participant_5439,400.0,550.0,100.0,0.0,300.0,550.0,250.0
Participant_5440,400.0,200.0,100.0,75.0,300.0,125.0,-175.0
Participant_5441,400.0,425.0,100.0,325.0,300.0,100.0,-200.0
Participant_5443,400.0,600.0,100.0,0.0,300.0,600.0,300.0
Participant_5444,400.0,425.0,100.0,0.0,300.0,425.0,125.0
Participant_5445,400.0,450.0,100.0,0.0,300.0,450.0,150.0
Participant_5446,400.0,375.0,100.0,75.0,300.0,300.0,0.0
Participant_5447,400.0,100.0,100.0,100.0,300.0,0.0,-300.0
Participant_5448,400.0,300.0,100.0,175.0,300.0,125.0,-175.0
Participant_5449,400.0,550.0,100.0,175.0,300.0,375.0,75.0
Participant_5450,400.0,525.0,100.0,0.0,300.0,525.0,225.0
Participant_5451,400.0,225.0,100.0,75.0,300.0,150.0,-150.0
Participant_5452,400.0,600.0,100.0,0.0,300.0,600.0,300.0
Participant_5453,400.0,525.0,100.0,50.0,300.0,475.0,175.0
Participant_5454,400.0,400.0,100.0,0.0,300.0,400.0,100.0
Participant_5455,400.0,250.0,100.0,125.0,300.0,125.0,-175.0
Participant_5456,400.0,400.0,100.0,50.0,300.0,350.0,50.0
Participant_5457,400.0,400.0,100.0,150.0,300.0,250.0,-50.0
Participant_5459,400.0,300.0,100.0,300.0,300.0,0.0,-300.0
Participant_5460,400.0,350.0,100.0,350.0,300.0,0.0,-300.0
Participant_5461,400.0,350.0,100.0,275.0,300.0,75.0,-225.0
Participant_5462,400.0,275.0,100.0,150.0,300.0,125.0,-175.0
Participant_5463,400.0,225.0,100.0,200.0,300.0,25.0,-275.0
Participant_5464,400.0,425.0,100.0,200.0,300.0,225.0,-75.0
Participant_5465,400.0,500.0,100.0,25.0,300.0,475.0,175.0
Participant_5466,400.0,150.0,100.0,100.0,300.0,50.0,-250.0
Participant_5468,400.0,550.0,100.0,125.0,300.0,425.0,125.0
Participant_5469,400.0,325.0,100.0,50.0,300.0,275.0,-25.0
Participant_5471,400.0,150.0,100.0,150.0,300.0,0.0,-300.0
Participant_5472,400.0,550.0,100.0,0.0,300.0,550.0,250.0
Participant_5473,400.0,350.0,100.0,200.0,300.0,150.0,-150.0
Participant_5474,400.0,400.0,100.0,0.0,300.0,400.0,100.0
Participant_5476,400.0,300.0,100.0,300.0,300.0,0.0,-300.0
Participant_5477,400.0,150.0,100.0,150.0,300.0,0.0,-300.0
Participant_5478,400.0,400.0,100.0,375.0,300.0,25.0,-275.0
Participant_5479,400.0,375.0,100.0,75.0,300.0,300.0,0.0
Participant_5480,400.0,250.0,100.0,250.0,300.0,0.0,-300.0
Participant_5481,400.0,525.0,100.0,25.0,300.0,500.0,200.0
Participant_5482,400.0,350.0,100.0,275.0,300.0,75.0,-225.0
Participant_5483,400.0,300.0,100.0,200.0,300.0,100.0,-200.0
Participant_5484,400.0,475.0,100.0,25.0,300.0,450.0,150.0
Participant_5485,400.0,400.0,100.0,350.0,300.0,50.0,-250.0
Participant_5486,400.0,200.0,100.0,200.0,300.0,0.0,-300.0
Participant_5487,400.0,550.0,100.0,0.0,300.0,550.0,250.0
Participant_5488,400.0,325.0,100.0,250.0,300.0,75.0,-225.0
Participant_5489,400.0,275.0,100.0,300.0,300.0,-25.0,-325.0
Participant_5490,400.0,275.0,100.0,75.0,300.0,200.0,-100.0
Participant_5491,400.0,600.0,100.0,25.0,300.0,575.0,275.0
Participant_5492,400.0,150.0,100.0,75.0,300.0,75.0,-225.0
Participant_5493,400.0,400.0,100.0,25.0,300.0,375.0,75.0
Participant_5495,400.0,325.0,100.0,325.0,300.0,0.0,-300.0
Participant_5497,400.0,350.0,100.0,150.0,300.0,200.0,-100.0
Participant_5498,400.0,600.0,100.0,0.0,300.0,600.0,300.0
Participant_5499,400.0,400.0,100.0,175.0,300.0,225.0,-75.0
Participant_5500,400.0,400.0,100.0,400.0,300.0,0.0,-300.0
Participant_5501,400.0,450.0,100.0,50.0,300.0,400.0,100.0
Participant_5502,400.0,575.0,100.0,0.0,300.0,575.0,275.0
Participant_5503,400.0,600.0,100.0,275.0,300.0,325.0,25.0
Participant_5504,400.0,575.0,100.0,150.0,300.0,425.0,125.0
Participant_5505,400.0,350.0,100.0,125.0,300.0,225.0,-75.0
Participant_5506,400.0,400.0,100.0,100.0,300.0,300.0,0.0
Participant_5507,400.0,475.0,100.0,125.0,300.0,350.0,50.0
Participant_5508,400.0,525.0,100.0,0.0,300.0,525.0,225.0
Participant_5509,400.0,325.0,100.0,250.0,300.0,75.0,-225.0
Participant_5510,400.0,300.0,100.0,275.0,300.0,25.0,-275.0
Participant_5511,400.0,175.0,100.0,150.0,300.0,25.0,-275.0
Participant_5513,400.0,500.0,100.0,50.0,300.0,450.0,150.0
Participant_5515,400.0,350.0,100.0,350.0,300.0,0.0,-300.0
Participant_5518,400.0,425.0,100.0,225.0,300.0,200.0,-100.0
Participant_5519,400.0,350.0,100.0,325.0,300.0,25.0,-275.0
Participant_5520,400.0,350.0,100.0,350.0,300.0,0.0,-300.0
Participant_5521,400.0,500.0,100.0,0.0,300.0,500.0,200.0
Participant_5522,400.0,350.0,100.0,350.0,300.0,0.0,-300.0
Participant_5523,400.0,200.0,100.0,0.0,300.0,200.0,-100.0
Participant_5524,400.0,375.0,100.0,200.0,300.0,175.0,-125.0
Participant_5525,400.0,150.0,100.0,150.0,300.0,0.0,-300.0
Participant_5527,400.0,400.0,100.0,250.0,300.0,150.0,-150.0
Participant_5529,400.0,200.0,100.0,200.0,300.0,0.0,-300.0
Participant_5530,400.0,300.0,100.0,225.0,300.0,75.0,-225.0
Participant_5531,400.0,525.0,100.0,150.0,300.0,375.0,75.0
Participant_5532,400.0,150.0,100.0,150.0,300.0,0.0,-300.0
Participant_5533,400.0,375.0,100.0,350.0,300.0,25.0,-275.0
Participant_5535,400.0,375.0,100.0,300.0,300.0,75.0,-225.0
Participant_5536,400.0,500.0,100.0,0.0,300.0,500.0,200.0
Participant_5537,400.0,625.0,100.0,0.0,300.0,625.0,325.0
Participant_5538,400.0,500.0,100.0,0.0,300.0,500.0,200.0
Participant_5540,400.0,600.0,100.0,0.0,300.0,600.0,300.0
Participant_5541,400.0,350.0,100.0,150.0,300.0,200.0,-100.0
Participant_5542,400.0,475.0,100.0,125.0,300.0,350.0,50.0
Participant_5543,400.0,600.0,100.0,0.0,300.0,600.0,300.0
Participant_5546,400.0,250.0,100.0,250.0,300.0,0.0,-300.0
Participant_5548,400.0,325.0,100.0,300.0,300.0,25.0,-275.0
Participant_5549,400.0,425.0,100.0,175.0,300.0,250.0,-50.0
Participant_5550,400.0,300.0,100.0,300.0,300.0,0.0,-300.0
Participant_5552,400.0,200.0,100.0,200.0,300.0,0.0,-300.0
Participant_5553,400.0,200.0,100.0,75.0,300.0,125.0,-175.0
Participant_5555,400.0,250.0,100.0,250.0,300.0,0.0,-300.0
Participant_5557,400.0,575.0,100.0,225.0,300.0,350.0,50.0
Participant_5558,400.0,550.0,100.0,0.0,300.0,550.0,250.0
Participant_5559,400.0,550.0,100.0,0.0,300.0,550.0,250.0
Participant_5560,400.0,550.0,100.0,0.0,300.0,550.0,250.0
Participant_5561,400.0,400.0,100.0,400.0,300.0,0.0,-300.0
Participant_5562,400.0,275.0,100.0,150.0,300.0,125.0,-175.0
Participant_5563,400.0,300.0,100.0,300.0,300.0,0.0,-300.0
Participant_5564,400.0,525.0,100.0,0.0,300.0,525.0,225.0
Participant_5566,400.0,525.0,100.0,200.0,300.0,325.0,25.0
Participant_5568,400.0,550.0,100.0,0.0,300.0,550.0,250.0
Participant_5569,400.0,300.0,100.0,300.0,300.0,0.0,-300.0
Participant_5570,400.0,475.0,100.0,0.0,300.0,475.0,175.0
Participant_5571,400.0,525.0,100.0,0.0,300.0,525.0,225.0
Participant_5572,400.0,525.0,100.0,25.0,300.0,500.0,200.0
Participant_5573,400.0,150.0,100.0,150.0,300.0,0.0,-300.0
Participant_5574,400.0,350.0,100.0,350.0,300.0,0.0,-300.0
Participant_5575,400.0,325.0,100.0,175.0,300.0,150.0,-150.0
Participant_5576,400.0,300.0,100.0,300.0,300.0,0.0,-300.0
Participant_5577,400.0,475.0,100.0,0.0,300.0,475.0,175.0
Participant_5580,400.0,250.0,100.0,250.0,300.0,0.0,-300.0
Participant_5581,400.0,350.0,100.0,0.0,300.0,350.0,50.0
Participant_5582,400.0,350.0,100.0,350.0,300.0,0.0,-300.0
Participant_5584,400.0,500.0,100.0,0.0,300.0,500.0,200.0
Participant_5585,400.0,400.0,100.0,400.0,300.0,0.0,-300.0
Participant_5586,400.0,300.0,100.0,250.0,300.0,50.0,-250.0
Participant_5587,400.0,550.0,100.0,0.0,300.0,550.0,250.0
Participant_5588,400.0,475.0,100.0,0.0,300.0,475.0,175.0
Participant_5589,400.0,200.0,100.0,125.0,300.0,75.0,-225.0
Participant_5590,400.0,275.0,100.0,200.0,300.0,75.0,-225.0
Participant_5591,400.0,325.0,100.0,300.0,300.0,25.0,-275.0
Participant_5592,400.0,350.0,100.0,0.0,300.0,350.0,50.0
Participant_5593,400.0,475.0,100.0,250.0,300.0,225.0,-75.0
Participant_5594,400.0,550.0,100.0,0.0,300.0,550.0,250.0
Participant_5595,400.0,150.0,100.0,150.0,300.0,0.0,-300.0
Participant_5596,400.0,350.0,100.0,50.0,300.0,300.0,0.0
Participant_5597,400.0,225.0,100.0,200.0,300.0,25.0,-275.0
Participant_5598,400.0,500.0,100.0,0.0,300.0,500.0,200.0
Participant_5600,400.0,400.0,100.0,100.0,300.0,300.0,0.0
Participant_5601,400.0,100.0,100.0,100.0,300.0,0.0,-300.0
Participant_5602,400.0,275.0,100.0,250.0,300.0,25.0,-275.0
Participant_5603,400.0,500.0,100.0,0.0,300.0,500.0,200.0
Participant_5604,400.0,400.0,100.0,375.0,300.0,25.0,-275.0
Participant_5605,400.0,250.0,100.0,150.0,300.0,100.0,-200.0
Participant_5607,400.0,600.0,100.0,0.0,300.0,600.0,300.0
Participant_5608,400.0,525.0,100.0,25.0,300.0,500.0,200.0
Participant_5609,400.0,550.0,100.0,0.0,300.0,550.0,250.0
Participant_5610,400.0,350.0,100.0,350.0,300.0,0.0,-300.0
Participant_5611,400.0,400.0,100.0,225.0,300.0,175.0,-125.0
Participant_5612,400.0,575.0,100.0,175.0,300.0,400.0,100.0
Participant_5613,400.0,525.0,100.0,0.0,300.0,525.0,225.0
Participant_5614,400.0,275.0,100.0,100.0,300.0,175.0,-125.0
Participant_5615,400.0,150.0,100.0,150.0,300.0,0.0,-300.0
Participant_5616,400.0,300.0,100.0,300.0,300.0,0.0,-300.0
Participant_5617,400.0,400.0,100.0,400.0,300.0,0.0,-300.0
Participant_5620,400.0,350.0,100.0,350.0,300.0,0.0,-300.0
Participant_5621,400.0,375.0,100.0,350.0,300.0,25.0,-275.0
Participant_5622,400.0,400.0,100.0,400.0,300.0,0.0,-300.0
Participant_5623,400.0,375.0,100.0,100.0,300.0,275.0,-25.0
Participant_5624,400.0,275.0,100.0,275.0,300.0,0.0,-300.0
Participant_5625,400.0,100.0,100.0,100.0,300.0,0.0,-300.0
Participant_5628,400.0,350.0,100.0,200.0,300.0,150.0,-150.0
Participant_5630,400.0,250.0,100.0,175.0,300.0,75.0,-225.0
Participant_5631,400.0,400.0,100.0,375.0,300.0,25.0,-275.0
Participant_5632,400.0,525.0,100.0,0.0,300.0,525.0,225.0
Participant_5633,400.0,250.0,100.0,100.0,300.0,150.0,-150.0
Participant_5634,400.0,500.0,100.0,0.0,300.0,500.0,200.0
Participant_5635,400.0,550.0,100.0,75.0,300.0,475.0,175.0
Participant_5637,400.0,575.0,100.0,0.0,300.0,575.0,275.0
Participant_5638,400.0,350.0,100.0,300.0,300.0,50.0,-250.0
Participant_5639,400.0,500.0,100.0,0.0,300.0,500.0,200.0
Participant_5640,400.0,250.0,100.0,0.0,300.0,250.0,-50.0
Participant_5641,400.0,525.0,100.0,0.0,300.0,525.0,225.0
Participant_5642,400.0,100.0,100.0,100.0,300.0,0.0,-300.0
Participant_5643,400.0,150.0,100.0,150.0,300.0,0.0,-300.0
Participant_5644,400.0,450.0,100.0,25.0,300.0,425.0,125.0
Participant_5645,400.0,325.0,100.0,25.0,300.0,300.0,0.0
Participant_5646,400.0,550.0,100.0,0.0,300.0,550.0,250.0
Participant_5647,400.0,525.0,100.0,75.0,300.0,450.0,150.0
Participant_5648,400.0,100.0,100.0,100.0,300.0,0.0,-300.0
Participant_5649,400.0,525.0,100.0,0.0,300.0,525.0,225.0
Participant_5652,400.0,250.0,100.0,125.0,300.0,125.0,-175.0
Participant_5653,400.0,425.0,100.0,250.0,300.0,175.0,-125.0
Participant_5654,400.0,325.0,100.0,200.0,300.0,125.0,-175.0
Participant_5656,400.0,250.0,100.0,175.0,300.0,75.0,-225.0
Participant_5657,400.0,350.0,100.0,275.0,300.0,75.0,-225.0
Participant_5658,400.0,400.0,100.0,400.0,300.0,0.0,-300.0
Participant_5659,400.0,150.0,100.0,150.0,300.0,0.0,-300.0
Participant_5660,400.0,400.0,100.0,375.0,300.0,25.0,-275.0
Participant_5662,400.0,475.0,100.0,25.0,300.0,450.0,150.0
Participant_5663,400.0,500.0,100.0,25.0,300.0,475.0,175.0
Participant_5664,400.0,425.0,100.0,350.0,300.0,75.0,-225.0
Participant_5665,400.0,425.0,100.0,175.0,300.0,250.0,-50.0
Participant_5666,400.0,450.0,100.0,0.0,300.0,450.0,150.0
Participant_5667,400.0,250.0,100.0,100.0,300.0,150.0,-150.0
Participant_5669,400.0,300.0,100.0,300.0,300.0,0.0,-300.0
Participant_5672,400.0,450.0,100.0,275.0,300.0,175.0,-125.0
Participant_5674,400.0,525.0,100.0,0.0,300.0,525.0,225.0
Participant_5675,400.0,275.0,100.0,75.0,300.0,200.0,-100.0
Participant_5676,400.0,100.0,100.0,100.0,300.0,0.0,-300.0
Participant_5677,400.0,425.0,100.0,0.0,300.0,425.0,125.0
Participant_5678,400.0,250.0,100.0,125.0,300.0,125.0,-175.0
Participant_5679,400.0,275.0,100.0,200.0,300.0,75.0,-225.0
Participant_5680,400.0,575.0,100.0,0.0,300.0,575.0,275.0
Participant_5681,400.0,425.0,100.0,400.0,300.0,25.0,-275.0
Participant_5682,400.0,175.0,100.0,100.0,300.0,75.0,-225.0
Participant_5683,400.0,150.0,100.0,175.0,300.0,-25.0,-325.0
Participant_5684,400.0,450.0,100.0,25.0,300.0,425.0,125.0
Participant_5685,400.0,200.0,100.0,200.0,300.0,0.0,-300.0
Participant_5686,400.0,600.0,100.0,0.0,300.0,600.0,300.0
Participant_5687,400.0,400.0,100.0,300.0,300.0,100.0,-200.0
Participant_5688,400.0,575.0,100.0,0.0,300.0,575.0,275.0
Participant_5689,400.0,550.0,100.0,0.0,300.0,550.0,250.0
Participant_5690,400.0,150.0,100.0,100.0,300.0,50.0,-250.0
Participant_5691,400.0,200.0,100.0,200.0,300.0,0.0,-300.0
Participant_5692,400.0,100.0,100.0,100.0,300.0,0.0,-300.0
Participant_5693,400.0,350.0,100.0,150.0,300.0,200.0,-100.0
Participant_5694,400.0,225.0,100.0,150.0,300.0,75.0,-225.0
Participant_5695,400.0,250.0,100.0,250.0,300.0,0.0,-300.0
Participant_5696,400.0,450.0,100.0,0.0,300.0,450.0,150.0
Participant_5697,400.0,400.0,100.0,225.0,300.0,175.0,-125.0
Participant_5698,400.0,350.0,100.0,225.0,300.0,125.0,-175.0
Participant_5699,400.0,475.0,100.0,50.0,300.0,425.0,125.0
Participant_5701,400.0,200.0,100.0,200.0,300.0,0.0,-300.0
Participant_5703,400.0,175.0,100.0,100.0,300.0,75.0,-225.0
Participant_5705,400.0,400.0,100.0,350.0,300.0,50.0,-250.0
Participant_5706,400.0,250.0,100.0,250.0,300.0,0.0,-300.0
Participant_5707,400.0,425.0,100.0,25.0,300.0,400.0,100.0
Participant_5708,400.0,350.0,100.0,300.0,300.0,50.0,-250.0
Participant_5710,400.0,525.0,100.0,0.0,300.0,525.0,225.0
Participant_5711,400.0,300.0,100.0,300.0,300.0,0.0,-300.0
Participant_5713,400.0,275.0,100.0,300.0,300.0,-25.0,-325.0
Participant_5714,400.0,425.0,100.0,350.0,300.0,75.0,-225.0
Participant_5716,400.0,400.0,100.0,125.0,300.0,275.0,-25.0
Participant_5720,400.0,150.0,100.0,150.0,300.0,0.0,-300.0
Participant_5721,400.0,475.0,100.0,0.0,300.0,475.0,175.0
Participant_5722,400.0,425.0,100.0,75.0,300.0,350.0,50.0
Participant_5723,400.0,375.0,100.0,200.0,300.0,175.0,-125.0
Participant_5724,400.0,350.0,100.0,200.0,300.0,150.0,-150.0
Participant_5725,400.0,525.0,100.0,0.0,300.0,525.0,225.0
Participant_5727,400.0,550.0,100.0,50.0,300.0,500.0,200.0
Participant_5728,400.0,250.0,100.0,200.0,300.0,50.0,-250.0
Participant_5729,400.0,500.0,100.0,50.0,300.0,450.0,150.0
Participant_5733,400.0,575.0,100.0,25.0,300.0,550.0,250.0
Participant_5734,400.0,375.0,100.0,325.0,300.0,50.0,-250.0
Participant_5738,400.0,600.0,100.0,25.0,300.0,575.0,275.0
Participant_5739,400.0,250.0,100.0,250.0,300.0,0.0,-300.0
Participant_5740,400.0,375.0,100.0,350.0,300.0,25.0,-275.0
Participant_5741,400.0,500.0,100.0,75.0,300.0,425.0,125.0
Participant_5742,400.0,525.0,100.0,0.0,300.0,525.0,225.0
Participant_5743,400.0,250.0,100.0,250.0,300.0,0.0,-300.0
Participant_5744,400.0,450.0,100.0,300.0,300.0,150.0,-150.0
Participant_5745,400.0,150.0,100.0,125.0,300.0,25.0,-275.0
Participant_5746,400.0,300.0,100.0,175.0,300.0,125.0,-175.0
Participant_5748,400.0,400.0,100.0,400.0,300.0,0.0,-300.0
Participant_5749,400.0,200.0,100.0,125.0,300.0,75.0,-225.0
Participant_5750,400.0,375.0,100.0,200.0,300.0,175.0,-125.0
Participant_5752,400.0,350.0,100.0,0.0,300.0,350.0,50.0
Participant_5753,400.0,375.0,100.0,350.0,300.0,25.0,-275.0
Participant_5754,400.0,375.0,100.0,125.0,300.0,250.0,-50.0
Participant_5757,400.0,400.0,100.0,400.0,300.0,0.0,-300.0
Participant_5758,400.0,575.0,100.0,0.0,300.0,575.0,275.0
Participant_5759,400.0,300.0,100.0,300.0,300.0,0.0,-300.0
Participant_5760,400.0,550.0,100.0,75.0,300.0,475.0,175.0
Participant_5761,400.0,400.0,100.0,400.0,300.0,0.0,-300.0
Participant_5762,400.0,375.0,100.0,200.0,300.0,175.0,-125.0
Participant_5763,400.0,150.0,100.0,150.0,300.0,0.0,-300.0
Participant_5764,400.0,325.0,100.0,100.0,300.0,225.0,-75.0
Participant_5765,400.0,450.0,100.0,0.0,300.0,450.0,150.0
Participant_5766,400.0,200.0,100.0,200.0,300.0,0.0,-300.0
Participant_5767,400.0,375.0,100.0,150.0,300.0,225.0,-75.0
Participant_5768,400.0,500.0,100.0,125.0,300.0,375.0,75.0
Participant_5769,400.0,350.0,100.0,350.0,300.0,0.0,-300.0
Participant_5770,400.0,150.0,100.0,100.0,300.0,50.0,-250.0
Participant_5771,400.0,200.0,100.0,125.0,300.0,75.0,-225.0
Participant_5772,400.0,200.0,100.0,200.0,300.0,0.0,-300.0
Participant_5773,400.0,200.0,100.0,225.0,300.0,-25.0,-325.0
Participant_5774,400.0,350.0,100.0,225.0,300.0,125.0,-175.0
Participant_5776,400.0,175.0,100.0,150.0,300.0,25.0,-275.0
Participant_5777,400.0,300.0,100.0,300.0,300.0,0.0,-300.0
Participant_5778,400.0,150.0,100.0,75.0,300.0,75.0,-225.0
Participant_5779,400.0,225.0,100.0,75.0,300.0,150.0,-150.0
Participant_5780,400.0,300.0,100.0,300.0,300.0,0.0,-300.0
Participant_5781,400.0,250.0,100.0,100.0,300.0,150.0,-150.0
Participant_5782,400.0,475.0,100.0,0.0,300.0,475.0,175.0
Participant_5783,400.0,325.0,100.0,275.0,300.0,50.0,-250.0
Participant_5784,400.0,175.0,100.0,200.0,300.0,-25.0,-325.0
Participant_5785,400.0,425.0,100.0,0.0,300.0,425.0,125.0
Participant_5786,400.0,450.0,100.0,50.0,300.0,400.0,100.0
Participant_5787,400.0,550.0,100.0,0.0,300.0,550.0,250.0
Participant_5789,400.0,250.0,100.0,150.0,300.0,100.0,-200.0
Participant_5790,400.0,250.0,100.0,225.0,300.0,25.0,-275.0
Participant_5791,400.0,550.0,100.0,25.0,300.0,525.0,225.0
Participant_5792,400.0,500.0,100.0,75.0,300.0,425.0,125.0
Participant_5793,400.0,450.0,100.0,125.0,300.0,325.0,25.0
Participant_5794,400.0,375.0,100.0,50.0,300.0,325.0,25.0
Participant_5797,400.0,250.0,100.0,250.0,300.0,0.0,-300.0
Participant_5798,400.0,300.0,100.0,300.0,300.0,0.0,-300.0
Participant_5799,400.0,350.0,100.0,350.0,300.0,0.0,-300.0
Participant_5800,400.0,400.0,100.0,400.0,300.0,0.0,-300.0
Participant_5801,400.0,350.0,100.0,175.0,300.0,175.0,-125.0
Participant_5802,400.0,525.0,100.0,25.0,300.0,500.0,200.0
Participant_5803,400.0,350.0,100.0,125.0,300.0,225.0,-75.0
Participant_5805,400.0,300.0,100.0,250.0,300.0,50.0,-250.0
Participant_5806,400.0,375.0,100.0,325.0,300.0,50.0,-250.0
Participant_5808,400.0,200.0,100.0,100.0,300.0,100.0,-200.0
Participant_5809,400.0,275.0,100.0,225.0,300.0,50.0,-250.0
Participant_5810,400.0,400.0,100.0,400.0,300.0,0.0,-300.0
Participant_5811,400.0,275.0,100.0,200.0,300.0,75.0,-225.0
Participant_5812,400.0,325.0,100.0,275.0,300.0,50.0,-250.0
Participant_5813,400.0,575.0,100.0,75.0,300.0,500.0,200.0
Participant_5815,400.0,225.0,100.0,200.0,300.0,25.0,-275.0
Participant_5816,400.0,100.0,100.0,100.0,300.0,0.0,-300.0
Participant_5817,400.0,600.0,100.0,0.0,300.0,600.0,300.0
Participant_5818,400.0,550.0,100.0,0.0,300.0,550.0,250.0
Participant_5819,400.0,350.0,100.0,250.0,300.0,100.0,-200.0
Participant_5820,400.0,100.0,100.0,75.0,300.0,25.0,-275.0
Participant_5821,400.0,550.0,100.0,0.0,300.0,550.0,250.0
Participant_5822,400.0,325.0,100.0,175.0,300.0,150.0,-150.0
Participant_5823,400.0,350.0,100.0,25.0,300.0,325.0,25.0
Participant_5825,400.0,350.0,100.0,350.0,300.0,0.0,-300.0
Participant_5826,400.0,300.0,100.0,300.0,300.0,0.0,-300.0
Participant_5827,400.0,275.0,100.0,150.0,300.0,125.0,-175.0
Participant_5828,400.0,400.0,100.0,75.0,300.0,325.0,25.0
Participant_5829,400.0,575.0,100.0,0.0,300.0,575.0,275.0
Participant_5830,400.0,525.0,100.0,0.0,300.0,525.0,225.0
Participant_5831,400.0,300.0,100.0,250.0,300.0,50.0,-250.0
Participant_5832,400.0,200.0,100.0,200.0,300.0,0.0,-300.0
Participant_5833,400.0,250.0,100.0,250.0,300.0,0.0,-300.0
Participant_5834,400.0,150.0,100.0,175.0,300.0,-25.0,-325.0
Participant_5835,400.0,525.0,100.0,25.0,300.0,500.0,200.0
Participant_5836,400.0,600.0,100.0,0.0,300.0,600.0,300.0
Participant_5838,400.0,250.0,100.0,0.0,300.0,250.0,-50.0
Participant_5839,400.0,300.0,100.0,225.0,300.0,75.0,-225.0
Participant_5840,400.0,450.0,100.0,50.0,300.0,400.0,100.0
Participant_5842,400.0,550.0,100.0,0.0,300.0,550.0,250.0
Participant_5843,400.0,375.0,100.0,275.0,300.0,100.0,-200.0
Participant_5844,400.0,325.0,100.0,200.0,300.0,125.0,-175.0
Participant_5845,400.0,250.0,100.0,175.0,300.0,75.0,-225.0
Participant_5846,400.0,525.0,100.0,25.0,300.0,500.0,200.0
Participant_5847,400.0,500.0,100.0,25.0,300.0,475.0,175.0
Participant_5848,400.0,250.0,100.0,250.0,300.0,0.0,-300.0
Participant_5850,400.0,250.0,100.0,225.0,300.0,25.0,-275.0
Participant_5852,400.0,175.0,100.0,150.0,300.0,25.0,-275.0
Participant_5853,400.0,525.0,100.0,25.0,300.0,500.0,200.0
Participant_5854,400.0,275.0,100.0,75.0,300.0,200.0,-100.0
Participant_5855,400.0,200.0,100.0,200.0,300.0,0.0,-300.0
Participant_5856,400.0,150.0,100.0,150.0,300.0,0.0,-300.0
Participant_5858,400.0,400.0,100.0,275.0,300.0,125.0,-175.0
Participant_5860,400.0,400.0,100.0,325.0,300.0,75.0,-225.0
Participant_5861,400.0,300.0,100.0,300.0,300.0,0.0,-300.0
Participant_5862,400.0,250.0,100.0,250.0,300.0,0.0,-300.0
Participant_5863,400.0,550.0,100.0,200.0,300.0,350.0,50.0
Participant_5864,400.0,500.0,100.0,25.0,300.0,475.0,175.0
Participant_5865,400.0,300.0,100.0,150.0,300.0,150.0,-150.0
Participant_5866,400.0,275.0,100.0,225.0,300.0,50.0,-250.0
Participant_5868,400.0,550.0,100.0,25.0,300.0,525.0,225.0
Participant_5869,400.0,550.0,100.0,75.0,300.0,475.0,175.0
Participant_5870,400.0,350.0,100.0,350.0,300.0,0.0,-300.0
Participant_5871,400.0,275.0,100.0,200.0,300.0,75.0,-225.0
Participant_5872,400.0,400.0,100.0,25.0,300.0,375.0,75.0
Participant_5873,400.0,325.0,100.0,375.0,300.0,-50.0,-350.0
Participant_5874,400.0,350.0,100.0,300.0,300.0,50.0,-250.0
Participant_5875,400.0,350.0,100.0,250.0,300.0,100.0,-200.0
Participant_5878,400.0,375.0,100.0,175.0,300.0,200.0,-100.0
Participant_5879,400.0,300.0,100.0,25.0,300.0,275.0,-25.0
Participant_5880,400.0,350.0,100.0,250.0,300.0,100.0,-200.0
Participant_5881,400.0,575.0,100.0,0.0,300.0,575.0,275.0
Participant_5882,400.0,175.0,100.0,175.0,300.0,0.0,-300.0
Participant_5883,400.0,200.0,100.0,200.0,300.0,0.0,-300.0
Participant_5885,400.0,200.0,100.0,200.0,300.0,0.0,-300.0
Participant_5886,400.0,150.0,100.0,150.0,300.0,0.0,-300.0
Participant_5888,400.0,325.0,100.0,250.0,300.0,75.0,-225.0
Participant_5889,400.0,225.0,100.0,200.0,300.0,25.0,-275.0
Participant_5891,400.0,525.0,100.0,0.0,300.0,525.0,225.0
Participant_5893,400.0,200.0,100.0,200.0,300.0,0.0,-300.0
Participant_5894,400.0,525.0,100.0,75.0,300.0,450.0,150.0
Participant_5895,400.0,125.0,100.0,100.0,300.0,25.0,-275.0
Participant_5896,400.0,550.0,100.0,0.0,300.0,550.0,250.0
Participant_5897,400.0,550.0,100.0,0.0,300.0,550.0,250.0
Participant_5898,400.0,475.0,100.0,25.0,300.0,450.0,150.0
Participant_5899,400.0,550.0,100.0,25.0,300.0,525.0,225.0
Participant_5900,400.0,600.0,100.0,0.0,300.0,600.0,300.0
Participant_5902,400.0,425.0,100.0,325.0,300.0,100.0,-200.0
Participant_5903,400.0,475.0,100.0,0.0,300.0,475.0,175.0
Participant_5904,400.0,150.0,100.0,150.0,300.0,0.0,-300.0
Participant_5905,400.0,550.0,100.0,0.0,300.0,550.0,250.0
Participant_5908,400.0,300.0,100.0,150.0,300.0,150.0,-150.0
Participant_5909,400.0,100.0,100.0,100.0,300.0,0.0,-300.0
Participant_5910,400.0,475.0,100.0,0.0,300.0,475.0,175.0
Participant_5911,400.0,300.0,100.0,300.0,300.0,0.0,-300.0
Participant_5912,400.0,575.0,100.0,125.0,300.0,450.0,150.0
Participant_5914,400.0,400.0,100.0,325.0,300.0,75.0,-225.0
Participant_5915,400.0,350.0,100.0,350.0,300.0,0.0,-300.0
Participant_5916,400.0,525.0,100.0,25.0,300.0,500.0,200.0
Participant_5917,400.0,600.0,100.0,25.0,300.0,575.0,275.0
Participant_5918,400.0,525.0,100.0,0.0,300.0,525.0,225.0
Participant_5920,400.0,350.0,100.0,350.0,300.0,0.0,-300.0
Participant_5921,400.0,400.0,100.0,250.0,300.0,150.0,-150.0
Participant_5922,400.0,550.0,100.0,25.0,300.0,525.0,225.0
Participant_5924,400.0,425.0,100.0,100.0,300.0,325.0,25.0
Participant_5925,400.0,400.0,100.0,400.0,300.0,0.0,-300.0
Participant_5926,400.0,225.0,100.0,200.0,300.0,25.0,-275.0
Participant_5927,400.0,500.0,100.0,0.0,300.0,500.0,200.0
Participant_5928,400.0,400.0,100.0,325.0,300.0,75.0,-225.0
Participant_5929,400.0,575.0,100.0,0.0,300.0,575.0,275.0
Participant_5930,400.0,550.0,100.0,0.0,300.0,550.0,250.0
Participant_5931,400.0,275.0,100.0,125.0,300.0,150.0,-150.0
Participant_5932,400.0,375.0,100.0,0.0,300.0,375.0,75.0
Participant_5933,400.0,300.0,100.0,275.0,300.0,25.0,-275.0
Participant_5934,400.0,100.0,100.0,100.0,300.0,0.0,-300.0
Participant_5935,400.0,300.0,100.0,225.0,300.0,75.0,-225.0
Participant_5936,400.0,300.0,100.0,300.0,300.0,0.0,-300.0
Participant_5937,400.0,225.0,100.0,200.0,300.0,25.0,-275.0
Participant_5938,400.0,400.0,100.0,300.0,300.0,100.0,-200.0
Participant_5939,400.0,275.0,100.0,225.0,300.0,50.0,-250.0
Participant_5940,400.0,200.0,100.0,200.0,300.0,0.0,-300.0
Participant_5941,400.0,350.0,100.0,350.0,300.0,0.0,-300.0
Participant_5942,400.0,625.0,100.0,150.0,300.0,475.0,175.0
Participant_5943,400.0,525.0,100.0,0.0,300.0,525.0,225.0
Participant_5944,400.0,300.0,100.0,300.0,300.0,0.0,-300.0
Participant_5946,400.0,525.0,100.0,0.0,300.0,525.0,225.0
Participant_5947,400.0,125.0,100.0,100.0,300.0,25.0,-275.0
Participant_5948,400.0,475.0,100.0,225.0,300.0,250.0,-50.0
Participant_5949,400.0,350.0,100.0,350.0,300.0,0.0,-300.0
Participant_5950,400.0,300.0,100.0,150.0,300.0,150.0,-150.0
Participant_5951,400.0,375.0,100.0,25.0,300.0,350.0,50.0
Participant_5952,400.0,375.0,100.0,350.0,300.0,25.0,-275.0
Participant_5955,400.0,425.0,100.0,200.0,300.0,225.0,-75.0
Participant_5957,400.0,200.0,100.0,200.0,300.0,0.0,-300.0
Participant_5958,400.0,225.0,100.0,125.0,300.0,100.0,-200.0
Participant_5959,400.0,225.0,100.0,100.0,300.0,125.0,-175.0
Participant_5960,400.0,150.0,100.0,125.0,300.0,25.0,-275.0
Participant_5961,400.0,350.0,100.0,275.0,300.0,75.0,-225.0
Participant_5962,400.0,400.0,100.0,200.0,300.0,200.0,-100.0
Participant_5964,400.0,125.0,100.0,125.0,300.0,0.0,-300.0
Participant_5969,400.0,200.0,100.0,125.0,300.0,75.0,-225.0
Participant_5970,400.0,225.0,100.0,200.0,300.0,25.0,-275.0
Participant_5971,400.0,200.0,100.0,175.0,300.0,25.0,-275.0
Participant_5972,400.0,300.0,100.0,150.0,300.0,150.0,-150.0
Participant_5973,400.0,350.0,100.0,350.0,300.0,0.0,-300.0
Participant_5974,400.0,500.0,100.0,50.0,300.0,450.0,150.0
Participant_5975,400.0,500.0,100.0,0.0,300.0,500.0,200.0
Participant_5976,400.0,175.0,100.0,100.0,300.0,75.0,-225.0
Participant_5977,400.0,150.0,100.0,150.0,300.0,0.0,-300.0
Participant_5978,400.0,200.0,100.0,200.0,300.0,0.0,-300.0
Participant_5979,400.0,350.0,100.0,250.0,300.0,100.0,-200.0
Participant_5980,400.0,400.0,100.0,0.0,300.0,400.0,100.0
Participant_5981,400.0,225.0,100.0,125.0,300.0,100.0,-200.0
Participant_5983,400.0,275.0,100.0,100.0,300.0,175.0,-125.0
Participant_5984,400.0,250.0,100.0,100.0,300.0,150.0,-150.0
Participant_5985,400.0,400.0,100.0,0.0,300.0,400.0,100.0
Participant_5986,400.0,400.0,100.0,250.0,300.0,150.0,-150.0
Participant_5987,400.0,275.0,100.0,125.0,300.0,150.0,-150.0
Participant_5988,400.0,250.0,100.0,100.0,300.0,150.0,-150.0
Participant_5989,400.0,525.0,100.0,0.0,300.0,525.0,225.0
Participant_5991,400.0,350.0,100.0,350.0,300.0,0.0,-300.0
Participant_5993,400.0,175.0,100.0,0.0,300.0,175.0,-125.0
Participant_5994,400.0,375.0,100.0,175.0,300.0,200.0,-100.0
Participant_5995,400.0,275.0,100.0,125.0,300.0,150.0,-150.0
Participant_5996,400.0,250.0,100.0,250.0,300.0,0.0,-300.0
Participant_5997,400.0,200.0,100.0,125.0,300.0,75.0,-225.0
Participant_5998,400.0,325.0,100.0,175.0,300.0,150.0,-150.0
Participant_5999,400.0,225.0,100.0,200.0,300.0,25.0,-275.0
Participant_6000,400.0,325.0,100.0,75.0,300.0,250.0,-50.0
Participant_6001,400.0,125.0,100.0,150.0,300.0,-25.0,-325.0
Participant_6002,400.0,300.0,100.0,75.0,300.0,225.0,-75.0
Participant_6004,400.0,225.0,100.0,125.0,300.0,100.0,-200.0
Participant_6006,400.0,300.0,100.0,225.0,300.0,75.0,-225.0
Participant_6007,400.0,300.0,100.0,300.0,300.0,0.0,-300.0
Participant_6009,400.0,250.0,100.0,250.0,300.0,0.0,-300.0
Participant_6010,400.0,275.0,100.0,200.0,300.0,75.0,-225.0
Participant_6012,400.0,125.0,100.0,125.0,300.0,0.0,-300.0
Participant_6014,400.0,375.0,100.0,0.0,300.0,375.0,75.0
Participant_6016,400.0,325.0,100.0,350.0,300.0,-25.0,-325.0
Participant_6017,400.0,300.0,100.0,0.0,300.0,300.0,0.0
Participant_6018,400.0,150.0,100.0,150.0,300.0,0.0,-300.0
Participant_6019,400.0,275.0,100.0,250.0,300.0,25.0,-275.0
Participant_6020,400.0,450.0,100.0,50.0,300.0,400.0,100.0
Participant_6021,400.0,200.0,100.0,200.0,300.0,0.0,-300.0
Participant_6022,400.0,550.0,100.0,0.0,300.0,550.0,250.0
Participant_6023,400.0,400.0,100.0,325.0,300.0,75.0,-225.0
Participant_6024,400.0,475.0,100.0,0.0,300.0,475.0,175.0
Participant_6025,400.0,250.0,100.0,250.0,300.0,0.0,-300.0
Participant_6026,400.0,475.0,100.0,0.0,300.0,475.0,175.0
Participant_6027,400.0,350.0,100.0,150.0,300.0,200.0,-100.0
Participant_6029,400.0,200.0,100.0,175.0,300.0,25.0,-275.0
Participant_6030,400.0,350.0,100.0,250.0,300.0,100.0,-200.0
Participant_6031,400.0,275.0,100.0,275.0,300.0,0.0,-300.0
Participant_6032,400.0,400.0,100.0,400.0,300.0,0.0,-300.0
Participant_6033,400.0,550.0,100.0,0.0,300.0,550.0,250.0
Participant_6034,400.0,325.0,100.0,50.0,300.0,275.0,-25.0
Participant_6037,400.0,550.0,100.0,300.0,300.0,250.0,-50.0
Participant_6038,400.0,350.0,100.0,325.0,300.0,25.0,-275.0
Participant_6040,400.0,275.0,100.0,125.0,300.0,150.0,-150.0
Participant_6041,400.0,600.0,100.0,25.0,300.0,575.0,275.0
Participant_6042,400.0,300.0,100.0,125.0,300.0,175.0,-125.0
Participant_6044,400.0,200.0,100.0,200.0,300.0,0.0,-300.0
Participant_6045,400.0,300.0,100.0,300.0,300.0,0.0,-300.0
Participant_6046,400.0,200.0,100.0,200.0,300.0,0.0,-300.0
Participant_6047,400.0,575.0,100.0,75.0,300.0,500.0,200.0
Participant_6048,400.0,275.0,100.0,250.0,300.0,25.0,-275.0
Participant_6049,400.0,250.0,100.0,250.0,300.0,0.0,-300.0
Participant_6050,400.0,500.0,100.0,125.0,300.0,375.0,75.0
Participant_6051,400.0,525.0,100.0,75.0,300.0,450.0,150.0
Participant_6053,400.0,200.0,100.0,200.0,300.0,0.0,-300.0
Participant_6054,400.0,300.0,100.0,325.0,300.0,-25.0,-325.0
Participant_6055,400.0,250.0,100.0,150.0,300.0,100.0,-200.0
Participant_6056,400.0,200.0,100.0,200.0,300.0,0.0,-300.0
Participant_6057,400.0,550.0,100.0,0.0,300.0,550.0,250.0
Participant_6058,400.0,550.0,100.0,25.0,300.0,525.0,225.0
Participant_6059,400.0,150.0,100.0,150.0,300.0,0.0,-300.0
Participant_6060,400.0,450.0,100.0,75.0,300.0,375.0,75.0
Participant_6061,400.0,350.0,100.0,350.0,300.0,0.0,-300.0
Participant_6062,400.0,200.0,100.0,200.0,300.0,0.0,-300.0
Participant_6063,400.0,450.0,100.0,225.0,300.0,225.0,-75.0
Participant_6064,400.0,225.0,100.0,225.0,300.0,0.0,-300.0
Participant_6065,400.0,150.0,100.0,150.0,300.0,0.0,-300.0
Participant_6066,400.0,475.0,100.0,75.0,300.0,400.0,100.0
Participant_6067,400.0,375.0,100.0,0.0,300.0,375.0,75.0
Participant_6068,400.0,275.0,100.0,300.0,300.0,-25.0,-325.0
Participant_6069,400.0,100.0,100.0,100.0,300.0,0.0,-300.0
Participant_6071,400.0,200.0,100.0,200.0,300.0,0.0,-300.0
Participant_6074,400.0,250.0,100.0,125.0,300.0,125.0,-175.0
Participant_6075,400.0,400.0,100.0,200.0,300.0,200.0,-100.0
Participant_6076,400.0,525.0,100.0,0.0,300.0,525.0,225.0
Participant_6077,400.0,325.0,100.0,150.0,300.0,175.0,-125.0
Participant_6078,400.0,200.0,100.0,175.0,300.0,25.0,-275.0
Participant_6079,400.0,375.0,100.0,225.0,300.0,150.0,-150.0
Participant_6080,400.0,600.0,100.0,0.0,300.0,600.0,300.0
Participant_6081,400.0,575.0,100.0,0.0,300.0,575.0,275.0
Participant_6082,400.0,450.0,100.0,125.0,300.0,325.0,25.0
Participant_6083,400.0,550.0,100.0,0.0,300.0,550.0,250.0
Participant_6084,400.0,525.0,100.0,0.0,300.0,525.0,225.0
Participant_6085,400.0,375.0,100.0,175.0,300.0,200.0,-100.0
Participant_6086,400.0,375.0,100.0,250.0,300.0,125.0,-175.0
Participant_6087,400.0,500.0,100.0,25.0,300.0,475.0,175.0
Participant_6090,400.0,325.0,100.0,100.0,300.0,225.0,-75.0
Participant_6091,400.0,575.0,100.0,0.0,300.0,575.0,275.0
Participant_6092,400.0,500.0,100.0,0.0,300.0,500.0,200.0
Participant_6093,400.0,325.0,100.0,225.0,300.0,100.0,-200.0
Participant_6094,400.0,150.0,100.0,150.0,300.0,0.0,-300.0
Participant_6095,400.0,375.0,100.0,200.0,300.0,175.0,-125.0
Participant_6097,400.0,450.0,100.0,0.0,300.0,450.0,150.0
Participant_6098,400.0,325.0,100.0,300.0,300.0,25.0,-275.0
Participant_6099,400.0,325.0,100.0,200.0,300.0,125.0,-175.0
Participant_6100,400.0,250.0,100.0,25.0,300.0,225.0,-75.0
Participant_6101,400.0,150.0,100.0,100.0,300.0,50.0,-250.0
Participant_6102,400.0,550.0,100.0,0.0,300.0,550.0,250.0
Participant_6103,400.0,300.0,100.0,300.0,300.0,0.0,-300.0
Participant_6104,400.0,500.0,100.0,150.0,300.0,350.0,50.0
Participant_6107,400.0,400.0,100.0,375.0,300.0,25.0,-275.0
Participant_6109,400.0,450.0,100.0,75.0,300.0,375.0,75.0
Participant_6110,400.0,350.0,100.0,225.0,300.0,125.0,-175.0
Participant_6111,400.0,550.0,100.0,0.0,300.0,550.0,250.0
Participant_6112,400.0,350.0,100.0,350.0,300.0,0.0,-300.0
Participant_6113,400.0,350.0,100.0,50.0,300.0,300.0,0.0
Participant_6114,400.0,400.0,100.0,200.0,300.0,200.0,-100.0
Participant_6115,400.0,550.0,100.0,0.0,300.0,550.0,250.0
Participant_6117,400.0,250.0,100.0,250.0,300.0,0.0,-300.0
Participant_6118,400.0,250.0,100.0,250.0,300.0,0.0,-300.0
Participant_6119,400.0,225.0,100.0,200.0,300.0,25.0,-275.0
Participant_6120,400.0,525.0,100.0,0.0,300.0,525.0,225.0
Participant_6122,400.0,475.0,100.0,50.0,300.0,425.0,125.0
Participant_6124,400.0,150.0,100.0,150.0,300.0,0.0,-300.0
Participant_6125,400.0,350.0,100.0,325.0,300.0,25.0,-275.0
Participant_6126,400.0,175.0,100.0,150.0,300.0,25.0,-275.0
Participant_6128,400.0,525.0,100.0,50.0,300.0,475.0,175.0
Participant_6129,400.0,300.0,100.0,275.0,300.0,25.0,-275.0
Participant_6130,400.0,400.0,100.0,400.0,300.0,0.0,-300.0
Participant_6131,400.0,300.0,100.0,300.0,300.0,0.0,-300.0
Participant_6132,400.0,300.0,100.0,250.0,300.0,50.0,-250.0
Participant_6133,400.0,375.0,100.0,350.0,300.0,25.0,-275.0
Participant_6134,400.0,525.0,100.0,100.0,300.0,425.0,125.0
Participant_6135,400.0,200.0,100.0,150.0,300.0,50.0,-250.0
Participant_6136,400.0,525.0,100.0,25.0,300.0,500.0,200.0
Participant_6137,400.0,200.0,100.0,200.0,300.0,0.0,-300.0
Participant_6138,400.0,250.0,100.0,250.0,300.0,0.0,-300.0
Participant_6139,400.0,175.0,100.0,150.0,300.0,25.0,-275.0
Participant_6140,400.0,200.0,100.0,200.0,300.0,0.0,-300.0
Participant_6141,400.0,475.0,100.0,25.0,300.0,450.0,150.0
Participant_6142,400.0,150.0,100.0,125.0,300.0,25.0,-275.0
Participant_6143,400.0,150.0,100.0,150.0,300.0,0.0,-300.0
Participant_6144,400.0,600.0,100.0,0.0,300.0,600.0,300.0
Participant_6145,400.0,375.0,100.0,250.0,300.0,125.0,-175.0
Participant_6146,400.0,300.0,100.0,300.0,300.0,0.0,-300.0
Participant_6147,400.0,225.0,100.0,225.0,300.0,0.0,-300.0
Participant_6148,400.0,450.0,100.0,175.0,300.0,275.0,-25.0
Participant_6150,400.0,375.0,100.0,350.0,300.0,25.0,-275.0
Participant_6151,400.0,325.0,100.0,150.0,300.0,175.0,-125.0
Participant_6153,400.0,150.0,100.0,175.0,300.0,-25.0,-325.0
Participant_6154,400.0,400.0,100.0,400.0,300.0,0.0,-300.0
Participant_6155,400.0,150.0,100.0,75.0,300.0,75.0,-225.0
Participant_6156,400.0,325.0,100.0,350.0,300.0,-25.0,-325.0
Participant_6157,400.0,150.0,100.0,150.0,300.0,0.0,-300.0
Participant_6158,400.0,375.0,100.0,275.0,300.0,100.0,-200.0
Participant_6159,400.0,550.0,100.0,25.0,300.0,525.0,225.0
Participant_6160,400.0,550.0,100.0,0.0,300.0,550.0,250.0
Participant_6161,400.0,400.0,100.0,75.0,300.0,325.0,25.0
Participant_6162,400.0,300.0,100.0,275.0,300.0,25.0,-275.0
Participant_6163,400.0,375.0,100.0,200.0,300.0,175.0,-125.0
Participant_6164,400.0,450.0,100.0,200.0,300.0,250.0,-50.0
Participant_6165,400.0,300.0,100.0,275.0,300.0,25.0,-275.0
Participant_6166,400.0,275.0,100.0,300.0,300.0,-25.0,-325.0
Participant_6167,400.0,375.0,100.0,0.0,300.0,375.0,75.0
Participant_6168,400.0,575.0,100.0,50.0,300.0,525.0,225.0
Participant_6169,400.0,500.0,100.0,0.0,300.0,500.0,200.0
Participant_6170,400.0,275.0,100.0,125.0,300.0,150.0,-150.0
Participant_6171,400.0,450.0,100.0,0.0,300.0,450.0,150.0
Participant_6173,400.0,500.0,100.0,0.0,300.0,500.0,200.0
Participant_6174,400.0,425.0,100.0,275.0,300.0,150.0,-150.0
Participant_6175,400.0,325.0,100.0,225.0,300.0,100.0,-200.0
Participant_6176,400.0,300.0,100.0,300.0,300.0,0.0,-300.0
Participant_6177,400.0,350.0,100.0,350.0,300.0,0.0,-300.0
Participant_6178,400.0,400.0,100.0,200.0,300.0,200.0,-100.0
Participant_6179,400.0,325.0,100.0,0.0,300.0,325.0,25.0
Participant_6180,400.0,525.0,100.0,0.0,300.0,525.0,225.0
Participant_6181,400.0,575.0,100.0,175.0,300.0,400.0,100.0
Participant_6182,400.0,250.0,100.0,250.0,300.0,0.0,-300.0
Participant_6183,400.0,200.0,100.0,200.0,300.0,0.0,-300.0
Participant_6184,400.0,400.0,100.0,200.0,300.0,200.0,-100.0
Participant_6185,400.0,250.0,100.0,250.0,300.0,0.0,-300.0
Participant_6186,400.0,200.0,100.0,0.0,300.0,200.0,-100.0
Participant_6187,400.0,525.0,100.0,0.0,300.0,525.0,225.0
Participant_6188,400.0,450.0,100.0,0.0,300.0,450.0,150.0
Participant_6189,400.0,350.0,100.0,25.0,300.0,325.0,25.0
Participant_6190,400.0,250.0,100.0,250.0,300.0,0.0,-300.0
Participant_6191,400.0,225.0,100.0,125.0,300.0,100.0,-200.0
Participant_6192,400.0,575.0,100.0,0.0,300.0,575.0,275.0
Participant_6194,400.0,525.0,100.0,0.0,300.0,525.0,225.0
Participant_6195,400.0,275.0,100.0,200.0,300.0,75.0,-225.0
Participant_6196,400.0,150.0,100.0,150.0,300.0,0.0,-300.0
Participant_6197,400.0,425.0,100.0,300.0,300.0,125.0,-175.0
Participant_6198,400.0,500.0,100.0,0.0,300.0,500.0,200.0
Participant_6201,400.0,250.0,100.0,250.0,300.0,0.0,-300.0
Participant_6202,400.0,350.0,100.0,300.0,300.0,50.0,-250.0
Participant_6203,400.0,275.0,100.0,250.0,300.0,25.0,-275.0
Participant_6204,400.0,150.0,100.0,150.0,300.0,0.0,-300.0
Participant_6205,400.0,525.0,100.0,0.0,300.0,525.0,225.0
Participant_6206,400.0,350.0,100.0,350.0,300.0,0.0,-300.0
Participant_6207,400.0,575.0,100.0,0.0,300.0,575.0,275.0
Participant_6208,400.0,350.0,100.0,350.0,300.0,0.0,-300.0
Participant_6209,400.0,525.0,100.0,50.0,300.0,475.0,175.0
Participant_6210,400.0,125.0,100.0,100.0,300.0,25.0,-275.0
Participant_6211,400.0,350.0,100.0,300.0,300.0,50.0,-250.0
Participant_6212,400.0,125.0,100.0,100.0,300.0,25.0,-275.0
Participant_6213,400.0,550.0,100.0,0.0,300.0,550.0,250.0
Participant_6215,400.0,525.0,100.0,0.0,300.0,525.0,225.0
Participant_6216,400.0,100.0,100.0,100.0,300.0,0.0,-300.0
Participant_6217,400.0,250.0,100.0,250.0,300.0,0.0,-300.0
Participant_6218,400.0,225.0,100.0,300.0,300.0,-75.0,-375.0
Participant_6219,400.0,325.0,100.0,150.0,300.0,175.0,-125.0
Participant_6220,400.0,325.0,100.0,75.0,300.0,250.0,-50.0
Participant_6221,400.0,300.0,100.0,300.0,300.0,0.0,-300.0
Participant_6222,400.0,300.0,100.0,225.0,300.0,75.0,-225.0
Participant_6223,400.0,400.0,100.0,275.0,300.0,125.0,-175.0
Participant_6224,400.0,200.0,100.0,175.0,300.0,25.0,-275.0
Participant_6225,400.0,250.0,100.0,75.0,300.0,175.0,-125.0
Participant_6226,400.0,200.0,100.0,100.0,300.0,100.0,-200.0
Participant_6227,400.0,350.0,100.0,350.0,300.0,0.0,-300.0
Participant_6229,400.0,550.0,100.0,0.0,300.0,550.0,250.0
Participant_6230,400.0,400.0,100.0,125.0,300.0,275.0,-25.0
Participant_6231,400.0,575.0,100.0,0.0,300.0,575.0,275.0
Participant_6232,400.0,375.0,100.0,250.0,300.0,125.0,-175.0
Participant_6233,400.0,550.0,100.0,0.0,300.0,550.0,250.0
Participant_6234,400.0,600.0,100.0,0.0,300.0,600.0,300.0
Participant_6235,400.0,375.0,100.0,175.0,300.0,200.0,-100.0
Participant_6236,400.0,250.0,100.0,250.0,300.0,0.0,-300.0
Participant_6237,400.0,400.0,100.0,250.0,300.0,150.0,-150.0
Participant_6238,400.0,400.0,100.0,350.0,300.0,50.0,-250.0
Participant_6239,400.0,475.0,100.0,0.0,300.0,475.0,175.0
Participant_6240,400.0,225.0,100.0,100.0,300.0,125.0,-175.0
Participant_6241,400.0,150.0,100.0,150.0,300.0,0.0,-300.0
Participant_6242,400.0,325.0,100.0,100.0,300.0,225.0,-75.0
Participant_6243,400.0,275.0,100.0,175.0,300.0,100.0,-200.0
Participant_6244,400.0,150.0,100.0,0.0,300.0,150.0,-150.0
Participant_6245,400.0,575.0,100.0,125.0,300.0,450.0,150.0
Participant_6246,400.0,300.0,100.0,300.0,300.0,0.0,-300.0
Participant_6247,400.0,200.0,100.0,200.0,300.0,0.0,-300.0
Participant_6248,400.0,300.0,100.0,275.0,300.0,25.0,-275.0
Participant_6249,400.0,175.0,100.0,175.0,300.0,0.0,-300.0
Participant_6250,400.0,275.0,100.0,300.0,300.0,-25.0,-325.0
Participant_6252,400.0,150.0,100.0,150.0,300.0,0.0,-300.0
Participant_6253,400.0,525.0,100.0,0.0,300.0,525.0,225.0
Participant_6254,400.0,600.0,100.0,25.0,300.0,575.0,275.0
Participant_6256,400.0,200.0,100.0,200.0,300.0,0.0,-300.0
Participant_6258,400.0,200.0,100.0,150.0,300.0,50.0,-250.0
Participant_6259,400.0,150.0,100.0,200.0,300.0,-50.0,-350.0
Participant_6260,400.0,525.0,100.0,100.0,300.0,425.0,125.0
Participant_6261,400.0,200.0,100.0,75.0,300.0,125.0,-175.0
Participant_6263,400.0,350.0,100.0,350.0,300.0,0.0,-300.0
Participant_6264,400.0,400.0,100.0,400.0,300.0,0.0,-300.0
Participant_6265,400.0,175.0,100.0,100.0,300.0,75.0,-225.0
Participant_6266,400.0,350.0,100.0,350.0,300.0,0.0,-300.0
Participant_6267,400.0,300.0,100.0,300.0,300.0,0.0,-300.0
Participant_6268,400.0,200.0,100.0,200.0,300.0,0.0,-300.0
Participant_6269,400.0,150.0,100.0,150.0,300.0,0.0,-300.0
Participant_6270,400.0,150.0,100.0,150.0,300.0,0.0,-300.0
Participant_6271,400.0,475.0,100.0,25.0,300.0,450.0,150.0
Participant_6272,400.0,350.0,100.0,150.0,300.0,200.0,-100.0
Participant_6273,400.0,250.0,100.0,250.0,300.0,0.0,-300.0
Participant_6274,400.0,400.0,100.0,175.0,300.0,225.0,-75.0
Participant_6275,400.0,400.0,100.0,75.0,300.0,325.0,25.0
Participant_6277,400.0,525.0,100.0,100.0,300.0,425.0,125.0
Participant_6279,400.0,250.0,100.0,250.0,300.0,0.0,-300.0
Participant_6280,400.0,200.0,100.0,175.0,300.0,25.0,-275.0
Participant_6281,400.0,375.0,100.0,250.0,300.0,125.0,-175.0
Participant_6282,400.0,350.0,100.0,350.0,300.0,0.0,-300.0
Participant_6283,400.0,100.0,100.0,100.0,300.0,0.0,-300.0
Participant_6284,400.0,300.0,100.0,275.0,300.0,25.0,-275.0
Participant_6285,400.0,300.0,100.0,200.0,300.0,100.0,-200.0
Participant_6286,400.0,250.0,100.0,250.0,300.0,0.0,-300.0
Participant_6287,400.0,350.0,100.0,350.0,300.0,0.0,-300.0
Participant_6288,400.0,250.0,100.0,200.0,300.0,50.0,-250.0
Participant_6289,400.0,200.0,100.0,150.0,300.0,50.0,-250.0
Participant_6290,400.0,525.0,100.0,0.0,300.0,525.0,225.0
Participant_6291,400.0,500.0,100.0,75.0,300.0,425.0,125.0
Participant_6292,400.0,550.0,100.0,25.0,300.0,525.0,225.0
Participant_6293,400.0,225.0,100.0,0.0,300.0,225.0,-75.0
Participant_6294,400.0,250.0,100.0,150.0,300.0,100.0,-200.0
Participant_6295,400.0,600.0,100.0,0.0,300.0,600.0,300.0
Participant_6296,400.0,200.0,100.0,225.0,300.0,-25.0,-325.0
Participant_6297,400.0,575.0,100.0,200.0,300.0,375.0,75.0
Participant_6299,400.0,300.0,100.0,300.0,300.0,0.0,-300.0
Participant_6300,400.0,525.0,100.0,175.0,300.0,350.0,50.0
Participant_6301,400.0,525.0,100.0,150.0,300.0,375.0,75.0
Participant_6302,400.0,400.0,100.0,400.0,300.0,0.0,-300.0
Participant_6304,400.0,250.0,100.0,150.0,300.0,100.0,-200.0
Participant_6306,400.0,450.0,100.0,100.0,300.0,350.0,50.0
Participant_6307,400.0,400.0,100.0,225.0,300.0,175.0,-125.0
Participant_6309,400.0,200.0,100.0,100.0,300.0,100.0,-200.0
Participant_6310,400.0,450.0,100.0,225.0,300.0,225.0,-75.0
Participant_6312,400.0,300.0,100.0,175.0,300.0,125.0,-175.0
Participant_6313,400.0,275.0,100.0,125.0,300.0,150.0,-150.0
Participant_6314,400.0,200.0,100.0,200.0,300.0,0.0,-300.0
Participant_6315,400.0,575.0,100.0,0.0,300.0,575.0,275.0
Participant_6317,400.0,425.0,100.0,25.0,300.0,400.0,100.0
Participant_6318,400.0,400.0,100.0,375.0,300.0,25.0,-275.0
Participant_6320,400.0,325.0,100.0,225.0,300.0,100.0,-200.0
Participant_6321,400.0,400.0,100.0,375.0,300.0,25.0,-275.0
Participant_6322,400.0,200.0,100.0,200.0,300.0,0.0,-300.0
Participant_6323,400.0,550.0,100.0,0.0,300.0,550.0,250.0
Participant_6324,400.0,575.0,100.0,25.0,300.0,550.0,250.0
Participant_6325,400.0,400.0,100.0,400.0,300.0,0.0,-300.0
Participant_6326,400.0,600.0,100.0,0.0,300.0,600.0,300.0
Participant_6327,400.0,400.0,100.0,200.0,300.0,200.0,-100.0
Participant_6328,400.0,300.0,100.0,300.0,300.0,0.0,-300.0
Participant_6329,400.0,475.0,100.0,50.0,300.0,425.0,125.0
Participant_6331,400.0,225.0,100.0,225.0,300.0,0.0,-300.0
Participant_6334,400.0,175.0,100.0,150.0,300.0,25.0,-275.0
Participant_6335,400.0,175.0,100.0,100.0,300.0,75.0,-225.0
Participant_6336,400.0,275.0,100.0,100.0,300.0,175.0,-125.0
Participant_6338,400.0,400.0,100.0,400.0,300.0,0.0,-300.0
Participant_6339,400.0,150.0,100.0,150.0,300.0,0.0,-300.0
Participant_6340,400.0,250.0,100.0,225.0,300.0,25.0,-275.0
Participant_6341,400.0,400.0,100.0,325.0,300.0,75.0,-225.0
Participant_6343,400.0,100.0,100.0,100.0,300.0,0.0,-300.0
Participant_6344,400.0,250.0,100.0,175.0,300.0,75.0,-225.0
Participant_6345,400.0,550.0,100.0,0.0,300.0,550.0,250.0
Participant_6347,400.0,475.0,100.0,75.0,300.0,400.0,100.0
Participant_6348,400.0,525.0,100.0,0.0,300.0,525.0,225.0
Participant_6349,400.0,475.0,100.0,100.0,300.0,375.0,75.0
Participant_6350,400.0,600.0,100.0,0.0,300.0,600.0,300.0
Participant_6351,400.0,525.0,100.0,0.0,300.0,525.0,225.0
Participant_6352,400.0,425.0,100.0,100.0,300.0,325.0,25.0
Participant_6353,400.0,400.0,100.0,400.0,300.0,0.0,-300.0
Participant_6354,400.0,250.0,100.0,250.0,300.0,0.0,-300.0
Participant_6355,400.0,300.0,100.0,200.0,300.0,100.0,-200.0
Participant_6356,400.0,275.0,100.0,125.0,300.0,150.0,-150.0
Participant_6357,400.0,600.0,100.0,0.0,300.0,600.0,300.0
Participant_6358,400.0,275.0,100.0,300.0,300.0,-25.0,-325.0
Participant_6359,400.0,525.0,100.0,50.0,300.0,475.0,175.0
Participant_6360,400.0,425.0,100.0,0.0,300.0,425.0,125.0
Participant_6361,400.0,575.0,100.0,300.0,300.0,275.0,-25.0
Participant_6362,400.0,325.0,100.0,275.0,300.0,50.0,-250.0
Participant_6363,400.0,275.0,100.0,150.0,300.0,125.0,-175.0
Participant_6365,400.0,525.0,100.0,0.0,300.0,525.0,225.0
Participant_6366,400.0,150.0,100.0,150.0,300.0,0.0,-300.0
Participant_6367,400.0,100.0,100.0,100.0,300.0,0.0,-300.0
Participant_6368,400.0,400.0,100.0,0.0,300.0,400.0,100.0
Participant_6369,400.0,550.0,100.0,75.0,300.0,475.0,175.0
Participant_6370,400.0,550.0,100.0,0.0,300.0,550.0,250.0
Participant_6371,400.0,325.0,100.0,125.0,300.0,200.0,-100.0
Participant_6374,400.0,550.0,100.0,0.0,300.0,550.0,250.0
Participant_6375,400.0,250.0,100.0,200.0,300.0,50.0,-250.0
Participant_6376,400.0,350.0,100.0,0.0,300.0,350.0,50.0
Participant_6377,400.0,250.0,100.0,175.0,300.0,75.0,-225.0
Participant_6378,400.0,225.0,100.0,125.0,300.0,100.0,-200.0
Participant_6379,400.0,425.0,100.0,25.0,300.0,400.0,100.0
Participant_6381,400.0,400.0,100.0,0.0,300.0,400.0,100.0
Participant_6382,400.0,550.0,100.0,0.0,300.0,550.0,250.0
Participant_6384,400.0,300.0,100.0,200.0,300.0,100.0,-200.0
Participant_6386,400.0,300.0,100.0,300.0,300.0,0.0,-300.0
Participant_6387,400.0,575.0,100.0,0.0,300.0,575.0,275.0
Participant_6389,400.0,225.0,100.0,150.0,300.0,75.0,-225.0
Participant_6390,400.0,450.0,100.0,25.0,300.0,425.0,125.0
Participant_6391,400.0,575.0,100.0,0.0,300.0,575.0,275.0
Participant_6392,400.0,525.0,100.0,0.0,300.0,525.0,225.0
Participant_6395,400.0,150.0,100.0,125.0,300.0,25.0,-275.0
Participant_6396,400.0,275.0,100.0,100.0,300.0,175.0,-125.0
Participant_6397,400.0,200.0,100.0,100.0,300.0,100.0,-200.0
Participant_6398,400.0,250.0,100.0,250.0,300.0,0.0,-300.0
Participant_6399,400.0,350.0,100.0,350.0,300.0,0.0,-300.0
Participant_6401,400.0,375.0,100.0,150.0,300.0,225.0,-75.0
Participant_6403,400.0,200.0,100.0,175.0,300.0,25.0,-275.0
Participant_6404,400.0,300.0,100.0,150.0,300.0,150.0,-150.0
Participant_6405,400.0,475.0,100.0,0.0,300.0,475.0,175.0
Participant_6407,400.0,175.0,100.0,100.0,300.0,75.0,-225.0
Participant_6408,400.0,250.0,100.0,225.0,300.0,25.0,-275.0
Participant_6409,400.0,150.0,100.0,125.0,300.0,25.0,-275.0
Participant_6410,400.0,300.0,100.0,275.0,300.0,25.0,-275.0
Participant_6411,400.0,550.0,100.0,0.0,300.0,550.0,250.0
Participant_6413,400.0,350.0,100.0,350.0,300.0,0.0,-300.0
Participant_6414,400.0,575.0,100.0,0.0,300.0,575.0,275.0
Participant_6415,400.0,175.0,100.0,150.0,300.0,25.0,-275.0
Participant_6416,400.0,175.0,100.0,125.0,300.0,50.0,-250.0
Participant_6417,400.0,350.0,100.0,350.0,300.0,0.0,-300.0
Participant_6418,400.0,425.0,100.0,25.0,300.0,400.0,100.0
Participant_6419,400.0,525.0,100.0,50.0,300.0,475.0,175.0
Participant_6420,400.0,400.0,100.0,225.0,300.0,175.0,-125.0
Participant_6421,400.0,300.0,100.0,300.0,300.0,0.0,-300.0
Participant_6422,400.0,350.0,100.0,200.0,300.0,150.0,-150.0
Participant_6423,400.0,475.0,100.0,25.0,300.0,450.0,150.0
Participant_6424,400.0,600.0,100.0,0.0,300.0,600.0,300.0
Participant_6425,400.0,525.0,100.0,0.0,300.0,525.0,225.0
Participant_6426,400.0,450.0,100.0,0.0,300.0,450.0,150.0
Participant_6427,400.0,250.0,100.0,250.0,300.0,0.0,-300.0
Participant_6428,400.0,575.0,100.0,0.0,300.0,575.0,275.0
Participant_6429,400.0,200.0,100.0,200.0,300.0,0.0,-300.0
Participant_6430,400.0,325.0,100.0,275.0,300.0,50.0,-250.0
Participant_6432,400.0,325.0,100.0,325.0,300.0,0.0,-300.0
Participant_6433,400.0,600.0,100.0,0.0,300.0,600.0,300.0
Participant_6434,400.0,325.0,100.0,350.0,300.0,-25.0,-325.0
Participant_6435,400.0,150.0,100.0,150.0,300.0,0.0,-300.0
Participant_6436,400.0,250.0,100.0,250.0,300.0,0.0,-300.0
Participant_6438,400.0,350.0,100.0,350.0,300.0,0.0,-300.0
Participant_6439,400.0,300.0,100.0,300.0,300.0,0.0,-300.0
Participant_6441,400.0,575.0,100.0,0.0,300.0,575.0,275.0
Participant_6442,400.0,350.0,100.0,25.0,300.0,325.0,25.0
Participant_6443,400.0,300.0,100.0,50.0,300.0,250.0,-50.0
Participant_6444,400.0,350.0,100.0,200.0,300.0,150.0,-150.0
Participant_6446,400.0,575.0,100.0,0.0,300.0,575.0,275.0
Participant_6448,400.0,575.0,100.0,0.0,300.0,575.0,275.0
Participant_6449,400.0,275.0,100.0,200.0,300.0,75.0,-225.0
Participant_6450,400.0,300.0,100.0,200.0,300.0,100.0,-200.0
Participant_6451,400.0,550.0,100.0,0.0,300.0,550.0,250.0
Participant_6452,400.0,550.0,100.0,150.0,300.0,400.0,100.0
Participant_6453,400.0,575.0,100.0,0.0,300.0,575.0,275.0
Participant_6456,400.0,200.0,100.0,200.0,300.0,0.0,-300.0
Participant_6460,400.0,275.0,100.0,75.0,300.0,200.0,-100.0
Participant_6461,400.0,325.0,100.0,325.0,300.0,0.0,-300.0
Participant_6462,400.0,375.0,100.0,150.0,300.0,225.0,-75.0
Participant_6463,400.0,325.0,100.0,100.0,300.0,225.0,-75.0
Participant_6464,400.0,550.0,100.0,100.0,300.0,450.0,150.0
Participant_6465,400.0,250.0,100.0,250.0,300.0,0.0,-300.0
Participant_6466,400.0,400.0,100.0,400.0,300.0,0.0,-300.0
Participant_6467,400.0,500.0,100.0,25.0,300.0,475.0,175.0
Participant_6468,400.0,125.0,100.0,100.0,300.0,25.0,-275.0
Participant_6469,400.0,350.0,100.0,325.0,300.0,25.0,-275.0
Participant_6470,400.0,300.0,100.0,75.0,300.0,225.0,-75.0
Participant_6471,400.0,200.0,100.0,200.0,300.0,0.0,-300.0
Participant_6472,400.0,350.0,100.0,225.0,300.0,125.0,-175.0
Participant_6473,400.0,150.0,100.0,175.0,300.0,-25.0,-325.0
Participant_6474,400.0,425.0,100.0,0.0,300.0,425.0,125.0
Participant_6475,400.0,200.0,100.0,200.0,300.0,0.0,-300.0
Participant_6476,400.0,250.0,100.0,200.0,300.0,50.0,-250.0
Participant_6477,400.0,250.0,100.0,275.0,300.0,-25.0,-325.0
Participant_6478,400.0,225.0,100.0,100.0,300.0,125.0,-175.0
Participant_6479,400.0,400.0,100.0,200.0,300.0,200.0,-100.0
Participant_6481,400.0,325.0,100.0,250.0,300.0,75.0,-225.0
Participant_6483,400.0,275.0,100.0,0.0,300.0,275.0,-25.0
Participant_6484,400.0,275.0,100.0,25.0,300.0,250.0,-50.0
Participant_6485,400.0,575.0,100.0,0.0,300.0,575.0,275.0
Participant_6486,400.0,350.0,100.0,200.0,300.0,150.0,-150.0
Participant_6487,400.0,525.0,100.0,0.0,300.0,525.0,225.0
Participant_6488,400.0,575.0,100.0,0.0,300.0,575.0,275.0
Participant_6489,400.0,325.0,100.0,175.0,300.0,150.0,-150.0
Participant_6490,400.0,450.0,100.0,25.0,300.0,425.0,125.0
Participant_6491,400.0,200.0,100.0,200.0,300.0,0.0,-300.0
Participant_6492,400.0,300.0,100.0,100.0,300.0,200.0,-100.0
Participant_6493,400.0,500.0,100.0,0.0,300.0,500.0,200.0
Participant_6494,400.0,300.0,100.0,150.0,300.0,150.0,-150.0
Participant_6495,400.0,375.0,100.0,175.0,300.0,200.0,-100.0
Participant_6496,400.0,250.0,100.0,275.0,300.0,-25.0,-325.0
Participant_6497,400.0,525.0,100.0,0.0,300.0,525.0,225.0
Participant_6498,400.0,400.0,100.0,275.0,300.0,125.0,-175.0
Participant_6499,400.0,550.0,100.0,0.0,300.0,550.0,250.0
Participant_6500,400.0,150.0,100.0,150.0,300.0,0.0,-300.0
Participant_6501,400.0,300.0,100.0,200.0,300.0,100.0,-200.0
Participant_6502,400.0,300.0,100.0,25.0,300.0,275.0,-25.0
Participant_6505,400.0,150.0,100.0,150.0,300.0,0.0,-300.0
Participant_6507,400.0,300.0,100.0,125.0,300.0,175.0,-125.0
Participant_6508,400.0,475.0,100.0,125.0,300.0,350.0,50.0
Participant_6509,400.0,400.0,100.0,400.0,300.0,0.0,-300.0
Participant_6510,400.0,150.0,100.0,150.0,300.0,0.0,-300.0
Participant_6511,400.0,100.0,100.0,100.0,300.0,0.0,-300.0
Participant_6512,400.0,300.0,100.0,300.0,300.0,0.0,-300.0
Participant_6513,400.0,375.0,100.0,150.0,300.0,225.0,-75.0
Participant_6514,400.0,200.0,100.0,200.0,300.0,0.0,-300.0
Participant_6515,400.0,200.0,100.0,200.0,300.0,0.0,-300.0
Participant_6517,400.0,350.0,100.0,350.0,300.0,0.0,-300.0
Participant_6518,400.0,200.0,100.0,200.0,300.0,0.0,-300.0
Participant_6519,400.0,225.0,100.0,250.0,300.0,-25.0,-325.0
Participant_6520,400.0,150.0,100.0,125.0,300.0,25.0,-275.0
Participant_6521,400.0,500.0,100.0,0.0,300.0,500.0,200.0
Participant_6522,400.0,450.0,100.0,0.0,300.0,450.0,150.0
Participant_6523,400.0,300.0,100.0,150.0,300.0,150.0,-150.0
Participant_6524,400.0,250.0,100.0,250.0,300.0,0.0,-300.0
Participant_6526,400.0,525.0,100.0,125.0,300.0,400.0,100.0
Participant_6527,400.0,600.0,100.0,0.0,300.0,600.0,300.0
Participant_6528,400.0,350.0,100.0,175.0,300.0,175.0,-125.0
Participant_6529,400.0,200.0,100.0,200.0,300.0,0.0,-300.0
Participant_6530,400.0,350.0,100.0,0.0,300.0,350.0,50.0
Participant_6531,400.0,500.0,100.0,125.0,300.0,375.0,75.0
Participant_6532,400.0,300.0,100.0,75.0,300.0,225.0,-75.0
Participant_6533,400.0,475.0,100.0,25.0,300.0,450.0,150.0
Participant_6534,400.0,225.0,100.0,125.0,300.0,100.0,-200.0
Participant_6535,400.0,200.0,100.0,200.0,300.0,0.0,-300.0
Participant_6536,400.0,450.0,100.0,0.0,300.0,450.0,150.0
Participant_6537,400.0,200.0,100.0,200.0,300.0,0.0,-300.0
Participant_6538,400.0,350.0,100.0,350.0,300.0,0.0,-300.0
Participant_6539,400.0,575.0,100.0,0.0,300.0,575.0,275.0
Participant_6541,400.0,400.0,100.0,400.0,300.0,0.0,-300.0
Participant_6542,400.0,300.0,100.0,275.0,300.0,25.0,-275.0
Participant_6543,400.0,525.0,100.0,125.0,300.0,400.0,100.0
Participant_6544,400.0,450.0,100.0,50.0,300.0,400.0,100.0
Participant_6545,400.0,625.0,100.0,0.0,300.0,625.0,325.0
Participant_6546,400.0,200.0,100.0,100.0,300.0,100.0,-200.0
Participant_6548,400.0,600.0,100.0,50.0,300.0,550.0,250.0
Participant_6549,400.0,225.0,100.0,100.0,300.0,125.0,-175.0
Participant_6550,400.0,300.0,100.0,250.0,300.0,50.0,-250.0
Participant_6551,400.0,250.0,100.0,250.0,300.0,0.0,-300.0
Participant_6552,400.0,475.0,100.0,0.0,300.0,475.0,175.0
Participant_6553,400.0,425.0,100.0,225.0,300.0,200.0,-100.0
Participant_6555,400.0,450.0,100.0,0.0,300.0,450.0,150.0
Participant_6556,400.0,550.0,100.0,0.0,300.0,550.0,250.0
Participant_6557,400.0,400.0,100.0,175.0,300.0,225.0,-75.0
Participant_6558,400.0,325.0,100.0,175.0,300.0,150.0,-150.0
Participant_6559,400.0,275.0,100.0,25.0,300.0,250.0,-50.0
Participant_6560,400.0,450.0,100.0,25.0,300.0,425.0,125.0
Participant_6562,400.0,400.0,100.0,350.0,300.0,50.0,-250.0
Participant_6563,400.0,575.0,100.0,0.0,300.0,575.0,275.0
Participant_6565,400.0,225.0,100.0,100.0,300.0,125.0,-175.0
Participant_6566,400.0,300.0,100.0,225.0,300.0,75.0,-225.0
Participant_6567,400.0,300.0,100.0,300.0,300.0,0.0,-300.0
Participant_6569,400.0,250.0,100.0,225.0,300.0,25.0,-275.0
Participant_6570,400.0,200.0,100.0,200.0,300.0,0.0,-300.0
Participant_6572,400.0,250.0,100.0,0.0,300.0,250.0,-50.0
Participant_6575,400.0,250.0,100.0,275.0,300.0,-25.0,-325.0
Participant_6576,400.0,325.0,100.0,125.0,300.0,200.0,-100.0
Participant_6577,400.0,500.0,100.0,25.0,300.0,475.0,175.0
Participant_6578,400.0,250.0,100.0,75.0,300.0,175.0,-125.0
Participant_6580,400.0,350.0,100.0,300.0,300.0,50.0,-250.0
Participant_6582,400.0,525.0,100.0,100.0,300.0,425.0,125.0
Participant_6583,400.0,525.0,100.0,25.0,300.0,500.0,200.0
Participant_6584,400.0,575.0,100.0,0.0,300.0,575.0,275.0
Participant_6585,400.0,300.0,100.0,300.0,300.0,0.0,-300.0
Participant_6586,400.0,325.0,100.0,225.0,300.0,100.0,-200.0
Participant_6588,400.0,550.0,100.0,25.0,300.0,525.0,225.0
Participant_6589,400.0,225.0,100.0,100.0,300.0,125.0,-175.0
Participant_6590,400.0,200.0,100.0,200.0,300.0,0.0,-300.0
Participant_6591,400.0,450.0,100.0,225.0,300.0,225.0,-75.0
Participant_6592,400.0,250.0,100.0,150.0,300.0,100.0,-200.0
Participant_6593,400.0,200.0,100.0,200.0,300.0,0.0,-300.0
Participant_6595,400.0,400.0,100.0,375.0,300.0,25.0,-275.0
Participant_6596,400.0,225.0,100.0,200.0,300.0,25.0,-275.0
Participant_6597,400.0,375.0,100.0,250.0,300.0,125.0,-175.0
Participant_6598,400.0,575.0,100.0,0.0,300.0,575.0,275.0
Participant_6599,400.0,400.0,100.0,50.0,300.0,350.0,50.0
Participant_6600,400.0,400.0,100.0,400.0,300.0,0.0,-300.0
Participant_6601,400.0,325.0,100.0,25.0,300.0,300.0,0.0
Participant_6602,400.0,225.0,100.0,225.0,300.0,0.0,-300.0
Participant_6603,400.0,250.0,100.0,250.0,300.0,0.0,-300.0
Participant_6604,400.0,150.0,100.0,150.0,300.0,0.0,-300.0
Participant_6606,400.0,300.0,100.0,300.0,300.0,0.0,-300.0
Participant_6607,400.0,275.0,100.0,75.0,300.0,200.0,-100.0
Participant_6608,400.0,250.0,100.0,75.0,300.0,175.0,-125.0
Participant_6609,400.0,350.0,100.0,300.0,300.0,50.0,-250.0
Participant_6610,400.0,300.0,100.0,300.0,300.0,0.0,-300.0
Participant_6611,400.0,525.0,100.0,50.0,300.0,475.0,175.0
Participant_6612,400.0,250.0,100.0,200.0,300.0,50.0,-250.0
Participant_6613,400.0,400.0,100.0,400.0,300.0,0.0,-300.0
Participant_6614,400.0,200.0,100.0,225.0,300.0,-25.0,-325.0
Participant_6615,400.0,550.0,100.0,0.0,300.0,550.0,250.0
Participant_6616,400.0,575.0,100.0,0.0,300.0,575.0,275.0
Participant_6617,400.0,400.0,100.0,325.0,300.0,75.0,-225.0
Participant_6618,400.0,100.0,100.0,100.0,300.0,0.0,-300.0
Participant_6619,400.0,300.0,100.0,300.0,300.0,0.0,-300.0
Participant_6621,400.0,200.0,100.0,200.0,300.0,0.0,-300.0
Participant_6623,400.0,475.0,100.0,0.0,300.0,475.0,175.0
Participant_6625,400.0,300.0,100.0,225.0,300.0,75.0,-225.0
Participant_6626,400.0,500.0,100.0,25.0,300.0,475.0,175.0
Participant_6627,400.0,350.0,100.0,225.0,300.0,125.0,-175.0
Participant_6628,400.0,250.0,100.0,225.0,300.0,25.0,-275.0
Participant_6631,400.0,550.0,100.0,0.0,300.0,550.0,250.0
Participant_6632,400.0,525.0,100.0,50.0,300.0,475.0,175.0
Participant_6633,400.0,450.0,100.0,225.0,300.0,225.0,-75.0
Participant_6634,400.0,300.0,100.0,300.0,300.0,0.0,-300.0
Participant_6635,400.0,575.0,100.0,0.0,300.0,575.0,275.0
Participant_6636,400.0,325.0,100.0,325.0,300.0,0.0,-300.0
Participant_6637,400.0,325.0,100.0,225.0,300.0,100.0,-200.0
Participant_6639,400.0,250.0,100.0,250.0,300.0,0.0,-300.0
Participant_6640,400.0,250.0,100.0,175.0,300.0,75.0,-225.0
Participant_6642,400.0,300.0,100.0,50.0,300.0,250.0,-50.0
Participant_6643,400.0,400.0,100.0,200.0,300.0,200.0,-100.0
Participant_6645,400.0,575.0,100.0,25.0,300.0,550.0,250.0
Participant_6646,400.0,525.0,100.0,0.0,300.0,525.0,225.0
Participant_6647,400.0,150.0,100.0,150.0,300.0,0.0,-300.0
Participant_6648,400.0,475.0,100.0,75.0,300.0,400.0,100.0
Participant_6649,400.0,300.0,100.0,25.0,300.0,275.0,-25.0
Participant_6650,400.0,475.0,100.0,0.0,300.0,475.0,175.0
Participant_6651,400.0,275.0,100.0,275.0,300.0,0.0,-300.0
Participant_6652,400.0,375.0,100.0,25.0,300.0,350.0,50.0
Participant_6653,400.0,575.0,100.0,0.0,300.0,575.0,275.0
Participant_6654,400.0,375.0,100.0,75.0,300.0,300.0,0.0
Participant_6655,400.0,225.0,100.0,150.0,300.0,75.0,-225.0
Participant_6656,400.0,125.0,100.0,125.0,300.0,0.0,-300.0
Participant_6657,400.0,350.0,100.0,0.0,300.0,350.0,50.0
Participant_6658,400.0,450.0,100.0,225.0,300.0,225.0,-75.0
Participant_6659,400.0,100.0,100.0,100.0,300.0,0.0,-300.0
Participant_6660,400.0,325.0,100.0,375.0,300.0,-50.0,-350.0
Participant_6661,400.0,375.0,100.0,225.0,300.0,150.0,-150.0
Participant_6662,400.0,250.0,100.0,100.0,300.0,150.0,-150.0
Participant_6663,400.0,250.0,100.0,100.0,300.0,150.0,-150.0
Participant_6664,400.0,400.0,100.0,300.0,300.0,100.0,-200.0
Participant_6666,400.0,400.0,100.0,25.0,300.0,375.0,75.0
Participant_6667,400.0,425.0,100.0,350.0,300.0,75.0,-225.0
Participant_6668,400.0,200.0,100.0,200.0,300.0,0.0,-300.0
Participant_6670,400.0,475.0,100.0,175.0,300.0,300.0,0.0
Participant_6672,400.0,300.0,100.0,300.0,300.0,0.0,-300.0
Participant_6674,400.0,150.0,100.0,150.0,300.0,0.0,-300.0
Participant_6675,400.0,350.0,100.0,125.0,300.0,225.0,-75.0
Participant_6676,400.0,250.0,100.0,125.0,300.0,125.0,-175.0
Participant_6678,400.0,225.0,100.0,200.0,300.0,25.0,-275.0
Participant_6679,400.0,475.0,100.0,0.0,300.0,475.0,175.0
Participant_6680,400.0,550.0,100.0,0.0,300.0,550.0,250.0
Participant_6682,400.0,250.0,100.0,200.0,300.0,50.0,-250.0
Participant_6683,400.0,375.0,100.0,200.0,300.0,175.0,-125.0
Participant_6684,400.0,550.0,100.0,0.0,300.0,550.0,250.0
Participant_6685,400.0,525.0,100.0,250.0,300.0,275.0,-25.0
Participant_6686,400.0,250.0,100.0,250.0,300.0,0.0,-300.0
Participant_6687,400.0,475.0,100.0,125.0,300.0,350.0,50.0
Participant_6688,400.0,375.0,100.0,200.0,300.0,175.0,-125.0
Participant_6690,400.0,325.0,100.0,275.0,300.0,50.0,-250.0
Participant_6691,400.0,175.0,100.0,175.0,300.0,0.0,-300.0
Participant_6694,400.0,425.0,100.0,350.0,300.0,75.0,-225.0
Participant_6695,400.0,550.0,100.0,0.0,300.0,550.0,250.0
Participant_6696,400.0,400.0,100.0,400.0,300.0,0.0,-300.0
Participant_6697,400.0,450.0,100.0,0.0,300.0,450.0,150.0
Participant_6698,400.0,625.0,100.0,0.0,300.0,625.0,325.0
Participant_6700,400.0,400.0,100.0,300.0,300.0,100.0,-200.0
Participant_6701,400.0,100.0,100.0,100.0,300.0,0.0,-300.0
Participant_6703,400.0,475.0,100.0,25.0,300.0,450.0,150.0
Participant_6704,400.0,400.0,100.0,400.0,300.0,0.0,-300.0
Participant_6705,400.0,350.0,100.0,350.0,300.0,0.0,-300.0
Participant_6708,400.0,500.0,100.0,0.0,300.0,500.0,200.0
Participant_6709,400.0,600.0,100.0,25.0,300.0,575.0,275.0
Participant_6711,400.0,575.0,100.0,0.0,300.0,575.0,275.0
Participant_6712,400.0,550.0,100.0,25.0,300.0,525.0,225.0
Participant_6715,400.0,400.0,100.0,400.0,300.0,0.0,-300.0
Participant_6716,400.0,250.0,100.0,250.0,300.0,0.0,-300.0
Participant_6717,400.0,350.0,100.0,0.0,300.0,350.0,50.0
Participant_6718,400.0,100.0,100.0,100.0,300.0,0.0,-300.0
Participant_6719,400.0,525.0,100.0,0.0,300.0,525.0,225.0
Participant_6721,400.0,400.0,100.0,0.0,300.0,400.0,100.0
Participant_6722,400.0,350.0,100.0,100.0,300.0,250.0,-50.0
Participant_6723,400.0,575.0,100.0,0.0,300.0,575.0,275.0
Participant_6724,400.0,300.0,100.0,250.0,300.0,50.0,-250.0
Participant_6726,400.0,200.0,100.0,200.0,300.0,0.0,-300.0
Participant_6728,400.0,275.0,100.0,250.0,300.0,25.0,-275.0
Participant_6729,400.0,300.0,100.0,300.0,300.0,0.0,-300.0
Participant_6730,400.0,525.0,100.0,25.0,300.0,500.0,200.0
Participant_6732,400.0,550.0,100.0,75.0,300.0,475.0,175.0
Participant_6734,400.0,400.0,100.0,125.0,300.0,275.0,-25.0
Participant_6735,400.0,425.0,100.0,200.0,300.0,225.0,-75.0
Participant_6736,400.0,300.0,100.0,75.0,300.0,225.0,-75.0
Participant_6737,400.0,225.0,100.0,200.0,300.0,25.0,-275.0
Participant_6738,400.0,525.0,100.0,0.0,300.0,525.0,225.0
Participant_6739,400.0,200.0,100.0,200.0,300.0,0.0,-300.0
Participant_6740,400.0,150.0,100.0,150.0,300.0,0.0,-300.0
Participant_6741,400.0,425.0,100.0,0.0,300.0,425.0,125.0
Participant_6742,400.0,400.0,100.0,325.0,300.0,75.0,-225.0
Participant_6743,400.0,500.0,100.0,25.0,300.0,475.0,175.0
Participant_6744,400.0,550.0,100.0,0.0,300.0,550.0,250.0
Participant_6745,400.0,400.0,100.0,175.0,300.0,225.0,-75.0
Participant_6746,400.0,275.0,100.0,225.0,300.0,50.0,-250.0
Participant_6747,400.0,300.0,100.0,325.0,300.0,-25.0,-325.0
Participant_6748,400.0,525.0,100.0,125.0,300.0,400.0,100.0
Participant_6749,400.0,350.0,100.0,325.0,300.0,25.0,-275.0
Participant_6751,400.0,425.0,100.0,50.0,300.0,375.0,75.0
Participant_6752,400.0,200.0,100.0,200.0,300.0,0.0,-300.0
Participant_6753,400.0,525.0,100.0,25.0,300.0,500.0,200.0
Participant_6754,400.0,100.0,100.0,100.0,300.0,0.0,-300.0
Participant_6755,400.0,125.0,100.0,100.0,300.0,25.0,-275.0
Participant_6756,400.0,475.0,100.0,0.0,300.0,475.0,175.0
Participant_6757,400.0,200.0,100.0,200.0,300.0,0.0,-300.0
Participant_6758,400.0,575.0,100.0,25.0,300.0,550.0,250.0
Participant_6759,400.0,375.0,100.0,0.0,300.0,375.0,75.0
Participant_6761,400.0,350.0,100.0,275.0,300.0,75.0,-225.0
Participant_6762,400.0,575.0,100.0,0.0,300.0,575.0,275.0
Participant_6763,400.0,575.0,100.0,0.0,300.0,575.0,275.0
Participant_6764,400.0,300.0,100.0,300.0,300.0,0.0,-300.0
Participant_6765,400.0,375.0,100.0,400.0,300.0,-25.0,-325.0
Participant_6766,400.0,350.0,100.0,325.0,300.0,25.0,-275.0
Participant_6767,400.0,500.0,100.0,0.0,300.0,500.0,200.0
Participant_6768,400.0,150.0,100.0,150.0,300.0,0.0,-300.0
Participant_6770,400.0,225.0,100.0,200.0,300.0,25.0,-275.0
Participant_6771,400.0,475.0,100.0,0.0,300.0,475.0,175.0
Participant_6772,400.0,350.0,100.0,350.0,300.0,0.0,-300.0
Participant_6773,400.0,400.0,100.0,100.0,300.0,300.0,0.0
Participant_6774,400.0,150.0,100.0,150.0,300.0,0.0,-300.0
Participant_6775,400.0,400.0,100.0,0.0,300.0,400.0,100.0
Participant_6776,400.0,400.0,100.0,125.0,300.0,275.0,-25.0
Participant_6777,400.0,475.0,100.0,25.0,300.0,450.0,150.0
Participant_6778,400.0,225.0,100.0,150.0,300.0,75.0,-225.0
Participant_6779,400.0,400.0,100.0,300.0,300.0,100.0,-200.0
Participant_6780,400.0,400.0,100.0,50.0,300.0,350.0,50.0
Participant_6782,400.0,275.0,100.0,175.0,300.0,100.0,-200.0
Participant_6783,400.0,150.0,100.0,125.0,300.0,25.0,-275.0
Participant_6786,400.0,200.0,100.0,200.0,300.0,0.0,-300.0
Participant_6787,400.0,175.0,100.0,100.0,300.0,75.0,-225.0
Participant_6788,400.0,200.0,100.0,200.0,300.0,0.0,-300.0
Participant_6789,400.0,350.0,100.0,200.0,300.0,150.0,-150.0
Participant_6790,400.0,200.0,100.0,150.0,300.0,50.0,-250.0
Participant_6791,400.0,350.0,100.0,350.0,300.0,0.0,-300.0
Participant_6792,400.0,400.0,100.0,200.0,300.0,200.0,-100.0
Participant_6793,400.0,275.0,100.0,125.0,300.0,150.0,-150.0
Participant_6795,400.0,325.0,100.0,350.0,300.0,-25.0,-325.0
Participant_6796,400.0,575.0,100.0,0.0,300.0,575.0,275.0
Participant_6798,400.0,375.0,100.0,0.0,300.0,375.0,75.0
Participant_6799,400.0,475.0,100.0,25.0,300.0,450.0,150.0
Participant_6801,400.0,200.0,100.0,200.0,300.0,0.0,-300.0
Participant_6802,400.0,225.0,100.0,175.0,300.0,50.0,-250.0
Participant_6803,400.0,525.0,100.0,0.0,300.0,525.0,225.0
Participant_6805,400.0,525.0,100.0,0.0,300.0,525.0,225.0
Participant_6806,400.0,325.0,100.0,0.0,300.0,325.0,25.0
Participant_6809,400.0,400.0,100.0,375.0,300.0,25.0,-275.0
Participant_6810,400.0,350.0,100.0,300.0,300.0,50.0,-250.0
Participant_6812,400.0,525.0,100.0,0.0,300.0,525.0,225.0
Participant_6813,400.0,175.0,100.0,150.0,300.0,25.0,-275.0
Participant_6814,400.0,200.0,100.0,200.0,300.0,0.0,-300.0
Participant_6815,400.0,450.0,100.0,100.0,300.0,350.0,50.0
Participant_6816,400.0,450.0,100.0,200.0,300.0,250.0,-50.0
Participant_6817,400.0,475.0,100.0,200.0,300.0,275.0,-25.0
Participant_6818,400.0,225.0,100.0,200.0,300.0,25.0,-275.0
Participant_6819,400.0,525.0,100.0,125.0,300.0,400.0,100.0
Participant_6821,400.0,400.0,100.0,400.0,300.0,0.0,-300.0
Participant_6822,400.0,350.0,100.0,275.0,300.0,75.0,-225.0
Participant_6823,400.0,300.0,100.0,300.0,300.0,0.0,-300.0
Participant_6824,400.0,325.0,100.0,225.0,300.0,100.0,-200.0
Participant_6827,400.0,350.0,100.0,350.0,300.0,0.0,-300.0
Participant_6828,400.0,400.0,100.0,375.0,300.0,25.0,-275.0
Participant_6829,400.0,450.0,100.0,150.0,300.0,300.0,0.0
Participant_6830,400.0,400.0,100.0,0.0,300.0,400.0,100.0
Participant_6831,400.0,250.0,100.0,75.0,300.0,175.0,-125.0
Participant_6832,400.0,300.0,100.0,300.0,300.0,0.0,-300.0
Participant_6833,400.0,200.0,100.0,200.0,300.0,0.0,-300.0
Participant_6834,400.0,150.0,100.0,100.0,300.0,50.0,-250.0
Participant_6835,400.0,550.0,100.0,0.0,300.0,550.0,250.0
Participant_6836,400.0,300.0,100.0,300.0,300.0,0.0,-300.0
Participant_6837,400.0,175.0,100.0,100.0,300.0,75.0,-225.0
Participant_6838,400.0,500.0,100.0,0.0,300.0,500.0,200.0
Participant_6839,400.0,150.0,100.0,150.0,300.0,0.0,-300.0
Participant_6840,400.0,400.0,100.0,400.0,300.0,0.0,-300.0
Participant_6841,400.0,400.0,100.0,250.0,300.0,150.0,-150.0
Participant_6842,400.0,100.0,100.0,100.0,300.0,0.0,-300.0
Participant_6843,400.0,400.0,100.0,225.0,300.0,175.0,-125.0
Participant_6844,400.0,225.0,100.0,125.0,300.0,100.0,-200.0
Participant_6845,400.0,575.0,100.0,0.0,300.0,575.0,275.0
Participant_6846,400.0,450.0,100.0,100.0,300.0,350.0,50.0
Participant_6847,400.0,350.0,100.0,350.0,300.0,0.0,-300.0
Participant_6848,400.0,275.0,100.0,75.0,300.0,200.0,-100.0
Participant_6849,400.0,200.0,100.0,200.0,300.0,0.0,-300.0
Participant_6850,400.0,150.0,100.0,150.0,300.0,0.0,-300.0
Participant_6851,400.0,475.0,100.0,100.0,300.0,375.0,75.0
Participant_6852,400.0,400.0,100.0,275.0,300.0,125.0,-175.0
Participant_6854,400.0,425.0,100.0,125.0,300.0,300.0,0.0
Participant_6855,400.0,300.0,100.0,300.0,300.0,0.0,-300.0
Participant_6856,400.0,275.0,100.0,250.0,300.0,25.0,-275.0
Participant_6857,400.0,475.0,100.0,100.0,300.0,375.0,75.0
Participant_6858,400.0,300.0,100.0,300.0,300.0,0.0,-300.0
Participant_6859,400.0,550.0,100.0,50.0,300.0,500.0,200.0
Participant_6860,400.0,500.0,100.0,0.0,300.0,500.0,200.0
Participant_6861,400.0,575.0,100.0,0.0,300.0,575.0,275.0
Participant_6863,400.0,275.0,100.0,125.0,300.0,150.0,-150.0
Participant_6864,400.0,400.0,100.0,325.0,300.0,75.0,-225.0
Participant_6866,400.0,300.0,100.0,300.0,300.0,0.0,-300.0
Participant_6868,400.0,100.0,100.0,100.0,300.0,0.0,-300.0
Participant_6869,400.0,475.0,100.0,25.0,300.0,450.0,150.0
Participant_6871,400.0,375.0,100.0,350.0,300.0,25.0,-275.0
Participant_6872,400.0,575.0,100.0,0.0,300.0,575.0,275.0
Participant_6873,400.0,300.0,100.0,150.0,300.0,150.0,-150.0
Participant_6874,400.0,525.0,100.0,0.0,300.0,525.0,225.0
Participant_6875,400.0,250.0,100.0,250.0,300.0,0.0,-300.0
Participant_6876,400.0,200.0,100.0,150.0,300.0,50.0,-250.0
Participant_6877,400.0,375.0,100.0,325.0,300.0,50.0,-250.0
Participant_6878,400.0,550.0,100.0,25.0,300.0,525.0,225.0
Participant_6879,400.0,350.0,100.0,200.0,300.0,150.0,-150.0
Participant_6882,400.0,275.0,100.0,225.0,300.0,50.0,-250.0
Participant_6883,400.0,150.0,100.0,150.0,300.0,0.0,-300.0
Participant_6884,400.0,300.0,100.0,150.0,300.0,150.0,-150.0
Participant_6885,400.0,200.0,100.0,125.0,300.0,75.0,-225.0
Participant_6886,400.0,500.0,100.0,0.0,300.0,500.0,200.0
Participant_6887,400.0,375.0,100.0,300.0,300.0,75.0,-225.0
Participant_6888,400.0,200.0,100.0,200.0,300.0,0.0,-300.0
Participant_6890,400.0,350.0,100.0,250.0,300.0,100.0,-200.0
Participant_6891,400.0,275.0,100.0,275.0,300.0,0.0,-300.0
Participant_6892,400.0,275.0,100.0,250.0,300.0,25.0,-275.0
Participant_6893,400.0,250.0,100.0,250.0,300.0,0.0,-300.0
Participant_6894,400.0,250.0,100.0,75.0,300.0,175.0,-125.0
Participant_6895,400.0,275.0,100.0,325.0,300.0,-50.0,-350.0
Participant_6896,400.0,250.0,100.0,250.0,300.0,0.0,-300.0
Participant_6897,400.0,375.0,100.0,200.0,300.0,175.0,-125.0
Participant_6898,400.0,600.0,100.0,0.0,300.0,600.0,300.0
Participant_6899,400.0,225.0,100.0,250.0,300.0,-25.0,-325.0
Participant_6901,400.0,150.0,100.0,150.0,300.0,0.0,-300.0
Participant_6903,400.0,150.0,100.0,150.0,300.0,0.0,-300.0
Participant_6905,400.0,525.0,100.0,0.0,300.0,525.0,225.0
Participant_6906,400.0,400.0,100.0,225.0,300.0,175.0,-125.0
Participant_6907,400.0,375.0,100.0,300.0,300.0,75.0,-225.0
Participant_6908,400.0,575.0,100.0,0.0,300.0,575.0,275.0
Participant_6909,400.0,275.0,100.0,250.0,300.0,25.0,-275.0
Participant_6910,400.0,250.0,100.0,175.0,300.0,75.0,-225.0
Participant_6911,400.0,350.0,100.0,75.0,300.0,275.0,-25.0
Participant_6912,400.0,350.0,100.0,350.0,300.0,0.0,-300.0
Participant_6913,400.0,450.0,100.0,75.0,300.0,375.0,75.0
Participant_6914,400.0,500.0,100.0,75.0,300.0,425.0,125.0
Participant_6915,400.0,325.0,100.0,125.0,300.0,200.0,-100.0
Participant_6916,400.0,550.0,100.0,75.0,300.0,475.0,175.0
Participant_6917,400.0,525.0,100.0,0.0,300.0,525.0,225.0
Participant_6918,400.0,500.0,100.0,0.0,300.0,500.0,200.0
Participant_6919,400.0,450.0,100.0,175.0,300.0,275.0,-25.0
Participant_6920,400.0,200.0,100.0,225.0,300.0,-25.0,-325.0
Participant_6921,400.0,400.0,100.0,0.0,300.0,400.0,100.0
Participant_6922,400.0,575.0,100.0,125.0,300.0,450.0,150.0
Participant_6923,400.0,575.0,100.0,25.0,300.0,550.0,250.0
Participant_6924,400.0,250.0,100.0,125.0,300.0,125.0,-175.0
Participant_6925,400.0,150.0,100.0,200.0,300.0,-50.0,-350.0
Participant_6927,400.0,525.0,100.0,50.0,300.0,475.0,175.0
Participant_6928,400.0,500.0,100.0,275.0,300.0,225.0,-75.0
Participant_6929,400.0,500.0,100.0,50.0,300.0,450.0,150.0
Participant_6930,400.0,325.0,100.0,125.0,300.0,200.0,-100.0
Participant_6931,400.0,425.0,100.0,100.0,300.0,325.0,25.0
Participant_6932,400.0,250.0,100.0,275.0,300.0,-25.0,-325.0
Participant_6933,400.0,550.0,100.0,0.0,300.0,550.0,250.0
Participant_6934,400.0,300.0,100.0,300.0,300.0,0.0,-300.0
Participant_6935,400.0,425.0,100.0,325.0,300.0,100.0,-200.0
Participant_6936,400.0,475.0,100.0,100.0,300.0,375.0,75.0
Participant_6937,400.0,425.0,100.0,75.0,300.0,350.0,50.0
Participant_6938,400.0,100.0,100.0,100.0,300.0,0.0,-300.0
Participant_6939,400.0,500.0,100.0,125.0,300.0,375.0,75.0
Participant_6940,400.0,300.0,100.0,300.0,300.0,0.0,-300.0
Participant_6942,400.0,475.0,100.0,100.0,300.0,375.0,75.0
Participant_6944,400.0,550.0,100.0,100.0,300.0,450.0,150.0
Participant_6945,400.0,250.0,100.0,250.0,300.0,0.0,-300.0
Participant_6946,400.0,300.0,100.0,75.0,300.0,225.0,-75.0
Participant_6947,400.0,400.0,100.0,400.0,300.0,0.0,-300.0
Participant_6948,400.0,425.0,100.0,225.0,300.0,200.0,-100.0
Participant_6949,400.0,350.0,100.0,350.0,300.0,0.0,-300.0
Participant_6950,400.0,350.0,100.0,350.0,300.0,0.0,-300.0
Participant_6952,400.0,200.0,100.0,200.0,300.0,0.0,-300.0
Participant_6953,400.0,200.0,100.0,200.0,300.0,0.0,-300.0
Participant_6954,400.0,400.0,100.0,275.0,300.0,125.0,-175.0
Participant_6955,400.0,525.0,100.0,0.0,300.0,525.0,225.0
Participant_6956,400.0,200.0,100.0,200.0,300.0,0.0,-300.0
Participant_6957,400.0,400.0,100.0,350.0,300.0,50.0,-250.0
Participant_6958,400.0,300.0,100.0,300.0,300.0,0.0,-300.0
Participant_6959,400.0,200.0,100.0,200.0,300.0,0.0,-300.0
Participant_6960,400.0,350.0,100.0,350.0,300.0,0.0,-300.0
Participant_6961,400.0,525.0,100.0,0.0,300.0,525.0,225.0
Participant_6962,400.0,600.0,100.0,0.0,300.0,600.0,300.0
Participant_6963,400.0,200.0,100.0,200.0,300.0,0.0,-300.0
Participant_6967,400.0,250.0,100.0,225.0,300.0,25.0,-275.0
Participant_6968,400.0,300.0,100.0,300.0,300.0,0.0,-300.0
Participant_6969,400.0,300.0,100.0,100.0,300.0,200.0,-100.0
Participant_6970,400.0,475.0,100.0,275.0,300.0,200.0,-100.0
Participant_6971,400.0,225.0,100.0,250.0,300.0,-25.0,-325.0
Participant_6972,400.0,500.0,100.0,50.0,300.0,450.0,150.0
Participant_6973,400.0,400.0,100.0,25.0,300.0,375.0,75.0
Participant_6974,400.0,400.0,100.0,0.0,300.0,400.0,100.0
Participant_6975,400.0,475.0,100.0,50.0,300.0,425.0,125.0
Participant_6976,400.0,550.0,100.0,25.0,300.0,525.0,225.0
Participant_6977,400.0,300.0,100.0,300.0,300.0,0.0,-300.0
Participant_6978,400.0,600.0,100.0,0.0,300.0,600.0,300.0
Participant_6979,400.0,350.0,100.0,300.0,300.0,50.0,-250.0
Participant_6980,400.0,325.0,100.0,150.0,300.0,175.0,-125.0
Participant_6982,400.0,300.0,100.0,125.0,300.0,175.0,-125.0
Participant_6983,400.0,225.0,100.0,150.0,300.0,75.0,-225.0
Participant_6984,400.0,175.0,100.0,150.0,300.0,25.0,-275.0
Participant_6985,400.0,250.0,100.0,175.0,300.0,75.0,-225.0
Participant_6988,400.0,200.0,100.0,125.0,300.0,75.0,-225.0
Participant_6989,400.0,325.0,100.0,275.0,300.0,50.0,-250.0
Participant_6990,400.0,400.0,100.0,400.0,300.0,0.0,-300.0
Participant_6991,400.0,250.0,100.0,250.0,300.0,0.0,-300.0
Participant_6992,400.0,250.0,100.0,250.0,300.0,0.0,-300.0
Participant_6993,400.0,275.0,100.0,150.0,300.0,125.0,-175.0
Participant_6994,400.0,300.0,100.0,225.0,300.0,75.0,-225.0
Participant_6995,400.0,200.0,100.0,150.0,300.0,50.0,-250.0
Participant_6998,400.0,225.0,100.0,150.0,300.0,75.0,-225.0
Participant_6999,400.0,350.0,100.0,250.0,300.0,100.0,-200.0
Participant_7000,400.0,200.0,100.0,200.0,300.0,0.0,-300.0
Participant_7002,400.0,350.0,100.0,350.0,300.0,0.0,-300.0
Participant_7003,400.0,400.0,100.0,125.0,300.0,275.0,-25.0
Participant_7004,400.0,525.0,100.0,25.0,300.0,500.0,200.0
Participant_7006,400.0,150.0,100.0,125.0,300.0,25.0,-275.0
Participant_7007,400.0,500.0,100.0,25.0,300.0,475.0,175.0
Participant_7008,400.0,250.0,100.0,250.0,300.0,0.0,-300.0
Participant_7009,400.0,425.0,100.0,150.0,300.0,275.0,-25.0
Participant_7010,400.0,200.0,100.0,175.0,300.0,25.0,-275.0
Participant_7012,400.0,150.0,100.0,150.0,300.0,0.0,-300.0
Participant_7013,400.0,600.0,100.0,25.0,300.0,575.0,275.0
Participant_7014,400.0,400.0,100.0,300.0,300.0,100.0,-200.0
Participant_7015,400.0,275.0,100.0,75.0,300.0,200.0,-100.0
Participant_7017,400.0,300.0,100.0,300.0,300.0,0.0,-300.0
Participant_7018,400.0,425.0,100.0,75.0,300.0,350.0,50.0
Participant_7019,400.0,300.0,100.0,150.0,300.0,150.0,-150.0
Participant_7020,400.0,275.0,100.0,300.0,300.0,-25.0,-325.0
Participant_7022,400.0,325.0,100.0,300.0,300.0,25.0,-275.0
Participant_7024,400.0,500.0,100.0,0.0,300.0,500.0,200.0
Participant_7025,400.0,200.0,100.0,50.0,300.0,150.0,-150.0
Participant_7026,400.0,375.0,100.0,75.0,300.0,300.0,0.0
Participant_7027,400.0,225.0,100.0,125.0,300.0,100.0,-200.0
Participant_7028,400.0,250.0,100.0,250.0,300.0,0.0,-300.0
Participant_7029,400.0,325.0,100.0,350.0,300.0,-25.0,-325.0
Participant_7030,400.0,475.0,100.0,0.0,300.0,475.0,175.0
Participant_7031,400.0,200.0,100.0,200.0,300.0,0.0,-300.0
Participant_7032,400.0,250.0,100.0,250.0,300.0,0.0,-300.0
Participant_7033,400.0,575.0,100.0,0.0,300.0,575.0,275.0
Participant_7035,400.0,475.0,100.0,25.0,300.0,450.0,150.0
Participant_7038,400.0,300.0,100.0,75.0,300.0,225.0,-75.0
Participant_7039,400.0,250.0,100.0,250.0,300.0,0.0,-300.0
Participant_7041,400.0,350.0,100.0,325.0,300.0,25.0,-275.0
Participant_7042,400.0,400.0,100.0,200.0,300.0,200.0,-100.0
Participant_7043,400.0,350.0,100.0,350.0,300.0,0.0,-300.0
Participant_7044,400.0,425.0,100.0,0.0,300.0,425.0,125.0
Participant_7045,400.0,450.0,100.0,0.0,300.0,450.0,150.0
Participant_7046,400.0,200.0,100.0,200.0,300.0,0.0,-300.0
Participant_7048,400.0,500.0,100.0,0.0,300.0,500.0,200.0
Participant_7049,400.0,225.0,100.0,100.0,300.0,125.0,-175.0
Participant_7050,400.0,300.0,100.0,300.0,300.0,0.0,-300.0
Participant_7052,400.0,575.0,100.0,0.0,300.0,575.0,275.0
Participant_7053,400.0,400.0,100.0,400.0,300.0,0.0,-300.0
Participant_7054,400.0,475.0,100.0,25.0,300.0,450.0,150.0
Participant_7055,400.0,375.0,100.0,150.0,300.0,225.0,-75.0
Participant_7056,400.0,300.0,100.0,75.0,300.0,225.0,-75.0
Participant_7057,400.0,250.0,100.0,250.0,300.0,0.0,-300.0
Participant_7058,400.0,550.0,100.0,150.0,300.0,400.0,100.0
Participant_7059,400.0,275.0,100.0,100.0,300.0,175.0,-125.0
Participant_7060,400.0,200.0,100.0,200.0,300.0,0.0,-300.0
Participant_7061,400.0,400.0,100.0,350.0,300.0,50.0,-250.0
Participant_7062,400.0,600.0,100.0,0.0,300.0,600.0,300.0
Participant_7063,400.0,575.0,100.0,0.0,300.0,575.0,275.0
Participant_7064,400.0,200.0,100.0,200.0,300.0,0.0,-300.0
Participant_7065,400.0,350.0,100.0,200.0,300.0,150.0,-150.0
Participant_7066,400.0,550.0,100.0,0.0,300.0,550.0,250.0
Participant_7067,400.0,525.0,100.0,25.0,300.0,500.0,200.0
Participant_7068,400.0,400.0,100.0,350.0,300.0,50.0,-250.0
Participant_7069,400.0,325.0,100.0,100.0,300.0,225.0,-75.0
Participant_7070,400.0,600.0,100.0,25.0,300.0,575.0,275.0
Participant_7071,400.0,300.0,100.0,300.0,300.0,0.0,-300.0
Participant_7072,400.0,400.0,100.0,0.0,300.0,400.0,100.0
Participant_7074,400.0,225.0,100.0,150.0,300.0,75.0,-225.0
Participant_7076,400.0,350.0,100.0,175.0,300.0,175.0,-125.0
Participant_7077,400.0,350.0,100.0,200.0,300.0,150.0,-150.0
Participant_7078,400.0,275.0,100.0,150.0,300.0,125.0,-175.0
Participant_7079,400.0,625.0,100.0,0.0,300.0,625.0,325.0
Participant_7080,400.0,250.0,100.0,250.0,300.0,0.0,-300.0
Participant_7081,400.0,400.0,100.0,275.0,300.0,125.0,-175.0
Participant_7082,400.0,275.0,100.0,250.0,300.0,25.0,-275.0
Participant_7083,400.0,300.0,100.0,300.0,300.0,0.0,-300.0
Participant_7085,400.0,300.0,100.0,300.0,300.0,0.0,-300.0
Participant_7086,400.0,200.0,100.0,75.0,300.0,125.0,-175.0
Participant_7087,400.0,600.0,100.0,0.0,300.0,600.0,300.0
Participant_7089,400.0,525.0,100.0,300.0,300.0,225.0,-75.0
Participant_7091,400.0,525.0,100.0,0.0,300.0,525.0,225.0
Participant_7093,400.0,575.0,100.0,0.0,300.0,575.0,275.0
Participant_7095,400.0,200.0,100.0,200.0,300.0,0.0,-300.0
Participant_7096,400.0,150.0,100.0,100.0,300.0,50.0,-250.0
Participant_7097,400.0,325.0,100.0,275.0,300.0,50.0,-250.0
Participant_7098,400.0,225.0,100.0,75.0,300.0,150.0,-150.0
Participant_7099,400.0,250.0,100.0,75.0,300.0,175.0,-125.0
Participant_7101,400.0,100.0,100.0,100.0,300.0,0.0,-300.0
Participant_7102,400.0,400.0,100.0,300.0,300.0,100.0,-200.0
Participant_7103,400.0,100.0,100.0,100.0,300.0,0.0,-300.0
Participant_7104,400.0,175.0,100.0,100.0,300.0,75.0,-225.0
Participant_7105,400.0,325.0,100.0,250.0,300.0,75.0,-225.0
Participant_7106,400.0,575.0,100.0,175.0,300.0,400.0,100.0
Participant_7107,400.0,350.0,100.0,300.0,300.0,50.0,-250.0
Participant_7108,400.0,300.0,100.0,125.0,300.0,175.0,-125.0
Participant_7109,400.0,550.0,100.0,0.0,300.0,550.0,250.0
Participant_7110,400.0,525.0,100.0,125.0,300.0,400.0,100.0
Participant_7111,400.0,575.0,100.0,0.0,300.0,575.0,275.0
Participant_7112,400.0,400.0,100.0,200.0,300.0,200.0,-100.0
Participant_7113,400.0,525.0,100.0,100.0,300.0,425.0,125.0
Participant_7114,400.0,250.0,100.0,250.0,300.0,0.0,-300.0
Participant_7115,400.0,500.0,100.0,0.0,300.0,500.0,200.0
Participant_7116,400.0,575.0,100.0,0.0,300.0,575.0,275.0
Participant_7117,400.0,425.0,100.0,50.0,300.0,375.0,75.0
Participant_7118,400.0,200.0,100.0,200.0,300.0,0.0,-300.0
Participant_7119,400.0,300.0,100.0,50.0,300.0,250.0,-50.0
Participant_7120,400.0,125.0,100.0,100.0,300.0,25.0,-275.0
Participant_7121,400.0,225.0,100.0,150.0,300.0,75.0,-225.0
Participant_7122,400.0,525.0,100.0,0.0,300.0,525.0,225.0
Participant_7123,400.0,475.0,100.0,50.0,300.0,425.0,125.0
Participant_7124,400.0,525.0,100.0,0.0,300.0,525.0,225.0
Participant_7125,400.0,100.0,100.0,100.0,300.0,0.0,-300.0
Participant_7127,400.0,150.0,100.0,100.0,300.0,50.0,-250.0
Participant_7128,400.0,500.0,100.0,25.0,300.0,475.0,175.0
Participant_7130,400.0,350.0,100.0,275.0,300.0,75.0,-225.0
Participant_7131,400.0,275.0,100.0,200.0,300.0,75.0,-225.0
Participant_7132,400.0,200.0,100.0,125.0,300.0,75.0,-225.0
Participant_7133,400.0,350.0,100.0,150.0,300.0,200.0,-100.0
Participant_7134,400.0,475.0,100.0,50.0,300.0,425.0,125.0
Participant_7136,400.0,250.0,100.0,225.0,300.0,25.0,-275.0
Participant_7137,400.0,300.0,100.0,300.0,300.0,0.0,-300.0
Participant_7138,400.0,350.0,100.0,0.0,300.0,350.0,50.0
Participant_7140,400.0,200.0,100.0,200.0,300.0,0.0,-300.0
Participant_7141,400.0,400.0,100.0,400.0,300.0,0.0,-300.0
Participant_7142,400.0,300.0,100.0,300.0,300.0,0.0,-300.0
Participant_7143,400.0,250.0,100.0,250.0,300.0,0.0,-300.0
Participant_7144,400.0,100.0,100.0,100.0,300.0,0.0,-300.0
Participant_7146,400.0,500.0,100.0,0.0,300.0,500.0,200.0
Participant_7147,400.0,250.0,100.0,150.0,300.0,100.0,-200.0
Participant_7149,400.0,500.0,100.0,0.0,300.0,500.0,200.0
Participant_7150,400.0,500.0,100.0,150.0,300.0,350.0,50.0
Participant_7151,400.0,250.0,100.0,275.0,300.0,-25.0,-325.0
Participant_7152,400.0,375.0,100.0,275.0,300.0,100.0,-200.0
Participant_7153,400.0,325.0,100.0,350.0,300.0,-25.0,-325.0
Participant_7154,400.0,150.0,100.0,150.0,300.0,0.0,-300.0
Participant_7155,400.0,400.0,100.0,275.0,300.0,125.0,-175.0
Participant_7156,400.0,325.0,100.0,250.0,300.0,75.0,-225.0
Participant_7159,400.0,575.0,100.0,0.0,300.0,575.0,275.0
Participant_7160,400.0,200.0,100.0,150.0,300.0,50.0,-250.0
Participant_7162,400.0,250.0,100.0,150.0,300.0,100.0,-200.0
Participant_7163,400.0,300.0,100.0,250.0,300.0,50.0,-250.0
Participant_7164,400.0,125.0,100.0,100.0,300.0,25.0,-275.0
Participant_7165,400.0,225.0,100.0,75.0,300.0,150.0,-150.0
Participant_7166,400.0,200.0,100.0,200.0,300.0,0.0,-300.0
Participant_7168,400.0,425.0,100.0,300.0,300.0,125.0,-175.0
Participant_7169,400.0,625.0,100.0,0.0,300.0,625.0,325.0
Participant_7171,400.0,375.0,100.0,175.0,300.0,200.0,-100.0
Participant_7172,400.0,350.0,100.0,350.0,300.0,0.0,-300.0
Participant_7174,400.0,525.0,100.0,25.0,300.0,500.0,200.0
Participant_7175,400.0,475.0,100.0,25.0,300.0,450.0,150.0
Participant_7176,400.0,300.0,100.0,275.0,300.0,25.0,-275.0
Participant_7177,400.0,400.0,100.0,375.0,300.0,25.0,-275.0
Participant_7178,400.0,450.0,100.0,0.0,300.0,450.0,150.0
Participant_7179,400.0,200.0,100.0,175.0,300.0,25.0,-275.0
Participant_7180,400.0,225.0,100.0,175.0,300.0,50.0,-250.0
Participant_7181,400.0,225.0,100.0,175.0,300.0,50.0,-250.0
Participant_7182,400.0,300.0,100.0,300.0,300.0,0.0,-300.0
Participant_7183,400.0,300.0,100.0,275.0,300.0,25.0,-275.0
Participant_7184,400.0,125.0,100.0,75.0,300.0,50.0,-250.0
Participant_7185,400.0,575.0,100.0,25.0,300.0,550.0,250.0
Participant_7186,400.0,225.0,100.0,150.0,300.0,75.0,-225.0
Participant_7187,400.0,350.0,100.0,350.0,300.0,0.0,-300.0
Participant_7188,400.0,200.0,100.0,200.0,300.0,0.0,-300.0
Participant_7189,400.0,275.0,100.0,250.0,300.0,25.0,-275.0
Participant_7191,400.0,100.0,100.0,100.0,300.0,0.0,-300.0
Participant_7193,400.0,175.0,100.0,125.0,300.0,50.0,-250.0
Participant_7194,400.0,250.0,100.0,250.0,300.0,0.0,-300.0
Participant_7196,400.0,575.0,100.0,175.0,300.0,400.0,100.0
Participant_7197,400.0,225.0,100.0,250.0,300.0,-25.0,-325.0
Participant_7198,400.0,550.0,100.0,75.0,300.0,475.0,175.0
Participant_7199,400.0,300.0,100.0,125.0,300.0,175.0,-125.0
Participant_7200,400.0,350.0,100.0,350.0,300.0,0.0,-300.0
Participant_7201,400.0,200.0,100.0,200.0,300.0,0.0,-300.0
Participant_7202,400.0,575.0,100.0,0.0,300.0,575.0,275.0
Participant_7203,400.0,600.0,100.0,25.0,300.0,575.0,275.0
Participant_7204,400.0,400.0,100.0,400.0,300.0,0.0,-300.0
Participant_7205,400.0,150.0,100.0,150.0,300.0,0.0,-300.0
Participant_7206,400.0,600.0,100.0,100.0,300.0,500.0,200.0
Participant_7207,400.0,150.0,100.0,100.0,300.0,50.0,-250.0
Participant_7208,400.0,275.0,100.0,75.0,300.0,200.0,-100.0
Participant_7209,400.0,375.0,100.0,200.0,300.0,175.0,-125.0
Participant_7210,400.0,350.0,100.0,250.0,300.0,100.0,-200.0
Participant_7211,400.0,350.0,100.0,0.0,300.0,350.0,50.0
Participant_7212,400.0,250.0,100.0,250.0,300.0,0.0,-300.0
Participant_7215,400.0,200.0,100.0,200.0,300.0,0.0,-300.0
Participant_7216,400.0,100.0,100.0,100.0,300.0,0.0,-300.0
Participant_7217,400.0,350.0,100.0,125.0,300.0,225.0,-75.0
Participant_7218,400.0,400.0,100.0,300.0,300.0,100.0,-200.0
Participant_7219,400.0,400.0,100.0,400.0,300.0,0.0,-300.0
Participant_7221,400.0,200.0,100.0,200.0,300.0,0.0,-300.0
Participant_7222,400.0,200.0,100.0,100.0,300.0,100.0,-200.0
Participant_7224,400.0,575.0,100.0,0.0,300.0,575.0,275.0
Participant_7225,400.0,100.0,100.0,100.0,300.0,0.0,-300.0
Participant_7226,400.0,600.0,100.0,0.0,300.0,600.0,300.0
Participant_7227,400.0,350.0,100.0,100.0,300.0,250.0,-50.0
Participant_7229,400.0,325.0,100.0,300.0,300.0,25.0,-275.0
Participant_7231,400.0,300.0,100.0,250.0,300.0,50.0,-250.0
Participant_7232,400.0,275.0,100.0,300.0,300.0,-25.0,-325.0
Participant_7233,400.0,300.0,100.0,300.0,300.0,0.0,-300.0
Participant_7234,400.0,200.0,100.0,0.0,300.0,200.0,-100.0
Participant_7235,400.0,300.0,100.0,300.0,300.0,0.0,-300.0
Participant_7236,400.0,525.0,100.0,100.0,300.0,425.0,125.0
Participant_7238,400.0,425.0,100.0,50.0,300.0,375.0,75.0
Participant_7240,400.0,475.0,100.0,25.0,300.0,450.0,150.0
Participant_7241,400.0,400.0,100.0,175.0,300.0,225.0,-75.0
Participant_7242,400.0,100.0,100.0,100.0,300.0,0.0,-300.0
Participant_7245,400.0,325.0,100.0,250.0,300.0,75.0,-225.0
Participant_7246,400.0,200.0,100.0,125.0,300.0,75.0,-225.0
Participant_7247,400.0,350.0,100.0,350.0,300.0,0.0,-300.0
Participant_7248,400.0,100.0,100.0,100.0,300.0,0.0,-300.0
Participant_7249,400.0,400.0,100.0,400.0,300.0,0.0,-300.0
Participant_7250,400.0,600.0,100.0,75.0,300.0,525.0,225.0
Participant_7251,400.0,200.0,100.0,0.0,300.0,200.0,-100.0
Participant_7253,400.0,200.0,100.0,200.0,300.0,0.0,-300.0
Participant_7254,400.0,525.0,100.0,75.0,300.0,450.0,150.0
Participant_7255,400.0,500.0,100.0,125.0,300.0,375.0,75.0
Participant_7256,400.0,350.0,100.0,275.0,300.0,75.0,-225.0
Participant_7257,400.0,475.0,100.0,25.0,300.0,450.0,150.0
Participant_7258,400.0,575.0,100.0,0.0,300.0,575.0,275.0
Participant_7260,400.0,150.0,100.0,150.0,300.0,0.0,-300.0
Participant_7262,400.0,275.0,100.0,250.0,300.0,25.0,-275.0
Participant_7263,400.0,275.0,100.0,125.0,300.0,150.0,-150.0
Participant_7265,400.0,600.0,100.0,0.0,300.0,600.0,300.0
Participant_7266,400.0,350.0,100.0,150.0,300.0,200.0,-100.0
Participant_7267,400.0,475.0,100.0,50.0,300.0,425.0,125.0
Participant_7268,400.0,100.0,100.0,100.0,300.0,0.0,-300.0
Participant_7269,400.0,400.0,100.0,175.0,300.0,225.0,-75.0
Participant_7270,400.0,250.0,100.0,200.0,300.0,50.0,-250.0
Participant_7271,400.0,400.0,100.0,175.0,300.0,225.0,-75.0
Participant_7272,400.0,550.0,100.0,0.0,300.0,550.0,250.0
Participant_7273,400.0,300.0,100.0,75.0,300.0,225.0,-75.0
Participant_7274,400.0,200.0,100.0,200.0,300.0,0.0,-300.0
Participant_7276,400.0,400.0,100.0,375.0,300.0,25.0,-275.0
Participant_7277,400.0,600.0,100.0,0.0,300.0,600.0,300.0
Participant_7278,400.0,375.0,100.0,250.0,300.0,125.0,-175.0
Participant_7279,400.0,375.0,100.0,0.0,300.0,375.0,75.0
Participant_7280,400.0,550.0,100.0,0.0,300.0,550.0,250.0
Participant_7281,400.0,325.0,100.0,150.0,300.0,175.0,-125.0
Participant_7282,400.0,350.0,100.0,175.0,300.0,175.0,-125.0
Participant_7283,400.0,250.0,100.0,250.0,300.0,0.0,-300.0
Participant_7284,400.0,400.0,100.0,350.0,300.0,50.0,-250.0
Participant_7285,400.0,575.0,100.0,25.0,300.0,550.0,250.0
Participant_7286,400.0,400.0,100.0,0.0,300.0,400.0,100.0
Participant_7287,400.0,225.0,100.0,125.0,300.0,100.0,-200.0
Participant_7288,400.0,200.0,100.0,200.0,300.0,0.0,-300.0
Participant_7289,400.0,475.0,100.0,0.0,300.0,475.0,175.0
Participant_7290,400.0,350.0,100.0,300.0,300.0,50.0,-250.0
Participant_7292,400.0,350.0,100.0,250.0,300.0,100.0,-200.0
Participant_7293,400.0,300.0,100.0,125.0,300.0,175.0,-125.0
Participant_7294,400.0,575.0,100.0,25.0,300.0,550.0,250.0
Participant_7295,400.0,150.0,100.0,150.0,300.0,0.0,-300.0
Participant_7296,400.0,300.0,100.0,300.0,300.0,0.0,-300.0
Participant_7297,400.0,475.0,100.0,0.0,300.0,475.0,175.0
Participant_7298,400.0,225.0,100.0,100.0,300.0,125.0,-175.0
Participant_7299,400.0,500.0,100.0,175.0,300.0,325.0,25.0
Participant_7300,400.0,500.0,100.0,0.0,300.0,500.0,200.0
Participant_7301,400.0,200.0,100.0,125.0,300.0,75.0,-225.0
Participant_7303,400.0,425.0,100.0,300.0,300.0,125.0,-175.0
Participant_7304,400.0,400.0,100.0,300.0,300.0,100.0,-200.0
Participant_7305,400.0,250.0,100.0,250.0,300.0,0.0,-300.0
Participant_7306,400.0,200.0,100.0,225.0,300.0,-25.0,-325.0
Participant_7307,400.0,350.0,100.0,275.0,300.0,75.0,-225.0
Participant_7308,400.0,575.0,100.0,25.0,300.0,550.0,250.0
Participant_7309,400.0,350.0,100.0,350.0,300.0,0.0,-300.0
Participant_7310,400.0,300.0,100.0,300.0,300.0,0.0,-300.0
Participant_7311,400.0,400.0,100.0,375.0,300.0,25.0,-275.0
Participant_7313,400.0,400.0,100.0,325.0,300.0,75.0,-225.0
Participant_7314,400.0,350.0,100.0,50.0,300.0,300.0,0.0
Participant_7315,400.0,175.0,100.0,175.0,300.0,0.0,-300.0
Participant_7316,400.0,175.0,100.0,150.0,300.0,25.0,-275.0
Participant_7318,400.0,350.0,100.0,50.0,300.0,300.0,0.0
Participant_7319,400.0,100.0,100.0,100.0,300.0,0.0,-300.0
Participant_7320,400.0,475.0,100.0,50.0,300.0,425.0,125.0
Participant_7321,400.0,300.0,100.0,300.0,300.0,0.0,-300.0
Participant_7322,400.0,475.0,100.0,50.0,300.0,425.0,125.0
Participant_7323,400.0,250.0,100.0,250.0,300.0,0.0,-300.0
Participant_7324,400.0,300.0,100.0,50.0,300.0,250.0,-50.0
Participant_7325,400.0,325.0,100.0,100.0,300.0,225.0,-75.0
Participant_7326,400.0,375.0,100.0,350.0,300.0,25.0,-275.0
Participant_7327,400.0,100.0,100.0,75.0,300.0,25.0,-275.0
Participant_7329,400.0,400.0,100.0,350.0,300.0,50.0,-250.0
Participant_7330,400.0,200.0,100.0,200.0,300.0,0.0,-300.0
Participant_7331,400.0,550.0,100.0,0.0,300.0,550.0,250.0
Participant_7332,400.0,175.0,100.0,175.0,300.0,0.0,-300.0
Participant_7333,400.0,400.0,100.0,25.0,300.0,375.0,75.0
Participant_7335,400.0,550.0,100.0,0.0,300.0,550.0,250.0
Participant_7336,400.0,550.0,100.0,0.0,300.0,550.0,250.0
Participant_7337,400.0,325.0,100.0,175.0,300.0,150.0,-150.0
Participant_7338,400.0,175.0,100.0,100.0,300.0,75.0,-225.0
Participant_7339,400.0,500.0,100.0,25.0,300.0,475.0,175.0
Participant_7340,400.0,425.0,100.0,375.0,300.0,50.0,-250.0
Participant_7341,400.0,400.0,100.0,375.0,300.0,25.0,-275.0
Participant_7342,400.0,325.0,100.0,125.0,300.0,200.0,-100.0
Participant_7343,400.0,425.0,100.0,275.0,300.0,150.0,-150.0
Participant_7344,400.0,400.0,100.0,275.0,300.0,125.0,-175.0
Participant_7345,400.0,350.0,100.0,350.0,300.0,0.0,-300.0
Participant_7346,400.0,550.0,100.0,25.0,300.0,525.0,225.0
Participant_7347,400.0,300.0,100.0,225.0,300.0,75.0,-225.0
Participant_7348,400.0,150.0,100.0,150.0,300.0,0.0,-300.0
Participant_7349,400.0,500.0,100.0,25.0,300.0,475.0,175.0
Participant_7350,400.0,400.0,100.0,375.0,300.0,25.0,-275.0
Participant_7351,400.0,625.0,100.0,0.0,300.0,625.0,325.0
Participant_7352,400.0,100.0,100.0,125.0,300.0,-25.0,-325.0
Participant_7353,400.0,525.0,100.0,200.0,300.0,325.0,25.0
Participant_7354,400.0,350.0,100.0,325.0,300.0,25.0,-275.0
Participant_7355,400.0,600.0,100.0,125.0,300.0,475.0,175.0
Participant_7356,400.0,300.0,100.0,75.0,300.0,225.0,-75.0
Participant_7357,400.0,325.0,100.0,350.0,300.0,-25.0,-325.0
Participant_7358,400.0,525.0,100.0,75.0,300.0,450.0,150.0
Participant_7359,400.0,175.0,100.0,200.0,300.0,-25.0,-325.0
Participant_7360,400.0,550.0,100.0,50.0,300.0,500.0,200.0
Participant_7361,400.0,200.0,100.0,200.0,300.0,0.0,-300.0
Participant_7362,400.0,250.0,100.0,250.0,300.0,0.0,-300.0
Participant_7363,400.0,500.0,100.0,0.0,300.0,500.0,200.0
Participant_7364,400.0,575.0,100.0,0.0,300.0,575.0,275.0
Participant_7365,400.0,400.0,100.0,25.0,300.0,375.0,75.0
Participant_7366,400.0,250.0,100.0,0.0,300.0,250.0,-50.0
Participant_7367,400.0,175.0,100.0,175.0,300.0,0.0,-300.0
Participant_7368,400.0,350.0,100.0,350.0,300.0,0.0,-300.0
Participant_7369,400.0,250.0,100.0,100.0,300.0,150.0,-150.0
Participant_7371,400.0,450.0,100.0,0.0,300.0,450.0,150.0
Participant_7372,400.0,250.0,100.0,0.0,300.0,250.0,-50.0
Participant_7373,400.0,500.0,100.0,0.0,300.0,500.0,200.0
Participant_7374,400.0,475.0,100.0,25.0,300.0,450.0,150.0
Participant_7375,400.0,625.0,100.0,0.0,300.0,625.0,325.0
Participant_7376,400.0,350.0,100.0,350.0,300.0,0.0,-300.0
Participant_7377,400.0,100.0,100.0,100.0,300.0,0.0,-300.0
Participant_7378,400.0,100.0,100.0,100.0,300.0,0.0,-300.0
Participant_7379,400.0,425.0,100.0,25.0,300.0,400.0,100.0
Participant_7380,400.0,100.0,100.0,100.0,300.0,0.0,-300.0
Participant_7381,400.0,325.0,100.0,125.0,300.0,200.0,-100.0
Participant_7382,400.0,350.0,100.0,175.0,300.0,175.0,-125.0
Participant_7383,400.0,100.0,100.0,100.0,300.0,0.0,-300.0
Participant_7384,400.0,400.0,100.0,250.0,300.0,150.0,-150.0
Participant_7385,400.0,550.0,100.0,0.0,300.0,550.0,250.0
Participant_7386,400.0,250.0,100.0,200.0,300.0,50.0,-250.0
Participant_7387,400.0,600.0,100.0,0.0,300.0,600.0,300.0
Participant_7388,400.0,425.0,100.0,75.0,300.0,350.0,50.0
Participant_7390,400.0,325.0,100.0,175.0,300.0,150.0,-150.0
Participant_7391,400.0,275.0,100.0,150.0,300.0,125.0,-175.0
Participant_7392,400.0,275.0,100.0,250.0,300.0,25.0,-275.0
Participant_7393,400.0,525.0,100.0,0.0,300.0,525.0,225.0
Participant_7394,400.0,250.0,100.0,250.0,300.0,0.0,-300.0
Participant_7395,400.0,450.0,100.0,300.0,300.0,150.0,-150.0
Participant_7396,400.0,300.0,100.0,150.0,300.0,150.0,-150.0
Participant_7397,400.0,300.0,100.0,300.0,300.0,0.0,-300.0
Participant_7399,400.0,475.0,100.0,25.0,300.0,450.0,150.0
Participant_7400,400.0,300.0,100.0,300.0,300.0,0.0,-300.0
Participant_7401,400.0,325.0,100.0,300.0,300.0,25.0,-275.0
Participant_7402,400.0,200.0,100.0,200.0,300.0,0.0,-300.0
Participant_7403,400.0,350.0,100.0,100.0,300.0,250.0,-50.0
Participant_7404,400.0,350.0,100.0,350.0,300.0,0.0,-300.0
Participant_7405,400.0,600.0,100.0,0.0,300.0,600.0,300.0
Participant_7406,400.0,300.0,100.0,275.0,300.0,25.0,-275.0
Participant_7407,400.0,250.0,100.0,250.0,300.0,0.0,-300.0
Participant_7409,400.0,100.0,100.0,100.0,300.0,0.0,-300.0
Participant_7410,400.0,125.0,100.0,125.0,300.0,0.0,-300.0
Participant_7411,400.0,475.0,100.0,50.0,300.0,425.0,125.0
Participant_7412,400.0,475.0,100.0,275.0,300.0,200.0,-100.0
Participant_7414,400.0,425.0,100.0,0.0,300.0,425.0,125.0
Participant_7415,400.0,525.0,100.0,0.0,300.0,525.0,225.0
Participant_7416,400.0,350.0,100.0,350.0,300.0,0.0,-300.0
Participant_7417,400.0,400.0,100.0,350.0,300.0,50.0,-250.0
Participant_7418,400.0,350.0,100.0,200.0,300.0,150.0,-150.0
Participant_7419,400.0,400.0,100.0,325.0,300.0,75.0,-225.0
Participant_7420,400.0,375.0,100.0,75.0,300.0,300.0,0.0
Participant_7421,400.0,500.0,100.0,75.0,300.0,425.0,125.0
Participant_7423,400.0,550.0,100.0,0.0,300.0,550.0,250.0
Participant_7425,400.0,150.0,100.0,150.0,300.0,0.0,-300.0
Participant_7426,400.0,325.0,100.0,75.0,300.0,250.0,-50.0
Participant_7427,400.0,500.0,100.0,75.0,300.0,425.0,125.0
Participant_7429,400.0,300.0,100.0,100.0,300.0,200.0,-100.0
Participant_7430,400.0,325.0,100.0,100.0,300.0,225.0,-75.0
Participant_7431,400.0,275.0,100.0,325.0,300.0,-50.0,-350.0
Participant_7432,400.0,400.0,100.0,375.0,300.0,25.0,-275.0
Participant_7433,400.0,600.0,100.0,150.0,300.0,450.0,150.0
Participant_7434,400.0,325.0,100.0,300.0,300.0,25.0,-275.0
Participant_7435,400.0,475.0,100.0,75.0,300.0,400.0,100.0
Participant_7436,400.0,175.0,100.0,150.0,300.0,25.0,-275.0
Participant_7437,400.0,525.0,100.0,50.0,300.0,475.0,175.0
Participant_7438,400.0,150.0,100.0,150.0,300.0,0.0,-300.0
Participant_7439,400.0,525.0,100.0,50.0,300.0,475.0,175.0
Participant_7440,400.0,550.0,100.0,25.0,300.0,525.0,225.0
Participant_7441,400.0,350.0,100.0,350.0,300.0,0.0,-300.0
Participant_7442,400.0,525.0,100.0,0.0,300.0,525.0,225.0
Participant_7443,400.0,550.0,100.0,0.0,300.0,550.0,250.0
Participant_7444,400.0,300.0,100.0,275.0,300.0,25.0,-275.0
Participant_7445,400.0,375.0,100.0,300.0,300.0,75.0,-225.0
Participant_7446,400.0,250.0,100.0,250.0,300.0,0.0,-300.0
Participant_7447,400.0,400.0,100.0,100.0,300.0,300.0,0.0
Participant_7448,400.0,475.0,100.0,0.0,300.0,475.0,175.0
Participant_7449,400.0,200.0,100.0,200.0,300.0,0.0,-300.0
Participant_7450,400.0,525.0,100.0,25.0,300.0,500.0,200.0
Participant_7451,400.0,525.0,100.0,0.0,300.0,525.0,225.0
Participant_7452,400.0,400.0,100.0,175.0,300.0,225.0,-75.0
Participant_7453,400.0,250.0,100.0,250.0,300.0,0.0,-300.0
Participant_7454,400.0,400.0,100.0,350.0,300.0,50.0,-250.0
Participant_7456,400.0,275.0,100.0,100.0,300.0,175.0,-125.0
Participant_7457,400.0,550.0,100.0,0.0,300.0,550.0,250.0
Participant_7458,400.0,525.0,100.0,0.0,300.0,525.0,225.0
Participant_7459,400.0,350.0,100.0,50.0,300.0,300.0,0.0
Participant_7461,400.0,225.0,100.0,100.0,300.0,125.0,-175.0
Participant_7462,400.0,350.0,100.0,350.0,300.0,0.0,-300.0
Participant_7463,400.0,300.0,100.0,300.0,300.0,0.0,-300.0
Participant_7464,400.0,200.0,100.0,200.0,300.0,0.0,-300.0
Participant_7465,400.0,475.0,100.0,175.0,300.0,300.0,0.0
Participant_7466,400.0,600.0,100.0,0.0,300.0,600.0,300.0
Participant_7467,400.0,625.0,100.0,0.0,300.0,625.0,325.0
Participant_7468,400.0,450.0,100.0,25.0,300.0,425.0,125.0
Participant_7469,400.0,350.0,100.0,150.0,300.0,200.0,-100.0
Participant_7470,400.0,350.0,100.0,350.0,300.0,0.0,-300.0
Participant_7471,400.0,400.0,100.0,400.0,300.0,0.0,-300.0
Participant_7472,400.0,575.0,100.0,0.0,300.0,575.0,275.0
Participant_7473,400.0,375.0,100.0,225.0,300.0,150.0,-150.0
Participant_7474,400.0,325.0,100.0,150.0,300.0,175.0,-125.0
Participant_7476,400.0,250.0,100.0,250.0,300.0,0.0,-300.0
Participant_7477,400.0,525.0,100.0,25.0,300.0,500.0,200.0
Participant_7478,400.0,450.0,100.0,325.0,300.0,125.0,-175.0
Participant_7479,400.0,250.0,100.0,250.0,300.0,0.0,-300.0
Participant_7480,400.0,175.0,100.0,225.0,300.0,-50.0,-350.0
Participant_7481,400.0,400.0,100.0,400.0,300.0,0.0,-300.0
Participant_7482,400.0,475.0,100.0,0.0,300.0,475.0,175.0
Participant_7483,400.0,250.0,100.0,250.0,300.0,0.0,-300.0
Participant_7484,400.0,250.0,100.0,250.0,300.0,0.0,-300.0
Participant_7485,400.0,375.0,100.0,375.0,300.0,0.0,-300.0
Participant_7486,400.0,300.0,100.0,300.0,300.0,0.0,-300.0
Participant_7488,400.0,525.0,100.0,250.0,300.0,275.0,-25.0
Participant_7490,400.0,250.0,100.0,275.0,300.0,-25.0,-325.0
Participant_7491,400.0,550.0,100.0,50.0,300.0,500.0,200.0
Participant_7493,400.0,200.0,100.0,100.0,300.0,100.0,-200.0
Participant_7494,400.0,550.0,100.0,0.0,300.0,550.0,250.0
Participant_7496,400.0,325.0,100.0,0.0,300.0,325.0,25.0
Participant_7497,400.0,350.0,100.0,350.0,300.0,0.0,-300.0
Participant_7498,400.0,275.0,100.0,200.0,300.0,75.0,-225.0
Participant_7499,400.0,250.0,100.0,250.0,300.0,0.0,-300.0
Participant_7500,400.0,325.0,100.0,275.0,300.0,50.0,-250.0
Participant_7501,400.0,225.0,100.0,50.0,300.0,175.0,-125.0
Participant_7502,400.0,575.0,100.0,0.0,300.0,575.0,275.0
Participant_7503,400.0,550.0,100.0,325.0,300.0,225.0,-75.0
Participant_7504,400.0,125.0,100.0,75.0,300.0,50.0,-250.0
Participant_7506,400.0,225.0,100.0,200.0,300.0,25.0,-275.0
Participant_7507,400.0,525.0,100.0,0.0,300.0,525.0,225.0
Participant_7508,400.0,250.0,100.0,250.0,300.0,0.0,-300.0
Participant_7509,400.0,300.0,100.0,250.0,300.0,50.0,-250.0
Participant_7510,400.0,200.0,100.0,75.0,300.0,125.0,-175.0
Participant_7511,400.0,525.0,100.0,275.0,300.0,250.0,-50.0
Participant_7512,400.0,525.0,100.0,0.0,300.0,525.0,225.0
Participant_7513,400.0,375.0,100.0,275.0,300.0,100.0,-200.0
Participant_7514,400.0,425.0,100.0,225.0,300.0,200.0,-100.0
Participant_7515,400.0,575.0,100.0,0.0,300.0,575.0,275.0
Participant_7517,400.0,100.0,100.0,100.0,300.0,0.0,-300.0
Participant_7518,400.0,175.0,100.0,75.0,300.0,100.0,-200.0
Participant_7519,400.0,250.0,100.0,250.0,300.0,0.0,-300.0
Participant_7520,400.0,375.0,100.0,100.0,300.0,275.0,-25.0
Participant_7521,400.0,450.0,100.0,75.0,300.0,375.0,75.0
Participant_7522,400.0,350.0,100.0,350.0,300.0,0.0,-300.0
Participant_7523,400.0,325.0,100.0,225.0,300.0,100.0,-200.0
Participant_7524,400.0,350.0,100.0,75.0,300.0,275.0,-25.0
Participant_7525,400.0,550.0,100.0,0.0,300.0,550.0,250.0
Participant_7526,400.0,600.0,100.0,0.0,300.0,600.0,300.0
Participant_7527,400.0,200.0,100.0,225.0,300.0,-25.0,-325.0
Participant_7528,400.0,400.0,100.0,200.0,300.0,200.0,-100.0
Participant_7529,400.0,500.0,100.0,0.0,300.0,500.0,200.0
Participant_7530,400.0,200.0,100.0,75.0,300.0,125.0,-175.0
Participant_7531,400.0,525.0,100.0,0.0,300.0,525.0,225.0
Participant_7532,400.0,300.0,100.0,125.0,300.0,175.0,-125.0
Participant_7533,400.0,400.0,100.0,0.0,300.0,400.0,100.0
Participant_7535,400.0,175.0,100.0,150.0,300.0,25.0,-275.0
Participant_7536,400.0,625.0,100.0,25.0,300.0,600.0,300.0
Participant_7537,400.0,425.0,100.0,25.0,300.0,400.0,100.0
Participant_7538,400.0,525.0,100.0,100.0,300.0,425.0,125.0
Participant_7539,400.0,325.0,100.0,350.0,300.0,-25.0,-325.0
Participant_7540,400.0,450.0,100.0,300.0,300.0,150.0,-150.0
Participant_7541,400.0,100.0,100.0,100.0,300.0,0.0,-300.0
Participant_7542,400.0,350.0,100.0,350.0,300.0,0.0,-300.0
Participant_7543,400.0,275.0,100.0,200.0,300.0,75.0,-225.0
Participant_7544,400.0,525.0,100.0,0.0,300.0,525.0,225.0
Participant_7545,400.0,450.0,100.0,200.0,300.0,250.0,-50.0
Participant_7547,400.0,600.0,100.0,0.0,300.0,600.0,300.0
Participant_7548,400.0,300.0,100.0,300.0,300.0,0.0,-300.0
Participant_7549,400.0,300.0,100.0,300.0,300.0,0.0,-300.0
Participant_7550,400.0,350.0,100.0,225.0,300.0,125.0,-175.0
Participant_7552,400.0,400.0,100.0,175.0,300.0,225.0,-75.0
Participant_7553,400.0,450.0,100.0,0.0,300.0,450.0,150.0
Participant_7554,400.0,150.0,100.0,100.0,300.0,50.0,-250.0
Participant_7555,400.0,475.0,100.0,50.0,300.0,425.0,125.0
Participant_7556,400.0,500.0,100.0,25.0,300.0,475.0,175.0
Participant_7557,400.0,175.0,100.0,150.0,300.0,25.0,-275.0
Participant_7558,400.0,125.0,100.0,75.0,300.0,50.0,-250.0
Participant_7559,400.0,325.0,100.0,225.0,300.0,100.0,-200.0
Participant_7560,400.0,350.0,100.0,225.0,300.0,125.0,-175.0
Participant_7562,400.0,300.0,100.0,175.0,300.0,125.0,-175.0
Participant_7563,400.0,625.0,100.0,0.0,300.0,625.0,325.0
Participant_7564,400.0,325.0,100.0,175.0,300.0,150.0,-150.0
Participant_7565,400.0,250.0,100.0,225.0,300.0,25.0,-275.0
Participant_7567,400.0,575.0,100.0,0.0,300.0,575.0,275.0
Participant_7568,400.0,200.0,100.0,75.0,300.0,125.0,-175.0
Participant_7569,400.0,550.0,100.0,0.0,300.0,550.0,250.0
Participant_7570,400.0,500.0,100.0,225.0,300.0,275.0,-25.0
Participant_7571,400.0,350.0,100.0,350.0,300.0,0.0,-300.0
Participant_7572,400.0,300.0,100.0,300.0,300.0,0.0,-300.0
Participant_7573,400.0,175.0,100.0,100.0,300.0,75.0,-225.0
Participant_7574,400.0,525.0,100.0,0.0,300.0,525.0,225.0
Participant_7576,400.0,175.0,100.0,175.0,300.0,0.0,-300.0
Participant_7577,400.0,425.0,100.0,150.0,300.0,275.0,-25.0
Participant_7579,400.0,350.0,100.0,150.0,300.0,200.0,-100.0
Participant_7580,400.0,575.0,100.0,0.0,300.0,575.0,275.0
Participant_7581,400.0,150.0,100.0,150.0,300.0,0.0,-300.0
Participant_7582,400.0,250.0,100.0,275.0,300.0,-25.0,-325.0
Participant_7583,400.0,350.0,100.0,75.0,300.0,275.0,-25.0
Participant_7584,400.0,525.0,100.0,200.0,300.0,325.0,25.0
Participant_7585,400.0,500.0,100.0,25.0,300.0,475.0,175.0
Participant_7586,400.0,175.0,100.0,50.0,300.0,125.0,-175.0
Participant_7587,400.0,200.0,100.0,200.0,300.0,0.0,-300.0
Participant_7589,400.0,575.0,100.0,175.0,300.0,400.0,100.0
Participant_7590,400.0,250.0,100.0,250.0,300.0,0.0,-300.0
Participant_7593,400.0,475.0,100.0,50.0,300.0,425.0,125.0
Participant_7594,400.0,500.0,100.0,0.0,300.0,500.0,200.0
Participant_7595,400.0,400.0,100.0,275.0,300.0,125.0,-175.0
Participant_7597,400.0,325.0,100.0,175.0,300.0,150.0,-150.0
Participant_7598,400.0,225.0,100.0,125.0,300.0,100.0,-200.0
Participant_7599,400.0,325.0,100.0,250.0,300.0,75.0,-225.0
Participant_7600,400.0,400.0,100.0,375.0,300.0,25.0,-275.0
Participant_7602,400.0,625.0,100.0,0.0,300.0,625.0,325.0
Participant_7603,400.0,350.0,100.0,75.0,300.0,275.0,-25.0
Participant_7605,400.0,575.0,100.0,275.0,300.0,300.0,0.0
Participant_7606,400.0,150.0,100.0,150.0,300.0,0.0,-300.0
Participant_7607,400.0,550.0,100.0,25.0,300.0,525.0,225.0
Participant_7610,400.0,200.0,100.0,200.0,300.0,0.0,-300.0
Participant_7611,400.0,150.0,100.0,125.0,300.0,25.0,-275.0
Participant_7612,400.0,300.0,100.0,25.0,300.0,275.0,-25.0
Participant_7613,400.0,400.0,100.0,300.0,300.0,100.0,-200.0
Participant_7614,400.0,525.0,100.0,0.0,300.0,525.0,225.0
Participant_7615,400.0,125.0,100.0,100.0,300.0,25.0,-275.0
Participant_7616,400.0,125.0,100.0,100.0,300.0,25.0,-275.0
Participant_7617,400.0,325.0,100.0,150.0,300.0,175.0,-125.0
Participant_7620,400.0,225.0,100.0,150.0,300.0,75.0,-225.0
Participant_7621,400.0,525.0,100.0,0.0,300.0,525.0,225.0
Participant_7622,400.0,400.0,100.0,225.0,300.0,175.0,-125.0
Participant_7623,400.0,525.0,100.0,50.0,300.0,475.0,175.0
Participant_7624,400.0,400.0,100.0,50.0,300.0,350.0,50.0
Participant_7625,400.0,550.0,100.0,0.0,300.0,550.0,250.0
Participant_7626,400.0,300.0,100.0,250.0,300.0,50.0,-250.0
Participant_7627,400.0,525.0,100.0,275.0,300.0,250.0,-50.0
Participant_7628,400.0,350.0,100.0,325.0,300.0,25.0,-275.0
Participant_7630,400.0,200.0,100.0,175.0,300.0,25.0,-275.0
Participant_7631,400.0,425.0,100.0,225.0,300.0,200.0,-100.0
Participant_7632,400.0,350.0,100.0,0.0,300.0,350.0,50.0
Participant_7633,400.0,550.0,100.0,0.0,300.0,550.0,250.0
Participant_7634,400.0,275.0,100.0,175.0,300.0,100.0,-200.0
Participant_7635,400.0,425.0,100.0,0.0,300.0,425.0,125.0
Participant_7636,400.0,150.0,100.0,100.0,300.0,50.0,-250.0
Participant_7637,400.0,275.0,100.0,125.0,300.0,150.0,-150.0
Participant_7638,400.0,575.0,100.0,0.0,300.0,575.0,275.0
Participant_7639,400.0,200.0,100.0,200.0,300.0,0.0,-300.0
Participant_7640,400.0,550.0,100.0,0.0,300.0,550.0,250.0
Participant_7641,400.0,300.0,100.0,300.0,300.0,0.0,-300.0
Participant_7642,400.0,200.0,100.0,200.0,300.0,0.0,-300.0
Participant_7643,400.0,350.0,100.0,275.0,300.0,75.0,-225.0
Participant_7645,400.0,125.0,100.0,100.0,300.0,25.0,-275.0
Participant_7646,400.0,300.0,100.0,300.0,300.0,0.0,-300.0
Participant_7647,400.0,175.0,100.0,100.0,300.0,75.0,-225.0
Participant_7648,400.0,350.0,100.0,350.0,300.0,0.0,-300.0
Participant_7649,400.0,525.0,100.0,200.0,300.0,325.0,25.0
Participant_7650,400.0,200.0,100.0,200.0,300.0,0.0,-300.0
Participant_7651,400.0,350.0,100.0,200.0,300.0,150.0,-150.0
Participant_7652,400.0,525.0,100.0,50.0,300.0,475.0,175.0
Participant_7653,400.0,525.0,100.0,0.0,300.0,525.0,225.0
Participant_7654,400.0,600.0,100.0,0.0,300.0,600.0,300.0
Participant_7655,400.0,400.0,100.0,125.0,300.0,275.0,-25.0
Participant_7658,400.0,325.0,100.0,125.0,300.0,200.0,-100.0
Participant_7659,400.0,400.0,100.0,150.0,300.0,250.0,-50.0
Participant_7660,400.0,100.0,100.0,100.0,300.0,0.0,-300.0
Participant_7661,400.0,350.0,100.0,350.0,300.0,0.0,-300.0
Participant_7662,400.0,200.0,100.0,225.0,300.0,-25.0,-325.0
Participant_7664,400.0,450.0,100.0,75.0,300.0,375.0,75.0
Participant_7665,400.0,225.0,100.0,200.0,300.0,25.0,-275.0
Participant_7667,400.0,200.0,100.0,200.0,300.0,0.0,-300.0
Participant_7668,400.0,200.0,100.0,200.0,300.0,0.0,-300.0
Participant_7669,400.0,575.0,100.0,0.0,300.0,575.0,275.0
Participant_7672,400.0,125.0,100.0,100.0,300.0,25.0,-275.0
Participant_7673,400.0,300.0,100.0,275.0,300.0,25.0,-275.0
Participant_7674,400.0,475.0,100.0,100.0,300.0,375.0,75.0
Participant_7675,400.0,350.0,100.0,325.0,300.0,25.0,-275.0
Participant_7676,400.0,425.0,100.0,250.0,300.0,175.0,-125.0
Participant_7677,400.0,500.0,100.0,0.0,300.0,500.0,200.0
Participant_7678,400.0,200.0,100.0,75.0,300.0,125.0,-175.0
Participant_7679,400.0,175.0,100.0,150.0,300.0,25.0,-275.0
Participant_7680,400.0,400.0,100.0,400.0,300.0,0.0,-300.0
Participant_7681,400.0,500.0,100.0,0.0,300.0,500.0,200.0
Participant_7682,400.0,525.0,100.0,150.0,300.0,375.0,75.0
Participant_7683,400.0,175.0,100.0,150.0,300.0,25.0,-275.0
Participant_7684,400.0,350.0,100.0,300.0,300.0,50.0,-250.0
Participant_7687,400.0,525.0,100.0,0.0,300.0,525.0,225.0
Participant_7688,400.0,300.0,100.0,300.0,300.0,0.0,-300.0
Participant_7689,400.0,575.0,100.0,0.0,300.0,575.0,275.0
Participant_7690,400.0,575.0,100.0,300.0,300.0,275.0,-25.0
Participant_7691,400.0,250.0,100.0,250.0,300.0,0.0,-300.0
Participant_7692,400.0,250.0,100.0,100.0,300.0,150.0,-150.0
Participant_7693,400.0,475.0,100.0,25.0,300.0,450.0,150.0
Participant_7694,400.0,200.0,100.0,125.0,300.0,75.0,-225.0
Participant_7695,400.0,400.0,100.0,400.0,300.0,0.0,-300.0
Participant_7696,400.0,400.0,100.0,75.0,300.0,325.0,25.0
Participant_7697,400.0,250.0,100.0,75.0,300.0,175.0,-125.0
Participant_7698,400.0,400.0,100.0,200.0,300.0,200.0,-100.0
Participant_7699,400.0,425.0,100.0,75.0,300.0,350.0,50.0
Participant_7700,400.0,325.0,100.0,350.0,300.0,-25.0,-325.0
Participant_7702,400.0,175.0,100.0,150.0,300.0,25.0,-275.0
Participant_7703,400.0,400.0,100.0,350.0,300.0,50.0,-250.0
Participant_7704,400.0,200.0,100.0,200.0,300.0,0.0,-300.0
Participant_7706,400.0,400.0,100.0,300.0,300.0,100.0,-200.0
Participant_7708,400.0,450.0,100.0,25.0,300.0,425.0,125.0
Participant_7709,400.0,575.0,100.0,0.0,300.0,575.0,275.0
Participant_7710,400.0,475.0,100.0,250.0,300.0,225.0,-75.0
Participant_7711,400.0,575.0,100.0,0.0,300.0,575.0,275.0
Participant_7712,400.0,400.0,100.0,0.0,300.0,400.0,100.0
Participant_7713,400.0,625.0,100.0,175.0,300.0,450.0,150.0
Participant_7714,400.0,350.0,100.0,350.0,300.0,0.0,-300.0
Participant_7715,400.0,625.0,100.0,0.0,300.0,625.0,325.0
Participant_7716,400.0,400.0,100.0,400.0,300.0,0.0,-300.0
Participant_7718,400.0,475.0,100.0,25.0,300.0,450.0,150.0
Participant_7719,400.0,525.0,100.0,25.0,300.0,500.0,200.0
Participant_7720,400.0,250.0,100.0,250.0,300.0,0.0,-300.0
Participant_7721,400.0,175.0,100.0,150.0,300.0,25.0,-275.0
Participant_7722,400.0,500.0,100.0,50.0,300.0,450.0,150.0
Participant_7723,400.0,300.0,100.0,300.0,300.0,0.0,-300.0
Participant_7724,400.0,200.0,100.0,200.0,300.0,0.0,-300.0
Participant_7725,400.0,425.0,100.0,0.0,300.0,425.0,125.0
Participant_7726,400.0,325.0,100.0,275.0,300.0,50.0,-250.0
Participant_7727,400.0,200.0,100.0,75.0,300.0,125.0,-175.0
Participant_7728,400.0,400.0,100.0,375.0,300.0,25.0,-275.0
Participant_7730,400.0,575.0,100.0,0.0,300.0,575.0,275.0
Participant_7731,400.0,375.0,100.0,175.0,300.0,200.0,-100.0
Participant_7732,400.0,175.0,100.0,100.0,300.0,75.0,-225.0
Participant_7734,400.0,475.0,100.0,25.0,300.0,450.0,150.0
Participant_7735,400.0,125.0,100.0,100.0,300.0,25.0,-275.0
Participant_7738,400.0,525.0,100.0,25.0,300.0,500.0,200.0
Participant_7739,400.0,600.0,100.0,0.0,300.0,600.0,300.0
Participant_7741,400.0,425.0,100.0,75.0,300.0,350.0,50.0
Participant_7742,400.0,250.0,100.0,275.0,300.0,-25.0,-325.0
Participant_7745,400.0,250.0,100.0,250.0,300.0,0.0,-300.0
Participant_7746,400.0,150.0,100.0,150.0,300.0,0.0,-300.0
Participant_7747,400.0,150.0,100.0,150.0,300.0,0.0,-300.0
Participant_7748,400.0,375.0,100.0,0.0,300.0,375.0,75.0
Participant_7749,400.0,200.0,100.0,200.0,300.0,0.0,-300.0
Participant_7750,400.0,450.0,100.0,25.0,300.0,425.0,125.0
Participant_7751,400.0,500.0,100.0,25.0,300.0,475.0,175.0
Participant_7752,400.0,300.0,100.0,300.0,300.0,0.0,-300.0
Participant_7754,400.0,225.0,100.0,100.0,300.0,125.0,-175.0
Participant_7755,400.0,300.0,100.0,300.0,300.0,0.0,-300.0
Participant_7756,400.0,400.0,100.0,400.0,300.0,0.0,-300.0
Participant_7757,400.0,475.0,100.0,75.0,300.0,400.0,100.0
Participant_7758,400.0,250.0,100.0,100.0,300.0,150.0,-150.0
Participant_7759,400.0,300.0,100.0,300.0,300.0,0.0,-300.0
Participant_7760,400.0,350.0,100.0,325.0,300.0,25.0,-275.0
Participant_7761,400.0,350.0,100.0,275.0,300.0,75.0,-225.0
Participant_7762,400.0,600.0,100.0,0.0,300.0,600.0,300.0
Participant_7763,400.0,250.0,100.0,250.0,300.0,0.0,-300.0
Participant_7764,400.0,150.0,100.0,150.0,300.0,0.0,-300.0
Participant_7765,400.0,350.0,100.0,225.0,300.0,125.0,-175.0
Participant_7766,400.0,400.0,100.0,350.0,300.0,50.0,-250.0
Participant_7767,400.0,525.0,100.0,0.0,300.0,525.0,225.0
Participant_7768,400.0,400.0,100.0,0.0,300.0,400.0,100.0
Participant_7769,400.0,100.0,100.0,100.0,300.0,0.0,-300.0
Participant_7770,400.0,525.0,100.0,0.0,300.0,525.0,225.0
Participant_7771,400.0,250.0,100.0,250.0,300.0,0.0,-300.0
Participant_7772,400.0,400.0,100.0,375.0,300.0,25.0,-275.0
Participant_7774,400.0,450.0,100.0,50.0,300.0,400.0,100.0
Participant_7775,400.0,550.0,100.0,0.0,300.0,550.0,250.0
Participant_7776,400.0,250.0,100.0,125.0,300.0,125.0,-175.0
Participant_7777,400.0,300.0,100.0,150.0,300.0,150.0,-150.0
Participant_7779,400.0,275.0,100.0,250.0,300.0,25.0,-275.0
Participant_7781,400.0,525.0,100.0,0.0,300.0,525.0,225.0
Participant_7782,400.0,500.0,100.0,250.0,300.0,250.0,-50.0
Participant_7783,400.0,525.0,100.0,0.0,300.0,525.0,225.0
Participant_7784,400.0,225.0,100.0,150.0,300.0,75.0,-225.0
Participant_7785,400.0,350.0,100.0,250.0,300.0,100.0,-200.0
Participant_7786,400.0,350.0,100.0,225.0,300.0,125.0,-175.0
Participant_7787,400.0,375.0,100.0,150.0,300.0,225.0,-75.0
Participant_7788,400.0,350.0,100.0,325.0,300.0,25.0,-275.0
Participant_7789,400.0,525.0,100.0,0.0,300.0,525.0,225.0
Participant_7790,400.0,200.0,100.0,200.0,300.0,0.0,-300.0
Participant_7791,400.0,350.0,100.0,250.0,300.0,100.0,-200.0
Participant_7792,400.0,200.0,100.0,150.0,300.0,50.0,-250.0
Participant_7793,400.0,550.0,100.0,0.0,300.0,550.0,250.0
Participant_7794,400.0,575.0,100.0,0.0,300.0,575.0,275.0
Participant_7795,400.0,375.0,100.0,250.0,300.0,125.0,-175.0
Participant_7796,400.0,525.0,100.0,75.0,300.0,450.0,150.0
Participant_7797,400.0,525.0,100.0,25.0,300.0,500.0,200.0
Participant_7800,400.0,175.0,100.0,75.0,300.0,100.0,-200.0
Participant_7801,400.0,100.0,100.0,100.0,300.0,0.0,-300.0
Participant_7802,400.0,475.0,100.0,0.0,300.0,475.0,175.0
Participant_7803,400.0,350.0,100.0,200.0,300.0,150.0,-150.0
Participant_7804,400.0,575.0,100.0,0.0,300.0,575.0,275.0
Participant_7805,400.0,325.0,100.0,100.0,300.0,225.0,-75.0
Participant_7806,400.0,225.0,100.0,100.0,300.0,125.0,-175.0
Participant_7808,400.0,250.0,100.0,300.0,300.0,-50.0,-350.0
Participant_7809,400.0,200.0,100.0,200.0,300.0,0.0,-300.0
Participant_7810,400.0,250.0,100.0,225.0,300.0,25.0,-275.0
Participant_7811,400.0,125.0,100.0,100.0,300.0,25.0,-275.0
Participant_7812,400.0,300.0,100.0,300.0,300.0,0.0,-300.0
Participant_7813,400.0,375.0,100.0,200.0,300.0,175.0,-125.0
Participant_7814,400.0,150.0,100.0,150.0,300.0,0.0,-300.0
Participant_7815,400.0,175.0,100.0,100.0,300.0,75.0,-225.0
Participant_7816,400.0,300.0,100.0,300.0,300.0,0.0,-300.0
Participant_7817,400.0,550.0,100.0,75.0,300.0,475.0,175.0
Participant_7818,400.0,225.0,100.0,0.0,300.0,225.0,-75.0
Participant_7819,400.0,525.0,100.0,50.0,300.0,475.0,175.0
Participant_7820,400.0,475.0,100.0,0.0,300.0,475.0,175.0
Participant_7822,400.0,600.0,100.0,125.0,300.0,475.0,175.0
Participant_7823,400.0,575.0,100.0,0.0,300.0,575.0,275.0
Participant_7824,400.0,125.0,100.0,125.0,300.0,0.0,-300.0
Participant_7825,400.0,425.0,100.0,250.0,300.0,175.0,-125.0
Participant_7826,400.0,350.0,100.0,350.0,300.0,0.0,-300.0
Participant_7827,400.0,250.0,100.0,250.0,300.0,0.0,-300.0
Participant_7828,400.0,100.0,100.0,100.0,300.0,0.0,-300.0
Participant_7829,400.0,300.0,100.0,175.0,300.0,125.0,-175.0
Participant_7830,400.0,400.0,100.0,300.0,300.0,100.0,-200.0
Participant_7831,400.0,375.0,100.0,175.0,300.0,200.0,-100.0
Participant_7832,400.0,250.0,100.0,75.0,300.0,175.0,-125.0
Participant_7833,400.0,600.0,100.0,0.0,300.0,600.0,300.0
Participant_7835,400.0,200.0,100.0,200.0,300.0,0.0,-300.0
Participant_7836,400.0,225.0,100.0,200.0,300.0,25.0,-275.0
Participant_7837,400.0,200.0,100.0,150.0,300.0,50.0,-250.0
Participant_7838,400.0,575.0,100.0,0.0,300.0,575.0,275.0
Participant_7839,400.0,325.0,100.0,175.0,300.0,150.0,-150.0
Participant_7840,400.0,100.0,100.0,100.0,300.0,0.0,-300.0
Participant_7841,400.0,325.0,100.0,150.0,300.0,175.0,-125.0
Participant_7842,400.0,400.0,100.0,250.0,300.0,150.0,-150.0
Participant_7843,400.0,300.0,100.0,300.0,300.0,0.0,-300.0
Participant_7845,400.0,275.0,100.0,150.0,300.0,125.0,-175.0
Participant_7846,400.0,100.0,100.0,100.0,300.0,0.0,-300.0
Participant_7848,400.0,250.0,100.0,250.0,300.0,0.0,-300.0
Participant_7849,400.0,550.0,100.0,250.0,300.0,300.0,0.0
Participant_7850,400.0,300.0,100.0,300.0,300.0,0.0,-300.0
Participant_7851,400.0,525.0,100.0,50.0,300.0,475.0,175.0
Participant_7852,400.0,275.0,100.0,250.0,300.0,25.0,-275.0
Participant_7853,400.0,350.0,100.0,200.0,300.0,150.0,-150.0
Participant_7856,400.0,600.0,100.0,0.0,300.0,600.0,300.0
Participant_7857,400.0,475.0,100.0,50.0,300.0,425.0,125.0
Participant_7859,400.0,350.0,100.0,350.0,300.0,0.0,-300.0
Participant_7860,400.0,500.0,100.0,50.0,300.0,450.0,150.0
Participant_7861,400.0,525.0,100.0,0.0,300.0,525.0,225.0
Participant_7862,400.0,450.0,100.0,0.0,300.0,450.0,150.0
Participant_7863,400.0,350.0,100.0,200.0,300.0,150.0,-150.0
Participant_7864,400.0,250.0,100.0,250.0,300.0,0.0,-300.0
Participant_7866,400.0,375.0,100.0,350.0,300.0,25.0,-275.0
Participant_7867,400.0,150.0,100.0,150.0,300.0,0.0,-300.0
Participant_7868,400.0,575.0,100.0,0.0,300.0,575.0,275.0
Participant_7869,400.0,275.0,100.0,150.0,300.0,125.0,-175.0
Participant_7870,400.0,325.0,100.0,250.0,300.0,75.0,-225.0
Participant_7871,400.0,300.0,100.0,300.0,300.0,0.0,-300.0
Participant_7872,400.0,500.0,100.0,75.0,300.0,425.0,125.0
Participant_7873,400.0,350.0,100.0,350.0,300.0,0.0,-300.0
Participant_7874,400.0,300.0,100.0,300.0,300.0,0.0,-300.0
Participant_7876,400.0,450.0,100.0,25.0,300.0,425.0,125.0
Participant_7878,400.0,575.0,100.0,0.0,300.0,575.0,275.0
Participant_7880,400.0,200.0,100.0,100.0,300.0,100.0,-200.0
Participant_7881,400.0,525.0,100.0,100.0,300.0,425.0,125.0
Participant_7882,400.0,200.0,100.0,200.0,300.0,0.0,-300.0
Participant_7883,400.0,300.0,100.0,275.0,300.0,25.0,-275.0
Participant_7884,400.0,250.0,100.0,250.0,300.0,0.0,-300.0
Participant_7886,400.0,250.0,100.0,250.0,300.0,0.0,-300.0
Participant_7887,400.0,225.0,100.0,100.0,300.0,125.0,-175.0
Participant_7889,400.0,300.0,100.0,300.0,300.0,0.0,-300.0
Participant_7890,400.0,100.0,100.0,100.0,300.0,0.0,-300.0
Participant_7891,400.0,225.0,100.0,200.0,300.0,25.0,-275.0
Participant_7892,400.0,300.0,100.0,100.0,300.0,200.0,-100.0
Participant_7893,400.0,200.0,100.0,200.0,300.0,0.0,-300.0
Participant_7894,400.0,475.0,100.0,100.0,300.0,375.0,75.0
Participant_7895,400.0,200.0,100.0,200.0,300.0,0.0,-300.0
Participant_7896,400.0,300.0,100.0,300.0,300.0,0.0,-300.0
Participant_7897,400.0,500.0,100.0,0.0,300.0,500.0,200.0
Participant_7898,400.0,350.0,100.0,150.0,300.0,200.0,-100.0
Participant_7899,400.0,525.0,100.0,75.0,300.0,450.0,150.0
Participant_7900,400.0,575.0,100.0,0.0,300.0,575.0,275.0
Participant_7901,400.0,575.0,100.0,0.0,300.0,575.0,275.0
Participant_7902,400.0,125.0,100.0,100.0,300.0,25.0,-275.0
Participant_7903,400.0,300.0,100.0,300.0,300.0,0.0,-300.0
Participant_7904,400.0,450.0,100.0,100.0,300.0,350.0,50.0
Participant_7905,400.0,525.0,100.0,0.0,300.0,525.0,225.0
Participant_7906,400.0,225.0,100.0,200.0,300.0,25.0,-275.0
Participant_7907,400.0,200.0,100.0,200.0,300.0,0.0,-300.0
Participant_7908,400.0,325.0,100.0,100.0,300.0,225.0,-75.0
Participant_7909,400.0,200.0,100.0,75.0,300.0,125.0,-175.0
Participant_7910,400.0,225.0,100.0,200.0,300.0,25.0,-275.0
Participant_7911,400.0,400.0,100.0,325.0,300.0,75.0,-225.0
Participant_7912,400.0,500.0,100.0,0.0,300.0,500.0,200.0
Participant_7913,400.0,550.0,100.0,0.0,300.0,550.0,250.0
Participant_7914,400.0,200.0,100.0,250.0,300.0,-50.0,-350.0
Participant_7915,400.0,175.0,100.0,150.0,300.0,25.0,-275.0
Participant_7917,400.0,575.0,100.0,0.0,300.0,575.0,275.0
Participant_7918,400.0,275.0,100.0,125.0,300.0,150.0,-150.0
Participant_7919,400.0,575.0,100.0,0.0,300.0,575.0,275.0
Participant_7921,400.0,250.0,100.0,250.0,300.0,0.0,-300.0
Participant_7922,400.0,350.0,100.0,350.0,300.0,0.0,-300.0
Participant_7925,400.0,450.0,100.0,0.0,300.0,450.0,150.0
Participant_7926,400.0,300.0,100.0,125.0,300.0,175.0,-125.0
Participant_7927,400.0,225.0,100.0,200.0,300.0,25.0,-275.0
Participant_7928,400.0,275.0,100.0,225.0,300.0,50.0,-250.0
Participant_7929,400.0,300.0,100.0,300.0,300.0,0.0,-300.0
Participant_7930,400.0,500.0,100.0,125.0,300.0,375.0,75.0
Participant_7931,400.0,150.0,100.0,150.0,300.0,0.0,-300.0
Participant_7932,400.0,575.0,100.0,275.0,300.0,300.0,0.0
Participant_7933,400.0,525.0,100.0,0.0,300.0,525.0,225.0
Participant_7934,400.0,350.0,100.0,275.0,300.0,75.0,-225.0
Participant_7935,400.0,400.0,100.0,200.0,300.0,200.0,-100.0
Participant_7936,400.0,300.0,100.0,175.0,300.0,125.0,-175.0
Participant_7937,400.0,550.0,100.0,150.0,300.0,400.0,100.0
Participant_7938,400.0,500.0,100.0,0.0,300.0,500.0,200.0
Participant_7939,400.0,350.0,100.0,150.0,300.0,200.0,-100.0
Participant_7940,400.0,475.0,100.0,300.0,300.0,175.0,-125.0
Participant_7942,400.0,300.0,100.0,50.0,300.0,250.0,-50.0
Participant_7943,400.0,350.0,100.0,300.0,300.0,50.0,-250.0
Participant_7944,400.0,500.0,100.0,50.0,300.0,450.0,150.0
Participant_7945,400.0,525.0,100.0,0.0,300.0,525.0,225.0
Participant_7946,400.0,525.0,100.0,175.0,300.0,350.0,50.0
Participant_7948,400.0,225.0,100.0,250.0,300.0,-25.0,-325.0
Participant_7949,400.0,600.0,100.0,25.0,300.0,575.0,275.0
Participant_7950,400.0,450.0,100.0,0.0,300.0,450.0,150.0
Participant_7951,400.0,250.0,100.0,175.0,300.0,75.0,-225.0
Participant_7952,400.0,625.0,100.0,0.0,300.0,625.0,325.0
Participant_7953,400.0,250.0,100.0,150.0,300.0,100.0,-200.0
Participant_7955,400.0,150.0,100.0,150.0,300.0,0.0,-300.0
Participant_7956,400.0,275.0,100.0,200.0,300.0,75.0,-225.0
Participant_7957,400.0,475.0,100.0,0.0,300.0,475.0,175.0
Participant_7958,400.0,325.0,100.0,125.0,300.0,200.0,-100.0
Participant_7959,400.0,250.0,100.0,200.0,300.0,50.0,-250.0
Participant_7960,400.0,250.0,100.0,250.0,300.0,0.0,-300.0
Participant_7961,400.0,375.0,100.0,75.0,300.0,300.0,0.0
Participant_7962,400.0,200.0,100.0,250.0,300.0,-50.0,-350.0
Participant_7963,400.0,350.0,100.0,200.0,300.0,150.0,-150.0
Participant_7964,400.0,550.0,100.0,0.0,300.0,550.0,250.0
Participant_7965,400.0,600.0,100.0,0.0,300.0,600.0,300.0
Participant_7966,400.0,425.0,100.0,75.0,300.0,350.0,50.0
Participant_7967,400.0,400.0,100.0,400.0,300.0,0.0,-300.0
Participant_7969,400.0,350.0,100.0,225.0,300.0,125.0,-175.0
Participant_7970,400.0,450.0,100.0,25.0,300.0,425.0,125.0
Participant_7971,400.0,250.0,100.0,250.0,300.0,0.0,-300.0
Participant_7972,400.0,400.0,100.0,375.0,300.0,25.0,-275.0
Participant_7973,400.0,350.0,100.0,0.0,300.0,350.0,50.0
Participant_7975,400.0,400.0,100.0,225.0,300.0,175.0,-125.0
Participant_7976,400.0,325.0,100.0,150.0,300.0,175.0,-125.0
Participant_7977,400.0,250.0,100.0,250.0,300.0,0.0,-300.0
Participant_7979,400.0,400.0,100.0,325.0,300.0,75.0,-225.0
Participant_7982,400.0,400.0,100.0,225.0,300.0,175.0,-125.0
Participant_7983,400.0,250.0,100.0,250.0,300.0,0.0,-300.0
Participant_7985,400.0,200.0,100.0,150.0,300.0,50.0,-250.0
Participant_7986,400.0,200.0,100.0,175.0,300.0,25.0,-275.0
Participant_7988,400.0,575.0,100.0,175.0,300.0,400.0,100.0
Participant_7989,400.0,300.0,100.0,250.0,300.0,50.0,-250.0
Participant_7991,400.0,475.0,100.0,75.0,300.0,400.0,100.0
Participant_7992,400.0,325.0,100.0,125.0,300.0,200.0,-100.0
Participant_7993,400.0,575.0,100.0,225.0,300.0,350.0,50.0
Participant_7994,400.0,150.0,100.0,150.0,300.0,0.0,-300.0
Participant_7995,400.0,575.0,100.0,0.0,300.0,575.0,275.0
Participant_7996,400.0,575.0,100.0,50.0,300.0,525.0,225.0
Participant_7997,400.0,300.0,100.0,100.0,300.0,200.0,-100.0
Participant_7998,400.0,575.0,100.0,0.0,300.0,575.0,275.0
Participant_7999,400.0,425.0,100.0,150.0,300.0,275.0,-25.0
Participant_8000,400.0,200.0,100.0,175.0,300.0,25.0,-275.0
Participant_8001,400.0,200.0,100.0,100.0,300.0,100.0,-200.0
Participant_8002,400.0,200.0,100.0,200.0,300.0,0.0,-300.0
Participant_8003,400.0,525.0,100.0,225.0,300.0,300.0,0.0
Participant_8004,400.0,550.0,100.0,0.0,300.0,550.0,250.0
Participant_8005,400.0,525.0,100.0,25.0,300.0,500.0,200.0
Participant_8006,400.0,150.0,100.0,150.0,300.0,0.0,-300.0
Participant_8007,400.0,250.0,100.0,225.0,300.0,25.0,-275.0
Participant_8009,400.0,375.0,100.0,175.0,300.0,200.0,-100.0
Participant_8010,400.0,200.0,100.0,75.0,300.0,125.0,-175.0
Participant_8012,400.0,475.0,100.0,50.0,300.0,425.0,125.0
Participant_8014,400.0,350.0,100.0,325.0,300.0,25.0,-275.0
Participant_8015,400.0,250.0,100.0,250.0,300.0,0.0,-300.0
Participant_8016,400.0,225.0,100.0,75.0,300.0,150.0,-150.0
Participant_8017,400.0,200.0,100.0,200.0,300.0,0.0,-300.0
Participant_8018,400.0,275.0,100.0,0.0,300.0,275.0,-25.0
Participant_8019,400.0,275.0,100.0,250.0,300.0,25.0,-275.0
Participant_8020,400.0,250.0,100.0,250.0,300.0,0.0,-300.0
Participant_8022,400.0,300.0,100.0,25.0,300.0,275.0,-25.0
Participant_8023,400.0,400.0,100.0,175.0,300.0,225.0,-75.0
Participant_8024,400.0,275.0,100.0,275.0,300.0,0.0,-300.0
Participant_8025,400.0,100.0,100.0,75.0,300.0,25.0,-275.0
Participant_8026,400.0,175.0,100.0,150.0,300.0,25.0,-275.0
Participant_8027,400.0,350.0,100.0,275.0,300.0,75.0,-225.0
Participant_8028,400.0,250.0,100.0,250.0,300.0,0.0,-300.0
Participant_8029,400.0,275.0,100.0,75.0,300.0,200.0,-100.0
Participant_8030,400.0,375.0,100.0,400.0,300.0,-25.0,-325.0
Participant_8031,400.0,475.0,100.0,50.0,300.0,425.0,125.0
Participant_8032,400.0,225.0,100.0,225.0,300.0,0.0,-300.0
Participant_8033,400.0,375.0,100.0,350.0,300.0,25.0,-275.0
Participant_8034,400.0,500.0,100.0,0.0,300.0,500.0,200.0
Participant_8036,400.0,450.0,100.0,0.0,300.0,450.0,150.0
Participant_8037,400.0,575.0,100.0,0.0,300.0,575.0,275.0
Participant_8038,400.0,550.0,100.0,0.0,300.0,550.0,250.0
Participant_8039,400.0,250.0,100.0,200.0,300.0,50.0,-250.0
Participant_8040,400.0,600.0,100.0,0.0,300.0,600.0,300.0
Participant_8042,400.0,575.0,100.0,50.0,300.0,525.0,225.0
Participant_8044,400.0,575.0,100.0,25.0,300.0,550.0,250.0
Participant_8045,400.0,575.0,100.0,0.0,300.0,575.0,275.0
Participant_8046,400.0,325.0,100.0,225.0,300.0,100.0,-200.0
Participant_8047,400.0,375.0,100.0,125.0,300.0,250.0,-50.0
Participant_8048,400.0,175.0,100.0,150.0,300.0,25.0,-275.0
Participant_8049,400.0,350.0,100.0,225.0,300.0,125.0,-175.0
Participant_8050,400.0,250.0,100.0,100.0,300.0,150.0,-150.0
Participant_8051,400.0,275.0,100.0,300.0,300.0,-25.0,-325.0
Participant_8052,400.0,375.0,100.0,150.0,300.0,225.0,-75.0
Participant_8053,400.0,500.0,100.0,25.0,300.0,475.0,175.0
Participant_8054,400.0,550.0,100.0,0.0,300.0,550.0,250.0
Participant_8056,400.0,400.0,100.0,200.0,300.0,200.0,-100.0
Participant_8058,400.0,175.0,100.0,150.0,300.0,25.0,-275.0
Participant_8059,400.0,550.0,100.0,0.0,300.0,550.0,250.0
Participant_8060,400.0,300.0,100.0,150.0,300.0,150.0,-150.0
Participant_8061,400.0,100.0,100.0,100.0,300.0,0.0,-300.0
Participant_8063,400.0,325.0,100.0,325.0,300.0,0.0,-300.0
Participant_8064,400.0,550.0,100.0,0.0,300.0,550.0,250.0
Participant_8065,400.0,350.0,100.0,25.0,300.0,325.0,25.0
Participant_8066,400.0,475.0,100.0,50.0,300.0,425.0,125.0
Participant_8067,400.0,350.0,100.0,225.0,300.0,125.0,-175.0
Participant_8068,400.0,425.0,100.0,0.0,300.0,425.0,125.0
Participant_8069,400.0,325.0,100.0,225.0,300.0,100.0,-200.0
Participant_8071,400.0,375.0,100.0,200.0,300.0,175.0,-125.0
Participant_8073,400.0,550.0,100.0,0.0,300.0,550.0,250.0
Participant_8074,400.0,575.0,100.0,0.0,300.0,575.0,275.0
Participant_8075,400.0,300.0,100.0,250.0,300.0,50.0,-250.0
Participant_8077,400.0,400.0,100.0,25.0,300.0,375.0,75.0
Participant_8078,400.0,325.0,100.0,300.0,300.0,25.0,-275.0
Participant_8079,400.0,350.0,100.0,350.0,300.0,0.0,-300.0
Participant_8080,400.0,400.0,100.0,400.0,300.0,0.0,-300.0
Participant_8081,400.0,200.0,100.0,175.0,300.0,25.0,-275.0
Participant_8082,400.0,250.0,100.0,250.0,300.0,0.0,-300.0
Participant_8083,400.0,150.0,100.0,150.0,300.0,0.0,-300.0
Participant_8084,400.0,625.0,100.0,0.0,300.0,625.0,325.0
Participant_8085,400.0,150.0,100.0,150.0,300.0,0.0,-300.0
Participant_8086,400.0,200.0,100.0,200.0,300.0,0.0,-300.0
Participant_8087,400.0,325.0,100.0,225.0,300.0,100.0,-200.0
Participant_8088,400.0,100.0,100.0,100.0,300.0,0.0,-300.0
Participant_8089,400.0,525.0,100.0,0.0,300.0,525.0,225.0
Participant_8090,400.0,200.0,100.0,200.0,300.0,0.0,-300.0
Participant_8091,400.0,150.0,100.0,150.0,300.0,0.0,-300.0
Participant_8092,400.0,550.0,100.0,25.0,300.0,525.0,225.0
Participant_8093,400.0,500.0,100.0,25.0,300.0,475.0,175.0
Participant_8094,400.0,100.0,100.0,100.0,300.0,0.0,-300.0
Participant_8096,400.0,575.0,100.0,0.0,300.0,575.0,275.0
Participant_8097,400.0,425.0,100.0,0.0,300.0,425.0,125.0
Participant_8098,400.0,200.0,100.0,200.0,300.0,0.0,-300.0
Participant_8099,400.0,475.0,100.0,50.0,300.0,425.0,125.0
Participant_8100,400.0,300.0,100.0,175.0,300.0,125.0,-175.0
Participant_8102,400.0,575.0,100.0,0.0,300.0,575.0,275.0
Participant_8103,400.0,225.0,100.0,200.0,300.0,25.0,-275.0
Participant_8104,400.0,375.0,100.0,150.0,300.0,225.0,-75.0
Participant_8106,400.0,225.0,100.0,175.0,300.0,50.0,-250.0
Participant_8107,400.0,525.0,100.0,100.0,300.0,425.0,125.0
Participant_8109,400.0,250.0,100.0,250.0,300.0,0.0,-300.0
Participant_8110,400.0,550.0,100.0,50.0,300.0,500.0,200.0
Participant_8111,400.0,300.0,100.0,250.0,300.0,50.0,-250.0
Participant_8112,400.0,375.0,100.0,300.0,300.0,75.0,-225.0
Participant_8113,400.0,250.0,100.0,150.0,300.0,100.0,-200.0
Participant_8114,400.0,575.0,100.0,0.0,300.0,575.0,275.0
Participant_8115,400.0,425.0,100.0,325.0,300.0,100.0,-200.0
Participant_8117,400.0,250.0,100.0,175.0,300.0,75.0,-225.0
Participant_8118,400.0,275.0,100.0,100.0,300.0,175.0,-125.0
Participant_8119,400.0,150.0,100.0,150.0,300.0,0.0,-300.0
Participant_8120,400.0,425.0,100.0,225.0,300.0,200.0,-100.0
Participant_8121,400.0,375.0,100.0,225.0,300.0,150.0,-150.0
Participant_8122,400.0,275.0,100.0,250.0,300.0,25.0,-275.0
Participant_8123,400.0,575.0,100.0,0.0,300.0,575.0,275.0
Participant_8125,400.0,375.0,100.0,125.0,300.0,250.0,-50.0
Participant_8126,400.0,200.0,100.0,200.0,300.0,0.0,-300.0
Participant_8127,400.0,375.0,100.0,250.0,300.0,125.0,-175.0
Participant_8128,400.0,200.0,100.0,200.0,300.0,0.0,-300.0
Participant_8129,400.0,150.0,100.0,125.0,300.0,25.0,-275.0
Participant_8130,400.0,250.0,100.0,250.0,300.0,0.0,-300.0
Participant_8131,400.0,425.0,100.0,0.0,300.0,425.0,125.0
Participant_8132,400.0,300.0,100.0,300.0,300.0,0.0,-300.0
Participant_8133,400.0,150.0,100.0,150.0,300.0,0.0,-300.0
Participant_8134,400.0,425.0,100.0,275.0,300.0,150.0,-150.0
Participant_8135,400.0,250.0,100.0,250.0,300.0,0.0,-300.0
Participant_8136,400.0,400.0,100.0,350.0,300.0,50.0,-250.0
Participant_8137,400.0,500.0,100.0,0.0,300.0,500.0,200.0
Participant_8138,400.0,500.0,100.0,25.0,300.0,475.0,175.0
Participant_8139,400.0,300.0,100.0,325.0,300.0,-25.0,-325.0
Participant_8141,400.0,275.0,100.0,225.0,300.0,50.0,-250.0
Participant_8142,400.0,100.0,100.0,100.0,300.0,0.0,-300.0
Participant_8144,400.0,500.0,100.0,0.0,300.0,500.0,200.0
Participant_8146,400.0,550.0,100.0,50.0,300.0,500.0,200.0
Participant_8147,400.0,250.0,100.0,250.0,300.0,0.0,-300.0
Participant_8148,400.0,425.0,100.0,400.0,300.0,25.0,-275.0
Participant_8152,400.0,150.0,100.0,150.0,300.0,0.0,-300.0
Participant_8153,400.0,250.0,100.0,175.0,300.0,75.0,-225.0
Participant_8154,400.0,325.0,100.0,300.0,300.0,25.0,-275.0
Participant_8155,400.0,200.0,100.0,200.0,300.0,0.0,-300.0
Participant_8156,400.0,250.0,100.0,250.0,300.0,0.0,-300.0
Participant_8157,400.0,275.0,100.0,125.0,300.0,150.0,-150.0
Participant_8158,400.0,300.0,100.0,250.0,300.0,50.0,-250.0
Participant_8159,400.0,550.0,100.0,50.0,300.0,500.0,200.0
Participant_8160,400.0,400.0,100.0,275.0,300.0,125.0,-175.0
Participant_8162,400.0,250.0,100.0,175.0,300.0,75.0,-225.0
Participant_8164,400.0,100.0,100.0,100.0,300.0,0.0,-300.0
Participant_8165,400.0,300.0,100.0,175.0,300.0,125.0,-175.0
Participant_8167,400.0,175.0,100.0,175.0,300.0,0.0,-300.0
Participant_8168,400.0,225.0,100.0,200.0,300.0,25.0,-275.0
Participant_8169,400.0,400.0,100.0,125.0,300.0,275.0,-25.0
Participant_8170,400.0,400.0,100.0,75.0,300.0,325.0,25.0
Participant_8171,400.0,350.0,100.0,225.0,300.0,125.0,-175.0
Participant_8172,400.0,200.0,100.0,200.0,300.0,0.0,-300.0
Participant_8175,400.0,400.0,100.0,375.0,300.0,25.0,-275.0
Participant_8176,400.0,300.0,100.0,300.0,300.0,0.0,-300.0
Participant_8177,400.0,400.0,100.0,175.0,300.0,225.0,-75.0
Participant_8178,400.0,625.0,100.0,0.0,300.0,625.0,325.0
Participant_8179,400.0,450.0,100.0,150.0,300.0,300.0,0.0
Participant_8180,400.0,550.0,100.0,100.0,300.0,450.0,150.0
Participant_8181,400.0,475.0,100.0,150.0,300.0,325.0,25.0
Participant_8182,400.0,550.0,100.0,0.0,300.0,550.0,250.0
Participant_8183,400.0,425.0,100.0,25.0,300.0,400.0,100.0
Participant_8184,400.0,575.0,100.0,0.0,300.0,575.0,275.0
Participant_8185,400.0,325.0,100.0,200.0,300.0,125.0,-175.0
Participant_8186,400.0,200.0,100.0,150.0,300.0,50.0,-250.0
Participant_8187,400.0,250.0,100.0,250.0,300.0,0.0,-300.0
Participant_8189,400.0,250.0,100.0,250.0,300.0,0.0,-300.0
Participant_8190,400.0,475.0,100.0,75.0,300.0,400.0,100.0
Participant_8191,400.0,550.0,100.0,0.0,300.0,550.0,250.0
Participant_8192,400.0,200.0,100.0,200.0,300.0,0.0,-300.0
Participant_8193,400.0,425.0,100.0,350.0,300.0,75.0,-225.0
Participant_8194,400.0,350.0,100.0,350.0,300.0,0.0,-300.0
Participant_8195,400.0,475.0,100.0,125.0,300.0,350.0,50.0
Participant_8196,400.0,375.0,100.0,300.0,300.0,75.0,-225.0
Participant_8197,400.0,100.0,100.0,100.0,300.0,0.0,-300.0
Participant_8198,400.0,550.0,100.0,25.0,300.0,525.0,225.0
Participant_8199,400.0,375.0,100.0,275.0,300.0,100.0,-200.0
Participant_8201,400.0,250.0,100.0,250.0,300.0,0.0,-300.0
Participant_8202,400.0,300.0,100.0,300.0,300.0,0.0,-300.0
Participant_8204,400.0,200.0,100.0,100.0,300.0,100.0,-200.0
Participant_8205,400.0,525.0,100.0,0.0,300.0,525.0,225.0
Participant_8206,400.0,350.0,100.0,225.0,300.0,125.0,-175.0
Participant_8207,400.0,350.0,100.0,350.0,300.0,0.0,-300.0
Participant_8208,400.0,150.0,100.0,150.0,300.0,0.0,-300.0
Participant_8209,400.0,400.0,100.0,375.0,300.0,25.0,-275.0
Participant_8210,400.0,375.0,100.0,0.0,300.0,375.0,75.0
Participant_8211,400.0,475.0,100.0,50.0,300.0,425.0,125.0
Participant_8212,400.0,400.0,100.0,200.0,300.0,200.0,-100.0
Participant_8213,400.0,300.0,100.0,300.0,300.0,0.0,-300.0
Participant_8214,400.0,400.0,100.0,375.0,300.0,25.0,-275.0
Participant_8215,400.0,400.0,100.0,350.0,300.0,50.0,-250.0
Participant_8216,400.0,225.0,100.0,100.0,300.0,125.0,-175.0
Participant_8217,400.0,550.0,100.0,0.0,300.0,550.0,250.0
Participant_8218,400.0,425.0,100.0,225.0,300.0,200.0,-100.0
Participant_8219,400.0,325.0,100.0,200.0,300.0,125.0,-175.0
Participant_8220,400.0,300.0,100.0,100.0,300.0,200.0,-100.0
Participant_8221,400.0,425.0,100.0,25.0,300.0,400.0,100.0
Participant_8222,400.0,225.0,100.0,250.0,300.0,-25.0,-325.0
Participant_8223,400.0,475.0,100.0,25.0,300.0,450.0,150.0
Participant_8224,400.0,225.0,100.0,75.0,300.0,150.0,-150.0
Participant_8225,400.0,425.0,100.0,325.0,300.0,100.0,-200.0
Participant_8227,400.0,575.0,100.0,0.0,300.0,575.0,275.0
Participant_8228,400.0,250.0,100.0,225.0,300.0,25.0,-275.0
Participant_8229,400.0,450.0,100.0,0.0,300.0,450.0,150.0
Participant_8230,400.0,300.0,100.0,275.0,300.0,25.0,-275.0
Participant_8232,400.0,200.0,100.0,200.0,300.0,0.0,-300.0
Participant_8233,400.0,475.0,100.0,150.0,300.0,325.0,25.0
Participant_8234,400.0,325.0,100.0,300.0,300.0,25.0,-275.0
Participant_8235,400.0,300.0,100.0,125.0,300.0,175.0,-125.0
Participant_8236,400.0,375.0,100.0,200.0,300.0,175.0,-125.0
Participant_8238,400.0,450.0,100.0,0.0,300.0,450.0,150.0
Participant_8239,400.0,425.0,100.0,200.0,300.0,225.0,-75.0
Participant_8240,400.0,525.0,100.0,25.0,300.0,500.0,200.0
Participant_8241,400.0,350.0,100.0,350.0,300.0,0.0,-300.0
Participant_8242,400.0,300.0,100.0,200.0,300.0,100.0,-200.0
Participant_8243,400.0,550.0,100.0,0.0,300.0,550.0,250.0
Participant_8244,400.0,525.0,100.0,0.0,300.0,525.0,225.0
Participant_8245,400.0,625.0,100.0,25.0,300.0,600.0,300.0
Participant_8246,400.0,275.0,100.0,25.0,300.0,250.0,-50.0
Participant_8248,400.0,500.0,100.0,25.0,300.0,475.0,175.0
Participant_8249,400.0,175.0,100.0,50.0,300.0,125.0,-175.0
Participant_8250,400.0,350.0,100.0,250.0,300.0,100.0,-200.0
Participant_8251,400.0,475.0,100.0,25.0,300.0,450.0,150.0
Participant_8252,400.0,400.0,100.0,375.0,300.0,25.0,-275.0
Participant_8254,400.0,275.0,100.0,125.0,300.0,150.0,-150.0
Participant_8255,400.0,300.0,100.0,300.0,300.0,0.0,-300.0
Participant_8256,400.0,350.0,100.0,350.0,300.0,0.0,-300.0
Participant_8257,400.0,225.0,100.0,175.0,300.0,50.0,-250.0
Participant_8258,400.0,400.0,100.0,375.0,300.0,25.0,-275.0
Participant_8259,400.0,200.0,100.0,200.0,300.0,0.0,-300.0
Participant_8260,400.0,375.0,100.0,200.0,300.0,175.0,-125.0
Participant_8261,400.0,250.0,100.0,75.0,300.0,175.0,-125.0
Participant_8263,400.0,225.0,100.0,250.0,300.0,-25.0,-325.0
Participant_8264,400.0,525.0,100.0,25.0,300.0,500.0,200.0
Participant_8265,400.0,325.0,100.0,100.0,300.0,225.0,-75.0
Participant_8266,400.0,150.0,100.0,150.0,300.0,0.0,-300.0
Participant_8267,400.0,200.0,100.0,125.0,300.0,75.0,-225.0
Participant_8268,400.0,325.0,100.0,275.0,300.0,50.0,-250.0
Participant_8270,400.0,250.0,100.0,250.0,300.0,0.0,-300.0
Participant_8271,400.0,250.0,100.0,250.0,300.0,0.0,-300.0
Participant_8273,400.0,175.0,100.0,150.0,300.0,25.0,-275.0
Participant_8275,400.0,625.0,100.0,25.0,300.0,600.0,300.0
Participant_8276,400.0,100.0,100.0,100.0,300.0,0.0,-300.0
Participant_8277,400.0,325.0,100.0,125.0,300.0,200.0,-100.0
Participant_8279,400.0,525.0,100.0,0.0,300.0,525.0,225.0
Participant_8280,400.0,425.0,100.0,0.0,300.0,425.0,125.0
Participant_8281,400.0,450.0,100.0,50.0,300.0,400.0,100.0
Participant_8282,400.0,550.0,100.0,0.0,300.0,550.0,250.0
Participant_8283,400.0,375.0,100.0,225.0,300.0,150.0,-150.0
Participant_8284,400.0,300.0,100.0,300.0,300.0,0.0,-300.0
Participant_8285,400.0,200.0,100.0,200.0,300.0,0.0,-300.0
Participant_8286,400.0,175.0,100.0,150.0,300.0,25.0,-275.0
Participant_8287,400.0,200.0,100.0,200.0,300.0,0.0,-300.0
Participant_8288,400.0,250.0,100.0,250.0,300.0,0.0,-300.0
Participant_8291,400.0,525.0,100.0,25.0,300.0,500.0,200.0
Participant_8292,400.0,250.0,100.0,250.0,300.0,0.0,-300.0
Participant_8293,400.0,350.0,100.0,350.0,300.0,0.0,-300.0
Participant_8294,400.0,275.0,100.0,100.0,300.0,175.0,-125.0
Participant_8295,400.0,275.0,100.0,175.0,300.0,100.0,-200.0
Participant_8296,400.0,325.0,100.0,175.0,300.0,150.0,-150.0
Participant_8298,400.0,300.0,100.0,250.0,300.0,50.0,-250.0
Participant_8299,400.0,225.0,100.0,150.0,300.0,75.0,-225.0
Participant_8300,400.0,400.0,100.0,225.0,300.0,175.0,-125.0
Participant_8301,400.0,300.0,100.0,125.0,300.0,175.0,-125.0
Participant_8304,400.0,250.0,100.0,250.0,300.0,0.0,-300.0
Participant_8305,400.0,350.0,100.0,250.0,300.0,100.0,-200.0
Participant_8306,400.0,300.0,100.0,250.0,300.0,50.0,-250.0
Participant_8309,400.0,275.0,100.0,300.0,300.0,-25.0,-325.0
Participant_8310,400.0,525.0,100.0,0.0,300.0,525.0,225.0
Participant_8311,400.0,375.0,100.0,350.0,300.0,25.0,-275.0
Participant_8312,400.0,575.0,100.0,25.0,300.0,550.0,250.0
Participant_8313,400.0,300.0,100.0,275.0,300.0,25.0,-275.0
Participant_8314,400.0,400.0,100.0,25.0,300.0,375.0,75.0
Participant_8315,400.0,325.0,100.0,300.0,300.0,25.0,-275.0
Participant_8316,400.0,550.0,100.0,0.0,300.0,550.0,250.0
Participant_8317,400.0,250.0,100.0,125.0,300.0,125.0,-175.0
Participant_8321,400.0,550.0,100.0,25.0,300.0,525.0,225.0
Participant_8322,400.0,425.0,100.0,75.0,300.0,350.0,50.0
Participant_8323,400.0,250.0,100.0,225.0,300.0,25.0,-275.0
Participant_8325,400.0,525.0,100.0,25.0,300.0,500.0,200.0
Participant_8326,400.0,150.0,100.0,100.0,300.0,50.0,-250.0
Participant_8327,400.0,200.0,100.0,200.0,300.0,0.0,-300.0
Participant_8328,400.0,300.0,100.0,50.0,300.0,250.0,-50.0
Participant_8329,400.0,500.0,100.0,75.0,300.0,425.0,125.0
Participant_8330,400.0,175.0,100.0,200.0,300.0,-25.0,-325.0
Participant_8331,400.0,500.0,100.0,0.0,300.0,500.0,200.0
Participant_8332,400.0,250.0,100.0,250.0,300.0,0.0,-300.0
Participant_8333,400.0,350.0,100.0,175.0,300.0,175.0,-125.0
Participant_8334,400.0,375.0,100.0,200.0,300.0,175.0,-125.0
Participant_8335,400.0,400.0,100.0,150.0,300.0,250.0,-50.0
Participant_8337,400.0,250.0,100.0,250.0,300.0,0.0,-300.0
Participant_8339,400.0,575.0,100.0,75.0,300.0,500.0,200.0
Participant_8341,400.0,350.0,100.0,325.0,300.0,25.0,-275.0
Participant_8342,400.0,300.0,100.0,200.0,300.0,100.0,-200.0
Participant_8343,400.0,550.0,100.0,0.0,300.0,550.0,250.0
Participant_8344,400.0,550.0,100.0,25.0,300.0,525.0,225.0
Participant_8345,400.0,350.0,100.0,350.0,300.0,0.0,-300.0
Participant_8346,400.0,375.0,100.0,150.0,300.0,225.0,-75.0
Participant_8347,400.0,575.0,100.0,0.0,300.0,575.0,275.0
Participant_8348,400.0,400.0,100.0,100.0,300.0,300.0,0.0
Participant_8349,400.0,400.0,100.0,150.0,300.0,250.0,-50.0
Participant_8350,400.0,250.0,100.0,200.0,300.0,50.0,-250.0
Participant_8351,400.0,250.0,100.0,250.0,300.0,0.0,-300.0
Participant_8352,400.0,575.0,100.0,25.0,300.0,550.0,250.0
Participant_8353,400.0,275.0,100.0,250.0,300.0,25.0,-275.0
Participant_8354,400.0,475.0,100.0,0.0,300.0,475.0,175.0
Participant_8355,400.0,575.0,100.0,0.0,300.0,575.0,275.0
Participant_8356,400.0,300.0,100.0,275.0,300.0,25.0,-275.0
Participant_8357,400.0,350.0,100.0,350.0,300.0,0.0,-300.0
Participant_8358,400.0,200.0,100.0,100.0,300.0,100.0,-200.0
Participant_8359,400.0,400.0,100.0,225.0,300.0,175.0,-125.0
Participant_8360,400.0,275.0,100.0,250.0,300.0,25.0,-275.0
Participant_8361,400.0,600.0,100.0,0.0,300.0,600.0,300.0
Participant_8362,400.0,200.0,100.0,0.0,300.0,200.0,-100.0
Participant_8363,400.0,550.0,100.0,0.0,300.0,550.0,250.0
Participant_8364,400.0,400.0,100.0,400.0,300.0,0.0,-300.0
Participant_8365,400.0,225.0,100.0,150.0,300.0,75.0,-225.0
Participant_8366,400.0,350.0,100.0,0.0,300.0,350.0,50.0
Participant_8367,400.0,350.0,100.0,325.0,300.0,25.0,-275.0
Participant_8368,400.0,525.0,100.0,250.0,300.0,275.0,-25.0
Participant_8370,400.0,600.0,100.0,0.0,300.0,600.0,300.0
Participant_8372,400.0,475.0,100.0,0.0,300.0,475.0,175.0
Participant_8373,400.0,200.0,100.0,200.0,300.0,0.0,-300.0
Participant_8374,400.0,225.0,100.0,100.0,300.0,125.0,-175.0
Participant_8375,400.0,250.0,100.0,250.0,300.0,0.0,-300.0
Participant_8376,400.0,300.0,100.0,300.0,300.0,0.0,-300.0
Participant_8377,400.0,200.0,100.0,125.0,300.0,75.0,-225.0
Participant_8378,400.0,400.0,100.0,400.0,300.0,0.0,-300.0
Participant_8379,400.0,375.0,100.0,200.0,300.0,175.0,-125.0
Participant_8380,400.0,275.0,100.0,275.0,300.0,0.0,-300.0
Participant_8382,400.0,275.0,100.0,75.0,300.0,200.0,-100.0
Participant_8383,400.0,275.0,100.0,175.0,300.0,100.0,-200.0
Participant_8384,400.0,200.0,100.0,200.0,300.0,0.0,-300.0
Participant_8385,400.0,375.0,100.0,375.0,300.0,0.0,-300.0
Participant_8386,400.0,150.0,100.0,150.0,300.0,0.0,-300.0
Participant_8387,400.0,375.0,100.0,100.0,300.0,275.0,-25.0
Participant_8388,400.0,350.0,100.0,325.0,300.0,25.0,-275.0
Participant_8389,400.0,350.0,100.0,350.0,300.0,0.0,-300.0
Participant_8390,400.0,475.0,100.0,25.0,300.0,450.0,150.0
Participant_8393,400.0,375.0,100.0,0.0,300.0,375.0,75.0
Participant_8394,400.0,100.0,100.0,100.0,300.0,0.0,-300.0
Participant_8396,400.0,250.0,100.0,150.0,300.0,100.0,-200.0
Participant_8397,400.0,250.0,100.0,250.0,300.0,0.0,-300.0
Participant_8398,400.0,300.0,100.0,225.0,300.0,75.0,-225.0
Participant_8399,400.0,425.0,100.0,175.0,300.0,250.0,-50.0
Participant_8400,400.0,375.0,100.0,100.0,300.0,275.0,-25.0
Participant_8401,400.0,400.0,100.0,400.0,300.0,0.0,-300.0
Participant_8402,400.0,250.0,100.0,250.0,300.0,0.0,-300.0
Participant_8403,400.0,400.0,100.0,25.0,300.0,375.0,75.0
Participant_8404,400.0,250.0,100.0,250.0,300.0,0.0,-300.0
Participant_8405,400.0,525.0,100.0,0.0,300.0,525.0,225.0
Participant_8407,400.0,500.0,100.0,0.0,300.0,500.0,200.0
Participant_8409,400.0,225.0,100.0,200.0,300.0,25.0,-275.0
Participant_8411,400.0,200.0,100.0,100.0,300.0,100.0,-200.0
Participant_8412,400.0,100.0,100.0,100.0,300.0,0.0,-300.0
Participant_8413,400.0,600.0,100.0,0.0,300.0,600.0,300.0
Participant_8414,400.0,350.0,100.0,350.0,300.0,0.0,-300.0
Participant_8416,400.0,175.0,100.0,100.0,300.0,75.0,-225.0
Participant_8417,400.0,150.0,100.0,175.0,300.0,-25.0,-325.0
Participant_8418,400.0,475.0,100.0,125.0,300.0,350.0,50.0
Participant_8419,400.0,250.0,100.0,250.0,300.0,0.0,-300.0
Participant_8420,400.0,225.0,100.0,175.0,300.0,50.0,-250.0
Participant_8422,400.0,400.0,100.0,250.0,300.0,150.0,-150.0
Participant_8423,400.0,525.0,100.0,0.0,300.0,525.0,225.0
Participant_8424,400.0,525.0,100.0,0.0,300.0,525.0,225.0
Participant_8426,400.0,400.0,100.0,250.0,300.0,150.0,-150.0
Participant_8427,400.0,350.0,100.0,350.0,300.0,0.0,-300.0
Participant_8428,400.0,400.0,100.0,25.0,300.0,375.0,75.0
Participant_8429,400.0,550.0,100.0,0.0,300.0,550.0,250.0
Participant_8430,400.0,250.0,100.0,250.0,300.0,0.0,-300.0
Participant_8432,400.0,350.0,100.0,250.0,300.0,100.0,-200.0
Participant_8433,400.0,125.0,100.0,100.0,300.0,25.0,-275.0
Participant_8434,400.0,425.0,100.0,0.0,300.0,425.0,125.0
Participant_8436,400.0,300.0,100.0,75.0,300.0,225.0,-75.0
Participant_8438,400.0,225.0,100.0,200.0,300.0,25.0,-275.0
Participant_8439,400.0,500.0,100.0,75.0,300.0,425.0,125.0
Participant_8441,400.0,300.0,100.0,300.0,300.0,0.0,-300.0
Participant_8442,400.0,300.0,100.0,250.0,300.0,50.0,-250.0
Participant_8443,400.0,275.0,100.0,275.0,300.0,0.0,-300.0
Participant_8444,400.0,200.0,100.0,100.0,300.0,100.0,-200.0
Participant_8445,400.0,250.0,100.0,250.0,300.0,0.0,-300.0
Participant_8446,400.0,600.0,100.0,175.0,300.0,425.0,125.0
Participant_8447,400.0,250.0,100.0,125.0,300.0,125.0,-175.0
Participant_8448,400.0,325.0,100.0,250.0,300.0,75.0,-225.0
Participant_8449,400.0,475.0,100.0,100.0,300.0,375.0,75.0
Participant_8450,400.0,525.0,100.0,0.0,300.0,525.0,225.0
Participant_8451,400.0,275.0,100.0,225.0,300.0,50.0,-250.0
Participant_8452,400.0,500.0,100.0,25.0,300.0,475.0,175.0
Participant_8454,400.0,400.0,100.0,300.0,300.0,100.0,-200.0
Participant_8455,400.0,500.0,100.0,25.0,300.0,475.0,175.0
Participant_8456,400.0,525.0,100.0,50.0,300.0,475.0,175.0
Participant_8457,400.0,175.0,100.0,150.0,300.0,25.0,-275.0
Participant_8458,400.0,575.0,100.0,0.0,300.0,575.0,275.0
Participant_8459,400.0,525.0,100.0,0.0,300.0,525.0,225.0
Participant_8460,400.0,350.0,100.0,350.0,300.0,0.0,-300.0
Participant_8461,400.0,425.0,100.0,225.0,300.0,200.0,-100.0
Participant_8462,400.0,275.0,100.0,75.0,300.0,200.0,-100.0
Participant_8464,400.0,150.0,100.0,150.0,300.0,0.0,-300.0
Participant_8465,400.0,475.0,100.0,0.0,300.0,475.0,175.0
Participant_8466,400.0,375.0,100.0,0.0,300.0,375.0,75.0
Participant_8467,400.0,400.0,100.0,400.0,300.0,0.0,-300.0
Participant_8468,400.0,250.0,100.0,250.0,300.0,0.0,-300.0
Participant_8469,400.0,525.0,100.0,0.0,300.0,525.0,225.0
Participant_8471,400.0,350.0,100.0,25.0,300.0,325.0,25.0
Participant_8472,400.0,100.0,100.0,100.0,300.0,0.0,-300.0
Participant_8473,400.0,575.0,100.0,75.0,300.0,500.0,200.0
Participant_8476,400.0,600.0,100.0,250.0,300.0,350.0,50.0
Participant_8478,400.0,400.0,100.0,375.0,300.0,25.0,-275.0
Participant_8480,400.0,150.0,100.0,100.0,300.0,50.0,-250.0
Participant_8481,400.0,200.0,100.0,175.0,300.0,25.0,-275.0
Participant_8482,400.0,275.0,100.0,100.0,300.0,175.0,-125.0
Participant_8483,400.0,300.0,100.0,175.0,300.0,125.0,-175.0
Participant_8484,400.0,300.0,100.0,275.0,300.0,25.0,-275.0
Participant_8485,400.0,550.0,100.0,0.0,300.0,550.0,250.0
Participant_8486,400.0,575.0,100.0,25.0,300.0,550.0,250.0
Participant_8487,400.0,450.0,100.0,25.0,300.0,425.0,125.0
Participant_8488,400.0,275.0,100.0,275.0,300.0,0.0,-300.0
Participant_8489,400.0,550.0,100.0,0.0,300.0,550.0,250.0
Participant_8490,400.0,500.0,100.0,25.0,300.0,475.0,175.0
Participant_8491,400.0,550.0,100.0,0.0,300.0,550.0,250.0
Participant_8492,400.0,400.0,100.0,400.0,300.0,0.0,-300.0
Participant_8494,400.0,525.0,100.0,0.0,300.0,525.0,225.0
Participant_8496,400.0,500.0,100.0,0.0,300.0,500.0,200.0
Participant_8497,400.0,500.0,100.0,75.0,300.0,425.0,125.0
Participant_8498,400.0,500.0,100.0,50.0,300.0,450.0,150.0
Participant_8499,400.0,400.0,100.0,300.0,300.0,100.0,-200.0
Participant_8500,400.0,425.0,100.0,175.0,300.0,250.0,-50.0
Participant_8501,400.0,300.0,100.0,50.0,300.0,250.0,-50.0
Participant_8503,400.0,325.0,100.0,325.0,300.0,0.0,-300.0
Participant_8505,400.0,400.0,100.0,0.0,300.0,400.0,100.0
Participant_8506,400.0,225.0,100.0,100.0,300.0,125.0,-175.0
Participant_8507,400.0,400.0,100.0,150.0,300.0,250.0,-50.0
Participant_8509,400.0,575.0,100.0,0.0,300.0,575.0,275.0
Participant_8510,400.0,350.0,100.0,300.0,300.0,50.0,-250.0
Participant_8511,400.0,250.0,100.0,150.0,300.0,100.0,-200.0
Participant_8512,400.0,375.0,100.0,175.0,300.0,200.0,-100.0
Participant_8515,400.0,550.0,100.0,25.0,300.0,525.0,225.0
Participant_8516,400.0,100.0,100.0,100.0,300.0,0.0,-300.0
Participant_8517,400.0,425.0,100.0,100.0,300.0,325.0,25.0
Participant_8519,400.0,600.0,100.0,0.0,300.0,600.0,300.0
Participant_8520,400.0,500.0,100.0,25.0,300.0,475.0,175.0
Participant_8521,400.0,300.0,100.0,300.0,300.0,0.0,-300.0
Participant_8522,400.0,350.0,100.0,300.0,300.0,50.0,-250.0
Participant_8523,400.0,525.0,100.0,0.0,300.0,525.0,225.0
Participant_8524,400.0,200.0,100.0,200.0,300.0,0.0,-300.0
Participant_8525,400.0,150.0,100.0,150.0,300.0,0.0,-300.0
Participant_8526,400.0,400.0,100.0,400.0,300.0,0.0,-300.0
Participant_8527,400.0,100.0,100.0,100.0,300.0,0.0,-300.0
Participant_8528,400.0,350.0,100.0,275.0,300.0,75.0,-225.0
Participant_8529,400.0,200.0,100.0,200.0,300.0,0.0,-300.0
Participant_8530,400.0,325.0,100.0,200.0,300.0,125.0,-175.0
Participant_8532,400.0,425.0,100.0,0.0,300.0,425.0,125.0
Participant_8533,400.0,575.0,100.0,0.0,300.0,575.0,275.0
Participant_8534,400.0,250.0,100.0,250.0,300.0,0.0,-300.0
Participant_8535,400.0,250.0,100.0,75.0,300.0,175.0,-125.0
Participant_8536,400.0,300.0,100.0,50.0,300.0,250.0,-50.0
Participant_8537,400.0,350.0,100.0,275.0,300.0,75.0,-225.0
Participant_8539,400.0,575.0,100.0,25.0,300.0,550.0,250.0
Participant_8540,400.0,250.0,100.0,150.0,300.0,100.0,-200.0
Participant_8542,400.0,400.0,100.0,150.0,300.0,250.0,-50.0
Participant_8543,400.0,200.0,100.0,200.0,300.0,0.0,-300.0
Participant_8544,400.0,150.0,100.0,125.0,300.0,25.0,-275.0
Participant_8545,400.0,475.0,100.0,0.0,300.0,475.0,175.0
Participant_8546,400.0,300.0,100.0,0.0,300.0,300.0,0.0
Participant_8547,400.0,175.0,100.0,100.0,300.0,75.0,-225.0
Participant_8548,400.0,550.0,100.0,25.0,300.0,525.0,225.0
Participant_8549,400.0,325.0,100.0,275.0,300.0,50.0,-250.0
Participant_8550,400.0,150.0,100.0,125.0,300.0,25.0,-275.0
Participant_8551,400.0,100.0,100.0,100.0,300.0,0.0,-300.0
Participant_8553,400.0,250.0,100.0,250.0,300.0,0.0,-300.0
Participant_8555,400.0,250.0,100.0,250.0,300.0,0.0,-300.0
Participant_8556,400.0,400.0,100.0,400.0,300.0,0.0,-300.0
Participant_8557,400.0,475.0,100.0,25.0,300.0,450.0,150.0
Participant_8558,400.0,600.0,100.0,0.0,300.0,600.0,300.0
Participant_8559,400.0,350.0,100.0,275.0,300.0,75.0,-225.0
Participant_8560,400.0,400.0,100.0,250.0,300.0,150.0,-150.0
Participant_8561,400.0,250.0,100.0,250.0,300.0,0.0,-300.0
Participant_8562,400.0,325.0,100.0,225.0,300.0,100.0,-200.0
Participant_8563,400.0,525.0,100.0,175.0,300.0,350.0,50.0
Participant_8565,400.0,100.0,100.0,100.0,300.0,0.0,-300.0
Participant_8566,400.0,600.0,100.0,25.0,300.0,575.0,275.0
Participant_8567,400.0,200.0,100.0,200.0,300.0,0.0,-300.0
Participant_8568,400.0,400.0,100.0,375.0,300.0,25.0,-275.0
Participant_8569,400.0,475.0,100.0,0.0,300.0,475.0,175.0
Participant_8571,400.0,100.0,100.0,100.0,300.0,0.0,-300.0
Participant_8572,400.0,300.0,100.0,50.0,300.0,250.0,-50.0
Participant_8573,400.0,200.0,100.0,100.0,300.0,100.0,-200.0
Participant_8574,400.0,275.0,100.0,100.0,300.0,175.0,-125.0
Participant_8576,400.0,400.0,100.0,0.0,300.0,400.0,100.0
Participant_8577,400.0,400.0,100.0,300.0,300.0,100.0,-200.0
Participant_8578,400.0,150.0,100.0,150.0,300.0,0.0,-300.0
Participant_8581,400.0,250.0,100.0,225.0,300.0,25.0,-275.0
Participant_8582,400.0,400.0,100.0,50.0,300.0,350.0,50.0
Participant_8583,400.0,325.0,100.0,50.0,300.0,275.0,-25.0
Participant_8584,400.0,200.0,100.0,200.0,300.0,0.0,-300.0
Participant_8586,400.0,400.0,100.0,275.0,300.0,125.0,-175.0
Participant_8587,400.0,300.0,100.0,200.0,300.0,100.0,-200.0
Participant_8589,400.0,275.0,100.0,75.0,300.0,200.0,-100.0
Participant_8590,400.0,250.0,100.0,175.0,300.0,75.0,-225.0
Participant_8591,400.0,325.0,100.0,300.0,300.0,25.0,-275.0
Participant_8592,400.0,275.0,100.0,200.0,300.0,75.0,-225.0
Participant_8594,400.0,375.0,100.0,200.0,300.0,175.0,-125.0
Participant_8595,400.0,575.0,100.0,25.0,300.0,550.0,250.0
Participant_8596,400.0,100.0,100.0,100.0,300.0,0.0,-300.0
Participant_8597,400.0,250.0,100.0,175.0,300.0,75.0,-225.0
Participant_8598,400.0,525.0,100.0,25.0,300.0,500.0,200.0
Participant_8600,400.0,225.0,100.0,100.0,300.0,125.0,-175.0
Participant_8601,400.0,550.0,100.0,0.0,300.0,550.0,250.0
Participant_8603,400.0,275.0,100.0,175.0,300.0,100.0,-200.0
Participant_8604,400.0,275.0,100.0,200.0,300.0,75.0,-225.0
Participant_8605,400.0,175.0,100.0,200.0,300.0,-25.0,-325.0
Participant_8606,400.0,375.0,100.0,50.0,300.0,325.0,25.0
Participant_8607,400.0,275.0,100.0,125.0,300.0,150.0,-150.0
Participant_8608,400.0,550.0,100.0,0.0,300.0,550.0,250.0
Participant_8609,400.0,225.0,100.0,150.0,300.0,75.0,-225.0
Participant_8610,400.0,550.0,100.0,0.0,300.0,550.0,250.0
Participant_8611,400.0,275.0,100.0,100.0,300.0,175.0,-125.0
Participant_8612,400.0,400.0,100.0,400.0,300.0,0.0,-300.0
Participant_8613,400.0,575.0,100.0,0.0,300.0,575.0,275.0
Participant_8614,400.0,575.0,100.0,0.0,300.0,575.0,275.0
Participant_8615,400.0,500.0,100.0,25.0,300.0,475.0,175.0
Participant_8616,400.0,150.0,100.0,150.0,300.0,0.0,-300.0
Participant_8617,400.0,500.0,100.0,50.0,300.0,450.0,150.0
Participant_8618,400.0,300.0,100.0,0.0,300.0,300.0,0.0
Participant_8619,400.0,500.0,100.0,0.0,300.0,500.0,200.0
Participant_8620,400.0,250.0,100.0,250.0,300.0,0.0,-300.0
Participant_8621,400.0,350.0,100.0,250.0,300.0,100.0,-200.0
Participant_8622,400.0,350.0,100.0,350.0,300.0,0.0,-300.0
Participant_8623,400.0,250.0,100.0,250.0,300.0,0.0,-300.0
Participant_8624,400.0,250.0,100.0,250.0,300.0,0.0,-300.0
Participant_8625,400.0,350.0,100.0,350.0,300.0,0.0,-300.0
Participant_8626,400.0,275.0,100.0,275.0,300.0,0.0,-300.0
Participant_8628,400.0,250.0,100.0,250.0,300.0,0.0,-300.0
Participant_8629,400.0,150.0,100.0,75.0,300.0,75.0,-225.0
Participant_8630,400.0,300.0,100.0,300.0,300.0,0.0,-300.0
Participant_8631,400.0,300.0,100.0,150.0,300.0,150.0,-150.0
Participant_8632,400.0,150.0,100.0,150.0,300.0,0.0,-300.0
Participant_8633,400.0,375.0,100.0,250.0,300.0,125.0,-175.0
Participant_8634,400.0,250.0,100.0,100.0,300.0,150.0,-150.0
Participant_8635,400.0,175.0,100.0,150.0,300.0,25.0,-275.0
Participant_8636,400.0,250.0,100.0,250.0,300.0,0.0,-300.0
Participant_8637,400.0,650.0,100.0,0.0,300.0,650.0,350.0
Participant_8638,400.0,350.0,100.0,350.0,300.0,0.0,-300.0
Participant_8639,400.0,375.0,100.0,150.0,300.0,225.0,-75.0
Participant_8640,400.0,275.0,100.0,175.0,300.0,100.0,-200.0
Participant_8641,400.0,275.0,100.0,75.0,300.0,200.0,-100.0
Participant_8642,400.0,175.0,100.0,175.0,300.0,0.0,-300.0
Participant_8643,400.0,600.0,100.0,75.0,300.0,525.0,225.0
Participant_8644,400.0,400.0,100.0,400.0,300.0,0.0,-300.0
Participant_8645,400.0,350.0,100.0,150.0,300.0,200.0,-100.0
Participant_8646,400.0,275.0,100.0,300.0,300.0,-25.0,-325.0
Participant_8647,400.0,200.0,100.0,275.0,300.0,-75.0,-375.0
Participant_8648,400.0,500.0,100.0,25.0,300.0,475.0,175.0
Participant_8649,400.0,425.0,100.0,0.0,300.0,425.0,125.0
Participant_8650,400.0,450.0,100.0,0.0,300.0,450.0,150.0
Participant_8651,400.0,250.0,100.0,250.0,300.0,0.0,-300.0
Participant_8654,400.0,325.0,100.0,200.0,300.0,125.0,-175.0
Participant_8655,400.0,325.0,100.0,300.0,300.0,25.0,-275.0
Participant_8656,400.0,200.0,100.0,200.0,300.0,0.0,-300.0
Participant_8657,400.0,275.0,100.0,150.0,300.0,125.0,-175.0
Participant_8658,400.0,550.0,100.0,0.0,300.0,550.0,250.0
Participant_8659,400.0,500.0,100.0,0.0,300.0,500.0,200.0
Participant_8660,400.0,200.0,100.0,200.0,300.0,0.0,-300.0
Participant_8663,400.0,275.0,100.0,300.0,300.0,-25.0,-325.0
Participant_8664,400.0,300.0,100.0,300.0,300.0,0.0,-300.0
Participant_8665,400.0,350.0,100.0,300.0,300.0,50.0,-250.0
Participant_8666,400.0,200.0,100.0,225.0,300.0,-25.0,-325.0
Participant_8668,400.0,300.0,100.0,100.0,300.0,200.0,-100.0
Participant_8669,400.0,475.0,100.0,75.0,300.0,400.0,100.0
Participant_8670,400.0,400.0,100.0,175.0,300.0,225.0,-75.0
Participant_8671,400.0,400.0,100.0,250.0,300.0,150.0,-150.0
Participant_8672,400.0,400.0,100.0,25.0,300.0,375.0,75.0
Participant_8673,400.0,500.0,100.0,0.0,300.0,500.0,200.0
Participant_8675,400.0,375.0,100.0,375.0,300.0,0.0,-300.0
Participant_8677,400.0,200.0,100.0,200.0,300.0,0.0,-300.0
Participant_8678,400.0,100.0,100.0,100.0,300.0,0.0,-300.0
Participant_8679,400.0,550.0,100.0,0.0,300.0,550.0,250.0
Participant_8680,400.0,550.0,100.0,0.0,300.0,550.0,250.0
Participant_8681,400.0,175.0,100.0,200.0,300.0,-25.0,-325.0
Participant_8682,400.0,325.0,100.0,300.0,300.0,25.0,-275.0
Participant_8683,400.0,400.0,100.0,400.0,300.0,0.0,-300.0
Participant_8684,400.0,400.0,100.0,275.0,300.0,125.0,-175.0
Participant_8685,400.0,200.0,100.0,200.0,300.0,0.0,-300.0
Participant_8686,400.0,400.0,100.0,275.0,300.0,125.0,-175.0
Participant_8687,400.0,300.0,100.0,300.0,300.0,0.0,-300.0
Participant_8688,400.0,575.0,100.0,0.0,300.0,575.0,275.0
Participant_8689,400.0,350.0,100.0,350.0,300.0,0.0,-300.0
Participant_8690,400.0,350.0,100.0,0.0,300.0,350.0,50.0
Participant_8691,400.0,200.0,100.0,200.0,300.0,0.0,-300.0
Participant_8692,400.0,350.0,100.0,350.0,300.0,0.0,-300.0
Participant_8693,400.0,275.0,100.0,250.0,300.0,25.0,-275.0
Participant_8694,400.0,575.0,100.0,0.0,300.0,575.0,275.0
Participant_8696,400.0,150.0,100.0,100.0,300.0,50.0,-250.0
Participant_8697,400.0,150.0,100.0,150.0,300.0,0.0,-300.0
Participant_8698,400.0,225.0,100.0,175.0,300.0,50.0,-250.0
Participant_8699,400.0,350.0,100.0,250.0,300.0,100.0,-200.0
Participant_8700,400.0,325.0,100.0,225.0,300.0,100.0,-200.0
Participant_8701,400.0,250.0,100.0,250.0,300.0,0.0,-300.0
Participant_8702,400.0,500.0,100.0,0.0,300.0,500.0,200.0
Participant_8703,400.0,375.0,100.0,225.0,300.0,150.0,-150.0
Participant_8704,400.0,475.0,100.0,225.0,300.0,250.0,-50.0
Participant_8705,400.0,375.0,100.0,75.0,300.0,300.0,0.0
Participant_8706,400.0,125.0,100.0,100.0,300.0,25.0,-275.0
Participant_8707,400.0,600.0,100.0,0.0,300.0,600.0,300.0
Participant_8708,400.0,250.0,100.0,250.0,300.0,0.0,-300.0
Participant_8709,400.0,275.0,100.0,225.0,300.0,50.0,-250.0
Participant_8711,400.0,400.0,100.0,150.0,300.0,250.0,-50.0
Participant_8712,400.0,475.0,100.0,0.0,300.0,475.0,175.0
Participant_8714,400.0,200.0,100.0,175.0,300.0,25.0,-275.0
Participant_8715,400.0,150.0,100.0,150.0,300.0,0.0,-300.0
Participant_8716,400.0,225.0,100.0,100.0,300.0,125.0,-175.0
Participant_8719,400.0,475.0,100.0,0.0,300.0,475.0,175.0
Participant_8720,400.0,350.0,100.0,225.0,300.0,125.0,-175.0
Participant_8721,400.0,525.0,100.0,150.0,300.0,375.0,75.0
Participant_8722,400.0,450.0,100.0,0.0,300.0,450.0,150.0
Participant_8723,400.0,400.0,100.0,125.0,300.0,275.0,-25.0
Participant_8724,400.0,525.0,100.0,50.0,300.0,475.0,175.0
Participant_8725,400.0,325.0,100.0,50.0,300.0,275.0,-25.0
Participant_8726,400.0,550.0,100.0,25.0,300.0,525.0,225.0
Participant_8727,400.0,275.0,100.0,250.0,300.0,25.0,-275.0
Participant_8728,400.0,250.0,100.0,100.0,300.0,150.0,-150.0
Participant_8729,400.0,325.0,100.0,100.0,300.0,225.0,-75.0
Participant_8730,400.0,475.0,100.0,150.0,300.0,325.0,25.0
Participant_8731,400.0,250.0,100.0,250.0,300.0,0.0,-300.0
Participant_8732,400.0,550.0,100.0,0.0,300.0,550.0,250.0
Participant_8733,400.0,450.0,100.0,75.0,300.0,375.0,75.0
Participant_8734,400.0,350.0,100.0,0.0,300.0,350.0,50.0
Participant_8735,400.0,375.0,100.0,150.0,300.0,225.0,-75.0
Participant_8736,400.0,350.0,100.0,250.0,300.0,100.0,-200.0
Participant_8737,400.0,425.0,100.0,175.0,300.0,250.0,-50.0
Participant_8738,400.0,325.0,100.0,125.0,300.0,200.0,-100.0
Participant_8739,400.0,275.0,100.0,225.0,300.0,50.0,-250.0
Participant_8740,400.0,525.0,100.0,225.0,300.0,300.0,0.0
Participant_8741,400.0,350.0,100.0,350.0,300.0,0.0,-300.0
Participant_8742,400.0,600.0,100.0,0.0,300.0,600.0,300.0
Participant_8743,400.0,300.0,100.0,150.0,300.0,150.0,-150.0
Participant_8745,400.0,175.0,100.0,100.0,300.0,75.0,-225.0
Participant_8746,400.0,575.0,100.0,0.0,300.0,575.0,275.0
Participant_8747,400.0,225.0,100.0,100.0,300.0,125.0,-175.0
Participant_8748,400.0,250.0,100.0,250.0,300.0,0.0,-300.0
Participant_8749,400.0,575.0,100.0,0.0,300.0,575.0,275.0
Participant_8750,400.0,475.0,100.0,0.0,300.0,475.0,175.0
Participant_8751,400.0,300.0,100.0,300.0,300.0,0.0,-300.0
Participant_8753,400.0,400.0,100.0,0.0,300.0,400.0,100.0
Participant_8754,400.0,200.0,100.0,200.0,300.0,0.0,-300.0
Participant_8755,400.0,350.0,100.0,350.0,300.0,0.0,-300.0
Participant_8756,400.0,350.0,100.0,250.0,300.0,100.0,-200.0
Participant_8757,400.0,550.0,100.0,50.0,300.0,500.0,200.0
Participant_8758,400.0,475.0,100.0,125.0,300.0,350.0,50.0
Participant_8759,400.0,300.0,100.0,200.0,300.0,100.0,-200.0
Participant_8761,400.0,400.0,100.0,250.0,300.0,150.0,-150.0
Participant_8762,400.0,275.0,100.0,125.0,300.0,150.0,-150.0
Participant_8763,400.0,350.0,100.0,350.0,300.0,0.0,-300.0
Participant_8765,400.0,550.0,100.0,25.0,300.0,525.0,225.0
Participant_8766,400.0,250.0,100.0,100.0,300.0,150.0,-150.0
Participant_8767,400.0,425.0,100.0,50.0,300.0,375.0,75.0
Participant_8768,400.0,600.0,100.0,0.0,300.0,600.0,300.0
Participant_8770,400.0,175.0,100.0,175.0,300.0,0.0,-300.0
Participant_8772,400.0,450.0,100.0,150.0,300.0,300.0,0.0
Participant_8773,400.0,250.0,100.0,125.0,300.0,125.0,-175.0
Participant_8774,400.0,125.0,100.0,100.0,300.0,25.0,-275.0
Participant_8776,400.0,550.0,100.0,0.0,300.0,550.0,250.0
Participant_8778,400.0,225.0,100.0,200.0,300.0,25.0,-275.0
Participant_8779,400.0,525.0,100.0,25.0,300.0,500.0,200.0
Participant_8781,400.0,250.0,100.0,200.0,300.0,50.0,-250.0
Participant_8783,400.0,200.0,100.0,200.0,300.0,0.0,-300.0
Participant_8784,400.0,300.0,100.0,300.0,300.0,0.0,-300.0
Participant_8785,400.0,200.0,100.0,175.0,300.0,25.0,-275.0
Participant_8786,400.0,350.0,100.0,350.0,300.0,0.0,-300.0
Participant_8787,400.0,250.0,100.0,175.0,300.0,75.0,-225.0
Participant_8788,400.0,250.0,100.0,100.0,300.0,150.0,-150.0
Participant_8789,400.0,475.0,100.0,0.0,300.0,475.0,175.0
Participant_8790,400.0,325.0,100.0,0.0,300.0,325.0,25.0
Participant_8791,400.0,450.0,100.0,25.0,300.0,425.0,125.0
Participant_8792,400.0,175.0,100.0,100.0,300.0,75.0,-225.0
Participant_8793,400.0,225.0,100.0,100.0,300.0,125.0,-175.0
Participant_8794,400.0,250.0,100.0,250.0,300.0,0.0,-300.0
Participant_8795,400.0,350.0,100.0,225.0,300.0,125.0,-175.0
Participant_8796,400.0,300.0,100.0,275.0,300.0,25.0,-275.0
Participant_8797,400.0,175.0,100.0,150.0,300.0,25.0,-275.0
Participant_8798,400.0,500.0,100.0,0.0,300.0,500.0,200.0
Participant_8799,400.0,575.0,100.0,25.0,300.0,550.0,250.0
Participant_8800,400.0,200.0,100.0,75.0,300.0,125.0,-175.0
Participant_8801,400.0,350.0,100.0,300.0,300.0,50.0,-250.0
Participant_8802,400.0,150.0,100.0,150.0,300.0,0.0,-300.0
Participant_8804,400.0,300.0,100.0,275.0,300.0,25.0,-275.0
Participant_8805,400.0,500.0,100.0,0.0,300.0,500.0,200.0
Participant_8806,400.0,525.0,100.0,75.0,300.0,450.0,150.0
Participant_8807,400.0,200.0,100.0,200.0,300.0,0.0,-300.0
Participant_8809,400.0,300.0,100.0,225.0,300.0,75.0,-225.0
Participant_8810,400.0,275.0,100.0,75.0,300.0,200.0,-100.0
Participant_8812,400.0,300.0,100.0,0.0,300.0,300.0,0.0
Participant_8814,400.0,375.0,100.0,375.0,300.0,0.0,-300.0
Participant_8815,400.0,150.0,100.0,150.0,300.0,0.0,-300.0
Participant_8816,400.0,450.0,100.0,150.0,300.0,300.0,0.0
Participant_8818,400.0,350.0,100.0,225.0,300.0,125.0,-175.0
Participant_8819,400.0,300.0,100.0,175.0,300.0,125.0,-175.0
Participant_8820,400.0,450.0,100.0,200.0,300.0,250.0,-50.0
Participant_8821,400.0,225.0,100.0,200.0,300.0,25.0,-275.0
Participant_8822,400.0,300.0,100.0,50.0,300.0,250.0,-50.0
Participant_8823,400.0,300.0,100.0,125.0,300.0,175.0,-125.0
Participant_8824,400.0,400.0,100.0,25.0,300.0,375.0,75.0
Participant_8825,400.0,200.0,100.0,200.0,300.0,0.0,-300.0
Participant_8826,400.0,300.0,100.0,200.0,300.0,100.0,-200.0
Participant_8827,400.0,425.0,100.0,250.0,300.0,175.0,-125.0
Participant_8828,400.0,550.0,100.0,0.0,300.0,550.0,250.0
Participant_8829,400.0,575.0,100.0,0.0,300.0,575.0,275.0
Participant_8830,400.0,500.0,100.0,0.0,300.0,500.0,200.0
Participant_8831,400.0,100.0,100.0,100.0,300.0,0.0,-300.0
Participant_8833,400.0,275.0,100.0,150.0,300.0,125.0,-175.0
Participant_8835,400.0,200.0,100.0,200.0,300.0,0.0,-300.0
Participant_8836,400.0,150.0,100.0,150.0,300.0,0.0,-300.0
Participant_8837,400.0,300.0,100.0,0.0,300.0,300.0,0.0
Participant_8838,400.0,225.0,100.0,125.0,300.0,100.0,-200.0
Participant_8839,400.0,375.0,100.0,275.0,300.0,100.0,-200.0
Participant_8840,400.0,225.0,100.0,200.0,300.0,25.0,-275.0
Participant_8841,400.0,275.0,100.0,125.0,300.0,150.0,-150.0
Participant_8842,400.0,200.0,100.0,175.0,300.0,25.0,-275.0
Participant_8843,400.0,150.0,100.0,150.0,300.0,0.0,-300.0
Participant_8844,400.0,425.0,100.0,50.0,300.0,375.0,75.0
Participant_8846,400.0,275.0,100.0,175.0,300.0,100.0,-200.0
Participant_8848,400.0,550.0,100.0,0.0,300.0,550.0,250.0
Participant_8849,400.0,100.0,100.0,100.0,300.0,0.0,-300.0
Participant_8850,400.0,275.0,100.0,250.0,300.0,25.0,-275.0
Participant_8851,400.0,500.0,100.0,25.0,300.0,475.0,175.0
Participant_8852,400.0,300.0,100.0,300.0,300.0,0.0,-300.0
Participant_8853,400.0,400.0,100.0,400.0,300.0,0.0,-300.0
Participant_8854,400.0,350.0,100.0,350.0,300.0,0.0,-300.0
Participant_8855,400.0,400.0,100.0,400.0,300.0,0.0,-300.0
Participant_8856,400.0,575.0,100.0,0.0,300.0,575.0,275.0
Participant_8857,400.0,200.0,100.0,200.0,300.0,0.0,-300.0
Participant_8858,400.0,400.0,100.0,400.0,300.0,0.0,-300.0
Participant_8859,400.0,400.0,100.0,400.0,300.0,0.0,-300.0
Participant_8860,400.0,300.0,100.0,300.0,300.0,0.0,-300.0
Participant_8861,400.0,575.0,100.0,0.0,300.0,575.0,275.0
Participant_8862,400.0,600.0,100.0,0.0,300.0,600.0,300.0
Participant_8863,400.0,100.0,100.0,100.0,300.0,0.0,-300.0
Participant_8864,400.0,600.0,100.0,0.0,300.0,600.0,300.0
Participant_8865,400.0,450.0,100.0,100.0,300.0,350.0,50.0
Participant_8867,400.0,300.0,100.0,325.0,300.0,-25.0,-325.0
Participant_8868,400.0,250.0,100.0,100.0,300.0,150.0,-150.0
Participant_8869,400.0,225.0,100.0,225.0,300.0,0.0,-300.0
Participant_8870,400.0,525.0,100.0,0.0,300.0,525.0,225.0
Participant_8871,400.0,150.0,100.0,150.0,300.0,0.0,-300.0
Participant_8872,400.0,350.0,100.0,250.0,300.0,100.0,-200.0
Participant_8873,400.0,100.0,100.0,100.0,300.0,0.0,-300.0
Participant_8874,400.0,350.0,100.0,225.0,300.0,125.0,-175.0
Participant_8875,400.0,150.0,100.0,75.0,300.0,75.0,-225.0
Participant_8876,400.0,225.0,100.0,200.0,300.0,25.0,-275.0
Participant_8877,400.0,275.0,100.0,225.0,300.0,50.0,-250.0
Participant_8878,400.0,375.0,100.0,125.0,300.0,250.0,-50.0
Participant_8879,400.0,575.0,100.0,0.0,300.0,575.0,275.0
Participant_8880,400.0,575.0,100.0,0.0,300.0,575.0,275.0
Participant_8883,400.0,400.0,100.0,375.0,300.0,25.0,-275.0
Participant_8884,400.0,400.0,100.0,350.0,300.0,50.0,-250.0
Participant_8885,400.0,400.0,100.0,400.0,300.0,0.0,-300.0
Participant_8886,400.0,600.0,100.0,0.0,300.0,600.0,300.0
Participant_8887,400.0,475.0,100.0,0.0,300.0,475.0,175.0
Participant_8888,400.0,350.0,100.0,275.0,300.0,75.0,-225.0
Participant_8889,400.0,575.0,100.0,0.0,300.0,575.0,275.0
Participant_8890,400.0,375.0,100.0,150.0,300.0,225.0,-75.0
Participant_8892,400.0,350.0,100.0,325.0,300.0,25.0,-275.0
Participant_8893,400.0,300.0,100.0,300.0,300.0,0.0,-300.0
Participant_8894,400.0,275.0,100.0,250.0,300.0,25.0,-275.0
Participant_8895,400.0,525.0,100.0,0.0,300.0,525.0,225.0
Participant_8896,400.0,575.0,100.0,0.0,300.0,575.0,275.0
Participant_8898,400.0,500.0,100.0,100.0,300.0,400.0,100.0
Participant_8899,400.0,150.0,100.0,150.0,300.0,0.0,-300.0
Participant_8900,400.0,250.0,100.0,250.0,300.0,0.0,-300.0
Participant_8901,400.0,550.0,100.0,0.0,300.0,550.0,250.0
Participant_8902,400.0,325.0,100.0,275.0,300.0,50.0,-250.0
Participant_8903,400.0,250.0,100.0,25.0,300.0,225.0,-75.0
Participant_8905,400.0,550.0,100.0,0.0,300.0,550.0,250.0
Participant_8906,400.0,150.0,100.0,150.0,300.0,0.0,-300.0
Participant_8907,400.0,250.0,100.0,175.0,300.0,75.0,-225.0
Participant_8908,400.0,350.0,100.0,350.0,300.0,0.0,-300.0
Participant_8909,400.0,500.0,100.0,0.0,300.0,500.0,200.0
Participant_8910,400.0,250.0,100.0,250.0,300.0,0.0,-300.0
Participant_8911,400.0,300.0,100.0,200.0,300.0,100.0,-200.0
Participant_8912,400.0,150.0,100.0,150.0,300.0,0.0,-300.0
Participant_8913,400.0,250.0,100.0,225.0,300.0,25.0,-275.0
Participant_8915,400.0,400.0,100.0,225.0,300.0,175.0,-125.0
Participant_8916,400.0,300.0,100.0,300.0,300.0,0.0,-300.0
Participant_8919,400.0,175.0,100.0,150.0,300.0,25.0,-275.0
Participant_8920,400.0,300.0,100.0,125.0,300.0,175.0,-125.0
Participant_8921,400.0,475.0,100.0,0.0,300.0,475.0,175.0
Participant_8922,400.0,275.0,100.0,250.0,300.0,25.0,-275.0
Participant_8923,400.0,525.0,100.0,150.0,300.0,375.0,75.0
Participant_8924,400.0,200.0,100.0,225.0,300.0,-25.0,-325.0
Participant_8925,400.0,350.0,100.0,300.0,300.0,50.0,-250.0
Participant_8926,400.0,350.0,100.0,125.0,300.0,225.0,-75.0
Participant_8927,400.0,500.0,100.0,250.0,300.0,250.0,-50.0
Participant_8928,400.0,250.0,100.0,275.0,300.0,-25.0,-325.0
Participant_8929,400.0,200.0,100.0,200.0,300.0,0.0,-300.0
Participant_8930,400.0,250.0,100.0,225.0,300.0,25.0,-275.0
Participant_8931,400.0,175.0,100.0,150.0,300.0,25.0,-275.0
Participant_8933,400.0,275.0,100.0,150.0,300.0,125.0,-175.0
Participant_8934,400.0,400.0,100.0,325.0,300.0,75.0,-225.0
Participant_8936,400.0,350.0,100.0,150.0,300.0,200.0,-100.0
Participant_8937,400.0,300.0,100.0,175.0,300.0,125.0,-175.0
Participant_8938,400.0,500.0,100.0,0.0,300.0,500.0,200.0
Participant_8939,400.0,100.0,100.0,100.0,300.0,0.0,-300.0
Participant_8940,400.0,475.0,100.0,25.0,300.0,450.0,150.0
Participant_8941,400.0,250.0,100.0,125.0,300.0,125.0,-175.0
Participant_8942,400.0,325.0,100.0,200.0,300.0,125.0,-175.0
Participant_8943,400.0,350.0,100.0,150.0,300.0,200.0,-100.0
Participant_8944,400.0,150.0,100.0,150.0,300.0,0.0,-300.0
Participant_8945,400.0,350.0,100.0,350.0,300.0,0.0,-300.0
Participant_8946,400.0,600.0,100.0,0.0,300.0,600.0,300.0
Participant_8947,400.0,425.0,100.0,50.0,300.0,375.0,75.0
Participant_8949,400.0,425.0,100.0,300.0,300.0,125.0,-175.0
Participant_8950,400.0,200.0,100.0,150.0,300.0,50.0,-250.0
Participant_8951,400.0,375.0,100.0,0.0,300.0,375.0,75.0
Participant_8952,400.0,200.0,100.0,200.0,300.0,0.0,-300.0
Participant_8956,400.0,250.0,100.0,250.0,300.0,0.0,-300.0
Participant_8957,400.0,550.0,100.0,0.0,300.0,550.0,250.0
Participant_8960,400.0,600.0,100.0,0.0,300.0,600.0,300.0
Participant_8961,400.0,200.0,100.0,200.0,300.0,0.0,-300.0
Participant_8962,400.0,375.0,100.0,50.0,300.0,325.0,25.0
Participant_8963,400.0,500.0,100.0,50.0,300.0,450.0,150.0
Participant_8964,400.0,425.0,100.0,325.0,300.0,100.0,-200.0
Participant_8966,400.0,400.0,100.0,375.0,300.0,25.0,-275.0
Participant_8967,400.0,300.0,100.0,300.0,300.0,0.0,-300.0
Participant_8969,400.0,525.0,100.0,25.0,300.0,500.0,200.0
Participant_8970,400.0,200.0,100.0,100.0,300.0,100.0,-200.0
Participant_8971,400.0,375.0,100.0,0.0,300.0,375.0,75.0
Participant_8972,400.0,400.0,100.0,200.0,300.0,200.0,-100.0
Participant_8973,400.0,300.0,100.0,200.0,300.0,100.0,-200.0
Participant_8974,400.0,350.0,100.0,275.0,300.0,75.0,-225.0
Participant_8975,400.0,375.0,100.0,300.0,300.0,75.0,-225.0
Participant_8976,400.0,575.0,100.0,0.0,300.0,575.0,275.0
Participant_8977,400.0,475.0,100.0,0.0,300.0,475.0,175.0
Participant_8978,400.0,575.0,100.0,0.0,300.0,575.0,275.0
Participant_8979,400.0,350.0,100.0,300.0,300.0,50.0,-250.0
Participant_8981,400.0,450.0,100.0,125.0,300.0,325.0,25.0
Participant_8982,400.0,475.0,100.0,0.0,300.0,475.0,175.0
Participant_8983,400.0,275.0,100.0,250.0,300.0,25.0,-275.0
Participant_8985,400.0,275.0,100.0,250.0,300.0,25.0,-275.0
Participant_8986,400.0,575.0,100.0,50.0,300.0,525.0,225.0
Participant_8987,400.0,375.0,100.0,300.0,300.0,75.0,-225.0
Participant_8988,400.0,250.0,100.0,200.0,300.0,50.0,-250.0
Participant_8990,400.0,250.0,100.0,250.0,300.0,0.0,-300.0
Participant_8992,400.0,350.0,100.0,225.0,300.0,125.0,-175.0
Participant_8993,400.0,375.0,100.0,0.0,300.0,375.0,75.0
Participant_8994,400.0,350.0,100.0,200.0,300.0,150.0,-150.0
Participant_8995,400.0,350.0,100.0,225.0,300.0,125.0,-175.0
Participant_8996,400.0,350.0,100.0,150.0,300.0,200.0,-100.0
Participant_8997,400.0,350.0,100.0,25.0,300.0,325.0,25.0
Participant_8998,400.0,100.0,100.0,100.0,300.0,0.0,-300.0
Participant_8999,400.0,300.0,100.0,300.0,300.0,0.0,-300.0
Participant_9000,400.0,225.0,100.0,175.0,300.0,50.0,-250.0
Participant_9001,400.0,125.0,100.0,100.0,300.0,25.0,-275.0
Participant_9002,400.0,425.0,100.0,200.0,300.0,225.0,-75.0
Participant_9003,400.0,600.0,100.0,100.0,300.0,500.0,200.0
Participant_9004,400.0,550.0,100.0,0.0,300.0,550.0,250.0
Participant_9006,400.0,275.0,100.0,225.0,300.0,50.0,-250.0
Participant_9007,400.0,275.0,100.0,150.0,300.0,125.0,-175.0
Participant_9008,400.0,100.0,100.0,100.0,300.0,0.0,-300.0
Participant_9009,400.0,500.0,100.0,0.0,300.0,500.0,200.0
Participant_9010,400.0,400.0,100.0,400.0,300.0,0.0,-300.0
Participant_9012,400.0,300.0,100.0,100.0,300.0,200.0,-100.0
Participant_9013,400.0,275.0,100.0,225.0,300.0,50.0,-250.0
Participant_9014,400.0,150.0,100.0,150.0,300.0,0.0,-300.0
Participant_9015,400.0,575.0,100.0,0.0,300.0,575.0,275.0
Participant_9016,400.0,175.0,100.0,150.0,300.0,25.0,-275.0
Participant_9017,400.0,300.0,100.0,300.0,300.0,0.0,-300.0
Participant_9018,400.0,375.0,100.0,250.0,300.0,125.0,-175.0
Participant_9019,400.0,350.0,100.0,225.0,300.0,125.0,-175.0
Participant_9020,400.0,225.0,100.0,200.0,300.0,25.0,-275.0
Participant_9021,400.0,475.0,100.0,0.0,300.0,475.0,175.0
Participant_9022,400.0,350.0,100.0,350.0,300.0,0.0,-300.0
Participant_9023,400.0,100.0,100.0,100.0,300.0,0.0,-300.0
Participant_9024,400.0,250.0,100.0,225.0,300.0,25.0,-275.0
Participant_9025,400.0,375.0,100.0,125.0,300.0,250.0,-50.0
Participant_9026,400.0,525.0,100.0,100.0,300.0,425.0,125.0
Participant_9027,400.0,200.0,100.0,0.0,300.0,200.0,-100.0
Participant_9028,400.0,400.0,100.0,225.0,300.0,175.0,-125.0
Participant_9029,400.0,325.0,100.0,225.0,300.0,100.0,-200.0
Participant_9031,400.0,500.0,100.0,0.0,300.0,500.0,200.0
Participant_9033,400.0,200.0,100.0,200.0,300.0,0.0,-300.0
Participant_9034,400.0,400.0,100.0,275.0,300.0,125.0,-175.0
Participant_9035,400.0,425.0,100.0,200.0,300.0,225.0,-75.0
Participant_9036,400.0,175.0,100.0,100.0,300.0,75.0,-225.0
Participant_9037,400.0,325.0,100.0,50.0,300.0,275.0,-25.0
Participant_9038,400.0,550.0,100.0,0.0,300.0,550.0,250.0
Participant_9039,400.0,400.0,100.0,0.0,300.0,400.0,100.0
Participant_9040,400.0,350.0,100.0,300.0,300.0,50.0,-250.0
Participant_9041,400.0,550.0,100.0,0.0,300.0,550.0,250.0
Participant_9042,400.0,450.0,100.0,25.0,300.0,425.0,125.0
Participant_9043,400.0,300.0,100.0,300.0,300.0,0.0,-300.0
Participant_9044,400.0,450.0,100.0,200.0,300.0,250.0,-50.0
Participant_9045,400.0,250.0,100.0,200.0,300.0,50.0,-250.0
Participant_9046,400.0,200.0,100.0,150.0,300.0,50.0,-250.0
Participant_9047,400.0,350.0,100.0,225.0,300.0,125.0,-175.0
Participant_9048,400.0,400.0,100.0,300.0,300.0,100.0,-200.0
Participant_9049,400.0,550.0,100.0,0.0,300.0,550.0,250.0
Participant_9050,400.0,325.0,100.0,150.0,300.0,175.0,-125.0
Participant_9052,400.0,600.0,100.0,0.0,300.0,600.0,300.0
Participant_9053,400.0,475.0,100.0,25.0,300.0,450.0,150.0
Participant_9055,400.0,475.0,100.0,25.0,300.0,450.0,150.0
Participant_9056,400.0,300.0,100.0,300.0,300.0,0.0,-300.0
Participant_9057,400.0,275.0,100.0,100.0,300.0,175.0,-125.0
Participant_9059,400.0,275.0,100.0,200.0,300.0,75.0,-225.0
Participant_9060,400.0,100.0,100.0,100.0,300.0,0.0,-300.0
Participant_9061,400.0,500.0,100.0,125.0,300.0,375.0,75.0
Participant_9062,400.0,350.0,100.0,350.0,300.0,0.0,-300.0
Participant_9063,400.0,300.0,100.0,300.0,300.0,0.0,-300.0
Participant_9065,400.0,325.0,100.0,25.0,300.0,300.0,0.0
Participant_9066,400.0,400.0,100.0,75.0,300.0,325.0,25.0
Participant_9068,400.0,450.0,100.0,200.0,300.0,250.0,-50.0
Participant_9070,400.0,250.0,100.0,250.0,300.0,0.0,-300.0
Participant_9071,400.0,350.0,100.0,225.0,300.0,125.0,-175.0
Participant_9072,400.0,350.0,100.0,200.0,300.0,150.0,-150.0
Participant_9074,400.0,500.0,100.0,125.0,300.0,375.0,75.0
Participant_9075,400.0,450.0,100.0,50.0,300.0,400.0,100.0
Participant_9077,400.0,500.0,100.0,0.0,300.0,500.0,200.0
Participant_9078,400.0,425.0,100.0,0.0,300.0,425.0,125.0
Participant_9079,400.0,500.0,100.0,150.0,300.0,350.0,50.0
Participant_9081,400.0,375.0,100.0,75.0,300.0,300.0,0.0
Participant_9082,400.0,250.0,100.0,75.0,300.0,175.0,-125.0
Participant_9083,400.0,425.0,100.0,200.0,300.0,225.0,-75.0
Participant_9084,400.0,325.0,100.0,125.0,300.0,200.0,-100.0
Participant_9086,400.0,250.0,100.0,250.0,300.0,0.0,-300.0
Participant_9087,400.0,600.0,100.0,0.0,300.0,600.0,300.0
Participant_9088,400.0,225.0,100.0,100.0,300.0,125.0,-175.0
Participant_9089,400.0,325.0,100.0,150.0,300.0,175.0,-125.0
Participant_9090,400.0,250.0,100.0,250.0,300.0,0.0,-300.0
Participant_9091,400.0,325.0,100.0,175.0,300.0,150.0,-150.0
Participant_9092,400.0,300.0,100.0,300.0,300.0,0.0,-300.0
Participant_9093,400.0,575.0,100.0,125.0,300.0,450.0,150.0
Participant_9094,400.0,100.0,100.0,100.0,300.0,0.0,-300.0
Participant_9095,400.0,350.0,100.0,275.0,300.0,75.0,-225.0
Participant_9096,400.0,150.0,100.0,75.0,300.0,75.0,-225.0
Participant_9097,400.0,475.0,100.0,0.0,300.0,475.0,175.0
Participant_9098,400.0,200.0,100.0,175.0,300.0,25.0,-275.0
Participant_9099,400.0,250.0,100.0,225.0,300.0,25.0,-275.0
Participant_9100,400.0,250.0,100.0,250.0,300.0,0.0,-300.0
Participant_9102,400.0,400.0,100.0,175.0,300.0,225.0,-75.0
Participant_9103,400.0,300.0,100.0,200.0,300.0,100.0,-200.0
Participant_9104,400.0,400.0,100.0,0.0,300.0,400.0,100.0
Participant_9105,400.0,250.0,100.0,250.0,300.0,0.0,-300.0
Participant_9106,400.0,250.0,100.0,250.0,300.0,0.0,-300.0
Participant_9107,400.0,425.0,100.0,275.0,300.0,150.0,-150.0
Participant_9108,400.0,250.0,100.0,250.0,300.0,0.0,-300.0
Participant_9109,400.0,600.0,100.0,0.0,300.0,600.0,300.0
Participant_9110,400.0,550.0,100.0,150.0,300.0,400.0,100.0
Participant_9111,400.0,500.0,100.0,25.0,300.0,475.0,175.0
Participant_9112,400.0,175.0,100.0,100.0,300.0,75.0,-225.0
Participant_9113,400.0,150.0,100.0,125.0,300.0,25.0,-275.0
Participant_9115,400.0,250.0,100.0,250.0,300.0,0.0,-300.0
Participant_9116,400.0,250.0,100.0,25.0,300.0,225.0,-75.0
Participant_9118,400.0,175.0,100.0,125.0,300.0,50.0,-250.0
Participant_9119,400.0,350.0,100.0,0.0,300.0,350.0,50.0
Participant_9120,400.0,425.0,100.0,0.0,300.0,425.0,125.0
Participant_9121,400.0,300.0,100.0,300.0,300.0,0.0,-300.0
Participant_9122,400.0,400.0,100.0,400.0,300.0,0.0,-300.0
Participant_9123,400.0,325.0,100.0,200.0,300.0,125.0,-175.0
Participant_9124,400.0,525.0,100.0,0.0,300.0,525.0,225.0
Participant_9125,400.0,525.0,100.0,25.0,300.0,500.0,200.0
Participant_9126,400.0,475.0,100.0,50.0,300.0,425.0,125.0
Participant_9127,400.0,275.0,100.0,0.0,300.0,275.0,-25.0
Participant_9129,400.0,500.0,100.0,0.0,300.0,500.0,200.0
Participant_9130,400.0,175.0,100.0,150.0,300.0,25.0,-275.0
Participant_9131,400.0,275.0,100.0,250.0,300.0,25.0,-275.0
Participant_9134,400.0,125.0,100.0,100.0,300.0,25.0,-275.0
Participant_9135,400.0,500.0,100.0,150.0,300.0,350.0,50.0
Participant_9136,400.0,250.0,100.0,250.0,300.0,0.0,-300.0
Participant_9138,400.0,450.0,100.0,0.0,300.0,450.0,150.0
Participant_9139,400.0,175.0,100.0,150.0,300.0,25.0,-275.0
Participant_9140,400.0,150.0,100.0,150.0,300.0,0.0,-300.0
Participant_9142,400.0,350.0,100.0,175.0,300.0,175.0,-125.0
Participant_9143,400.0,425.0,100.0,175.0,300.0,250.0,-50.0
Participant_9144,400.0,350.0,100.0,350.0,300.0,0.0,-300.0
Participant_9146,400.0,300.0,100.0,275.0,300.0,25.0,-275.0
Participant_9147,400.0,300.0,100.0,300.0,300.0,0.0,-300.0
Participant_9148,400.0,100.0,100.0,100.0,300.0,0.0,-300.0
Participant_9149,400.0,425.0,100.0,50.0,300.0,375.0,75.0
Participant_9150,400.0,350.0,100.0,350.0,300.0,0.0,-300.0
Participant_9151,400.0,350.0,100.0,250.0,300.0,100.0,-200.0
Participant_9152,400.0,300.0,100.0,150.0,300.0,150.0,-150.0
Participant_9153,400.0,350.0,100.0,300.0,300.0,50.0,-250.0
Participant_9154,400.0,325.0,100.0,150.0,300.0,175.0,-125.0
Participant_9155,400.0,150.0,100.0,150.0,300.0,0.0,-300.0
Participant_9156,400.0,300.0,100.0,300.0,300.0,0.0,-300.0
Participant_9157,400.0,450.0,100.0,175.0,300.0,275.0,-25.0
Participant_9158,400.0,300.0,100.0,50.0,300.0,250.0,-50.0
Participant_9159,400.0,275.0,100.0,100.0,300.0,175.0,-125.0
Participant_9160,400.0,275.0,100.0,200.0,300.0,75.0,-225.0
Participant_9161,400.0,500.0,100.0,0.0,300.0,500.0,200.0
Participant_9162,400.0,250.0,100.0,225.0,300.0,25.0,-275.0
Participant_9163,400.0,600.0,100.0,300.0,300.0,300.0,0.0
Participant_9164,400.0,125.0,100.0,100.0,300.0,25.0,-275.0
Participant_9165,400.0,575.0,100.0,0.0,300.0,575.0,275.0
Participant_9166,400.0,300.0,100.0,300.0,300.0,0.0,-300.0
Participant_9167,400.0,150.0,100.0,150.0,300.0,0.0,-300.0
Participant_9168,400.0,350.0,100.0,225.0,300.0,125.0,-175.0
Participant_9169,400.0,600.0,100.0,0.0,300.0,600.0,300.0
Participant_9170,400.0,300.0,100.0,300.0,300.0,0.0,-300.0
Participant_9171,400.0,200.0,100.0,200.0,300.0,0.0,-300.0
Participant_9172,400.0,200.0,100.0,200.0,300.0,0.0,-300.0
Participant_9175,400.0,100.0,100.0,75.0,300.0,25.0,-275.0
Participant_9176,400.0,250.0,100.0,175.0,300.0,75.0,-225.0
Participant_9177,400.0,250.0,100.0,225.0,300.0,25.0,-275.0
Participant_9178,400.0,300.0,100.0,150.0,300.0,150.0,-150.0
Participant_9179,400.0,300.0,100.0,300.0,300.0,0.0,-300.0
Participant_9180,400.0,525.0,100.0,0.0,300.0,525.0,225.0
Participant_9181,400.0,275.0,100.0,50.0,300.0,225.0,-75.0
Participant_9182,400.0,425.0,100.0,0.0,300.0,425.0,125.0
Participant_9183,400.0,275.0,100.0,275.0,300.0,0.0,-300.0
Participant_9184,400.0,500.0,100.0,0.0,300.0,500.0,200.0
Participant_9185,400.0,300.0,100.0,300.0,300.0,0.0,-300.0
Participant_9186,400.0,175.0,100.0,75.0,300.0,100.0,-200.0
Participant_9187,400.0,425.0,100.0,25.0,300.0,400.0,100.0
Participant_9189,400.0,325.0,100.0,100.0,300.0,225.0,-75.0
Participant_9190,400.0,325.0,100.0,350.0,300.0,-25.0,-325.0
Participant_9191,400.0,325.0,100.0,350.0,300.0,-25.0,-325.0
Participant_9192,400.0,200.0,100.0,200.0,300.0,0.0,-300.0
Participant_9193,400.0,225.0,100.0,175.0,300.0,50.0,-250.0
Participant_9194,400.0,350.0,100.0,350.0,300.0,0.0,-300.0
Participant_9196,400.0,150.0,100.0,100.0,300.0,50.0,-250.0
Participant_9197,400.0,525.0,100.0,75.0,300.0,450.0,150.0
Participant_9198,400.0,250.0,100.0,250.0,300.0,0.0,-300.0
Participant_9200,400.0,375.0,100.0,175.0,300.0,200.0,-100.0
Participant_9201,400.0,575.0,100.0,0.0,300.0,575.0,275.0
Participant_9202,400.0,100.0,100.0,100.0,300.0,0.0,-300.0
Participant_9203,400.0,300.0,100.0,300.0,300.0,0.0,-300.0
Participant_9204,400.0,425.0,100.0,75.0,300.0,350.0,50.0
Participant_9207,400.0,225.0,100.0,150.0,300.0,75.0,-225.0
Participant_9208,400.0,100.0,100.0,100.0,300.0,0.0,-300.0
Participant_9209,400.0,400.0,100.0,350.0,300.0,50.0,-250.0
Participant_9210,400.0,400.0,100.0,400.0,300.0,0.0,-300.0
Participant_9211,400.0,200.0,100.0,200.0,300.0,0.0,-300.0
Participant_9212,400.0,200.0,100.0,225.0,300.0,-25.0,-325.0
Participant_9213,400.0,575.0,100.0,50.0,300.0,525.0,225.0
Participant_9214,400.0,400.0,100.0,50.0,300.0,350.0,50.0
Participant_9216,400.0,300.0,100.0,150.0,300.0,150.0,-150.0
Participant_9217,400.0,450.0,100.0,325.0,300.0,125.0,-175.0
Participant_9219,400.0,400.0,100.0,250.0,300.0,150.0,-150.0
Participant_9220,400.0,600.0,100.0,25.0,300.0,575.0,275.0
Participant_9221,400.0,300.0,100.0,300.0,300.0,0.0,-300.0
Participant_9222,400.0,425.0,100.0,75.0,300.0,350.0,50.0
Participant_9223,400.0,325.0,100.0,300.0,300.0,25.0,-275.0
Participant_9224,400.0,300.0,100.0,300.0,300.0,0.0,-300.0
Participant_9225,400.0,475.0,100.0,50.0,300.0,425.0,125.0
Participant_9226,400.0,375.0,100.0,100.0,300.0,275.0,-25.0
Participant_9227,400.0,375.0,100.0,350.0,300.0,25.0,-275.0
Participant_9228,400.0,450.0,100.0,50.0,300.0,400.0,100.0
Participant_9229,400.0,225.0,100.0,125.0,300.0,100.0,-200.0
Participant_9230,400.0,325.0,100.0,175.0,300.0,150.0,-150.0
Participant_9231,400.0,425.0,100.0,375.0,300.0,50.0,-250.0
Participant_9232,400.0,325.0,100.0,225.0,300.0,100.0,-200.0
Participant_9235,400.0,250.0,100.0,275.0,300.0,-25.0,-325.0
Participant_9236,400.0,250.0,100.0,250.0,300.0,0.0,-300.0
Participant_9237,400.0,225.0,100.0,200.0,300.0,25.0,-275.0
Participant_9238,400.0,575.0,100.0,25.0,300.0,550.0,250.0
Participant_9239,400.0,450.0,100.0,50.0,300.0,400.0,100.0
Participant_9240,400.0,525.0,100.0,250.0,300.0,275.0,-25.0
Participant_9242,400.0,300.0,100.0,250.0,300.0,50.0,-250.0
Participant_9243,400.0,375.0,100.0,0.0,300.0,375.0,75.0
Participant_9244,400.0,375.0,100.0,250.0,300.0,125.0,-175.0
Participant_9245,400.0,400.0,100.0,150.0,300.0,250.0,-50.0
Participant_9246,400.0,400.0,100.0,250.0,300.0,150.0,-150.0
Participant_9247,400.0,100.0,100.0,100.0,300.0,0.0,-300.0
Participant_9248,400.0,500.0,100.0,100.0,300.0,400.0,100.0
Participant_9249,400.0,300.0,100.0,300.0,300.0,0.0,-300.0
Participant_9250,400.0,550.0,100.0,150.0,300.0,400.0,100.0
Participant_9251,400.0,325.0,100.0,100.0,300.0,225.0,-75.0
Participant_9252,400.0,300.0,100.0,325.0,300.0,-25.0,-325.0
Participant_9253,400.0,400.0,100.0,400.0,300.0,0.0,-300.0
Participant_9255,400.0,350.0,100.0,325.0,300.0,25.0,-275.0
Participant_9258,400.0,550.0,100.0,0.0,300.0,550.0,250.0
Participant_9259,400.0,350.0,100.0,225.0,300.0,125.0,-175.0
Participant_9260,400.0,525.0,100.0,50.0,300.0,475.0,175.0
Participant_9261,400.0,500.0,100.0,25.0,300.0,475.0,175.0
Participant_9262,400.0,575.0,100.0,0.0,300.0,575.0,275.0
Participant_9263,400.0,300.0,100.0,300.0,300.0,0.0,-300.0
Participant_9264,400.0,275.0,100.0,275.0,300.0,0.0,-300.0
Participant_9265,400.0,500.0,100.0,0.0,300.0,500.0,200.0
Participant_9266,400.0,550.0,100.0,0.0,300.0,550.0,250.0
Participant_9267,400.0,125.0,100.0,100.0,300.0,25.0,-275.0
Participant_9269,400.0,200.0,100.0,125.0,300.0,75.0,-225.0
Participant_9270,400.0,500.0,100.0,50.0,300.0,450.0,150.0
Participant_9271,400.0,625.0,100.0,150.0,300.0,475.0,175.0
Participant_9273,400.0,225.0,100.0,75.0,300.0,150.0,-150.0
Participant_9274,400.0,150.0,100.0,125.0,300.0,25.0,-275.0
Participant_9275,400.0,525.0,100.0,0.0,300.0,525.0,225.0
Participant_9276,400.0,250.0,100.0,100.0,300.0,150.0,-150.0
Participant_9277,400.0,350.0,100.0,150.0,300.0,200.0,-100.0
Participant_9278,400.0,350.0,100.0,325.0,300.0,25.0,-275.0
Participant_9280,400.0,400.0,100.0,375.0,300.0,25.0,-275.0
Participant_9281,400.0,375.0,100.0,250.0,300.0,125.0,-175.0
Participant_9282,400.0,350.0,100.0,350.0,300.0,0.0,-300.0
Participant_9284,400.0,450.0,100.0,225.0,300.0,225.0,-75.0
Participant_9285,400.0,475.0,100.0,0.0,300.0,475.0,175.0
Participant_9286,400.0,225.0,100.0,150.0,300.0,75.0,-225.0
Participant_9287,400.0,475.0,100.0,0.0,300.0,475.0,175.0
Participant_9288,400.0,525.0,100.0,225.0,300.0,300.0,0.0
Participant_9289,400.0,425.0,100.0,25.0,300.0,400.0,100.0
Participant_9290,400.0,300.0,100.0,300.0,300.0,0.0,-300.0
Participant_9291,400.0,200.0,100.0,200.0,300.0,0.0,-300.0
Participant_9292,400.0,300.0,100.0,300.0,300.0,0.0,-300.0
Participant_9293,400.0,200.0,100.0,100.0,300.0,100.0,-200.0
Participant_9294,400.0,575.0,100.0,0.0,300.0,575.0,275.0
Participant_9295,400.0,300.0,100.0,300.0,300.0,0.0,-300.0
Participant_9296,400.0,150.0,100.0,150.0,300.0,0.0,-300.0
Participant_9297,400.0,200.0,100.0,0.0,300.0,200.0,-100.0
Participant_9299,400.0,525.0,100.0,0.0,300.0,525.0,225.0
Participant_9300,400.0,200.0,100.0,150.0,300.0,50.0,-250.0
Participant_9301,400.0,200.0,100.0,200.0,300.0,0.0,-300.0
Participant_9302,400.0,300.0,100.0,275.0,300.0,25.0,-275.0
Participant_9303,400.0,400.0,100.0,400.0,300.0,0.0,-300.0
Participant_9304,400.0,550.0,100.0,0.0,300.0,550.0,250.0
Participant_9305,400.0,400.0,100.0,400.0,300.0,0.0,-300.0
Participant_9306,400.0,350.0,100.0,200.0,300.0,150.0,-150.0
Participant_9307,400.0,300.0,100.0,300.0,300.0,0.0,-300.0
Participant_9308,400.0,550.0,100.0,25.0,300.0,525.0,225.0
Participant_9309,400.0,350.0,100.0,25.0,300.0,325.0,25.0
Participant_9310,400.0,575.0,100.0,175.0,300.0,400.0,100.0
Participant_9311,400.0,425.0,100.0,225.0,300.0,200.0,-100.0
Participant_9313,400.0,200.0,100.0,200.0,300.0,0.0,-300.0
Participant_9314,400.0,300.0,100.0,300.0,300.0,0.0,-300.0
Participant_9316,400.0,600.0,100.0,0.0,300.0,600.0,300.0
Participant_9317,400.0,425.0,100.0,275.0,300.0,150.0,-150.0
Participant_9318,400.0,200.0,100.0,125.0,300.0,75.0,-225.0
Participant_9319,400.0,350.0,100.0,350.0,300.0,0.0,-300.0
Participant_9320,400.0,525.0,100.0,0.0,300.0,525.0,225.0
Participant_9321,400.0,400.0,100.0,250.0,300.0,150.0,-150.0
Participant_9323,400.0,150.0,100.0,150.0,300.0,0.0,-300.0
Participant_9324,400.0,200.0,100.0,200.0,300.0,0.0,-300.0
Participant_9325,400.0,325.0,100.0,250.0,300.0,75.0,-225.0
Participant_9326,400.0,550.0,100.0,50.0,300.0,500.0,200.0
Participant_9327,400.0,400.0,100.0,175.0,300.0,225.0,-75.0
Participant_9328,400.0,350.0,100.0,350.0,300.0,0.0,-300.0
Participant_9329,400.0,300.0,100.0,300.0,300.0,0.0,-300.0
Participant_9330,400.0,150.0,100.0,150.0,300.0,0.0,-300.0
Participant_9331,400.0,325.0,100.0,300.0,300.0,25.0,-275.0
Participant_9332,400.0,425.0,100.0,100.0,300.0,325.0,25.0
Participant_9333,400.0,500.0,100.0,200.0,300.0,300.0,0.0
Participant_9334,400.0,250.0,100.0,250.0,300.0,0.0,-300.0
Participant_9336,400.0,250.0,100.0,225.0,300.0,25.0,-275.0
Participant_9337,400.0,475.0,100.0,50.0,300.0,425.0,125.0
Participant_9338,400.0,175.0,100.0,150.0,300.0,25.0,-275.0
Participant_9339,400.0,200.0,100.0,225.0,300.0,-25.0,-325.0
Participant_9342,400.0,575.0,100.0,50.0,300.0,525.0,225.0
Participant_9343,400.0,150.0,100.0,150.0,300.0,0.0,-300.0
Participant_9344,400.0,300.0,100.0,150.0,300.0,150.0,-150.0
Participant_9346,400.0,600.0,100.0,0.0,300.0,600.0,300.0
Participant_9347,400.0,250.0,100.0,175.0,300.0,75.0,-225.0
Participant_9348,400.0,325.0,100.0,100.0,300.0,225.0,-75.0
Participant_9349,400.0,400.0,100.0,325.0,300.0,75.0,-225.0
Participant_9350,400.0,500.0,100.0,0.0,300.0,500.0,200.0
Participant_9351,400.0,350.0,100.0,350.0,300.0,0.0,-300.0
Participant_9352,400.0,400.0,100.0,250.0,300.0,150.0,-150.0
Participant_9353,400.0,250.0,100.0,250.0,300.0,0.0,-300.0
Participant_9355,400.0,550.0,100.0,0.0,300.0,550.0,250.0
Participant_9356,400.0,350.0,100.0,275.0,300.0,75.0,-225.0
Participant_9357,400.0,425.0,100.0,25.0,300.0,400.0,100.0
Participant_9358,400.0,350.0,100.0,225.0,300.0,125.0,-175.0
Participant_9359,400.0,350.0,100.0,350.0,300.0,0.0,-300.0
Participant_9360,400.0,500.0,100.0,0.0,300.0,500.0,200.0
Participant_9361,400.0,600.0,100.0,0.0,300.0,600.0,300.0
Participant_9362,400.0,475.0,100.0,75.0,300.0,400.0,100.0
Participant_9363,400.0,550.0,100.0,0.0,300.0,550.0,250.0
Participant_9364,400.0,300.0,100.0,250.0,300.0,50.0,-250.0
Participant_9365,400.0,425.0,100.0,0.0,300.0,425.0,125.0
Participant_9366,400.0,275.0,100.0,125.0,300.0,150.0,-150.0
Participant_9368,400.0,375.0,100.0,25.0,300.0,350.0,50.0
Participant_9369,400.0,400.0,100.0,225.0,300.0,175.0,-125.0
Participant_9370,400.0,425.0,100.0,0.0,300.0,425.0,125.0
Participant_9371,400.0,550.0,100.0,0.0,300.0,550.0,250.0
Participant_9372,400.0,175.0,100.0,200.0,300.0,-25.0,-325.0
Participant_9373,400.0,550.0,100.0,0.0,300.0,550.0,250.0
Participant_9374,400.0,400.0,100.0,225.0,300.0,175.0,-125.0
Participant_9375,400.0,100.0,100.0,100.0,300.0,0.0,-300.0
Participant_9376,400.0,425.0,100.0,150.0,300.0,275.0,-25.0
Participant_9378,400.0,350.0,100.0,350.0,300.0,0.0,-300.0
Participant_9379,400.0,400.0,100.0,375.0,300.0,25.0,-275.0
Participant_9380,400.0,150.0,100.0,150.0,300.0,0.0,-300.0
Participant_9381,400.0,400.0,100.0,400.0,300.0,0.0,-300.0
Participant_9382,400.0,125.0,100.0,75.0,300.0,50.0,-250.0
Participant_9383,400.0,100.0,100.0,100.0,300.0,0.0,-300.0
Participant_9384,400.0,550.0,100.0,0.0,300.0,550.0,250.0
Participant_9385,400.0,575.0,100.0,125.0,300.0,450.0,150.0
Participant_9386,400.0,500.0,100.0,0.0,300.0,500.0,200.0
Participant_9387,400.0,400.0,100.0,375.0,300.0,25.0,-275.0
Participant_9388,400.0,100.0,100.0,100.0,300.0,0.0,-300.0
Participant_9389,400.0,425.0,100.0,375.0,300.0,50.0,-250.0
Participant_9390,400.0,575.0,100.0,25.0,300.0,550.0,250.0
Participant_9391,400.0,550.0,100.0,125.0,300.0,425.0,125.0
Participant_9392,400.0,375.0,100.0,25.0,300.0,350.0,50.0
Participant_9393,400.0,300.0,100.0,300.0,300.0,0.0,-300.0
Participant_9394,400.0,325.0,100.0,300.0,300.0,25.0,-275.0
Participant_9396,400.0,250.0,100.0,250.0,300.0,0.0,-300.0
Participant_9397,400.0,350.0,100.0,150.0,300.0,200.0,-100.0
Participant_9398,400.0,450.0,100.0,25.0,300.0,425.0,125.0
Participant_9399,400.0,100.0,100.0,100.0,300.0,0.0,-300.0
Participant_9400,400.0,500.0,100.0,25.0,300.0,475.0,175.0
Participant_9401,400.0,350.0,100.0,350.0,300.0,0.0,-300.0
Participant_9403,400.0,550.0,100.0,0.0,300.0,550.0,250.0
Participant_9404,400.0,450.0,100.0,175.0,300.0,275.0,-25.0
Participant_9405,400.0,350.0,100.0,350.0,300.0,0.0,-300.0
Participant_9406,400.0,300.0,100.0,300.0,300.0,0.0,-300.0
Participant_9407,400.0,450.0,100.0,150.0,300.0,300.0,0.0
Participant_9408,400.0,150.0,100.0,150.0,300.0,0.0,-300.0
Participant_9409,400.0,350.0,100.0,350.0,300.0,0.0,-300.0
Participant_9410,400.0,400.0,100.0,350.0,300.0,50.0,-250.0
Participant_9411,400.0,500.0,100.0,0.0,300.0,500.0,200.0
Participant_9412,400.0,200.0,100.0,200.0,300.0,0.0,-300.0
Participant_9413,400.0,100.0,100.0,100.0,300.0,0.0,-300.0
Participant_9414,400.0,625.0,100.0,0.0,300.0,625.0,325.0
Participant_9415,400.0,350.0,100.0,175.0,300.0,175.0,-125.0
Participant_9416,400.0,500.0,100.0,0.0,300.0,500.0,200.0
Participant_9417,400.0,400.0,100.0,375.0,300.0,25.0,-275.0
Participant_9418,400.0,275.0,100.0,175.0,300.0,100.0,-200.0
Participant_9420,400.0,250.0,100.0,250.0,300.0,0.0,-300.0
Participant_9421,400.0,275.0,100.0,300.0,300.0,-25.0,-325.0
Participant_9422,400.0,300.0,100.0,75.0,300.0,225.0,-75.0
Participant_9424,400.0,400.0,100.0,400.0,300.0,0.0,-300.0
Participant_9425,400.0,275.0,100.0,300.0,300.0,-25.0,-325.0
Participant_9426,400.0,475.0,100.0,25.0,300.0,450.0,150.0
Participant_9427,400.0,350.0,100.0,125.0,300.0,225.0,-75.0
Participant_9428,400.0,425.0,100.0,300.0,300.0,125.0,-175.0
Participant_9429,400.0,150.0,100.0,150.0,300.0,0.0,-300.0
Participant_9430,400.0,275.0,100.0,250.0,300.0,25.0,-275.0
Participant_9431,400.0,300.0,100.0,250.0,300.0,50.0,-250.0
Participant_9432,400.0,350.0,100.0,175.0,300.0,175.0,-125.0
Participant_9433,400.0,275.0,100.0,25.0,300.0,250.0,-50.0
Participant_9434,400.0,500.0,100.0,0.0,300.0,500.0,200.0
Participant_9435,400.0,425.0,100.0,25.0,300.0,400.0,100.0
Participant_9436,400.0,400.0,100.0,400.0,300.0,0.0,-300.0
Participant_9437,400.0,275.0,100.0,150.0,300.0,125.0,-175.0
Participant_9438,400.0,275.0,100.0,50.0,300.0,225.0,-75.0
Participant_9439,400.0,575.0,100.0,0.0,300.0,575.0,275.0
Participant_9440,400.0,575.0,100.0,25.0,300.0,550.0,250.0
Participant_9441,400.0,375.0,100.0,350.0,300.0,25.0,-275.0
Participant_9443,400.0,250.0,100.0,250.0,300.0,0.0,-300.0
Participant_9444,400.0,425.0,100.0,0.0,300.0,425.0,125.0
Participant_9445,400.0,425.0,100.0,75.0,300.0,350.0,50.0
Participant_9447,400.0,250.0,100.0,225.0,300.0,25.0,-275.0
Participant_9448,400.0,525.0,100.0,0.0,300.0,525.0,225.0
Participant_9450,400.0,100.0,100.0,100.0,300.0,0.0,-300.0
Participant_9451,400.0,250.0,100.0,125.0,300.0,125.0,-175.0
Participant_9452,400.0,400.0,100.0,125.0,300.0,275.0,-25.0
Participant_9453,400.0,150.0,100.0,150.0,300.0,0.0,-300.0
Participant_9454,400.0,200.0,100.0,175.0,300.0,25.0,-275.0
Participant_9459,400.0,475.0,100.0,100.0,300.0,375.0,75.0
Participant_9460,400.0,525.0,100.0,25.0,300.0,500.0,200.0
Participant_9462,400.0,175.0,100.0,150.0,300.0,25.0,-275.0
Participant_9463,400.0,300.0,100.0,200.0,300.0,100.0,-200.0
Participant_9464,400.0,425.0,100.0,400.0,300.0,25.0,-275.0
Participant_9465,400.0,325.0,100.0,300.0,300.0,25.0,-275.0
Participant_9466,400.0,100.0,100.0,100.0,300.0,0.0,-300.0
Participant_9467,400.0,175.0,100.0,150.0,300.0,25.0,-275.0
Participant_9468,400.0,375.0,100.0,25.0,300.0,350.0,50.0
Participant_9469,400.0,200.0,100.0,200.0,300.0,0.0,-300.0
Participant_9470,400.0,400.0,100.0,325.0,300.0,75.0,-225.0
Participant_9471,400.0,200.0,100.0,200.0,300.0,0.0,-300.0
Participant_9472,400.0,150.0,100.0,150.0,300.0,0.0,-300.0
Participant_9473,400.0,350.0,100.0,350.0,300.0,0.0,-300.0
Participant_9474,400.0,425.0,100.0,100.0,300.0,325.0,25.0
Participant_9476,400.0,325.0,100.0,0.0,300.0,325.0,25.0
Participant_9477,400.0,250.0,100.0,250.0,300.0,0.0,-300.0
Participant_9478,400.0,375.0,100.0,150.0,300.0,225.0,-75.0
Participant_9479,400.0,275.0,100.0,250.0,300.0,25.0,-275.0
Participant_9480,400.0,400.0,100.0,75.0,300.0,325.0,25.0
Participant_9481,400.0,350.0,100.0,325.0,300.0,25.0,-275.0
Participant_9483,400.0,525.0,100.0,25.0,300.0,500.0,200.0
Participant_9484,400.0,200.0,100.0,200.0,300.0,0.0,-300.0
Participant_9485,400.0,150.0,100.0,150.0,300.0,0.0,-300.0
Participant_9487,400.0,200.0,100.0,200.0,300.0,0.0,-300.0
Participant_9489,400.0,400.0,100.0,225.0,300.0,175.0,-125.0
Participant_9490,400.0,600.0,100.0,25.0,300.0,575.0,275.0
Participant_9491,400.0,200.0,100.0,200.0,300.0,0.0,-300.0
Participant_9492,400.0,350.0,100.0,25.0,300.0,325.0,25.0
Participant_9493,400.0,225.0,100.0,200.0,300.0,25.0,-275.0
Participant_9494,400.0,350.0,100.0,300.0,300.0,50.0,-250.0
Participant_9495,400.0,500.0,100.0,25.0,300.0,475.0,175.0
Participant_9496,400.0,575.0,100.0,0.0,300.0,575.0,275.0
Participant_9497,400.0,100.0,100.0,100.0,300.0,0.0,-300.0
Participant_9498,400.0,350.0,100.0,275.0,300.0,75.0,-225.0
Participant_9499,400.0,400.0,100.0,275.0,300.0,125.0,-175.0
Participant_9500,400.0,550.0,100.0,25.0,300.0,525.0,225.0
Participant_9501,400.0,350.0,100.0,350.0,300.0,0.0,-300.0
Participant_9502,400.0,100.0,100.0,100.0,300.0,0.0,-300.0
Participant_9503,400.0,350.0,100.0,350.0,300.0,0.0,-300.0
Participant_9504,400.0,250.0,100.0,250.0,300.0,0.0,-300.0
Participant_9505,400.0,375.0,100.0,325.0,300.0,50.0,-250.0
Participant_9506,400.0,575.0,100.0,25.0,300.0,550.0,250.0
Participant_9508,400.0,350.0,100.0,150.0,300.0,200.0,-100.0
Participant_9510,400.0,325.0,100.0,275.0,300.0,50.0,-250.0
Participant_9511,400.0,500.0,100.0,50.0,300.0,450.0,150.0
Participant_9512,400.0,250.0,100.0,250.0,300.0,0.0,-300.0
Participant_9513,400.0,400.0,100.0,375.0,300.0,25.0,-275.0
Participant_9514,400.0,450.0,100.0,100.0,300.0,350.0,50.0
Participant_9515,400.0,200.0,100.0,200.0,300.0,0.0,-300.0
Participant_9516,400.0,200.0,100.0,200.0,300.0,0.0,-300.0
Participant_9517,400.0,350.0,100.0,350.0,300.0,0.0,-300.0
Participant_9518,400.0,100.0,100.0,100.0,300.0,0.0,-300.0
Participant_9519,400.0,475.0,100.0,0.0,300.0,475.0,175.0
Participant_9520,400.0,375.0,100.0,275.0,300.0,100.0,-200.0
Participant_9521,400.0,400.0,100.0,375.0,300.0,25.0,-275.0
Participant_9523,400.0,200.0,100.0,200.0,300.0,0.0,-300.0
Participant_9524,400.0,250.0,100.0,250.0,300.0,0.0,-300.0
Participant_9525,400.0,200.0,100.0,150.0,300.0,50.0,-250.0
Participant_9526,400.0,575.0,100.0,0.0,300.0,575.0,275.0
Participant_9528,400.0,525.0,100.0,0.0,300.0,525.0,225.0
Participant_9529,400.0,600.0,100.0,0.0,300.0,600.0,300.0
Participant_9531,400.0,400.0,100.0,150.0,300.0,250.0,-50.0
Participant_9532,400.0,400.0,100.0,400.0,300.0,0.0,-300.0
Participant_9533,400.0,400.0,100.0,250.0,300.0,150.0,-150.0
Participant_9534,400.0,225.0,100.0,75.0,300.0,150.0,-150.0
Participant_9535,400.0,150.0,100.0,150.0,300.0,0.0,-300.0
Participant_9536,400.0,525.0,100.0,0.0,300.0,525.0,225.0
Participant_9537,400.0,300.0,100.0,300.0,300.0,0.0,-300.0
Participant_9538,400.0,550.0,100.0,50.0,300.0,500.0,200.0
Participant_9539,400.0,575.0,100.0,25.0,300.0,550.0,250.0
Participant_9540,400.0,525.0,100.0,325.0,300.0,200.0,-100.0
Participant_9541,400.0,250.0,100.0,200.0,300.0,50.0,-250.0
Participant_9542,400.0,225.0,100.0,150.0,300.0,75.0,-225.0
Participant_9543,400.0,625.0,100.0,0.0,300.0,625.0,325.0
Participant_9544,400.0,400.0,100.0,400.0,300.0,0.0,-300.0
Participant_9545,400.0,300.0,100.0,275.0,300.0,25.0,-275.0
Participant_9547,400.0,400.0,100.0,400.0,300.0,0.0,-300.0
Participant_9548,400.0,300.0,100.0,175.0,300.0,125.0,-175.0
Participant_9549,400.0,400.0,100.0,125.0,300.0,275.0,-25.0
Participant_9550,400.0,350.0,100.0,325.0,300.0,25.0,-275.0
Participant_9551,400.0,250.0,100.0,100.0,300.0,150.0,-150.0
Participant_9552,400.0,500.0,100.0,50.0,300.0,450.0,150.0
Participant_9553,400.0,550.0,100.0,0.0,300.0,550.0,250.0
Participant_9554,400.0,300.0,100.0,300.0,300.0,0.0,-300.0
Participant_9555,400.0,225.0,100.0,200.0,300.0,25.0,-275.0
Participant_9556,400.0,225.0,100.0,125.0,300.0,100.0,-200.0
Participant_9557,400.0,550.0,100.0,100.0,300.0,450.0,150.0
Participant_9558,400.0,200.0,100.0,200.0,300.0,0.0,-300.0
Participant_9559,400.0,250.0,100.0,100.0,300.0,150.0,-150.0
Participant_9560,400.0,300.0,100.0,75.0,300.0,225.0,-75.0
Participant_9562,400.0,250.0,100.0,200.0,300.0,50.0,-250.0
Participant_9563,400.0,400.0,100.0,325.0,300.0,75.0,-225.0
Participant_9564,400.0,600.0,100.0,0.0,300.0,600.0,300.0
Participant_9565,400.0,250.0,100.0,150.0,300.0,100.0,-200.0
Participant_9566,400.0,350.0,100.0,350.0,300.0,0.0,-300.0
Participant_9567,400.0,250.0,100.0,250.0,300.0,0.0,-300.0
Participant_9568,400.0,300.0,100.0,300.0,300.0,0.0,-300.0
Participant_9569,400.0,475.0,100.0,0.0,300.0,475.0,175.0
Participant_9570,400.0,375.0,100.0,325.0,300.0,50.0,-250.0
Participant_9571,400.0,150.0,100.0,125.0,300.0,25.0,-275.0
Participant_9572,400.0,400.0,100.0,200.0,300.0,200.0,-100.0
Participant_9573,400.0,100.0,100.0,125.0,300.0,-25.0,-325.0
Participant_9574,400.0,550.0,100.0,0.0,300.0,550.0,250.0
Participant_9575,400.0,250.0,100.0,250.0,300.0,0.0,-300.0
Participant_9576,400.0,400.0,100.0,375.0,300.0,25.0,-275.0
Participant_9579,400.0,150.0,100.0,150.0,300.0,0.0,-300.0
Participant_9580,400.0,275.0,100.0,150.0,300.0,125.0,-175.0
Participant_9581,400.0,700.0,100.0,0.0,300.0,700.0,400.0
Participant_9582,400.0,325.0,100.0,125.0,300.0,200.0,-100.0
Participant_9583,400.0,300.0,100.0,250.0,300.0,50.0,-250.0
Participant_9584,400.0,425.0,100.0,25.0,300.0,400.0,100.0
Participant_9585,400.0,300.0,100.0,300.0,300.0,0.0,-300.0
Participant_9586,400.0,275.0,100.0,175.0,300.0,100.0,-200.0
Participant_9587,400.0,250.0,100.0,275.0,300.0,-25.0,-325.0
Participant_9588,400.0,250.0,100.0,250.0,300.0,0.0,-300.0
Participant_9589,400.0,350.0,100.0,325.0,300.0,25.0,-275.0
Participant_9590,400.0,550.0,100.0,0.0,300.0,550.0,250.0
Participant_9591,400.0,400.0,100.0,0.0,300.0,400.0,100.0
Participant_9593,400.0,400.0,100.0,200.0,300.0,200.0,-100.0
Participant_9594,400.0,400.0,100.0,375.0,300.0,25.0,-275.0
Participant_9595,400.0,575.0,100.0,0.0,300.0,575.0,275.0
Participant_9596,400.0,275.0,100.0,250.0,300.0,25.0,-275.0
Participant_9597,400.0,400.0,100.0,400.0,300.0,0.0,-300.0
Participant_9598,400.0,325.0,100.0,150.0,300.0,175.0,-125.0
Participant_9599,400.0,400.0,100.0,350.0,300.0,50.0,-250.0
Participant_9600,400.0,150.0,100.0,175.0,300.0,-25.0,-325.0
Participant_9602,400.0,550.0,100.0,0.0,300.0,550.0,250.0
Participant_9603,400.0,475.0,100.0,75.0,300.0,400.0,100.0
Participant_9604,400.0,375.0,100.0,200.0,300.0,175.0,-125.0
Participant_9605,400.0,200.0,100.0,200.0,300.0,0.0,-300.0
Participant_9607,400.0,350.0,100.0,300.0,300.0,50.0,-250.0
Participant_9609,400.0,175.0,100.0,100.0,300.0,75.0,-225.0
Participant_9611,400.0,300.0,100.0,300.0,300.0,0.0,-300.0
Participant_9614,400.0,550.0,100.0,150.0,300.0,400.0,100.0
Participant_9615,400.0,350.0,100.0,350.0,300.0,0.0,-300.0
Participant_9617,400.0,100.0,100.0,100.0,300.0,0.0,-300.0
Participant_9618,400.0,550.0,100.0,0.0,300.0,550.0,250.0
Participant_9619,400.0,150.0,100.0,150.0,300.0,0.0,-300.0
Participant_9621,400.0,200.0,100.0,200.0,300.0,0.0,-300.0
Participant_9622,400.0,500.0,100.0,0.0,300.0,500.0,200.0
Participant_9623,400.0,550.0,100.0,0.0,300.0,550.0,250.0
Participant_9624,400.0,325.0,100.0,225.0,300.0,100.0,-200.0
Participant_9626,400.0,400.0,100.0,250.0,300.0,150.0,-150.0
Participant_9627,400.0,525.0,100.0,0.0,300.0,525.0,225.0
Participant_9628,400.0,550.0,100.0,0.0,300.0,550.0,250.0
Participant_9630,400.0,300.0,100.0,150.0,300.0,150.0,-150.0
Participant_9631,400.0,300.0,100.0,300.0,300.0,0.0,-300.0
Participant_9632,400.0,375.0,100.0,150.0,300.0,225.0,-75.0
Participant_9633,400.0,525.0,100.0,0.0,300.0,525.0,225.0
Participant_9636,400.0,425.0,100.0,125.0,300.0,300.0,0.0
Participant_9637,400.0,550.0,100.0,0.0,300.0,550.0,250.0
Participant_9638,400.0,500.0,100.0,125.0,300.0,375.0,75.0
Participant_9639,400.0,500.0,100.0,100.0,300.0,400.0,100.0
Participant_9640,400.0,475.0,100.0,75.0,300.0,400.0,100.0
Participant_9641,400.0,175.0,100.0,150.0,300.0,25.0,-275.0
Participant_9642,400.0,525.0,100.0,275.0,300.0,250.0,-50.0
Participant_9643,400.0,250.0,100.0,250.0,300.0,0.0,-300.0
Participant_9644,400.0,400.0,100.0,25.0,300.0,375.0,75.0
Participant_9645,400.0,475.0,100.0,25.0,300.0,450.0,150.0
Participant_9646,400.0,200.0,100.0,200.0,300.0,0.0,-300.0
Participant_9647,400.0,125.0,100.0,100.0,300.0,25.0,-275.0
Participant_9648,400.0,375.0,100.0,125.0,300.0,250.0,-50.0
Participant_9649,400.0,275.0,100.0,0.0,300.0,275.0,-25.0
Participant_9651,400.0,325.0,100.0,300.0,300.0,25.0,-275.0
Participant_9652,400.0,275.0,100.0,250.0,300.0,25.0,-275.0
Participant_9653,400.0,625.0,100.0,0.0,300.0,625.0,325.0
Participant_9655,400.0,100.0,100.0,125.0,300.0,-25.0,-325.0
Participant_9656,400.0,450.0,100.0,0.0,300.0,450.0,150.0
Participant_9658,400.0,225.0,100.0,275.0,300.0,-50.0,-350.0
Participant_9659,400.0,425.0,100.0,0.0,300.0,425.0,125.0
Participant_9660,400.0,425.0,100.0,100.0,300.0,325.0,25.0
Participant_9662,400.0,525.0,100.0,0.0,300.0,525.0,225.0
Participant_9663,400.0,350.0,100.0,175.0,300.0,175.0,-125.0
Participant_9664,400.0,275.0,100.0,175.0,300.0,100.0,-200.0
Participant_9665,400.0,250.0,100.0,275.0,300.0,-25.0,-325.0
Participant_9666,400.0,350.0,100.0,300.0,300.0,50.0,-250.0
Participant_9667,400.0,625.0,100.0,0.0,300.0,625.0,325.0
Participant_9668,400.0,250.0,100.0,250.0,300.0,0.0,-300.0
Participant_9669,400.0,300.0,100.0,300.0,300.0,0.0,-300.0
Participant_9670,400.0,275.0,100.0,100.0,300.0,175.0,-125.0
Participant_9671,400.0,350.0,100.0,200.0,300.0,150.0,-150.0
Participant_9672,400.0,400.0,100.0,400.0,300.0,0.0,-300.0
Participant_9673,400.0,525.0,100.0,0.0,300.0,525.0,225.0
Participant_9674,400.0,400.0,100.0,150.0,300.0,250.0,-50.0
Participant_9676,400.0,375.0,100.0,125.0,300.0,250.0,-50.0
Participant_9677,400.0,325.0,100.0,225.0,300.0,100.0,-200.0
Participant_9679,400.0,150.0,100.0,150.0,300.0,0.0,-300.0
Participant_9680,400.0,250.0,100.0,250.0,300.0,0.0,-300.0
Participant_9681,400.0,400.0,100.0,25.0,300.0,375.0,75.0
Participant_9682,400.0,100.0,100.0,100.0,300.0,0.0,-300.0
Participant_9684,400.0,550.0,100.0,50.0,300.0,500.0,200.0
Participant_9685,400.0,200.0,100.0,100.0,300.0,100.0,-200.0
Participant_9686,400.0,225.0,100.0,0.0,300.0,225.0,-75.0
Participant_9687,400.0,350.0,100.0,350.0,300.0,0.0,-300.0
Participant_9688,400.0,325.0,100.0,175.0,300.0,150.0,-150.0
Participant_9689,400.0,525.0,100.0,200.0,300.0,325.0,25.0
Participant_9690,400.0,250.0,100.0,75.0,300.0,175.0,-125.0
Participant_9691,400.0,575.0,100.0,0.0,300.0,575.0,275.0
Participant_9692,400.0,375.0,100.0,75.0,300.0,300.0,0.0
Participant_9694,400.0,525.0,100.0,75.0,300.0,450.0,150.0
Participant_9695,400.0,275.0,100.0,300.0,300.0,-25.0,-325.0
Participant_9696,400.0,350.0,100.0,350.0,300.0,0.0,-300.0
Participant_9697,400.0,475.0,100.0,50.0,300.0,425.0,125.0
Participant_9698,400.0,300.0,100.0,300.0,300.0,0.0,-300.0
Participant_9699,400.0,475.0,100.0,0.0,300.0,475.0,175.0
Participant_9700,400.0,100.0,100.0,100.0,300.0,0.0,-300.0
Participant_9701,400.0,250.0,100.0,225.0,300.0,25.0,-275.0
Participant_9703,400.0,325.0,100.0,225.0,300.0,100.0,-200.0
Participant_9704,400.0,100.0,100.0,100.0,300.0,0.0,-300.0
Participant_9705,400.0,550.0,100.0,0.0,300.0,550.0,250.0
Participant_9707,400.0,525.0,100.0,125.0,300.0,400.0,100.0
Participant_9708,400.0,300.0,100.0,100.0,300.0,200.0,-100.0
Participant_9709,400.0,150.0,100.0,100.0,300.0,50.0,-250.0
Participant_9710,400.0,575.0,100.0,0.0,300.0,575.0,275.0
Participant_9711,400.0,350.0,100.0,350.0,300.0,0.0,-300.0
Participant_9712,400.0,275.0,100.0,50.0,300.0,225.0,-75.0
Participant_9714,400.0,350.0,100.0,250.0,300.0,100.0,-200.0
Participant_9715,400.0,250.0,100.0,25.0,300.0,225.0,-75.0
Participant_9716,400.0,100.0,100.0,100.0,300.0,0.0,-300.0
Participant_9717,400.0,325.0,100.0,175.0,300.0,150.0,-150.0
Participant_9718,400.0,550.0,100.0,0.0,300.0,550.0,250.0
Participant_9719,400.0,150.0,100.0,125.0,300.0,25.0,-275.0
Participant_9720,400.0,375.0,100.0,225.0,300.0,150.0,-150.0
Participant_9721,400.0,350.0,100.0,300.0,300.0,50.0,-250.0
Participant_9722,400.0,150.0,100.0,125.0,300.0,25.0,-275.0
Participant_9723,400.0,300.0,100.0,300.0,300.0,0.0,-300.0
Participant_9724,400.0,400.0,100.0,400.0,300.0,0.0,-300.0
Participant_9726,400.0,325.0,100.0,300.0,300.0,25.0,-275.0
Participant_9727,400.0,400.0,100.0,225.0,300.0,175.0,-125.0
Participant_9728,400.0,550.0,100.0,0.0,300.0,550.0,250.0
Participant_9730,400.0,375.0,100.0,75.0,300.0,300.0,0.0
Participant_9731,400.0,350.0,100.0,250.0,300.0,100.0,-200.0
Participant_9732,400.0,225.0,100.0,125.0,300.0,100.0,-200.0
Participant_9733,400.0,175.0,100.0,150.0,300.0,25.0,-275.0
Participant_9734,400.0,175.0,100.0,75.0,300.0,100.0,-200.0
Participant_9735,400.0,550.0,100.0,0.0,300.0,550.0,250.0
Participant_9736,400.0,525.0,100.0,0.0,300.0,525.0,225.0
Participant_9737,400.0,200.0,100.0,175.0,300.0,25.0,-275.0
Participant_9739,400.0,500.0,100.0,0.0,300.0,500.0,200.0
Participant_9740,400.0,300.0,100.0,300.0,300.0,0.0,-300.0
Participant_9741,400.0,400.0,100.0,300.0,300.0,100.0,-200.0
Participant_9743,400.0,400.0,100.0,400.0,300.0,0.0,-300.0
Participant_9744,400.0,525.0,100.0,100.0,300.0,425.0,125.0
Participant_9746,400.0,200.0,100.0,200.0,300.0,0.0,-300.0
Participant_9747,400.0,350.0,100.0,350.0,300.0,0.0,-300.0
Participant_9748,400.0,400.0,100.0,0.0,300.0,400.0,100.0
Participant_9749,400.0,100.0,100.0,100.0,300.0,0.0,-300.0
Participant_9750,400.0,300.0,100.0,300.0,300.0,0.0,-300.0
Participant_9751,400.0,150.0,100.0,150.0,300.0,0.0,-300.0
Participant_9752,400.0,100.0,100.0,100.0,300.0,0.0,-300.0
Participant_9753,400.0,300.0,100.0,300.0,300.0,0.0,-300.0
Participant_9755,400.0,400.0,100.0,225.0,300.0,175.0,-125.0
Participant_9757,400.0,300.0,100.0,300.0,300.0,0.0,-300.0
Participant_9759,400.0,350.0,100.0,0.0,300.0,350.0,50.0
Participant_9760,400.0,350.0,100.0,275.0,300.0,75.0,-225.0
Participant_9762,400.0,525.0,100.0,0.0,300.0,525.0,225.0
Participant_9763,400.0,300.0,100.0,300.0,300.0,0.0,-300.0
Participant_9764,400.0,575.0,100.0,0.0,300.0,575.0,275.0
Participant_9765,400.0,150.0,100.0,150.0,300.0,0.0,-300.0
Participant_9766,400.0,525.0,100.0,0.0,300.0,525.0,225.0
Participant_9767,400.0,400.0,100.0,400.0,300.0,0.0,-300.0
Participant_9768,400.0,200.0,100.0,200.0,300.0,0.0,-300.0
Participant_9769,400.0,450.0,100.0,200.0,300.0,250.0,-50.0
Participant_9770,400.0,625.0,100.0,0.0,300.0,625.0,325.0
Participant_9771,400.0,300.0,100.0,125.0,300.0,175.0,-125.0
Participant_9772,400.0,250.0,100.0,100.0,300.0,150.0,-150.0
Participant_9773,400.0,525.0,100.0,25.0,300.0,500.0,200.0
Participant_9774,400.0,350.0,100.0,100.0,300.0,250.0,-50.0
Participant_9775,400.0,200.0,100.0,175.0,300.0,25.0,-275.0
Participant_9776,400.0,475.0,100.0,25.0,300.0,450.0,150.0
Participant_9777,400.0,150.0,100.0,150.0,300.0,0.0,-300.0
Participant_9778,400.0,325.0,100.0,175.0,300.0,150.0,-150.0
Participant_9779,400.0,525.0,100.0,0.0,300.0,525.0,225.0
Participant_9781,400.0,200.0,100.0,200.0,300.0,0.0,-300.0
Participant_9782,400.0,400.0,100.0,400.0,300.0,0.0,-300.0
Participant_9783,400.0,475.0,100.0,50.0,300.0,425.0,125.0
Participant_9784,400.0,300.0,100.0,250.0,300.0,50.0,-250.0
Participant_9785,400.0,550.0,100.0,0.0,300.0,550.0,250.0
Participant_9786,400.0,150.0,100.0,150.0,300.0,0.0,-300.0
Participant_9787,400.0,525.0,100.0,0.0,300.0,525.0,225.0
Participant_9788,400.0,300.0,100.0,300.0,300.0,0.0,-300.0
Participant_9789,400.0,250.0,100.0,175.0,300.0,75.0,-225.0
Participant_9790,400.0,275.0,100.0,175.0,300.0,100.0,-200.0
Participant_9791,400.0,350.0,100.0,275.0,300.0,75.0,-225.0
Participant_9792,400.0,525.0,100.0,0.0,300.0,525.0,225.0
Participant_9793,400.0,250.0,100.0,250.0,300.0,0.0,-300.0
Participant_9794,400.0,250.0,100.0,200.0,300.0,50.0,-250.0
Participant_9795,400.0,375.0,100.0,275.0,300.0,100.0,-200.0
Participant_9797,400.0,325.0,100.0,275.0,300.0,50.0,-250.0
Participant_9798,400.0,100.0,100.0,100.0,300.0,0.0,-300.0
Participant_9799,400.0,425.0,100.0,0.0,300.0,425.0,125.0
Participant_9800,400.0,350.0,100.0,350.0,300.0,0.0,-300.0
Participant_9801,400.0,250.0,100.0,250.0,300.0,0.0,-300.0
Participant_9802,400.0,250.0,100.0,100.0,300.0,150.0,-150.0
Participant_9803,400.0,325.0,100.0,75.0,300.0,250.0,-50.0
Participant_9804,400.0,100.0,100.0,100.0,300.0,0.0,-300.0
Participant_9806,400.0,525.0,100.0,25.0,300.0,500.0,200.0
Participant_9807,400.0,425.0,100.0,125.0,300.0,300.0,0.0
Participant_9808,400.0,500.0,100.0,0.0,300.0,500.0,200.0
Participant_9809,400.0,450.0,100.0,0.0,300.0,450.0,150.0
Participant_9810,400.0,550.0,100.0,0.0,300.0,550.0,250.0
Participant_9812,400.0,250.0,100.0,250.0,300.0,0.0,-300.0
Participant_9813,400.0,350.0,100.0,350.0,300.0,0.0,-300.0
Participant_9814,400.0,275.0,100.0,275.0,300.0,0.0,-300.0
Participant_9815,400.0,225.0,100.0,175.0,300.0,50.0,-250.0
Participant_9816,400.0,275.0,100.0,175.0,300.0,100.0,-200.0
Participant_9817,400.0,475.0,100.0,50.0,300.0,425.0,125.0
Participant_9818,400.0,100.0,100.0,100.0,300.0,0.0,-300.0
Participant_9819,400.0,325.0,100.0,350.0,300.0,-25.0,-325.0
Participant_9820,400.0,100.0,100.0,100.0,300.0,0.0,-300.0
Participant_9821,400.0,175.0,100.0,100.0,300.0,75.0,-225.0
Participant_9822,400.0,150.0,100.0,100.0,300.0,50.0,-250.0
Participant_9823,400.0,550.0,100.0,0.0,300.0,550.0,250.0
Participant_9824,400.0,500.0,100.0,0.0,300.0,500.0,200.0
Participant_9825,400.0,300.0,100.0,325.0,300.0,-25.0,-325.0
Participant_9826,400.0,375.0,100.0,175.0,300.0,200.0,-100.0
Participant_9827,400.0,475.0,100.0,25.0,300.0,450.0,150.0
Participant_9828,400.0,450.0,100.0,75.0,300.0,375.0,75.0
Participant_9829,400.0,225.0,100.0,225.0,300.0,0.0,-300.0
Participant_9830,400.0,250.0,100.0,125.0,300.0,125.0,-175.0
Participant_9832,400.0,300.0,100.0,275.0,300.0,25.0,-275.0
Participant_9834,400.0,525.0,100.0,0.0,300.0,525.0,225.0
Participant_9836,400.0,400.0,100.0,75.0,300.0,325.0,25.0
Participant_9837,400.0,525.0,100.0,0.0,300.0,525.0,225.0
Participant_9838,400.0,150.0,100.0,150.0,300.0,0.0,-300.0
Participant_9839,400.0,400.0,100.0,275.0,300.0,125.0,-175.0
Participant_9840,400.0,475.0,100.0,275.0,300.0,200.0,-100.0
Participant_9841,400.0,150.0,100.0,100.0,300.0,50.0,-250.0
Participant_9842,400.0,550.0,100.0,0.0,300.0,550.0,250.0
Participant_9843,400.0,525.0,100.0,0.0,300.0,525.0,225.0
Participant_9845,400.0,225.0,100.0,150.0,300.0,75.0,-225.0
Participant_9847,400.0,525.0,100.0,0.0,300.0,525.0,225.0
Participant_9849,400.0,300.0,100.0,300.0,300.0,0.0,-300.0
Participant_9850,400.0,300.0,100.0,300.0,300.0,0.0,-300.0
Participant_9851,400.0,425.0,100.0,75.0,300.0,350.0,50.0
Participant_9852,400.0,475.0,100.0,25.0,300.0,450.0,150.0
Participant_9853,400.0,225.0,100.0,200.0,300.0,25.0,-275.0
Participant_9854,400.0,250.0,100.0,250.0,300.0,0.0,-300.0
Participant_9855,400.0,400.0,100.0,350.0,300.0,50.0,-250.0
Participant_9856,400.0,325.0,100.0,125.0,300.0,200.0,-100.0
Participant_9857,400.0,400.0,100.0,375.0,300.0,25.0,-275.0
Participant_9858,400.0,475.0,100.0,0.0,300.0,475.0,175.0
Participant_9859,400.0,175.0,100.0,150.0,300.0,25.0,-275.0
Participant_9860,400.0,575.0,100.0,0.0,300.0,575.0,275.0
Participant_9862,400.0,300.0,100.0,225.0,300.0,75.0,-225.0
Participant_9863,400.0,325.0,100.0,225.0,300.0,100.0,-200.0
Participant_9864,400.0,150.0,100.0,150.0,300.0,0.0,-300.0
Participant_9865,400.0,400.0,100.0,400.0,300.0,0.0,-300.0
Participant_9866,400.0,325.0,100.0,25.0,300.0,300.0,0.0
Participant_9867,400.0,575.0,100.0,25.0,300.0,550.0,250.0
Participant_9868,400.0,350.0,100.0,350.0,300.0,0.0,-300.0
Participant_9869,400.0,525.0,100.0,0.0,300.0,525.0,225.0
Participant_9872,400.0,350.0,100.0,150.0,300.0,200.0,-100.0
Participant_9874,400.0,450.0,100.0,175.0,300.0,275.0,-25.0
Participant_9875,400.0,300.0,100.0,300.0,300.0,0.0,-300.0
Participant_9876,400.0,600.0,100.0,0.0,300.0,600.0,300.0
Participant_9877,400.0,250.0,100.0,150.0,300.0,100.0,-200.0
Participant_9878,400.0,250.0,100.0,250.0,300.0,0.0,-300.0
Participant_9879,400.0,250.0,100.0,200.0,300.0,50.0,-250.0
Participant_9880,400.0,475.0,100.0,75.0,300.0,400.0,100.0
Participant_9882,400.0,150.0,100.0,125.0,300.0,25.0,-275.0
Participant_9883,400.0,525.0,100.0,0.0,300.0,525.0,225.0
Participant_9885,400.0,200.0,100.0,200.0,300.0,0.0,-300.0
Participant_9886,400.0,200.0,100.0,200.0,300.0,0.0,-300.0
Participant_9888,400.0,575.0,100.0,0.0,300.0,575.0,275.0
Participant_9890,400.0,275.0,100.0,200.0,300.0,75.0,-225.0
Participant_9892,400.0,250.0,100.0,200.0,300.0,50.0,-250.0
Participant_9893,400.0,300.0,100.0,300.0,300.0,0.0,-300.0
Participant_9894,400.0,375.0,100.0,325.0,300.0,50.0,-250.0
Participant_9895,400.0,350.0,100.0,350.0,300.0,0.0,-300.0
Participant_9896,400.0,550.0,100.0,0.0,300.0,550.0,250.0
Participant_9897,400.0,475.0,100.0,0.0,300.0,475.0,175.0
Participant_9898,400.0,100.0,100.0,100.0,300.0,0.0,-300.0
Participant_9899,400.0,200.0,100.0,150.0,300.0,50.0,-250.0
Participant_9900,400.0,400.0,100.0,50.0,300.0,350.0,50.0
Participant_9901,400.0,250.0,100.0,250.0,300.0,0.0,-300.0
Participant_9902,400.0,525.0,100.0,25.0,300.0,500.0,200.0
Participant_9903,400.0,525.0,100.0,150.0,300.0,375.0,75.0
Participant_9904,400.0,325.0,100.0,200.0,300.0,125.0,-175.0
Participant_9906,400.0,275.0,100.0,150.0,300.0,125.0,-175.0
Participant_9908,400.0,150.0,100.0,150.0,300.0,0.0,-300.0
Participant_9909,400.0,100.0,100.0,100.0,300.0,0.0,-300.0
Participant_9910,400.0,275.0,100.0,150.0,300.0,125.0,-175.0
Participant_9911,400.0,400.0,100.0,400.0,300.0,0.0,-300.0
Participant_9912,400.0,400.0,100.0,400.0,300.0,0.0,-300.0
Participant_9913,400.0,550.0,100.0,0.0,300.0,550.0,250.0
Participant_9914,400.0,200.0,100.0,200.0,300.0,0.0,-300.0
Participant_9915,400.0,250.0,100.0,150.0,300.0,100.0,-200.0
Participant_9916,400.0,275.0,100.0,250.0,300.0,25.0,-275.0
Participant_9917,400.0,350.0,100.0,350.0,300.0,0.0,-300.0
Participant_9918,400.0,225.0,100.0,175.0,300.0,50.0,-250.0
Participant_9919,400.0,500.0,100.0,25.0,300.0,475.0,175.0
Participant_9920,400.0,300.0,100.0,100.0,300.0,200.0,-100.0
Participant_9922,400.0,325.0,100.0,125.0,300.0,200.0,-100.0
Participant_9923,400.0,350.0,100.0,175.0,300.0,175.0,-125.0
Participant_9924,400.0,100.0,100.0,100.0,300.0,0.0,-300.0
Participant_9925,400.0,300.0,100.0,225.0,300.0,75.0,-225.0
Participant_9926,400.0,175.0,100.0,100.0,300.0,75.0,-225.0
Participant_9927,400.0,225.0,100.0,200.0,300.0,25.0,-275.0
Participant_9928,400.0,575.0,100.0,125.0,300.0,450.0,150.0
Participant_9929,400.0,300.0,100.0,250.0,300.0,50.0,-250.0
Participant_9931,400.0,375.0,100.0,350.0,300.0,25.0,-275.0
Participant_9932,400.0,650.0,100.0,25.0,300.0,625.0,325.0
Participant_9933,400.0,600.0,100.0,0.0,300.0,600.0,300.0
Participant_9934,400.0,250.0,100.0,250.0,300.0,0.0,-300.0
Participant_9936,400.0,525.0,100.0,0.0,300.0,525.0,225.0
Participant_9937,400.0,400.0,100.0,400.0,300.0,0.0,-300.0
Participant_9938,400.0,400.0,100.0,75.0,300.0,325.0,25.0
Participant_9939,400.0,250.0,100.0,250.0,300.0,0.0,-300.0
Participant_9940,400.0,525.0,100.0,0.0,300.0,525.0,225.0
Participant_9941,400.0,400.0,100.0,150.0,300.0,250.0,-50.0
Participant_9943,400.0,400.0,100.0,175.0,300.0,225.0,-75.0
Participant_9944,400.0,400.0,100.0,325.0,300.0,75.0,-225.0
Participant_9945,400.0,500.0,100.0,0.0,300.0,500.0,200.0
Participant_9947,400.0,300.0,100.0,125.0,300.0,175.0,-125.0
Participant_9948,400.0,375.0,100.0,250.0,300.0,125.0,-175.0
Participant_9949,400.0,350.0,100.0,125.0,300.0,225.0,-75.0
Participant_9950,400.0,100.0,100.0,100.0,300.0,0.0,-300.0
Participant_9951,400.0,575.0,100.0,0.0,300.0,575.0,275.0
Participant_9953,400.0,425.0,100.0,150.0,300.0,275.0,-25.0
Participant_9954,400.0,225.0,100.0,275.0,300.0,-50.0,-350.0
Participant_9955,400.0,200.0,100.0,175.0,300.0,25.0,-275.0
Participant_9956,400.0,250.0,100.0,275.0,300.0,-25.0,-325.0
Participant_9957,400.0,525.0,100.0,0.0,300.0,525.0,225.0
Participant_9958,400.0,200.0,100.0,200.0,300.0,0.0,-300.0
Participant_9961,400.0,400.0,100.0,400.0,300.0,0.0,-300.0
Participant_9962,400.0,175.0,100.0,200.0,300.0,-25.0,-325.0
Participant_9963,400.0,525.0,100.0,25.0,300.0,500.0,200.0
Participant_9964,400.0,575.0,100.0,50.0,300.0,525.0,225.0
Participant_9965,400.0,175.0,100.0,150.0,300.0,25.0,-275.0
Participant_9966,400.0,500.0,100.0,25.0,300.0,475.0,175.0
Participant_9967,400.0,250.0,100.0,250.0,300.0,0.0,-300.0
Participant_9968,400.0,375.0,100.0,275.0,300.0,100.0,-200.0
Participant_9969,400.0,100.0,100.0,100.0,300.0,0.0,-300.0
Participant_9970,400.0,300.0,100.0,300.0,300.0,0.0,-300.0
Participant_9971,400.0,100.0,100.0,100.0,300.0,0.0,-300.0
Participant_9972,400.0,350.0,100.0,350.0,300.0,0.0,-300.0
Participant_9973,400.0,550.0,100.0,150.0,300.0,400.0,100.0
Participant_9974,400.0,550.0,100.0,0.0,300.0,550.0,250.0
Participant_9975,400.0,175.0,100.0,75.0,300.0,100.0,-200.0
Participant_9976,400.0,400.0,100.0,125.0,300.0,275.0,-25.0
Participant_9977,400.0,575.0,100.0,125.0,300.0,450.0,150.0
Participant_9978,400.0,250.0,100.0,225.0,300.0,25.0,-275.0
Participant_9979,400.0,175.0,100.0,150.0,300.0,25.0,-275.0
Participant_9980,400.0,550.0,100.0,0.0,300.0,550.0,250.0
Participant_9981,400.0,150.0,100.0,150.0,300.0,0.0,-300.0
Participant_9982,400.0,450.0,100.0,0.0,300.0,450.0,150.0
Participant_9983,400.0,250.0,100.0,250.0,300.0,0.0,-300.0
Participant_9984,400.0,450.0,100.0,0.0,300.0,450.0,150.0
Participant_9985,400.0,250.0,100.0,200.0,300.0,50.0,-250.0
Participant_9986,400.0,125.0,100.0,100.0,300.0,25.0,-275.0
Participant_9987,400.0,250.0,100.0,250.0,300.0,0.0,-300.0
Participant_9988,400.0,250.0,100.0,175.0,300.0,75.0,-225.0
Participant_9989,400.0,600.0,100.0,0.0,300.0,600.0,300.0
Participant_9990,400.0,400.0,100.0,275.0,300.0,125.0,-175.0
Participant_9991,400.0,500.0,100.0,0.0,300.0,500.0,200.0
Participant_9992,400.0,250.0,100.0,250.0,300.0,0.0,-300.0
Participant_9993,400.0,350.0,100.0,175.0,300.0,175.0,-125.0
Participant_9994,400.0,400.0,100.0,225.0,300.0,175.0,-125.0
Participant_9995,400.0,550.0,100.0,200.0,300.0,350.0,50.0
Participant_9996,400.0,200.0,100.0,200.0,300.0,0.0,-300.0
Participant_9997,400.0,375.0,100.0,250.0,300.0,125.0,-175.0
Participant_9998,400.0,375.0,100.0,300.0,300.0,75.0,-225.0
Participant_10000,400.0,500.0,100.0,25.0,300.0,475.0,175.0
