Participant_ID	Pred_PSS_Value	Pred_Accuracy	RMSE	True_PSS_Value	True_Accuracy	True_RMSE
Participant_2	100	0.0	22.296860765587606	350	0.2	59.35349610595824
Participant_3	250	0.2	22.174027599874588	150	0.2	22.707928130941404
Participant_4	400	0.5	43.86342439892262	350	0.3	74.55870170543476
Participant_5	250	0.3	18.363686993629575	300	0.3	19.716110164025764
Participant_6	200	0.3	13.77270852083932	400	0.6	78.31634567572723
Participant_7	100	0.8	65.23294796343332	400	0.0	108.39983856076539
Participant_8	250	1.0	0.0	250	1.0	0.0
Participant_9	100	0.1	21.270578271405785	100	0.2	42.586089278072954
Participant_10	250	0.8	18.70728467736566	250	0.8	18.70728467736566
Participant_11	200	0.3	31.79524335494226	150	0.3	43.476430396250336
Participant_12	100	0.6	27.122407710231037	150	0.5	39.9496558182921
Participant_13	300	0.0	9.9818585443794	150	0.0	10.708057713703266
Participant_14	150	0.7	23.494946265101355	100	0.6	45.95514117049365
Participant_15	200	0.4	14.301223723863632	250	0.4	17.58905909933786
Participant_16	150	0.2	24.122603507913485	250	0.4	85.06982426219065
Participant_17	150	0.0	11.276635136422566	300	0.0	12.485491580230232
Participant_18	400	0.0	28.44775913846291	200	0.1	44.029535541497594
Participant_19	400	0.0	29.441042780445123	400	0.1	31.671753977321814
Participant_20	200	0.2	16.69917662640886	200	0.3	43.65704410516131
Participant_21	250	0.5	19.55345238058998	250	0.5	19.55345238058998
Participant_22	250	0.5	20.58124145915401	150	0.4	53.860003713330734
Participant_23	100	0.4	15.378150083803968	100	0.5	20.43526363911168
Participant_24	300	0.9	8.208227579691002	300	0.8	14.292917826672062
Participant_25	250	0.2	22.758240265890507	200	0.3	53.697648924324426
Participant_26	350	0.3	18.0	300	0.3	20.554196651778927
Participant_27	300	0.3	20.06177958208095	350	0.3	20.65187642806338
Participant_28	350	0.1	29.460354716126552	350	0.1	29.460354716126552
Participant_29	250	0.0	26.68848066113918	150	0.0	30.222714967388352
Participant_30	200	0.6	22.675702855699974	250	0.7	45.26546696986567
Participant_31	300	1.0	0.0	300	1.0	0.0
Participant_32	350	1.0	0.0	350	1.0	0.0
Participant_33	100	0.5	17.395401691251628	100	0.6	44.30716646322579
Participant_34	100	0.6	41.959802192098095	400	0.2	85.80209787645055
Participant_35	350	0.1	15.942474713795221	250	0.0	33.38824643493575
Participant_36	400	0.6	17.347910537007042	400	0.5	21.365860619221497
Participant_37	200	0.9	10.157509537283241	200	0.9	10.157509537283241
Participant_38	250	1.0	5.5901699437494745	250	0.9	7.964766161036995
Participant_39	350	0.5	20.275601100830524	400	0.7	50.35796858492209
Participant_40	400	0.0	51.677122597915606	400	0.2	58.71115737234278
Participant_41	250	0.7	30.946930380895616	250	0.7	30.946930380895616
Participant_42	150	0.0	18.293783096997736	250	0.0	18.868624751157675
Participant_43	350	0.1	18.177252267600846	150	0.1	22.229203764417655
Participant_44	150	0.2	14.076576288288285	300	0.1	45.29100352167084
Participant_45	400	0.4	13.471265716331187	350	0.3	26.953663943887108
Participant_46	400	0.9	14.487494607419185	400	0.8	25.782746168707476
Participant_47	250	0.1	30.576338891371545	300	0.1	32.19122551255233
Participant_48	150	0.6	17.679083686662043	150	0.6	17.679083686662043
Participant_49	200	0.9	6.278933030380241	200	0.9	6.278933030380241
Participant_50	100	0.5	16.28189178197669	150	0.4	40.27592332895672
Participant_51	250	0.5	15.963630539448099	300	0.6	31.084763148526644
Participant_52	350	0.1	36.7989469958041	200	0.1	39.01730385354683
Participant_53	250	0.0	11.336886697854927	150	0.1	28.90307077111358
Participant_54	300	0.1	14.833239700079009	150	0.2	35.41750979388585
Participant_55	350	0.7	11.963486114005399	350	0.8	19.312560679516324
Participant_56	100	1.0	0.0	100	1.0	0.0
Participant_57	150	0.7	17.051759440010876	150	0.7	17.051759440010876
Participant_58	100	0.2	28.523236141784473	350	0.2	35.4130978594079
Participant_59	100	0.8	13.0513409272764	100	0.8	13.0513409272764
Participant_60	400	0.0	35.32739730011256	100	0.3	64.376917447172
Participant_61	350	0.1	25.08311184841307	300	0.1	29.665215320304014
Participant_62	100	0.7	22.953213282675698	100	0.6	31.394665151901208
Participant_63	400	1.0	0.0	400	1.0	0.0
Participant_64	200	0.0	14.135062787267696	300	0.0	15.480229326466711
Participant_65	300	0.6	19.874921383492314	350	0.5	36.20911487457267
Participant_66	350	0.8	31.551148948968564	300	0.8	48.64964028643994
Participant_67	300	0.5	22.443540273316952	300	0.4	35.63670860222644
Participant_68	150	0.8	8.414273587185052	150	0.9	22.609732417700126
Participant_69	200	1.0	0.0	200	1.0	0.0
Participant_70	350	0.8	20.627045353128015	350	0.6	60.79103552334012
Participant_71	400	0.7	18.12249982756242	300	0.5	74.20385771642873
Participant_72	300	0.9	10.717975555113009	300	0.9	10.717975555113009
Participant_73	100	0.6	18.285923547909743	100	0.7	21.54878186812424
Participant_74	300	1.0	0.0	300	1.0	0.0
Participant_75	250	0.9	5.994789404140899	250	0.9	5.994789404140899
Participant_76	100	0.6	68.95197604129993	400	0.1	92.90774994584682
Participant_77	400	0.2	35.09985754956849	400	0.4	51.66212345616467
Participant_78	100	0.7	15.948354147058561	100	0.7	15.948354147058561
Participant_79	100	0.0	22.905239575258758	300	0.2	54.23363808560145
Participant_80	250	0.1	13.0829086979922	350	0.1	16.098524777134084
Participant_81	350	0.0	14.339194538048503	200	0.0	14.570518178843194
Participant_82	400	1.0	0.0	400	0.9	23.97681171465464
Participant_83	350	0.7	24.887245729489635	350	0.7	24.887245729489635
Participant_84	150	0.2	22.375209496225953	250	0.2	23.85765076448224
Participant_85	100	0.3	21.345667007615386	100	0.4	38.14757528336499
Participant_86	100	0.7	26.39791658445795	100	0.7	26.39791658445795
Participant_87	250	0.5	21.385450661606363	100	0.4	47.660124842471824
Participant_88	400	0.5	29.962476533157268	300	0.4	47.10334383034818
Participant_89	150	0.7	20.328858797286188	150	0.7	20.328858797286188
Participant_90	300	0.5	19.779092496876594	300	0.4	31.81941231386903
Participant_91	400	0.5	25.816661286851172	350	0.3	64.00390613079799
Participant_92	300	0.6	20.615831295390443	250	0.5	20.762646748427812
Participant_93	150	0.1	23.353532923307345	400	0.2	53.19304465811296
Participant_94	100	0.4	25.302914851850566	300	0.3	38.47044319994247
Participant_95	350	1.0	0.0	350	1.0	0.0
Participant_96	400	0.5	25.548972582082435	400	0.6	30.53195047814666
Participant_97	350	0.6	21.4895323355349	350	0.5	35.087034642443065
Participant_98	100	0.8	12.158844517469577	100	0.8	12.158844517469577
Participant_99	350	0.6	29.271146202361123	200	0.6	51.11690033638581
Participant_100	100	0.0	12.782800945019837	100	0.0	12.782800945019837
Participant_101	350	0.7	11.374313166077325	350	0.6	35.34543817807328
Participant_102	300	0.2	15.412251620058635	200	0.1	35.58229897013401
Participant_103	250	0.5	13.17526090823252	300	0.3	83.89710960456266
Participant_104	400	0.8	13.360389215887388	400	0.7	18.59905911598756
Participant_105	250	0.0	21.266758098027072	300	0.0	26.545008947069505
Participant_106	200	0.5	17.59332259694001	200	0.4	39.88452080694966
Participant_107	100	0.8	19.534264767326157	100	0.7	41.70551522280956
Participant_108	200	0.6	19.632562237262867	150	0.5	50.87705769794476
Participant_109	400	1.0	0.0	400	1.0	0.0
Participant_110	200	1.0	0.0	200	1.0	0.0
Participant_111	400	0.2	15.149257407543116	250	0.3	20.96962088355438
Participant_112	350	0.1	22.117018334305374	350	0.1	22.117018334305374
Participant_113	350	0.9	11.220516922138659	350	0.9	11.220516922138659
Participant_114	150	0.8	16.341664541900254	150	0.7	25.94730236460045
Participant_115	400	0.0	14.24868414977327	300	0.3	48.60529806512866
Participant_116	100	0.0	23.417941839538333	100	0.0	23.417941839538333
Participant_117	300	1.0	5.5901699437494745	300	0.9	9.347459547919959
Participant_118	400	0.6	19.064364662899205	400	0.5	30.438462510448847
Participant_119	200	1.0	0.0	200	1.0	0.0
Participant_120	250	0.7	16.814056619388435	250	0.7	16.814056619388435
Participant_121	300	0.7	23.646617094206096	250	0.6	27.096586500886048
Participant_122	250	0.3	20.42608626242433	400	0.4	35.7802319724174
Participant_123	400	0.1	16.41188593672281	350	0.2	35.129581551735
Participant_124	250	0.0	25.80746016174393	350	0.1	49.37522151849043
Participant_125	400	0.8	14.866068747318506	400	0.8	14.866068747318506
Participant_126	300	0.3	13.461983509126728	150	0.2	29.27285431931775
Participant_127	400	0.6	20.72920644887305	400	0.6	20.72920644887305
Participant_128	150	0.9	5.911852501542981	150	0.9	5.911852501542981
Participant_129	400	1.0	0.0	400	1.0	0.0
Participant_130	400	0.7	11.550973984907074	400	0.8	23.339880033967614
Participant_131	250	0.9	8.496322733983215	250	0.8	14.184939196203839
Participant_132	200	0.6	25.723287114985908	250	0.7	28.70474699418199
Participant_133	350	0.5	31.501587261596836	200	0.6	51.51880724550987
Participant_134	200	0.0	11.981235328629515	350	0.0	12.11868392194466
Participant_135	400	0.8	17.313289693180785	400	0.5	68.54925236645546
Participant_136	350	0.6	12.8666234887013	400	0.4	61.38179697597652
Participant_137	300	0.5	24.26339836049353	250	0.4	27.420339166392527
Participant_138	400	0.1	12.965338406690355	400	0.0	16.823346872724226
Participant_139	200	0.7	17.987843116949847	200	0.9	29.80226501459243
Participant_140	400	0.6	13.451765683359191	400	0.6	13.451765683359191
Participant_141	400	0.1	10.397114984456024	200	0.3	50.15912180251963
Participant_142	100	0.1	13.131545986668897	300	0.3	61.134891837640474
Participant_143	100	0.6	23.062415311497624	200	0.4	47.84898118037624
Participant_144	400	0.5	23.108440016582687	200	0.5	51.48567762009159
Participant_145	100	0.4	19.817605808977028	250	0.5	53.8733468423858
Participant_146	100	0.9	14.016954020043013	100	0.9	14.016954020043013
Participant_147	300	0.8	12.914623494318368	300	0.7	27.484768509121558
Participant_148	400	0.7	30.755893744126507	400	0.7	30.755893744126507
Participant_149	200	0.9	6.278933030380241	200	0.9	6.278933030380241
Participant_150	400	0.5	28.0	350	0.4	38.625444981255555
Participant_151	150	0.6	20.737646925338467	150	0.6	20.737646925338467
Participant_152	300	0.1	14.143019479587801	200	0.1	16.00312469488381
Participant_153	300	0.0	12.026533166295264	300	0.0	12.026533166295264
Participant_155	350	0.6	10.922453936730518	250	0.5	24.260822327365574
Participant_156	250	0.8	13.962897263820285	250	0.8	13.962897263820285
Participant_157	250	0.0	22.661090000262565	250	0.2	62.83261493842191
Participant_158	150	0.1	17.29559192395565	250	0.0	33.574916232211216
Participant_159	300	1.0	0.0	300	1.0	0.0
Participant_160	350	1.0	5.5901699437494745	350	0.9	11.331372379372237
Participant_161	350	1.0	0.0	350	1.0	0.0
Participant_162	400	0.0	15.94600263388916	400	0.0	15.94600263388916
Participant_163	150	0.2	28.929223978530775	400	0.3	51.251829235647776
Participant_164	150	0.2	24.122603507913485	200	0.1	34.38531663370282
Participant_165	100	0.8	14.28591964138116	100	0.8	14.28591964138116
Participant_166	400	0.5	19.817921182606415	400	0.5	19.817921182606415
Participant_167	350	0.8	10.91902010255499	350	0.8	10.91902010255499
Participant_168	150	0.6	19.39845354661036	150	0.5	46.39207906528872
Participant_169	300	1.0	0.0	300	1.0	0.0
Participant_170	350	0.5	24.209502266672068	200	0.5	31.177315471348717
Participant_171	300	0.1	14.405728027420205	200	0.1	14.529280780547948
Participant_172	300	0.7	17.511781748297345	300	0.8	20.29254789325382
Participant_173	350	1.0	9.682458365518542	350	0.9	17.055790805471318
Participant_174	400	0.0	8.247726959593171	400	0.0	8.247726959593171
Participant_175	150	0.6	26.363800939925184	250	0.5	42.951571566125494
Participant_176	200	0.6	12.764697411219743	300	0.5	48.373158879692774
Participant_177	400	0.0	20.929046801037067	400	0.2	41.027429848821875
Participant_178	400	0.5	26.43860813280457	350	0.4	28.951252131816336
Participant_179	250	0.0	28.827504227733623	150	0.0	30.67429705796043
Participant_180	200	0.8	21.002083230003635	200	0.7	22.936052406637025
Participant_181	250	0.0	33.55629598152931	300	0.0	38.61201237956914
Participant_182	300	1.0	0.0	300	1.0	0.0
Participant_183	400	0.8	19.09842925478428	400	0.6	45.342584840302166
Participant_184	350	0.1	20.896470993926222	350	0.2	36.16403600263666
Participant_185	250	0.8	13.737266831506187	250	0.7	18.240408438409485
Participant_186	300	0.6	17.21227759478681	300	0.8	45.722396043952024
Participant_187	350	0.8	14.334399185176894	350	0.8	14.334399185176894
Participant_188	350	0.5	11.719641632746285	250	0.4	29.8223909168933
Participant_189	350	0.2	26.55819082693699	150	0.3	42.22203216331493
Participant_190	350	0.9	9.919677414109795	350	0.9	9.919677414109795
Participant_191	100	0.6	21.636196523418807	400	0.2	70.75132507593055
Participant_192	400	0.5	24.60182920028509	400	0.6	26.569719607101614
Participant_193	350	1.0	0.0	350	1.0	0.0
Participant_194	100	0.5	27.273613621960695	100	0.7	49.742838680557824
Participant_195	100	0.0	20.997618912629118	100	0.0	20.997618912629118
Participant_196	150	0.2	19.219781476385208	100	0.2	31.501190453695557
Participant_197	300	1.0	0.0	300	1.0	0.0
Participant_198	250	0.9	8.496322733983215	250	0.9	8.496322733983215
Participant_199	200	0.7	18.467877517462586	200	0.6	35.41450973824147
Participant_200	300	1.0	0.0	300	1.0	0.0
Participant_201	250	0.3	12.388502734390464	400	0.3	17.00735135169495
Participant_202	400	0.5	9.16515138991168	300	0.3	54.30216386112067
Participant_203	300	0.3	15.731338150329107	100	0.4	35.30562986267204
Participant_204	350	0.7	14.031215200402281	350	0.7	14.031215200402281
Participant_205	100	0.0	20.848261318392957	100	0.0	20.848261318392957
Participant_206	400	0.1	21.286145729088673	200	0.1	67.55442250511805
Participant_207	350	0.2	15.421981065997974	250	0.2	16.406934509529805
Participant_208	200	0.7	14.99374869737385	200	0.7	14.99374869737385
Participant_209	400	0.7	15.359850259686779	400	0.7	15.359850259686779
Participant_210	150	1.0	11.180339887498949	150	0.7	45.54681657371896
Participant_211	100	0.5	24.624175113087546	100	0.6	28.86390479474321
Participant_212	250	0.3	18.020127635508025	400	0.2	27.399817517640514
Participant_213	400	0.8	32.264531609803356	350	0.7	45.034708836629555
Participant_214	300	0.1	19.653880024056317	200	0.1	20.942779185198894
Participant_215	100	0.8	16.92889541582675	100	0.7	20.17052304725884
Participant_216	100	0.2	15.884741105853756	200	0.2	51.661034639271406
Participant_217	250	1.0	0.0	250	1.0	0.0
Participant_218	250	0.9	8.042853971072706	250	0.9	8.042853971072706
Participant_219	100	0.6	30.05203820042827	400	0.2	74.47818472546173
Participant_220	300	0.1	14.098758810618756	300	0.1	14.098758810618756
Participant_221	400	0.5	16.170961628796228	400	0.7	45.49368087987605
Participant_222	350	0.7	18.388175548433292	350	0.7	18.388175548433292
Participant_223	200	0.7	17.601491414081934	150	0.6	51.889787049090884
Participant_224	200	0.7	15.035374953754895	200	0.8	24.644218388904118
Participant_225	250	0.6	15.70748229348039	350	0.4	79.38466476593574
Participant_226	250	1.0	0.0	250	1.0	0.0
Participant_227	400	0.4	21.713475078853683	250	0.5	66.77265533135551
Participant_228	150	0.3	12.706297651164952	400	0.3	13.711309200802088
Participant_229	400	0.2	23.49468024894146	400	0.1	38.978840413742425
Participant_230	400	0.2	22.26544407821232	350	0.3	27.207535720825582
Participant_231	300	1.0	5.5901699437494745	300	0.9	13.176683953104439
Participant_232	400	0.7	30.036228125382188	300	0.6	71.5367912336023
Participant_233	250	0.6	19.949310765036472	300	0.7	24.03981073136808
Participant_234	400	0.5	20.89258241577618	400	0.5	20.89258241577618
Participant_235	100	0.4	22.02810704531826	250	0.2	57.99083979388469
Participant_236	100	0.7	25.992306554055567	150	0.7	30.13739371611288
Participant_237	100	0.7	17.517134468856487	100	0.6	26.56360291827899
Participant_238	200	1.0	0.0	200	1.0	0.0
Participant_239	150	0.1	15.301552208844695	200	0.2	31.14662903108457
Participant_240	250	0.8	14.228931794059594	250	0.8	14.228931794059594
Participant_241	250	1.0	0.0	250	1.0	0.0
Participant_242	250	0.0	12.88506887835684	250	0.1	26.00312481222209
Participant_243	100	0.1	27.815238629211866	100	0.2	30.981042590590782
Participant_244	200	0.8	20.39822296181704	200	0.7	25.36853365884595
Participant_245	300	0.5	30.841733090084286	400	0.4	43.92009790517321
Participant_246	400	0.8	15.84297951775486	400	0.8	15.84297951775486
Participant_247	300	0.0	21.642261896576336	250	0.1	22.52581852008934
Participant_248	150	0.3	16.813684902483452	350	0.3	24.576411454889016
Participant_249	400	0.9	11.17530760203047	400	0.9	11.17530760203047
Participant_250	300	0.0	15.91815001813967	350	0.1	22.949128523758805
Participant_251	150	0.9	10.66302021005306	150	0.9	10.66302021005306
Participant_252	100	0.0	15.11290838985005	100	0.1	23.101677428273472
Participant_253	350	0.1	15.625699984320702	350	0.1	15.625699984320702
Participant_254	100	1.0	9.682458365518542	100	0.9	12.707281377226208
Participant_255	400	0.7	25.2423255663974	250	0.5	56.323507525721446
Participant_256	350	0.1	21.631285213782377	150	0.1	23.698892379180933
Participant_257	250	0.8	12.74607782810069	250	0.8	12.74607782810069
Participant_258	100	0.6	10.92588669170608	100	0.8	42.826247792679666
Participant_259	150	0.2	20.932032868309758	300	0.2	21.066264500380697
Participant_260	250	0.5	22.019025864011333	350	0.5	32.01327849502453
Participant_261	150	1.0	14.79019945774904	150	0.7	50.93635734914698
Participant_262	300	0.6	17.71334242880208	300	0.6	17.71334242880208
Participant_263	200	0.5	16.379102539516627	200	0.5	16.379102539516627
Participant_264	400	0.9	14.00490985333358	400	0.7	42.70158076699269
Participant_265	250	0.0	14.22234157936027	250	0.0	14.22234157936027
Participant_266	250	1.0	0.0	250	1.0	0.0
Participant_267	350	0.1	19.758858772712557	250	0.1	22.96546320020565
Participant_268	300	0.6	25.98100267503162	300	0.6	25.98100267503162
Participant_269	400	0.5	28.922309727959142	150	0.4	37.244462675678385
Participant_270	200	0.0	12.934450123604018	150	0.0	15.318697725329004
Participant_271	200	0.6	17.83080200103181	200	0.6	17.83080200103181
Participant_272	150	0.6	28.263050083103202	300	0.6	41.109761614487624
Participant_273	100	0.7	15.830350596243912	150	0.6	34.71383009695127
Participant_274	250	0.1	24.721700993256917	250	0.1	24.721700993256917
Participant_275	100	0.0	33.27386361695918	100	0.2	76.00871660539994
Participant_276	100	0.1	45.606331797240614	100	0.2	51.09867904359172
Participant_277	250	0.2	25.40546201115028	300	0.1	43.96049362780177
Participant_278	150	0.9	11.122050170719426	150	0.8	19.800252523642218
Participant_279	100	0.7	16.18177987738061	400	0.2	92.9758033038704
Participant_280	200	0.1	20.91291467012669	350	0.1	22.25786377889846
Participant_281	350	0.8	16.89600544507488	350	0.8	16.89600544507488
Participant_282	350	0.2	22.947494416602435	250	0.3	25.758008463388624
Participant_283	100	0.5	19.687559523719543	250	0.4	39.34621964051947
Participant_284	100	0.1	15.769828787910159	100	0.0	20.36295656332842
Participant_285	100	0.9	10.196813227670692	100	0.8	29.31019447223099
Participant_286	250	0.0	18.901719498500658	100	0.0	71.42933571019682
Participant_287	200	0.9	13.348220855230108	200	0.9	13.348220855230108
Participant_288	300	0.7	17.759856418338522	250	0.5	45.660020805952335
Participant_289	400	0.5	26.837473800639284	300	0.5	59.20272375490844
Participant_290	300	0.7	20.956204331891787	300	0.8	24.860360013483312
Participant_291	100	0.1	25.048702561210632	100	0.1	25.048702561210632
Participant_292	250	0.7	26.8367751415851	300	0.7	34.773013961979196
Participant_293	400	0.5	23.108440016582687	200	0.4	33.60840668642297
Participant_294	350	0.1	14.761859638947932	350	0.1	14.761859638947932
Participant_295	300	0.5	18.164869941730934	350	0.5	21.762352813976708
Participant_296	150	0.4	21.72901286299035	350	0.4	28.58189986687379
Participant_297	150	0.7	9.78583159470875	150	0.7	9.78583159470875
Participant_298	300	0.5	21.678618498419127	200	0.6	52.24162612323625
Participant_299	400	0.2	25.13961017995307	200	0.3	33.08606202013168
Participant_300	300	0.2	23.66511145124823	400	0.3	58.74095675080548
Participant_301	150	0.1	13.196116853074619	150	0.1	13.196116853074619
Participant_302	250	0.1	23.95125257684867	200	0.1	25.857300709857554
Participant_303	150	1.0	0.0	150	1.0	0.0
Participant_304	350	1.0	0.0	350	1.0	0.0
Participant_305	100	0.5	39.26003056544913	250	0.4	66.08233500717117
Participant_306	150	0.8	12.381437719424994	150	0.9	21.18253997989854
Participant_307	350	1.0	7.905694150420948	350	0.9	16.035897230900428
Participant_308	250	0.5	22.909332159624384	400	0.5	54.93405137071177
Participant_309	250	1.0	0.0	250	1.0	0.0
Participant_310	250	1.0	0.0	250	1.0	0.0
Participant_311	150	1.0	0.0	150	1.0	0.0
Participant_312	200	0.3	24.893523254051445	400	0.3	25.65151067676132
Participant_313	300	0.3	17.641570224897784	100	0.3	25.92079281194925
Participant_314	350	1.0	0.0	350	1.0	0.0
Participant_315	350	1.0	0.0	350	1.0	0.0
Participant_317	100	0.6	15.227442332841061	100	0.6	15.227442332841061
Participant_318	400	0.3	15.708278072405008	200	0.3	16.909686573085853
Participant_319	150	0.2	23.035841638629137	350	0.2	33.340478400886816
Participant_320	350	1.0	0.0	350	1.0	0.0
Participant_321	150	0.1	17.72392450897938	200	0.1	21.06181378704123
Participant_322	400	0.7	18.89907405139204	400	0.6	35.98193991435148
Participant_323	300	0.1	14.27497810856465	350	0.0	23.650845650843014
Participant_324	150	0.1	19.726568378711995	300	0.2	28.853725929245257
Participant_325	250	0.7	23.90528184314086	200	0.7	29.91341672226695
Participant_326	300	0.0	11.922143263692146	200	0.1	18.737662607700035
Participant_327	100	0.1	33.29695932063467	100	0.2	48.92417602780858
Participant_328	150	0.8	16.531787562148264	150	0.7	16.86749833259218
Participant_329	150	1.0	0.0	150	1.0	0.0
Participant_330	150	0.1	29.289716625464305	350	0.2	51.35988220391476
Participant_331	400	0.5	22.808989455914087	150	0.5	46.6741363069527
Participant_332	150	0.7	19.893780435100815	150	0.6	37.74983443672303
Participant_334	150	0.6	18.13284313062902	150	0.7	32.35757252947137
Participant_335	100	0.9	10.55817219029885	100	0.9	10.55817219029885
Participant_336	150	0.2	22.03746809413459	200	0.3	35.12032887089755
Participant_337	250	0.0	21.089689423981568	300	0.0	26.40336152841149
Participant_338	400	0.2	33.12099032335839	400	0.2	33.12099032335839
Participant_339	250	0.6	21.429535692590264	250	0.6	21.429535692590264
Participant_340	350	0.1	15.464879566294721	300	0.2	33.504290769989446
Participant_341	400	0.8	14.52583904633395	400	0.7	23.76289123823109
Participant_342	100	0.4	16.40083839320417	350	0.3	27.459060435491963
Participant_343	350	0.4	13.763175505674553	400	0.3	31.452344904633105
Participant_344	400	0.9	12.69399464313736	400	0.9	12.69399464313736
Participant_345	100	0.0	27.35690040922034	400	0.3	79.78408362574581
Participant_346	100	0.0	18.327574853209576	100	0.0	18.327574853209576
Participant_347	400	0.1	24.017701805126986	350	0.4	64.42573243665919
Participant_348	250	0.7	15.896933666591178	250	0.7	15.896933666591178
Participant_349	250	1.0	5.5901699437494745	250	0.9	8.042853971072706
Participant_350	150	1.0	7.905694150420948	150	0.9	8.941476388158724
Participant_351	250	0.7	14.19374862395414	250	0.6	26.818370569443626
Participant_352	250	0.4	17.730623226497144	250	0.5	43.60146213144692
Participant_353	350	0.6	21.372880011828073	350	0.8	41.08497292198207
Participant_354	250	0.7	13.836997506684751	250	0.9	33.49906715119094
Participant_355	400	0.2	19.222382786741086	350	0.1	54.87861605397862
Participant_356	100	0.2	29.577440727689744	250	0.2	39.47071699374107
Participant_357	300	0.1	14.706291170788099	200	0.1	17.28004629623428
Participant_358	150	0.9	13.64551208273255	150	0.8	27.559934687876165
Participant_359	200	0.8	9.07400132245968	200	0.9	18.65944800898462
Participant_360	300	0.9	11.932099563781724	300	0.8	22.76043716627605
Participant_361	100	0.8	17.438104828220297	100	0.8	17.438104828220297
Participant_362	150	0.5	15.073984211216356	250	0.3	49.88461686732695
Participant_363	150	0.9	16.00624877977348	150	0.8	18.528356645962965
Participant_364	300	1.0	15.811388300841896	300	0.9	18.231154653504532
Participant_365	300	0.8	15.059465461961125	300	0.7	19.050262465383515
Participant_366	100	0.7	19.283412561058793	100	0.8	24.831179996125837
Participant_367	150	0.1	22.86673347900832	200	0.2	31.40640858168918
Participant_368	250	0.7	21.770679824020196	250	0.7	21.770679824020196
Participant_369	200	0.3	20.085753657754545	100	0.5	41.54936822624382
Participant_370	400	0.0	58.1852644575927	250	0.3	78.09273333671962
Participant_371	300	0.0	16.981975739000454	150	0.0	19.676445309049093
Participant_372	350	0.1	18.551617180181356	150	0.1	22.619405385641773
Participant_373	250	1.0	13.693063937629153	250	0.7	43.3181543928178
Participant_374	350	0.3	15.976545308670458	150	0.4	29.889797590482274
Participant_375	300	0.1	19.430002573340026	150	0.2	41.07188819618597
Participant_376	100	0.5	28.130943816374167	300	0.5	49.0786358816135
Participant_377	250	0.8	8.585598406634217	250	0.8	8.585598406634217
Participant_378	350	0.7	31.194951514628134	350	0.6	37.239763694201926
Participant_379	150	0.1	17.259417719030964	200	0.1	18.264720090929398
Participant_380	350	0.2	14.969552431519121	250	0.4	55.57090065852811
Participant_381	150	0.6	18.50810633209135	200	0.5	27.308881339227355
Participant_382	300	0.3	23.37145695073373	400	0.2	24.814310387355118
Participant_383	150	0.8	6.767569726275452	150	0.9	18.095579570712843
Participant_384	200	0.1	16.91449082887215	200	0.2	43.23034235349056
Participant_385	200	0.6	20.867139238525247	200	0.5	33.27198521278825
Participant_386	200	1.0	0.0	200	1.0	0.0
Participant_387	350	0.2	25.10652305676754	400	0.0	31.965215469319144
Participant_388	300	0.7	18.31427039223785	300	0.6	32.01581640377143
Participant_389	150	1.0	0.0	150	1.0	0.0
Participant_390	300	0.7	21.918314259997278	300	0.9	33.9650555718668
Participant_391	100	0.7	20.41690476051647	100	0.6	22.871926022965358
Participant_392	200	0.2	16.995955401212374	400	0.3	50.99509780361246
Participant_393	250	0.0	33.66786301504745	250	0.0	33.66786301504745
Participant_394	250	0.0	16.039794263019708	150	0.1	40.02046351555664
Participant_395	350	0.1	21.22292392673545	200	0.1	23.153833375922872
Participant_396	350	0.1	18.685890398907944	350	0.1	18.685890398907944
Participant_397	300	0.6	18.808575171979403	250	0.6	23.274986573572928
Participant_398	250	1.0	0.0	250	1.0	0.0
Participant_399	350	0.1	16.782803699024786	100	0.3	76.48946005823286
Participant_400	300	0.8	15.059465461961125	300	0.7	26.747196114733224
Participant_401	400	0.1	29.165047574108293	400	0.1	29.165047574108293
Participant_402	400	0.0	18.317341510164624	350	0.2	49.158798805503785
Participant_403	200	0.8	18.603427103627975	200	0.6	46.42668952229956
Participant_404	400	0.2	33.68233958619858	100	0.3	52.18368998068266
Participant_405	300	0.7	26.156500148146733	300	0.6	37.46681865330976
Participant_406	100	0.5	25.324888943487984	150	0.5	30.552823110148104
Participant_407	200	0.0	11.610340218959994	300	0.0	13.816204254425308
Participant_408	100	0.2	18.16108476936331	100	0.3	26.112975701746443
Participant_409	250	0.4	18.04508243261859	300	0.4	18.64068131802054
Participant_410	150	0.5	21.78818487162251	100	0.6	59.942680954391754
Participant_411	150	0.9	10.66302021005306	150	0.9	10.66302021005306
Participant_412	150	0.7	19.15757030523443	150	0.8	22.06920931977401
Participant_413	250	0.9	8.272696053887149	250	0.9	8.272696053887149
Participant_414	250	0.0	13.911326320664037	400	0.0	89.5085191476208
Participant_415	350	1.0	7.905694150420948	350	0.9	8.92468486838611
Participant_416	250	0.0	20.366025630937422	200	0.0	23.367712767834167
Participant_417	350	0.1	20.04151940347837	300	0.1	20.187248450445146
Participant_418	150	0.0	9.133044399322714	400	0.0	80.46287964024155
Participant_419	150	0.6	27.614307885587138	250	0.7	58.19332006338872
Participant_420	350	0.7	15.390743971621385	350	0.7	15.390743971621385
Participant_421	100	0.9	16.85155779149216	100	0.8	34.8078654904319
Participant_422	250	0.7	19.658649495832616	300	0.5	58.69380290967693
Participant_423	250	0.1	26.6441832301161	300	0.2	47.95870619605996
Participant_424	350	0.7	22.569337606584735	250	0.5	42.55687371036552
Participant_425	250	0.6	17.043327139968888	250	0.5	38.27319558124197
Participant_426	250	0.7	21.856635148164962	200	0.7	28.347177990057492
Participant_427	350	0.6	31.985152805637806	350	0.4	49.41583754222931
Participant_428	250	1.0	0.0	250	1.0	0.0
Participant_429	250	0.0	13.220249619428524	150	0.0	14.262275414533264
Participant_430	400	0.0	21.048159064393257	400	0.1	21.13882683594338
Participant_431	350	1.0	0.0	350	1.0	0.0
Participant_432	150	0.8	16.56955038617524	150	0.8	16.56955038617524
Participant_433	100	0.5	22.390846343986198	350	0.5	41.62150886260612
Participant_434	100	0.4	15.378150083803968	100	0.5	27.204778991934486
Participant_435	150	0.6	23.928017051147386	100	0.5	35.10840355242602
Participant_436	150	0.9	12.940247292845681	150	0.8	26.37802115398348
Participant_437	350	0.9	12.078907235342111	350	0.9	12.078907235342111
Participant_438	350	0.2	32.69690352311668	150	0.2	37.207526120396665
Participant_439	400	0.2	38.62641583165593	350	0.3	46.94677837722201
Participant_440	400	0.0	21.343031649697753	150	0.3	65.69018191480367
Participant_441	150	0.8	17.126003620226175	150	0.7	28.887930005453835
Participant_442	400	0.7	16.11443452312243	400	0.8	25.41653005427767
Participant_443	250	0.0	28.89247306825776	400	0.1	108.15197640357758
Participant_444	250	0.2	25.77183540223707	150	0.2	27.828043409481737
Participant_445	200	0.6	25.356212256565453	150	0.5	59.29565751385172
Participant_446	400	0.1	19.79520143873257	100	0.3	45.791784197604706
Participant_447	350	0.1	19.439971707798342	300	0.2	21.066264500380697
Participant_448	400	0.7	28.43281554823581	400	0.7	28.43281554823581
Participant_449	250	0.2	17.900768139943047	200	0.2	19.432254115258992
Participant_450	100	0.0	27.966944774143634	200	0.3	98.38540288071194
Participant_451	150	0.4	17.165372119473552	200	0.5	50.52994161880657
Participant_452	300	1.0	0.0	300	1.0	0.0
Participant_453	200	1.0	0.0	200	1.0	0.0
Participant_454	250	0.0	31.181324538896675	400	0.0	110.39938858526345
Participant_455	100	1.0	0.0	100	1.0	0.0
Participant_456	350	0.1	32.33283934330544	250	0.1	35.705916876618645
Participant_457	300	0.8	17.833605916919886	300	0.8	17.833605916919886
Participant_458	400	0.1	12.62339098657726	250	0.2	42.5345447842104
Participant_459	100	0.2	27.790735866471763	350	0.4	36.375472505522175
Participant_460	150	0.3	23.852672806207693	350	0.3	32.56148031032987
Participant_461	250	0.6	18.144558412923693	250	0.6	18.144558412923693
Participant_462	250	0.0	18.4329867357409	200	0.0	23.233596363886498
Participant_463	300	0.3	16.046027545782167	250	0.3	16.308739988116802
Participant_464	300	1.0	0.0	300	1.0	0.0
Participant_465	200	0.0	11.002272492535349	150	0.0	11.496195022702077
Participant_466	300	0.6	28.548423774352237	300	0.7	39.16838648706377
Participant_467	250	0.9	8.714212528966687	250	0.9	8.714212528966687
Participant_468	200	0.7	18.19512297292876	200	0.8	25.68730231067482
Participant_469	350	1.0	5.5901699437494745	350	0.9	11.331372379372237
Participant_470	250	0.9	5.562148865321747	250	0.9	5.562148865321747
Participant_471	350	0.5	21.473239159474755	300	0.4	24.823879632321777
Participant_472	300	0.8	16.218430873546307	300	0.7	27.049260618360716
Participant_473	100	0.1	22.77471185328148	400	0.4	71.59940642212057
Participant_474	250	1.0	0.0	250	1.0	0.0
Participant_475	350	0.7	27.26031914706796	250	0.5	44.41100651865481
Participant_476	350	0.8	12.717114452579247	350	0.8	12.717114452579247
Participant_477	350	0.9	11.331372379372237	350	0.9	11.331372379372237
Participant_478	150	0.7	14.688856320353874	150	0.8	16.75708805252273
Participant_479	100	1.0	0.0	100	1.0	0.0
Participant_480	250	0.4	17.624556732014568	300	0.3	45.56561203363782
Participant_481	150	0.8	13.903237033151669	150	0.9	15.770225109363532
Participant_482	150	0.6	23.74447304111001	150	0.7	30.012705642777362
Participant_483	400	0.4	25.694843840739722	400	0.4	25.694843840739722
Participant_484	400	0.6	29.76491222899876	400	0.7	43.29751724983778
Participant_485	300	0.7	16.520063559199766	300	0.6	27.157181370679837
Participant_486	250	0.7	20.129890710085835	250	0.7	20.129890710085835
Participant_487	350	0.8	18.553301592978002	350	0.7	28.27322054524387
Participant_488	150	0.2	31.45472937413387	300	0.3	46.34085670334548
Participant_489	100	0.1	25.518375732009275	250	0.3	47.7726386124945
Participant_490	400	0.6	21.087911228948208	400	0.7	38.950930669240755
Participant_491	100	0.2	18.60309114099052	150	0.5	61.1021685376223
Participant_492	250	1.0	0.0	250	1.0	0.0
Participant_493	100	0.1	27.792759848564877	100	0.2	32.40100307089273
Participant_494	300	0.5	19.588580857223935	400	0.4	38.6681393397717
Participant_495	400	0.6	22.38191234010177	400	0.5	42.91270208225066
Participant_496	400	0.5	16.665833312498957	400	0.6	18.123189564753773
Participant_497	100	0.7	21.51975836295566	100	0.7	21.51975836295566
Participant_498	350	0.0	15.672029224066678	200	0.0	16.501515081955354
Participant_499	100	0.9	8.600872048809935	100	0.9	8.600872048809935
Participant_500	200	1.0	0.0	200	1.0	0.0
Participant_501	200	1.0	0.0	200	1.0	0.0
Participant_502	150	0.1	14.504740604367939	150	0.1	14.504740604367939
Participant_503	400	0.6	22.769497139814046	400	0.6	22.769497139814046
Participant_504	250	0.0	32.38093574929545	350	0.1	43.90800040994807
Participant_505	250	1.0	5.5901699437494745	250	0.9	8.042853971072706
Participant_506	150	0.0	12.734304064219607	350	0.0	14.251754277982764
Participant_507	150	0.0	10.169193675016716	350	0.0	10.57650698482254
Participant_508	100	0.7	22.78925185257296	150	0.6	39.338912033761176
Participant_509	150	1.0	0.0	150	1.0	0.0
Participant_510	350	0.1	19.822020583179707	300	0.2	27.409624222159632
Participant_511	150	0.7	19.124918300479088	150	0.7	19.124918300479088
Participant_512	400	0.8	10.712142642814275	400	0.8	10.712142642814275
Participant_513	250	0.6	14.464611989265387	300	0.6	15.24836056761513
Participant_515	200	0.6	21.74712624693203	200	0.5	29.551226708886382
Participant_516	300	0.0	19.612177339602045	350	0.1	24.091751700530207
Participant_517	400	0.5	29.008619408720573	150	0.4	62.676949510964555
Participant_518	300	0.0	13.024496151483174	350	0.0	14.426104810377609
Participant_519	300	0.9	6.010407640085654	300	0.9	6.010407640085654
Participant_520	150	0.5	14.949080239265559	150	0.5	14.949080239265559
Participant_521	350	0.8	13.480541532149218	350	0.8	13.480541532149218
Participant_522	250	1.0	0.0	250	1.0	0.0
Participant_523	150	0.4	19.897235988950825	250	0.3	27.69882668995205
Participant_524	400	0.8	15.524174696260024	400	0.8	15.524174696260024
Participant_525	400	0.6	21.469746155928345	400	0.6	21.469746155928345
Participant_526	150	0.6	10.89954127475097	350	0.4	57.18981552689255
Participant_527	400	0.7	17.526408645241613	400	0.7	17.526408645241613
Participant_528	150	0.9	11.289375536317321	150	0.9	11.289375536317321
Participant_529	100	0.1	31.283981524096323	150	0.3	51.99951922854672
Participant_530	400	0.1	32.122422075553395	400	0.1	32.122422075553395
Participant_531	100	0.5	30.374331268358816	150	0.3	56.01517651494102
Participant_532	350	1.0	0.0	350	1.0	0.0
Participant_533	150	0.7	21.289962423639924	150	0.8	34.45359197529337
Participant_534	250	1.0	9.682458365518542	250	0.8	21.005058914461536
Participant_535	400	1.0	0.0	400	1.0	0.0
Participant_536	350	0.1	24.958215080409897	300	0.2	37.13202795431459
Participant_537	150	0.1	7.525788995181834	350	0.1	8.010149811333118
Participant_538	150	0.6	17.35799527595281	150	0.7	31.496229933120567
Participant_539	250	0.1	19.362657358947402	200	0.1	20.70265683432926
Participant_540	100	0.0	13.120594498726039	200	0.2	59.61428100715465
Participant_541	200	0.5	24.07332548693678	300	0.6	49.35850990457471
Participant_542	350	0.0	23.518343904280336	250	0.1	28.038589479501283
Participant_543	350	0.7	31.134787617711478	350	0.8	39.20108416868084
Participant_544	250	0.5	17.315816469343858	250	0.3	89.25231089445248
Participant_545	250	0.5	17.207193263283816	200	0.4	51.860630539938484
Participant_546	250	0.4	19.60548392669765	250	0.4	19.60548392669765
Participant_547	300	0.0	18.190313356289384	300	0.0	18.190313356289384
Participant_548	250	0.0	10.944176533663919	300	0.0	13.588138209482564
Participant_549	350	0.4	16.975717952416623	200	0.5	46.7790016994805
Participant_550	150	0.7	25.18953155578722	200	0.6	30.625765296560346
Participant_551	200	0.8	22.79994517537268	200	0.6	41.20603717903482
Participant_552	250	0.2	23.64714570513744	150	0.3	47.554705340271006
Participant_553	350	0.8	16.710026929960346	350	0.9	22.932509675131502
Participant_554	350	0.5	16.465114636709945	300	0.4	31.40421946172202
Participant_555	200	0.9	9.781359823664602	200	0.9	9.781359823664602
Participant_556	250	1.0	0.0	250	1.0	0.0
Participant_557	250	0.7	23.695199935851985	300	0.6	29.6650046350915
Participant_558	300	0.7	13.97900211030816	300	0.7	13.97900211030816
Participant_559	400	0.0	10.68994854992296	400	0.0	10.68994854992296
Participant_560	300	0.9	7.1501748230375455	300	0.9	7.1501748230375455
Participant_561	300	0.9	10.659502802663921	300	0.8	12.370832631638017
Participant_562	250	0.0	18.466862213164422	250	0.0	18.466862213164422
Participant_563	100	0.0	17.128922908344236	100	0.1	27.657503502666323
Participant_564	150	1.0	0.0	150	1.0	0.0
Participant_565	150	1.0	0.0	150	1.0	0.0
Participant_566	300	0.0	23.364235489311437	300	0.1	25.617864860288414
Participant_567	150	0.5	19.867687333960138	100	0.4	36.1280708037393
Participant_568	150	0.5	17.131112047966997	150	0.3	49.524741291600904
Participant_569	200	0.5	16.34089960803872	150	0.5	21.20672063285599
Participant_570	350	0.6	23.16894473211933	350	0.5	29.42957695924289
Participant_571	100	0.6	16.90044378115557	200	0.6	50.377946563948
Participant_572	400	0.1	19.02235526952433	350	0.2	19.276604991543504
Participant_573	200	1.0	0.0	200	1.0	0.0
Participant_574	400	0.5	21.453437952924933	100	0.2	33.63145848755299
Participant_575	100	0.2	29.829934629495924	400	0.3	57.199213281303095
Participant_576	400	0.6	24.07695994098923	250	0.6	58.687519968047724
Participant_577	150	0.1	27.868216663432197	250	0.3	55.663947039353936
Participant_578	100	0.2	19.328088369003282	200	0.2	52.57245000948691
Participant_579	300	0.1	15.12530991418027	350	0.1	18.348365049780323
Participant_580	250	0.0	15.034127843011047	400	0.0	97.04006904366875
Participant_581	200	0.9	9.051243008559654	200	0.9	9.051243008559654
Participant_582	100	0.5	18.134221791960083	100	0.4	31.1686942299481
Participant_583	300	0.0	32.340183982160646	150	0.1	33.93578494745628
Participant_584	350	0.7	23.571699132646334	350	0.7	23.571699132646334
Participant_585	150	0.5	13.637265121717038	250	0.4	24.786589115890877
Participant_586	100	0.5	21.097393203900808	100	0.5	21.097393203900808
Participant_587	250	0.2	20.89706917249402	300	0.2	21.881213403282736
Participant_588	100	0.7	14.555067845942869	100	0.7	14.555067845942869
Participant_589	250	0.1	24.26236798006328	300	0.2	43.58941958778529
Participant_590	350	0.5	23.395512390199965	350	0.5	23.395512390199965
Participant_591	100	0.1	20.58367071248469	300	0.3	65.9259053786901
Participant_592	400	0.2	13.490737563232042	400	0.1	29.52710619075293
Participant_593	200	0.7	21.120191760493086	200	0.8	32.47826196088701
Participant_594	150	0.0	14.349651563714012	100	0.0	73.18401464800903
Participant_595	200	0.3	16.269219403523945	300	0.2	47.408200767377785
Participant_596	100	0.6	18.010413654327877	250	0.5	47.39290558722898
Participant_597	100	0.5	23.13222859994255	100	0.4	29.13739006843269
Participant_598	350	0.1	23.725777121097636	200	0.0	34.871908465124186
Participant_599	150	1.0	0.0	150	1.0	0.0
Participant_600	200	0.5	24.15108693206167	150	0.6	25.61835279638408
Participant_601	250	0.3	19.260711305660546	400	0.3	27.28094573140748
Participant_602	350	0.0	14.46936418782802	350	0.0	14.46936418782802
Participant_603	400	0.0	36.80047554040573	400	0.1	38.11954879061398
Participant_604	100	0.8	20.008435720965295	100	0.8	20.008435720965295
Participant_605	400	0.6	24.3608292141298	250	0.6	47.425994981655364
Participant_606	100	0.8	18.982557783396842	100	0.7	42.4040092444099
Participant_607	250	0.9	11.765946625750093	250	0.9	11.765946625750093
Participant_608	350	0.9	10.590089706891062	350	0.9	10.590089706891062
Participant_609	300	0.0	15.112494830437495	400	0.0	73.86152584397374
Participant_610	350	0.9	8.712060605849802	350	0.8	25.20862947484452
Participant_611	100	0.5	14.057026712644463	150	0.3	58.47178806911928
Participant_612	350	0.7	11.805718953117594	350	0.8	20.41384334220286
Participant_613	250	0.5	22.329072976727	300	0.7	40.73281846374002
Participant_614	250	0.0	25.661741951784958	150	0.0	29.405144107791752
Participant_615	100	0.2	17.566302969037054	300	0.2	50.15014955112297
Participant_616	200	0.0	13.45548215412588	350	0.1	21.51540146034928
Participant_617	350	0.5	20.67244542863761	150	0.5	40.984448270045064
Participant_618	400	0.4	19.143536768319485	400	0.4	19.143536768319485
Participant_619	400	0.2	14.941552797483935	150	0.2	43.668066135335096
Participant_620	350	1.0	0.0	350	1.0	0.0
Participant_621	250	0.2	17.405099827349453	350	0.1	30.31769285417345
Participant_622	100	0.7	27.488179277645873	100	0.7	27.488179277645873
Participant_623	250	0.7	16.014446602989437	250	0.7	16.014446602989437
Participant_624	400	0.2	29.866369046136157	200	0.4	44.64610845303317
Participant_625	150	1.0	11.180339887498949	150	0.9	11.830046491878212
Participant_626	300	1.0	0.0	300	1.0	0.0
Participant_627	350	1.0	0.0	350	1.0	0.0
Participant_628	350	1.0	0.0	350	1.0	0.0
Participant_629	200	0.0	18.902380802428038	400	0.0	69.57388159359803
Participant_630	300	0.1	14.449048411573685	350	0.0	20.811355073613058
Participant_631	150	0.5	21.816851285187788	150	0.5	21.816851285187788
Participant_632	300	1.0	0.0	300	1.0	0.0
Participant_633	200	1.0	0.0	200	1.0	0.0
Participant_634	400	1.0	11.180339887498949	400	0.9	20.853956459147028
Participant_635	400	0.6	20.6990337938755	200	0.4	55.75190579702186
Participant_636	100	0.0	97.29285688065697	100	0.0	97.29285688065697
Participant_637	100	1.0	0.0	100	1.0	0.0
Participant_638	350	0.6	17.372391890583174	350	0.6	17.372391890583174
Participant_639	250	0.6	27.824898921649293	200	0.6	45.129674273143166
Participant_640	200	0.1	18.196153439669605	150	0.1	19.599426012003516
Participant_641	300	1.0	0.0	300	1.0	0.0
Participant_642	100	0.4	17.146063688205523	350	0.4	28.118943792397324
Participant_643	350	0.6	25.035974117257748	350	0.5	35.77499126484869
Participant_644	300	0.5	22.7752607010326	300	0.4	27.45405252417209
Participant_645	150	0.1	16.70740853633501	350	0.1	17.114686675484304
Participant_646	150	1.0	0.0	150	1.0	0.0
Participant_647	400	0.5	18.848076824970764	300	0.3	66.64251645908939
Participant_648	350	0.9	10.35132841716463	350	0.9	10.35132841716463
Participant_649	200	0.8	14.826918088395848	200	0.8	14.826918088395848
Participant_650	200	0.8	13.080042048862076	200	0.8	13.080042048862076
Participant_651	200	0.9	9.456479260274406	200	0.8	18.80392246314582
Participant_652	150	0.7	19.38459439864554	200	0.7	23.260750202863193
Participant_653	350	0.0	8.908563296065196	350	0.0	8.908563296065196
Participant_654	300	0.2	6.522077889752621	250	0.2	9.107002800043492
Participant_655	400	0.8	81.03085831953157	100	0.0	115.76765524100416
Participant_656	100	0.6	29.548688634184767	100	0.6	29.548688634184767
Participant_657	300	0.8	19.119035017489768	300	0.7	32.21664942230957
Participant_658	200	0.3	16.23075783812943	250	0.4	31.37475099502783
Participant_659	200	0.0	15.241391012633985	350	0.2	58.20513293516303
Participant_660	100	0.9	8.153220222709551	100	0.9	8.153220222709551
Participant_661	150	0.6	24.342349927646673	150	0.7	24.43383923987387
Participant_662	250	1.0	0.0	250	1.0	0.0
Participant_663	300	0.0	15.236059201775241	150	0.1	19.53554452785998
Participant_664	300	0.0	14.305156412986193	200	0.1	23.153833375922872
Participant_665	250	0.1	21.706277893733876	300	0.0	23.390970480080558
Participant_666	400	0.3	17.656443583009576	150	0.4	21.05706532259422
Participant_667	100	0.1	23.742103950576915	150	0.2	50.57815734089173
Participant_668	250	0.0	34.8177397313496	150	0.0	37.41206356243932
Participant_669	100	0.4	11.575296972432284	200	0.2	65.66096633464969
Participant_670	300	1.0	0.0	300	1.0	0.0
Participant_671	250	0.8	21.417574559225887	250	0.7	21.539788764052446
Participant_672	200	0.0	21.384573879317774	200	0.1	30.55486867914834
Participant_673	300	0.5	17.711931007092364	150	0.5	21.586454085838184
Participant_674	350	0.2	23.6185837848081	200	0.1	43.08247903730703
Participant_675	250	1.0	7.905694150420948	250	0.9	13.358050007392546
Participant_676	200	0.0	14.951588544365444	350	0.0	15.308902638660944
Participant_677	400	0.7	22.933054746369923	400	0.6	24.692104001076945
Participant_678	200	0.5	14.169509518681302	150	0.4	56.697883558383374
Participant_679	350	0.2	18.71730482735161	100	0.3	25.384788752321736
Participant_680	100	0.2	24.4402332231098	150	0.2	60.32743985948683
Participant_681	100	0.2	14.180091678123945	400	0.3	38.6231795687512
Participant_682	150	0.6	23.586012804202408	150	0.5	30.89862456485725
Participant_683	300	0.0	18.964110841270678	150	0.0	20.698127934670808
Participant_684	350	0.2	26.955287050966458	250	0.3	41.288315538418374
Participant_685	350	0.6	30.9119717908774	200	0.6	49.741205252788156
Participant_686	200	1.0	0.0	200	1.0	0.0
Participant_687	400	0.1	18.824186569411175	200	0.2	28.637606394389877
Participant_688	400	0.7	26.75677484301873	400	0.6	31.75610177587923
Participant_689	250	0.2	15.904008928568922	300	0.1	37.9641278050741
Participant_690	150	1.0	0.0	150	1.0	0.0
Participant_691	300	1.0	0.0	300	1.0	0.0
Participant_692	300	0.3	15.164926640112704	200	0.3	23.57832691265434
Participant_693	100	0.1	21.50436002302789	100	0.1	21.50436002302789
Participant_694	150	0.4	16.76007159889241	250	0.3	36.362411911203026
Participant_695	100	0.6	23.887758371182507	100	0.5	46.39612052747514
Participant_696	300	0.3	22.610285270203914	100	0.4	35.02124355302079
Participant_697	350	0.0	12.6238860894734	200	0.1	25.784685377176896
Participant_698	200	0.0	14.570518178843194	300	0.0	17.38210286472842
Participant_700	250	0.2	26.228562675068567	150	0.1	30.543207100761375
Participant_701	100	0.4	27.184324527197653	400	0.4	33.150791845746305
Participant_702	250	0.0	23.81753555681192	300	0.0	29.212796853433943
Participant_703	150	1.0	0.0	150	1.0	0.0
Participant_704	400	0.5	17.073371078963874	400	0.5	17.073371078963874
Participant_705	100	0.5	25.934532962827767	350	0.5	51.65849397727347
Participant_706	400	0.4	15.77894166286193	350	0.4	17.231511831525406
Participant_707	400	0.0	35.7844239858629	400	0.2	37.79219496139381
Participant_708	400	1.0	23.04886114323222	400	0.9	31.08275245212367
Participant_709	150	0.1	21.9747013631585	200	0.1	26.001923005808628
Participant_710	200	1.0	0.0	200	1.0	0.0
Participant_711	250	0.9	11.22218784373172	250	0.9	11.22218784373172
Participant_712	350	0.2	28.55411529009435	200	0.3	38.5316428406576
Participant_713	150	1.0	0.0	150	1.0	0.0
Participant_714	150	0.8	22.517770760001977	150	0.8	22.517770760001977
Participant_715	250	0.9	13.953046262375826	250	0.9	13.953046262375826
Participant_716	250	0.0	16.5763385583186	200	0.0	21.961329650091773
Participant_717	100	0.0	31.65675283411108	200	0.1	35.72254190283776
Participant_718	400	0.7	33.68493728656772	350	0.6	64.65717284261662
Participant_719	150	0.3	20.34576122930769	250	0.2	40.28569845491077
Participant_720	250	0.8	18.02671628444848	250	0.8	18.02671628444848
Participant_721	200	0.8	14.485768878454468	200	0.8	14.485768878454468
Participant_722	400	1.0	5.5901699437494745	400	0.9	21.503197436660436
Participant_723	100	0.1	27.201792220366656	100	0.1	27.201792220366656
Participant_724	150	1.0	0.0	150	1.0	0.0
Participant_725	250	1.0	0.0	250	1.0	0.0
Participant_726	300	0.9	9.80433577556379	300	0.9	9.80433577556379
Participant_727	100	0.9	12.999038425975977	100	0.8	33.17133551728058
Participant_728	100	0.0	25.26657871576601	300	0.2	57.72813438870167
Participant_729	250	0.7	13.655127242175373	150	0.7	50.29425911572811
Participant_730	400	0.8	17.98610574860495	400	0.9	33.706638811961064
Participant_731	250	0.9	11.053845484717073	250	0.7	29.265380571590043
Participant_732	250	0.1	19.29799212353451	300	0.2	42.67654508040687
Participant_733	150	0.5	18.46550838726083	200	0.5	28.77976719850249
Participant_734	250	0.3	17.63448326433185	100	0.5	52.38177163861489
Participant_735	400	0.0	19.539063437125126	100	0.3	68.22307161070952
Participant_736	100	0.1	66.7640434665247	100	0.0	70.22926740326999
Participant_737	350	0.8	18.920227271362254	350	0.8	18.920227271362254
Participant_738	250	0.2	15.42522285090235	350	0.1	29.26879737877865
Participant_739	200	0.6	13.979896280015815	200	0.7	26.288067635336
Participant_740	150	0.1	18.75199989334471	300	0.1	20.97677286905686
Participant_741	100	0.8	14.969552431519121	100	0.7	34.72175110791505
Participant_742	100	1.0	0.0	100	1.0	0.0
Participant_743	300	0.1	21.09561565823572	400	0.1	75.46091703656934
Participant_744	350	0.1	18.004513323053196	200	0.2	24.649797159408838
Participant_745	300	0.8	12.320206978780835	300	0.8	12.320206978780835
Participant_746	100	0.8	15.623299907509937	100	0.7	27.533615817759934
Participant_747	150	1.0	0.0	150	1.0	0.0
Participant_748	150	0.6	20.677282219866324	150	0.6	20.677282219866324
Participant_749	100	0.0	31.91238004286111	350	0.2	66.46681502825301
Participant_750	150	0.4	24.589631961458878	350	0.3	30.14962686336267
Participant_751	400	0.4	19.306087122977562	250	0.3	35.17420930170286
Participant_752	150	0.1	20.35036854703128	200	0.1	22.076005073382277
Participant_753	350	0.8	14.593663008306036	350	0.7	22.980970388562795
Participant_754	250	0.3	21.557481300003488	350	0.3	24.92990172463582
Participant_755	150	0.9	13.872634933566154	150	0.8	18.222239159883728
Participant_756	100	0.2	28.741520488658914	350	0.3	59.57348403442592
Participant_757	150	0.5	22.044840666242067	150	0.4	26.474516048456863
Participant_758	250	0.2	14.333091083224163	350	0.2	23.59210673085386
Participant_759	400	0.5	14.882876066137216	400	0.5	14.882876066137216
Participant_760	150	0.9	16.00624877977348	150	0.7	35.29536088496617
Participant_761	150	0.0	13.54298711510869	200	0.0	14.354441821262157
Participant_762	350	0.6	14.467204291085407	400	0.4	51.431750893781555
Participant_763	400	0.5	27.910571473905726	100	0.1	59.84302382065933
Participant_764	400	0.2	12.429802894656053	250	0.2	36.867160183556315
Participant_765	300	0.4	13.321974328154218	100	0.4	19.403285804213677
Participant_766	200	0.2	11.783993380853538	400	0.1	30.892555737588303
Participant_767	150	0.6	25.100796800101783	100	0.5	35.620920819091694
Participant_768	150	0.1	15.260652017525333	150	0.2	23.14411372249972
Participant_769	300	1.0	0.0	300	1.0	0.0
Participant_770	100	0.0	20.607037632808844	100	0.1	32.4990384473141
Participant_771	400	0.6	32.687153439845446	400	0.4	69.09395776766591
Participant_772	300	0.3	20.796033275603307	200	0.4	45.34065504599597
Participant_773	300	0.2	16.58425458077631	100	0.2	54.74783100726457
Participant_774	150	0.7	18.118015895787263	150	0.7	18.118015895787263
Participant_775	350	0.8	9.312625838075961	350	0.9	32.64812398898289
Participant_776	250	0.4	26.46932186513285	400	0.3	43.26372614558298
Participant_777	400	0.6	23.868389137099303	350	0.6	30.525399260288143
Participant_778	350	0.8	25.602245995224717	300	0.8	33.6977373127633
Participant_779	400	0.8	26.143832924802744	400	0.7	33.851513998638225
Participant_780	100	0.3	22.954030147231226	250	0.4	36.85274752308164
Participant_781	250	0.2	16.894895678872953	250	0.3	42.008630065737684
Participant_782	150	0.6	24.97598846892751	150	0.6	24.97598846892751
Participant_783	300	0.1	11.833215961859228	150	0.1	11.953555956283468
Participant_784	250	1.0	0.0	250	1.0	0.0
Participant_785	150	0.3	19.94241710525582	250	0.2	28.292004170790022
Participant_786	250	0.1	18.36879146813965	150	0.1	19.66309995906037
Participant_787	350	0.8	11.74627600561131	350	0.7	19.477551180782456
Participant_788	300	0.8	13.848736404452213	300	0.9	13.959763608313716
Participant_789	150	0.9	5.472659317004851	150	0.9	5.472659317004851
Participant_790	300	0.1	20.341460124582994	300	0.2	45.08367221067955
Participant_791	400	0.0	31.945656981818356	150	0.3	74.77599882315181
Participant_792	350	0.5	18.737662607700035	250	0.5	34.20288730502149
Participant_793	250	0.1	22.35872312991062	100	0.1	55.30540208695711
Participant_794	250	1.0	0.0	250	1.0	0.0
Participant_795	350	0.2	18.380356362160118	400	0.2	30.671648146130003
Participant_796	400	0.6	22.01590334281108	400	0.5	32.05854020382088
Participant_797	300	0.8	15.509271420669638	300	0.7	20.196843812833727
Participant_798	250	0.7	21.65554201584435	250	0.8	31.083958885573118
Participant_799	300	0.7	22.397823554979624	300	0.7	22.397823554979624
Participant_800	350	0.2	21.13261696998268	100	0.2	37.43093640292746
Participant_801	350	0.1	27.46201922656089	300	0.1	28.350925910805806
Participant_802	100	1.0	0.0	100	1.0	0.0
Participant_803	200	0.0	21.61712284278368	250	0.0	23.791279915128566
Participant_804	350	0.1	19.017426219128602	150	0.1	19.374919354670872
Participant_805	150	1.0	0.0	150	1.0	0.0
Participant_806	350	0.5	17.352233285660954	300	0.5	28.371861059859995
Participant_807	100	0.8	16.327507464398845	100	0.8	16.327507464398845
Participant_808	400	0.7	18.66614582606704	400	0.9	54.49667421045068
Participant_809	250	0.3	27.58577531989993	200	0.3	30.326349928733592
Participant_810	150	0.1	25.429068012807704	250	0.2	34.266419421935524
Participant_811	350	0.5	12.03536455617361	350	0.5	12.03536455617361
Participant_812	150	1.0	0.0	150	1.0	0.0
Participant_813	250	0.1	19.330351781589492	250	0.1	19.330351781589492
Participant_814	350	0.6	24.326939799325356	400	0.5	54.30469592954186
Participant_815	350	0.9	5.779273310719955	350	0.8	30.00791562238204
Participant_816	350	0.9	15.154207336578182	350	0.8	35.52076857276599
Participant_817	100	0.2	19.16572461452997	350	0.3	47.6602559791699
Participant_818	350	0.5	19.198958305074783	350	0.5	19.198958305074783
Participant_819	300	1.0	0.0	300	1.0	0.0
Participant_820	150	0.8	11.970797801316335	150	0.8	11.970797801316335
Participant_821	250	0.2	17.512495538900218	150	0.1	24.45173817952417
Participant_822	400	1.0	0.0	400	1.0	0.0
Participant_823	200	0.5	19.988121472514617	150	0.6	26.2449995237188
Participant_824	100	1.0	0.0	100	1.0	0.0
Participant_825	400	0.5	42.82522621072771	350	0.4	64.58076338972775
Participant_826	250	0.5	23.607996526600896	350	0.6	29.207019704173856
Participant_827	100	0.5	38.178527996768025	350	0.2	68.31242566327154
Participant_828	250	0.9	6.590713163232034	250	0.9	6.590713163232034
Participant_829	150	0.6	21.651789764358973	150	0.6	21.651789764358973
Participant_830	400	0.6	15.44182631685773	300	0.5	56.368985266722696
Participant_831	250	0.5	34.019663431609665	300	0.7	57.74220726643553
Participant_832	200	1.0	0.0	200	1.0	0.0
Participant_833	400	1.0	0.0	400	1.0	0.0
Participant_834	350	0.2	23.405928736112994	250	0.3	33.79681937697688
Participant_835	400	0.5	17.327723451163457	250	0.3	66.88404144487683
Participant_836	150	0.1	22.702147475514295	350	0.2	47.96183378479184
Participant_837	100	0.9	10.55817219029885	100	0.9	10.55817219029885
Participant_838	350	0.6	19.982492337043446	350	0.7	47.16328020822979
Participant_839	150	0.1	16.329038550998646	150	0.1	16.329038550998646
Participant_840	350	1.0	0.0	350	0.9	13.996428115772966
Participant_841	250	0.8	13.132497858366474	250	0.8	13.132497858366474
Participant_842	100	0.0	23.97185850116757	100	0.0	23.97185850116757
Participant_843	400	0.5	29.795133830879163	150	0.5	44.53622121374915
Participant_844	200	0.1	23.099783548769455	350	0.1	23.540656320502197
Participant_845	350	0.1	23.434216436655184	300	0.0	34.81576510720395
Participant_846	100	0.8	15.97928346328458	100	0.8	15.97928346328458
Participant_847	100	0.5	30.74247875497355	100	0.6	33.137969159258994
Participant_848	200	0.4	15.395616259182352	100	0.5	28.086473612755306
Participant_849	150	0.0	17.948885759288792	350	0.0	18.989799893627104
Participant_850	250	0.6	31.925303444133466	250	0.7	32.675870302105196
Participant_851	350	0.1	24.091751700530207	300	0.1	26.669739406300916
Participant_852	400	0.5	22.282279955157193	400	0.7	52.19841951630337
Participant_853	150	0.8	16.531787562148264	150	0.7	27.581923428216534
Participant_854	300	1.0	0.0	300	1.0	0.0
Participant_855	350	1.0	0.0	350	1.0	0.0
Participant_856	300	1.0	0.0	300	1.0	0.0
Participant_857	100	1.0	0.0	100	1.0	0.0
Participant_858	100	0.2	30.636171431822223	100	0.3	40.76625442691541
Participant_859	100	0.5	26.269754471635245	250	0.4	40.365517462309334
Participant_860	400	0.3	18.006943105369107	250	0.4	34.973204028227094
Participant_861	200	0.7	9.003471552684553	200	0.7	9.003471552684553
Participant_862	400	0.4	13.142488348863012	400	0.5	28.53068523537421
Participant_863	100	1.0	0.0	100	1.0	0.0
Participant_864	200	0.6	16.67145764472921	200	0.7	24.64371116532573
Participant_865	100	0.6	59.38749868448746	400	0.1	63.161301443209666
Participant_866	250	0.0	14.612494653549065	150	0.1	36.45733808165374
Participant_867	350	1.0	7.905694150420948	350	0.9	16.647822680458848
Participant_868	300	0.9	20.94337604112575	300	0.7	41.00807847241809
Participant_869	100	0.1	28.93851240129665	100	0.1	28.93851240129665
Participant_870	100	0.0	17.84376641855637	100	0.1	28.23893588646711
Participant_871	350	0.2	19.756960798665364	300	0.4	51.76847496305063
Participant_872	250	0.3	21.959622036820214	250	0.2	35.783201366004135
Participant_873	200	1.0	0.0	200	1.0	0.0
Participant_874	400	0.2	26.962937525425527	350	0.4	48.702412671242485
Participant_875	250	0.0	23.68596630918823	100	0.0	73.6012907495514
Participant_876	400	0.4	17.92972392425494	350	0.4	23.59925846292633
Participant_877	300	0.1	16.84562257680018	300	0.1	16.84562257680018
Participant_878	350	0.7	35.994791289851925	350	0.4	70.16534044669064
Participant_879	100	0.4	25.524253172228175	200	0.3	29.596241315410307
Participant_880	400	1.0	0.0	400	1.0	0.0
Participant_881	400	0.2	30.712375355872428	400	0.2	30.712375355872428
Participant_882	100	0.2	22.496110774976195	400	0.4	46.57225568941234
Participant_883	400	0.6	28.608565151017274	350	0.6	39.249840764008205
Participant_884	350	0.7	20.109077552190204	250	0.5	61.81494560379391
Participant_885	250	1.0	0.0	250	1.0	0.0
Participant_886	150	0.2	27.805574980568196	150	0.2	27.805574980568196
Participant_887	100	0.3	18.388515437631174	100	0.4	32.961909835444914
Participant_888	350	0.9	7.883527129400901	350	0.7	39.866966275351324
Participant_889	300	0.1	12.650098813843313	350	0.1	14.88833435949099
Participant_890	100	0.0	50.345307626431286	100	0.0	50.345307626431286
Participant_891	250	0.0	12.590671149704452	150	0.1	30.889116206197937
Participant_892	250	0.0	10.595989807469616	350	0.0	13.623967850813507
Participant_893	400	0.9	4.988737315193094	400	0.9	4.988737315193094
Participant_894	100	0.0	29.74306641891518	100	0.0	29.74306641891518
Participant_895	150	0.3	21.15892246783848	150	0.2	43.81095753347557
Participant_896	150	0.6	26.053790511171304	150	0.6	26.053790511171304
Participant_897	400	0.2	20.081085628023203	250	0.3	25.73373272574346
Participant_898	400	0.9	12.395059499655497	400	0.9	12.395059499655497
Participant_899	400	0.2	29.359836511806396	200	0.5	66.70475995009652
Participant_900	350	0.6	19.37911246677721	350	0.7	46.42870879100559
Participant_901	400	0.7	19.549296662540062	400	0.7	19.549296662540062
Participant_902	350	0.9	10.648943609579309	350	0.9	10.648943609579309
Participant_903	250	0.2	17.440971876589906	250	0.3	47.968479233763496
Participant_904	150	0.8	8.919080670113933	150	0.9	22.303587155433092
Participant_905	250	0.0	10.829358245066972	300	0.0	14.305156412986193
Participant_906	250	0.5	24.542565065616103	200	0.6	32.46825372575495
Participant_907	100	0.4	27.932731695987055	200	0.5	61.52865186236409
Participant_908	250	0.9	12.234684303242156	250	0.9	12.234684303242156
Participant_909	400	0.4	22.999456515317924	100	0.4	33.188665233781244
Participant_910	250	0.3	16.612495297215286	350	0.1	52.0135799575457
Participant_911	400	0.5	28.464890654980568	100	0.4	69.27472482803523
Participant_912	400	0.7	25.48872299665089	400	0.6	26.404545063303022
Participant_913	250	0.4	22.92651303622075	400	0.5	32.46536616149585
Participant_914	300	0.1	16.77125517067819	250	0.0	28.95729614449526
Participant_915	350	0.7	24.456594202791198	350	0.6	40.97926304852248
Participant_916	150	0.6	24.699190270128287	200	0.6	30.235533731025818
Participant_917	150	0.6	16.88342382338369	200	0.6	18.58594899379636
Participant_918	100	0.3	21.636485389267822	400	0.4	33.22611924375159
Participant_919	100	0.8	15.340713803470814	100	0.8	15.340713803470814
Participant_920	200	0.4	17.805195870868705	150	0.5	22.879576045023214
Participant_922	300	0.6	22.05136050224566	350	0.6	30.196026228628163
Participant_923	400	0.5	18.81488772222678	100	0.4	45.251933660342075
Participant_924	300	0.6	26.31563223637236	250	0.5	39.919763275851224
Participant_925	350	0.0	9.116605728010837	200	0.0	10.418733128360664
Participant_926	400	0.1	25.944170828916466	400	0.1	25.944170828916466
Participant_927	200	0.8	14.180532430060586	200	0.7	19.869889280013616
Participant_928	100	0.0	18.121810064118872	100	0.0	18.121810064118872
Participant_929	200	0.6	16.444984037693683	250	0.7	25.054191266133497
Participant_930	250	0.8	12.245917687131495	250	0.7	24.00963348325001
Participant_931	250	0.8	18.471938176596414	250	0.8	18.471938176596414
Participant_932	150	0.4	15.9968746947646	200	0.4	19.545459830866093
Participant_933	150	0.8	16.56955038617524	200	0.8	35.06903905156228
Participant_934	350	0.8	24.504591406509924	350	0.7	29.272427299422915
Participant_935	100	0.3	18.924521130004848	400	0.4	20.13020119124496
Participant_936	100	0.2	28.413465117792303	150	0.4	58.18848683373714
Participant_937	350	0.7	22.67983686008345	350	0.7	22.67983686008345
Participant_938	400	1.0	0.0	400	1.0	0.0
Participant_939	300	0.2	23.26558617357405	400	0.4	57.032666078309894
Participant_940	100	0.5	20.22003956474863	300	0.3	46.55614889571516
Participant_941	200	0.6	21.861781720619206	300	0.6	23.874934554884124
Participant_942	100	1.0	0.0	100	1.0	0.0
Participant_943	200	1.0	5.5901699437494745	200	0.9	11.431316634578888
Participant_944	350	0.6	21.77842969545784	200	0.6	49.904283383292864
Participant_945	150	0.2	23.11709324287982	200	0.3	47.02060718451007
Participant_946	250	0.7	16.05342642553296	250	0.6	19.3771772970162
Participant_947	350	1.0	0.0	350	1.0	0.0
Participant_948	150	0.0	11.109117876771315	150	0.0	11.109117876771315
Participant_949	400	0.7	82.32359928963263	100	0.0	89.04156332859391
Participant_950	100	0.6	48.99617331996449	400	0.2	71.17408236148886
Participant_951	250	0.0	20.549330889350145	300	0.0	25.65906272645203
Participant_952	350	0.2	12.955211306651853	300	0.2	15.930709337628379
Participant_953	400	0.8	81.17727514520304	100	0.0	105.14109567623879
Participant_954	100	0.4	14.67097474607601	150	0.5	30.51188293108113
Participant_955	250	0.7	22.225267152500102	250	0.6	35.467943272763925
Participant_956	150	0.2	21.66564100136435	300	0.3	36.3658493644793
Participant_957	200	0.3	23.418742493993992	350	0.4	38.16968692562201
Participant_958	100	0.5	23.771832070751298	350	0.5	43.256213426512495
Participant_959	400	1.0	0.0	400	1.0	0.0
Participant_960	300	0.4	22.5826260651856	150	0.4	29.255768661923753
Participant_961	250	0.9	11.60549438843516	250	0.7	29.115502743383978
Participant_962	350	0.5	23.207757323791544	400	0.5	33.2264954516723
Participant_963	100	0.4	16.55256777663212	150	0.3	45.581794611445474
Participant_964	150	0.1	22.48082516279151	350	0.1	24.554276613250085
Participant_965	400	0.0	14.723280884368132	400	0.2	35.224281397922084
Participant_966	250	0.2	17.260866142809867	150	0.2	19.31709087828703
Participant_967	200	0.2	16.435099634623455	150	0.1	36.86648206704838
Participant_968	150	0.2	19.349418595916518	250	0.2	21.63186307279149
Participant_969	100	0.2	17.27932290340105	350	0.3	36.19737559547653
Participant_970	350	1.0	0.0	350	1.0	0.0
Participant_971	350	0.0	20.139823733091607	400	0.0	62.21354354157943
Participant_972	400	0.9	9.007635649825097	400	0.8	22.66053838724932
Participant_973	200	0.9	9.051243008559654	200	0.9	9.051243008559654
Participant_974	400	0.6	26.663645662212062	400	0.6	26.663645662212062
Participant_975	150	0.5	20.608857319123736	200	0.5	27.240135829323613
Participant_976	150	1.0	0.0	150	0.9	13.736811857195978
Participant_977	300	0.5	25.17364693484041	100	0.4	43.34728941929357
Participant_978	350	0.4	17.696751114258234	300	0.5	36.17613163399315
Participant_979	200	0.9	12.017695286534769	200	0.9	12.017695286534769
Participant_980	250	0.0	12.93348367610212	350	0.1	28.51162043798984
Participant_981	150	0.4	15.318289721767245	150	0.4	15.318289721767245
Participant_982	400	0.7	11.871183597266112	400	0.7	11.871183597266112
Participant_983	100	0.6	21.636196523418807	100	0.6	21.636196523418807
Participant_984	150	1.0	0.0	150	1.0	0.0
Participant_985	350	0.1	30.19374935313599	150	0.1	33.0399379539369
Participant_986	400	0.1	17.193021840269964	200	0.2	33.728511677807546
Participant_987	250	0.0	40.13757591085939	150	0.0	43.84247369845821
Participant_988	250	0.6	20.566356021424895	300	0.6	22.776358356857667
Participant_989	250	0.9	9.270248108869579	250	0.9	9.270248108869579
Participant_990	300	0.6	23.796270716227784	300	0.4	73.6968452513403
Participant_991	250	0.9	17.879807045938723	250	0.8	18.199244489813307
Participant_992	250	0.5	16.914121319181792	150	0.6	32.76888768328885
Participant_993	300	0.7	20.41231246086538	300	0.6	28.679478726085662
Participant_994	100	0.1	28.371420479066607	300	0.3	62.23925610095288
Participant_995	200	0.6	26.20472285676763	200	0.6	26.20472285676763
Participant_996	400	1.0	0.0	400	1.0	0.0
Participant_997	400	0.1	30.68957477711283	100	0.3	58.45414869793247
Participant_998	200	0.5	18.152823471845917	150	0.6	33.373642294481435
Participant_999	150	0.8	7.385797181076664	150	0.8	7.385797181076664
Participant_1001	300	0.7	25.67416016153206	300	0.7	25.67416016153206
Participant_1002	100	0.6	22.92651303622075	150	0.7	54.61925026947917
Participant_1003	150	0.7	25.362620132785967	250	0.6	51.99014329659036
Participant_1004	150	0.1	18.718640442083395	200	0.1	20.91291467012669
Participant_1005	100	0.9	12.707281377226208	100	0.9	12.707281377226208
Participant_1006	150	0.3	21.884926319272815	350	0.2	36.71290644991213
Participant_1007	400	0.1	30.300165016052304	150	0.2	37.90646382874562
Participant_1008	300	0.9	7.1501748230375455	300	0.8	18.755999040307078
Participant_1009	250	0.8	32.28718786144126	250	0.8	32.28718786144126
Participant_1010	350	0.8	10.57000473036791	350	0.6	54.52568202232779
Participant_1011	100	0.2	14.26797112416478	300	0.3	39.82744028932816
Participant_1012	350	0.6	12.817956155331473	350	0.6	12.817956155331473
Participant_1013	150	0.8	13.446189051177289	150	0.8	13.446189051177289
Participant_1014	250	0.2	20.837166314064877	100	0.5	87.67895984784491
Participant_1015	350	0.1	15.745237375155702	100	0.1	64.56537384697776
Participant_1016	300	0.1	19.268497606196494	300	0.0	22.87766377932852
Participant_1017	350	0.6	36.11509379746922	400	0.5	46.357307945997036
Participant_1018	300	0.0	12.485491580230232	100	0.0	63.07455905513728
Participant_1019	100	0.1	29.998958315248213	100	0.0	32.81996343690834
Participant_1020	350	0.9	7.134423592694787	350	0.9	7.134423592694787
Participant_1021	200	0.9	5.65022123460666	200	0.9	5.65022123460666
Participant_1022	100	1.0	0.0	100	1.0	0.0
Participant_1023	300	0.1	17.357275131771114	200	0.1	18.46889276594566
Participant_1024	350	0.2	22.865640161604922	400	0.4	45.293211411866125
Participant_1025	400	0.5	27.253440149823287	150	0.5	46.60713464696151
Participant_1026	100	0.6	55.05111261364297	400	0.1	69.69110416688775
Participant_1027	350	0.9	13.771347065556078	350	0.7	40.22592447663571
Participant_1028	400	0.0	22.705175621430456	400	0.0	22.705175621430456
Participant_1029	150	0.7	33.53375165411708	250	0.6	58.14185239567105
Participant_1030	200	0.0	14.741099009232657	150	0.0	15.195805342264686
Participant_1031	100	0.6	21.923161268393752	100	0.4	49.119624387814696
Participant_1032	350	0.7	22.12182180562894	300	0.6	49.39648266830341
Participant_1033	150	0.8	10.406728592598157	150	0.7	20.050249375007784
Participant_1034	300	0.1	17.321229748490722	100	0.0	65.12219283777229
Participant_1035	400	0.0	50.35399686221542	400	0.2	53.55604541039228
Participant_1036	300	0.7	18.21160344395847	300	0.6	26.05307083627571
Participant_1037	250	0.1	21.299354450311398	150	0.2	38.64129915000271
Participant_1038	400	0.4	33.804215713428405	350	0.5	48.68110516411886
Participant_1039	250	0.0	19.86894561872874	150	0.0	23.47152530194832
Participant_1040	400	0.2	21.083168642308014	150	0.3	37.435945293260595
Participant_1041	150	0.2	18.388855320546735	350	0.1	28.313645120330232
Participant_1042	150	0.9	8.059156283383516	150	0.9	8.059156283383516
Participant_1043	100	0.7	27.849596047339716	250	0.6	88.52527887558446
Participant_1044	400	0.2	40.367065783878814	150	0.2	75.06264050777857
Participant_1045	250	0.0	21.58761218847513	200	0.0	28.170019524309883
Participant_1046	250	0.4	26.634094690828146	150	0.4	36.292561221275086
Participant_1047	250	0.9	7.964766161036995	250	0.9	7.964766161036995
Participant_1048	150	0.2	25.703112651972717	300	0.2	29.241024263866
Participant_1049	300	0.5	22.135096566312964	300	0.5	22.135096566312964
Participant_1050	300	1.0	0.0	300	1.0	0.0
Participant_1051	400	0.5	42.089191011469914	250	0.5	88.85993191534641
Participant_1052	150	0.2	25.87276560400917	300	0.1	33.46677456821915
Participant_1053	250	0.7	17.398635003930625	250	0.7	17.398635003930625
Participant_1054	250	1.0	0.0	250	1.0	0.0
Participant_1055	200	0.9	11.210486162517663	200	0.8	21.414656196166213
Participant_1056	400	0.4	20.13020119124496	250	0.3	37.02667957027743
Participant_1057	150	1.0	5.5901699437494745	150	0.9	14.872793954062566
Participant_1058	250	0.5	24.312291130208195	350	0.7	62.824159365645315
Participant_1059	200	0.0	12.441864811996632	400	0.1	78.3460273402551
Participant_1060	400	1.0	0.0	400	1.0	0.0
Participant_1061	150	0.4	24.96797949374358	200	0.3	32.03025913101547
Participant_1062	300	0.1	16.047585488166124	100	0.2	76.23860570603321
Participant_1063	350	0.8	12.164497523531335	350	0.8	12.164497523531335
Participant_1064	150	0.2	13.440610105199838	300	0.2	15.12572312320968
Participant_1065	400	0.5	30.967725134404045	350	0.3	53.79591062525106
Participant_1066	100	0.2	23.207218704532433	100	0.4	66.14557808349701
Participant_1067	400	0.2	35.892199709686224	250	0.2	64.33651762413008
Participant_1068	100	0.3	24.35441438425486	150	0.4	31.018542841339276
Participant_1069	250	0.1	25.296491851638244	250	0.1	25.296491851638244
Participant_1070	250	0.0	23.07108580019588	200	0.0	28.5227978992244
Participant_1071	300	0.4	21.93684115819778	100	0.4	22.671292420151083
Participant_1072	400	0.8	73.41491674040093	100	0.0	106.3644677512185
Participant_1073	200	0.9	17.977068726574977	200	0.9	17.977068726574977
Participant_1074	250	0.7	25.74320298641954	300	0.6	27.180185797746123
Participant_1076	150	0.8	13.903237033151669	150	0.8	13.903237033151669
Participant_1077	400	0.1	26.610148440021902	250	0.2	28.73042812072246
Participant_1078	100	0.6	17.08434956326989	400	0.2	66.31930337390465
Participant_1079	100	0.9	6.536436337944401	100	0.9	6.536436337944401
Participant_1080	400	1.0	0.0	400	1.0	0.0
Participant_1081	400	1.0	0.0	400	1.0	0.0
Participant_1082	400	0.3	20.38381711063951	100	0.4	24.753535101071925
Participant_1083	350	0.1	33.788496563179606	200	0.2	36.21273947107564
Participant_1084	150	0.7	31.016326345974633	250	0.5	45.123026272624934
Participant_1085	100	0.1	29.089302157322372	300	0.3	72.85241931466655
Participant_1086	400	0.4	17.78974423649761	100	0.5	45.11208263869005
Participant_1087	250	0.0	9.474967018412254	200	0.0	13.77679207943562
Participant_1088	200	0.7	21.90462279976535	200	0.7	21.90462279976535
Participant_1089	100	0.7	19.668502739151243	100	0.6	31.03425526736545
Participant_1090	250	0.0	17.74189956008093	350	0.0	20.41721087710072
Participant_1091	400	0.2	19.862024066041204	150	0.3	40.32926976775057
Participant_1092	400	0.5	23.054283766797006	400	0.6	24.437675830569486
Participant_1093	350	1.0	0.0	350	1.0	0.0
Participant_1094	100	0.7	18.55666995988235	100	0.6	19.700888304845545
Participant_1095	400	0.9	11.341847292218318	400	0.8	29.702693480558292
Participant_1096	400	0.5	27.069355367278327	400	0.3	65.68295060363839
Participant_1097	100	0.9	8.816178310356477	100	0.8	21.51365845224842
Participant_1098	150	0.0	10.708057713703266	150	0.0	10.708057713703266
Participant_1099	350	0.5	19.964969321288727	300	0.4	38.16051624388748
Participant_1100	150	0.1	30.006457638315123	350	0.2	47.516707587963204
Participant_1101	400	0.0	18.655428164478025	250	0.4	81.58201394915426
Participant_1102	100	0.6	40.52005676205304	300	0.6	98.1644665854198
Participant_1103	400	0.9	23.44968016839462	400	0.7	41.84405573077256
Participant_1104	150	0.8	18.56205807554755	150	0.6	51.80540512340387
Participant_1105	100	0.4	21.423993558624872	200	0.3	34.959798340379486
Participant_1106	400	0.4	21.247941076725528	400	0.4	21.247941076725528
Participant_1107	100	0.0	10.471389592599447	100	0.0	10.471389592599447
Participant_1108	250	0.6	30.21547616702408	250	0.7	41.21847280043258
Participant_1109	150	0.9	9.808159868191384	150	0.9	9.808159868191384
Participant_1110	350	0.1	32.35216376071313	300	0.2	36.742856448566975
Participant_1111	300	0.8	24.505866644540447	300	0.8	24.505866644540447
Participant_1112	100	0.6	25.384542540688024	100	0.5	30.904692200376306
Participant_1113	300	0.8	15.62969929333255	300	0.8	15.62969929333255
Participant_1114	100	0.7	18.11353085403285	100	0.7	18.11353085403285
Participant_1115	300	0.0	18.121465172551584	150	0.0	19.22660916542488
Participant_1116	200	0.3	29.32042803234632	150	0.3	40.39121191546498
Participant_1117	100	0.5	23.98124267005361	100	0.5	23.98124267005361
Participant_1118	150	1.0	0.0	150	0.9	13.736811857195978
Participant_1119	350	0.6	16.56200470957547	350	0.5	20.120884672399473
Participant_1120	400	0.0	19.346188255054276	150	0.2	59.01821752645534
Participant_1121	250	0.9	13.451301052314605	250	0.8	15.849684539447464
Participant_1122	400	0.5	20.982135258357285	100	0.3	49.034554142971466
Participant_1123	150	0.4	17.418381095842403	350	0.5	44.91491957022744
Participant_1124	200	0.7	16.079878730886	250	0.6	26.724988306826255
Participant_1125	400	0.2	27.26261176043117	150	0.4	37.26123991495721
Participant_1126	200	0.8	21.848054833325552	150	0.7	30.07511429737217
Participant_1127	100	0.9	5.935065290289568	100	0.9	5.935065290289568
Participant_1128	300	0.2	27.54609772726438	300	0.2	27.54609772726438
Participant_1129	250	0.4	17.624556732014568	200	0.5	33.459303638898405
Participant_1130	150	0.7	11.543937803020249	150	0.7	11.543937803020249
Participant_1131	100	0.0	29.994166099426735	250	0.1	40.403124879147654
Participant_1132	350	0.8	18.41806178727827	350	0.7	21.636196523418807
Participant_1133	300	0.8	9.710175075661612	300	0.9	10.301698889018258
Participant_1134	250	0.8	7.982011024798199	250	0.9	13.635890143294644
Participant_1135	150	0.7	28.319825211325018	250	0.5	48.41061350571794
Participant_1136	250	0.0	12.981717914051284	300	0.0	15.720607494623101
Participant_1137	100	0.9	8.600872048809935	100	0.9	8.600872048809935
Participant_1138	200	1.0	0.0	200	1.0	0.0
Participant_1139	300	0.7	22.088741476145717	300	0.7	22.088741476145717
Participant_1141	400	0.7	14.779208368515548	400	0.7	14.779208368515548
Participant_1143	250	0.8	21.965029023427217	250	0.8	21.965029023427217
Participant_1144	150	0.8	16.794344286098223	150	0.7	18.28968288407429
Participant_1145	350	0.8	16.52195509012175	350	0.7	22.458294681475707
Participant_1146	350	0.2	24.24536038090587	300	0.3	29.003879050913174
Participant_1147	400	0.6	18.430952227163957	350	0.5	35.246985686722205
Participant_1148	100	0.3	22.514162209595984	250	0.4	43.7964039619693
Participant_1149	100	0.0	34.45504317222662	100	0.2	72.03176382680074
Participant_1150	200	0.9	10.638373935898287	200	0.9	10.638373935898287
Participant_1151	250	0.1	21.706277893733876	200	0.2	46.40972419655174
Participant_1152	150	0.8	15.717824276915684	150	0.7	23.574615585413053
Participant_1153	250	0.5	20.48993655431856	300	0.5	24.646754350218206
Participant_1154	400	0.8	5.220153254455275	400	0.8	5.220153254455275
Participant_1155	250	0.8	18.640346026831153	250	0.8	18.640346026831153
Participant_1156	200	0.6	25.941038915201528	200	0.5	31.69424237933445
Participant_1157	400	0.5	14.062361110425233	400	0.6	32.85878877865099
Participant_1158	100	1.0	0.0	100	1.0	0.0
Participant_1159	200	0.9	6.278933030380241	200	0.8	20.8827081577079
Participant_1160	250	0.7	13.424324936472598	250	0.7	13.424324936472598
Participant_1161	200	0.1	15.243031194614803	200	0.1	15.243031194614803
Participant_1162	300	0.1	12.248469292119731	200	0.0	19.9637170887588
Participant_1163	100	0.6	28.251106173033296	100	0.6	28.251106173033296
Participant_1164	400	0.2	38.301436004411116	400	0.2	38.301436004411116
Participant_1165	200	0.8	22.690030850574	200	0.6	36.0962255644548
Participant_1166	400	0.0	12.62041996131666	400	0.1	19.283412561058793
Participant_1167	150	0.0	16.11404666742653	350	0.0	17.694985165294714
Participant_1168	350	0.5	24.517340801971162	300	0.7	59.079713100183554
Participant_1169	100	0.5	29.26345844222791	200	0.4	44.576058596515686
Participant_1170	100	0.5	22.55770378385176	350	0.5	58.958459952749784
Participant_1171	300	0.1	19.685654675422914	350	0.1	20.56483649339328
Participant_1172	350	0.0	15.511689140773806	350	0.0	15.511689140773806
Participant_1173	250	0.0	30.18319068620811	200	0.0	36.63741257239654
Participant_1174	250	0.0	25.976431625610164	100	0.0	69.39668579982764
Participant_1175	150	0.1	23.856602859585855	300	0.2	31.345454215882725
Participant_1176	400	0.1	22.541073621280777	250	0.3	44.66234431822853
Participant_1177	350	0.1	23.540656320502197	250	0.2	44.61431945014964
Participant_1178	150	0.5	21.17722833611613	300	0.6	55.28347402253227
Participant_1179	400	0.0	22.03463183264018	400	0.2	33.421549934136806
Participant_1180	250	0.8	8.213555868197403	250	0.8	8.213555868197403
Participant_1181	150	0.3	18.945975826016458	400	0.2	37.006756139926665
Participant_1182	300	0.8	15.100910568571685	300	0.9	19.426142180062413
Participant_1183	250	0.4	26.303516875125272	150	0.3	41.41497313774331
Participant_1184	200	0.3	27.58509561339239	200	0.4	41.103831938153895
Participant_1185	300	0.7	18.177252267600846	300	0.7	18.177252267600846
Participant_1186	300	0.0	30.30490884328808	250	0.1	30.657992432643073
Participant_1187	300	1.0	0.0	300	1.0	0.0
Participant_1188	150	0.6	16.772000476985447	150	0.5	25.782261343799927
Participant_1189	100	1.0	0.0	100	1.0	0.0
Participant_1190	300	0.8	13.938705104851024	300	0.8	13.938705104851024
Participant_1191	200	1.0	0.0	200	1.0	0.0
Participant_1192	400	0.2	33.04542328371661	400	0.3	43.162483709814474
Participant_1193	250	0.8	18.164869941730934	250	0.8	18.164869941730934
Participant_1194	350	0.8	17.298121285272572	350	0.8	17.298121285272572
Participant_1195	200	0.6	17.83080200103181	250	0.6	32.314470442821744
Participant_1196	100	0.2	25.58954864783668	350	0.2	32.94446083941882
Participant_1197	100	0.4	24.320516030709545	100	0.4	24.320516030709545
Participant_1198	100	0.7	25.653459805648048	100	0.7	25.653459805648048
Participant_1199	150	0.0	10.708057713703266	200	0.1	27.154189363705925
Participant_1200	300	0.5	22.050226756203664	350	0.7	74.10718588639025
Participant_1201	200	0.0	8.203657720797473	150	0.0	9.793492737527302
Participant_1202	400	0.2	24.561148181630273	100	0.4	41.53597838019468
Participant_1204	150	0.1	16.01990948788413	150	0.1	16.01990948788413
Participant_1205	400	0.2	21.230873745562146	250	0.2	49.08347481586853
Participant_1206	150	0.7	24.43383923987387	150	0.7	24.43383923987387
Participant_1207	400	0.8	26.874709300753377	400	0.6	51.36584468301869
Participant_1208	100	0.5	21.6817895940349	250	0.5	50.19798302720937
Participant_1209	250	0.8	11.883286582423231	250	0.7	23.107628610482728
Participant_1210	150	0.6	25.0009999800008	150	0.8	44.08287649416721
Participant_1211	200	1.0	15.811388300841896	200	0.8	27.880772944809117
Participant_1212	400	1.0	0.0	400	1.0	0.0
Participant_1213	250	0.0	20.457883565999683	150	0.1	41.15990160338093
Participant_1214	150	0.5	23.94733805666091	200	0.3	44.46557657334491
Participant_1215	300	0.1	10.063548082063305	150	0.1	12.212186536406984
Participant_1216	100	0.6	24.937421679075005	200	0.6	45.775948925172486
Participant_1217	250	0.7	16.014446602989437	250	0.8	19.96778655735282
Participant_1218	100	0.5	24.52243870417459	150	0.4	41.97797041306309
Participant_1219	400	0.6	25.854400012377006	200	0.5	76.18743334697659
Participant_1220	250	0.0	21.96076046042122	150	0.0	24.64066760459221
Participant_1221	100	0.9	13.37815383376944	100	0.8	15.462454527014785
Participant_1222	150	0.9	7.8230428862431785	150	0.9	7.8230428862431785
Participant_1223	400	0.2	19.512816301087856	100	0.3	35.43497565965017
Participant_1224	250	0.5	15.324408634593375	300	0.6	24.925137913359677
Participant_1225	150	0.7	18.32382329100562	150	0.7	18.32382329100562
Participant_1226	100	0.5	28.919716457807812	200	0.5	59.66175491887579
Participant_1227	150	1.0	0.0	150	1.0	0.0
Participant_1228	150	0.8	31.117519181322923	150	0.7	37.27616530706988
Participant_1229	350	0.6	14.16156770982648	350	0.7	37.35806472503628
Participant_1230	300	1.0	0.0	300	1.0	0.0
Participant_1231	300	0.1	18.67551873442877	150	0.1	21.25176463261345
Participant_1232	200	0.4	25.239354191420983	100	0.4	28.066661718130995
Participant_1233	150	0.7	14.387928968409595	150	0.9	43.416010871566726
Participant_1234	100	0.7	22.34614060637765	100	0.6	34.57781080404021
Participant_1235	250	0.0	22.299663674593837	400	0.0	104.30376311523952
Participant_1236	400	1.0	0.0	400	1.0	0.0
Participant_1237	200	0.4	17.52212886609387	200	0.4	17.52212886609387
Participant_1238	350	0.7	14.469796128487781	400	0.6	47.1932198520084
Participant_1239	350	0.0	11.858014167642068	300	0.0	13.356178345619677
Participant_1240	350	0.1	25.795590708491247	300	0.2	44.80555211131763
Participant_1241	400	0.6	21.02855201862458	400	0.5	40.22126303337577
Participant_1242	300	1.0	0.0	300	1.0	0.0
Participant_1243	350	0.5	15.767054258801801	350	0.5	15.767054258801801
Participant_1244	100	0.7	14.597945060863875	100	0.7	14.597945060863875
Participant_1245	150	0.2	26.256427784449276	400	0.3	60.86255006159371
Participant_1246	100	0.8	14.92774262907825	100	0.8	14.92774262907825
Participant_1247	150	0.2	21.6078689370331	300	0.2	25.025736752391527
Participant_1248	400	0.6	22.07260745811423	400	0.7	23.284651597135827
Participant_1249	400	0.7	25.80552266473206	400	0.7	25.80552266473206
Participant_1250	250	0.4	24.81179155159901	150	0.3	40.37573528742232
Participant_1251	300	0.9	10.11805317242403	300	0.9	10.11805317242403
Participant_1252	100	0.0	19.484609310940776	100	0.2	59.317577496050866
Participant_1253	350	0.8	19.084679719607557	350	0.6	51.11800074337806
Participant_1254	100	1.0	0.0	100	1.0	0.0
Participant_1255	200	0.6	15.706288549495072	300	0.5	55.28302180597584
Participant_1256	150	0.2	28.36194633659686	100	0.3	43.467085248495785
Participant_1257	400	0.4	20.499390234833815	100	0.4	27.367635995825434
Participant_1258	400	0.5	20.591260281974	300	0.4	40.3419756581157
Participant_1259	150	0.2	22.235107375499673	350	0.4	54.07795299380331
Participant_1260	100	0.2	24.28631301782961	150	0.3	38.45711897685525
Participant_1261	150	0.7	12.777421492617357	150	0.7	12.777421492617357
Participant_1262	350	0.1	18.416365005070897	400	0.2	62.495999871991806
Participant_1263	400	0.5	42.79602785306132	100	0.3	55.141975844178816
Participant_1264	100	0.5	24.291973983190417	400	0.4	62.00987824532475
Participant_1265	200	0.5	18.460092090777877	250	0.4	44.36355486207118
Participant_1266	300	0.3	21.124038439654477	100	0.5	64.02226175323706
Participant_1267	300	0.6	17.67802307951882	300	0.6	17.67802307951882
Participant_1268	350	0.1	38.313346238615075	400	0.3	84.19026071939675
Participant_1269	150	1.0	0.0	150	1.0	0.0
Participant_1270	400	0.8	13.865424623862047	400	0.8	13.865424623862047
Participant_1271	400	0.0	20.23054621111353	400	0.1	24.986996618241257
Participant_1272	300	1.0	0.0	300	1.0	0.0
Participant_1273	200	0.9	6.278933030380241	200	0.9	6.278933030380241
Participant_1274	250	0.6	19.79204385605489	250	0.6	19.79204385605489
Participant_1275	400	0.7	16.72348647860248	400	0.5	45.07216435894775
Participant_1276	250	0.3	23.92122488502627	150	0.2	28.11849924871525
Participant_1277	350	0.0	12.574279303403436	150	0.0	13.025455846149876
Participant_1278	350	0.9	11.164676439557038	350	0.9	11.164676439557038
Participant_1279	300	0.1	15.930317008772926	300	0.1	15.930317008772926
Participant_1280	100	0.6	25.96873119734578	350	0.3	89.1010662113535
Participant_1281	250	0.4	22.95375786227606	250	0.4	22.95375786227606
Participant_1282	200	1.0	0.0	200	1.0	0.0
Participant_1283	300	0.0	18.463138953059957	250	0.0	20.02560860498377
Participant_1284	350	1.0	0.0	350	1.0	0.0
Participant_1285	400	0.2	19.480759738778158	350	0.2	19.788569933171015
Participant_1286	150	1.0	0.0	150	1.0	0.0
Participant_1287	100	0.5	27.135769751381662	200	0.4	39.74323841862915
Participant_1288	400	0.5	20.89258241577618	300	0.5	44.67899394570115
Participant_1289	400	0.7	19.259413282859892	400	0.7	19.259413282859892
Participant_1290	150	0.7	21.523533631817987	150	0.6	35.60266843931786
Participant_1291	200	0.9	13.159597258275042	200	0.9	13.159597258275042
Participant_1292	400	0.0	15.906759569440911	100	0.2	80.08479880726429
Participant_1293	150	0.6	26.552777632481313	350	0.3	94.23507839440683
Participant_1294	400	1.0	0.0	400	1.0	0.0
Participant_1295	100	0.6	44.419871679238334	300	0.2	102.87753642073667
Participant_1296	200	0.9	22.347818685500382	200	0.8	30.246280763095484
Participant_1297	400	0.2	23.916521486202797	300	0.2	33.05355502816603
Participant_1298	250	1.0	7.905694150420948	250	0.8	19.96778655735282
Participant_1299	350	0.2	21.221156895890477	150	0.2	22.56989144856483
Participant_1300	400	0.7	14.480158838907812	400	0.7	14.480158838907812
Participant_1301	350	0.6	18.856033517153072	300	0.5	40.37279405738473
Participant_1302	100	0.2	18.535776217898185	200	0.3	32.8205347305616
Participant_1303	250	0.7	23.747894643525772	300	0.8	34.936191835974334
Participant_1304	150	0.7	28.18709811243435	100	0.7	39.96060560101661
Participant_1305	150	0.4	23.814911295236858	100	0.4	28.726947279514402
Participant_1306	200	0.6	22.342504335906483	200	0.7	29.0871535217869
Participant_1307	100	0.8	21.221156895890477	100	0.7	36.6824208579532
Participant_1308	100	0.2	23.73973462362206	150	0.3	35.849686191095174
Participant_1309	300	0.9	13.596874640887147	300	0.8	19.378789951903602
Participant_1310	300	0.7	15.981630079563223	300	0.6	22.528038085905305
Participant_1311	350	0.9	9.792854537876073	350	0.9	9.792854537876073
Participant_1312	400	0.1	14.683323874382122	400	0.1	14.683323874382122
Participant_1313	100	0.6	62.07354508967568	150	0.3	100.16336655684053
Participant_1314	400	0.4	21.365275565739843	250	0.4	27.692508012095978
Participant_1315	300	1.0	0.0	300	1.0	0.0
Participant_1316	100	0.1	26.027629550153044	300	0.4	87.83493040926258
Participant_1317	200	0.2	17.069343865538592	350	0.0	55.175741952419635
Participant_1318	250	0.7	34.68014561676465	250	0.7	34.68014561676465
Participant_1319	400	1.0	0.0	400	1.0	0.0
Participant_1320	250	0.8	25.592235150529543	250	0.8	25.592235150529543
Participant_1321	200	0.0	10.418733128360664	200	0.0	10.418733128360664
Participant_1322	400	0.1	22.205855083738612	400	0.2	28.97412638890084
Participant_1323	200	1.0	0.0	200	1.0	0.0
Participant_1324	150	0.2	23.41260344344473	300	0.1	39.969050526626226
Participant_1325	300	0.6	21.360301964157717	300	0.6	21.360301964157717
Participant_1326	150	0.4	25.48823257897652	200	0.3	37.228181529588575
Participant_1327	350	0.8	17.796769369747985	350	0.9	23.91965718817893
Participant_1328	250	0.6	17.691099457071626	250	0.5	37.74701974990874
Participant_1329	100	0.5	14.708840878872815	250	0.5	48.68097677738194
Participant_1330	100	0.0	18.497297099846776	100	0.1	32.78623949159159
Participant_1331	300	0.9	11.450982490598786	300	0.8	19.666913840254654
Participant_1332	300	0.6	28.306580507012853	350	0.6	29.292490505247244
Participant_1333	300	0.2	24.925639410053257	200	0.1	38.64712149694981
Participant_1334	150	0.8	21.784168563431564	150	0.7	26.258570029611285
Participant_1335	100	0.8	23.191323808700528	150	0.7	32.144400756585895
Participant_1336	100	0.7	25.086849144521917	200	0.5	59.167347413924176
Participant_1337	100	0.6	55.70569988789298	400	0.1	86.78623162691188
Participant_1338	250	0.0	21.731889011312386	250	0.2	76.07028000474298
Participant_1339	250	0.1	21.181654798433478	250	0.0	35.245921749898955
Participant_1340	400	0.7	19.58124102297911	350	0.6	50.41626721604843
Participant_1341	100	0.5	25.958620918685185	350	0.3	62.40192304729078
Participant_1342	100	0.1	26.31420718927325	100	0.0	28.34431159862592
Participant_1343	100	0.2	26.049472163558324	350	0.3	48.194916744403656
Participant_1344	150	0.9	16.122964987867462	150	0.7	30.13739371611288
Participant_1345	300	0.9	10.179636535751166	300	0.8	18.24931505563976
Participant_1346	150	0.1	21.659582175102084	300	0.2	27.79455882002807
Participant_1347	100	0.6	12.96630247988994	150	0.4	62.005241713906734
Participant_1348	150	0.2	26.72826219566098	200	0.3	44.169418153287914
Participant_1349	150	0.2	21.549941995281564	250	0.2	24.144098657850122
Participant_1350	300	0.5	19.556648485873033	400	0.5	33.69347117766289
Participant_1351	200	0.9	13.112017388640087	200	0.8	24.20924410220195
Participant_1352	100	0.2	22.13199042110763	100	0.1	42.29287765097097
Participant_1353	300	0.2	29.283741222733138	200	0.1	31.895924504550734
Participant_1354	200	0.8	13.222613206170708	200	0.9	14.165980375533492
Participant_1355	350	0.7	21.923161268393752	350	0.5	43.701830625272436
Participant_1356	350	0.8	16.29340357322558	350	0.8	16.29340357322558
Participant_1357	200	1.0	0.0	200	1.0	0.0
Participant_1358	200	0.6	19.279198634798075	250	0.5	40.12278031243598
Participant_1359	100	0.6	18.1142209327368	100	0.7	33.97572662946298
Participant_1360	100	0.2	19.680574178615824	150	0.1	59.543156617700404
Participant_1361	300	0.9	12.242344546695294	300	0.9	12.242344546695294
Participant_1362	300	1.0	0.0	300	1.0	0.0
Participant_1363	400	0.5	16.815171720800237	400	0.7	49.380411095899156
Participant_1364	400	0.8	23.632604596192948	400	0.7	35.27995181402605
Participant_1365	200	0.0	15.84455742518547	200	0.0	15.84455742518547
Participant_1366	250	0.9	15.31951369985353	250	0.7	36.45493793713
Participant_1367	150	0.5	22.270496177678666	100	0.2	73.56850548978143
Participant_1368	350	0.7	24.40542972373156	350	0.7	24.40542972373156
Participant_1369	200	1.0	5.5901699437494745	200	0.9	8.406842451241726
Participant_1370	400	0.7	20.147580499901224	400	0.8	27.244265451650556
Participant_1371	100	0.5	30.864218765424795	200	0.5	54.79073826843366
Participant_1372	100	0.6	22.624654693497533	100	0.7	35.64547657136877
Participant_1373	400	0.9	8.208988975507276	400	0.9	8.208988975507276
Participant_1374	200	0.9	13.580316638429313	200	0.7	26.68918320218886
Participant_1375	400	0.2	20.8746257451481	200	0.4	38.22008634213167
Participant_1376	250	0.0	23.367177835588105	200	0.0	28.5227978992244
Participant_1377	150	0.6	21.390418415729975	250	0.5	42.68884514718101
Participant_1378	250	0.3	23.258869276041775	250	0.4	52.01562265319911
Participant_1379	350	0.5	21.64717071582335	400	0.6	34.47390317327007
Participant_1380	200	0.6	16.215347668181526	200	0.5	33.27198521278825
Participant_1381	150	0.9	7.155417527999327	150	0.9	7.155417527999327
Participant_1382	400	0.6	23.12358103754693	400	0.5	38.16411927452276
Participant_1383	200	0.3	26.61648925008706	100	0.4	26.626819186677178
Participant_1384	200	0.8	11.611955046416602	200	0.7	15.035374953754895
Participant_1385	100	1.0	0.0	100	1.0	0.0
Participant_1386	300	0.1	18.908331496988303	150	0.1	21.745976639369406
Participant_1387	350	0.0	20.901255943124568	150	0.0	23.9460330743946
Participant_1388	400	0.5	17.0	400	0.6	21.902054698132776
Participant_1389	300	0.4	20.67546855575467	400	0.4	29.07275356755875
Participant_1390	400	1.0	9.682458365518542	400	0.9	17.389292682567625
Participant_1391	250	0.9	5.994789404140899	250	0.9	5.994789404140899
Participant_1392	400	0.6	23.65797962633327	400	0.6	23.65797962633327
Participant_1393	400	0.0	22.37241605191536	400	0.2	33.007574888198015
Participant_1394	350	0.8	18.920227271362254	350	0.8	18.920227271362254
Participant_1395	100	0.6	20.263884129159443	100	0.7	35.20440313369905
Participant_1396	400	0.4	24.42283767296503	300	0.5	42.982118374970774
Participant_1397	100	0.2	17.813618385942817	300	0.3	35.74178227229302
Participant_1398	300	0.7	20.625530296212993	300	0.8	24.885487738840887
Participant_1399	100	0.5	23.186202793903103	200	0.5	38.48083938793435
Participant_1400	250	0.2	19.759491390215487	350	0.2	29.62832259848674
Participant_1401	150	0.1	22.674600327238405	200	0.2	29.855694599188276
Participant_1402	100	0.1	24.64624717883029	100	0.0	35.04853777263754
Participant_1403	250	0.5	16.653453095379348	300	0.5	23.63710007593994
Participant_1404	350	0.1	20.836566415798934	350	0.1	20.836566415798934
Participant_1405	100	1.0	0.0	100	1.0	0.0
Participant_1406	300	0.7	15.096771177970473	300	0.7	15.096771177970473
Participant_1407	300	0.2	19.236358803058337	350	0.2	23.110333186693783
Participant_1408	350	0.1	18.95158304733407	400	0.1	50.62706785900207
Participant_1409	300	0.2	34.22407778158529	150	0.3	65.17438147002241
Participant_1410	150	0.7	18.561047923002622	200	0.6	31.051368729896595
Participant_1411	400	0.5	17.86057109949175	250	0.5	56.40113030782273
Participant_1412	350	0.6	17.191567700474558	350	0.6	17.191567700474558
Participant_1413	100	0.4	19.880580977426188	150	0.3	43.34685686413722
Participant_1414	300	0.0	11.657079394084953	350	0.0	11.858014167642068
Participant_1415	150	0.8	21.202594180901542	150	0.8	21.202594180901542
Participant_1416	300	0.8	13.059000727467627	300	0.7	26.37067500084137
Participant_1417	150	0.5	31.83512211379124	150	0.6	37.283374310810444
Participant_1418	300	0.9	24.61960600822036	350	0.7	43.00436024404967
Participant_1419	250	0.8	23.23709319170537	200	0.7	25.832392455984404
Participant_1420	200	0.8	12.59315290147785	200	0.8	12.59315290147785
Participant_1421	150	1.0	0.0	150	1.0	0.0
Participant_1422	150	0.8	16.68232597691341	150	0.7	23.601112261925284
Participant_1423	100	0.9	9.231738731138355	100	0.9	9.231738731138355
Participant_1424	350	0.2	14.154063020913819	400	0.2	25.387004549572207
Participant_1425	150	0.7	28.801258653051953	200	0.6	48.429717116662985
Participant_1426	250	0.1	15.367579510124553	150	0.0	26.308981356183292
Participant_1427	400	0.2	22.4610774452162	400	0.4	54.32747923472982
Participant_1428	100	0.2	33.351536696230355	100	0.3	45.173415854902984
Participant_1429	200	0.5	34.79619232042495	150	0.4	54.98545262157983
Participant_1430	100	0.9	15.579634142045826	100	0.9	15.579634142045826
Participant_1431	150	0.8	10.466613587975816	150	0.9	26.715164233071825
Participant_1432	250	0.8	13.32150517021256	250	0.9	14.13108276106258
Participant_1433	150	1.0	0.0	150	1.0	0.0
Participant_1434	300	0.3	15.369612877362917	100	0.4	32.38807650972808
Participant_1435	350	1.0	11.180339887498949	350	0.8	36.027420113019474
Participant_1436	350	0.4	29.612919477822512	100	0.3	39.599715908071865
Participant_1437	300	0.8	13.01105299351286	300	0.8	13.01105299351286
Participant_1438	200	0.8	10.657743663646635	200	0.8	10.657743663646635
Participant_1439	300	0.5	16.61964199373741	100	0.5	34.07858565140285
Participant_1440	150	0.6	19.269146322554096	150	0.7	41.84211395233276
Participant_1441	100	0.6	55.86255454237659	400	0.2	77.42415643712239
Participant_1442	350	0.1	36.474820081804374	150	0.0	50.79037802576389
Participant_1443	350	1.0	0.0	350	1.0	0.0
Participant_1444	350	0.9	5.779273310719955	350	0.9	5.779273310719955
Participant_1445	350	0.2	22.618300112961627	400	0.3	34.77427209878016
Participant_1446	300	0.1	20.49451146038861	250	0.1	21.59079665042492
Participant_1447	350	0.8	11.31260359068592	350	0.8	11.31260359068592
Participant_1448	100	0.7	19.120669444347392	100	0.6	30.669610365963244
Participant_1449	400	0.6	26.35716221447218	400	0.7	30.015412707474137
Participant_1450	250	0.7	14.92355520645131	200	0.6	30.338712892935984
Participant_1451	400	0.0	17.903212002319584	400	0.0	17.903212002319584
Participant_1452	300	0.3	24.39210937987939	250	0.4	52.31515076916055
Participant_1453	100	0.5	30.945112699746304	400	0.3	61.678602448499106
Participant_1454	350	0.1	18.984533178353374	350	0.1	18.984533178353374
Participant_1455	400	0.2	26.98610753702727	400	0.3	36.30426972134269
Participant_1456	200	0.4	16.34089960803872	400	0.4	23.107899082348442
Participant_1457	100	0.4	30.397162696541265	150	0.5	49.177993045670334
Participant_1458	400	0.2	22.819947414488052	350	0.3	28.178005607210743
Participant_1459	350	0.1	25.625426825713557	300	0.0	33.46098474342917
Participant_1460	300	1.0	0.0	300	1.0	0.0
Participant_1461	300	1.0	0.0	300	1.0	0.0
Participant_1462	400	0.1	16.973508771023155	400	0.0	18.04231138186014
Participant_1463	100	0.2	27.83567854391195	350	0.2	38.669593998385864
Participant_1464	200	0.6	19.948370860799635	150	0.7	34.65202014313163
Participant_1465	400	0.6	25.341665296503308	400	0.6	25.341665296503308
Participant_1466	250	0.8	12.143413852784562	250	0.8	12.143413852784562
Participant_1467	250	0.9	18.866305944725905	250	0.9	18.866305944725905
Participant_1468	200	0.9	7.948270252073717	200	0.9	7.948270252073717
Participant_1469	350	0.1	26.37067500084137	200	0.0	28.391019706942544
Participant_1470	350	0.8	19.823597049980613	350	0.7	21.808828487564387
Participant_1471	400	0.8	8.717797887081348	400	0.8	8.717797887081348
Participant_1472	400	0.2	20.784609690826528	400	0.1	23.007607437541175
Participant_1473	150	0.8	26.847718711279736	100	0.7	34.08592084717677
Participant_1474	400	0.2	16.224980739587952	400	0.2	16.224980739587952
Participant_1475	350	0.8	18.144558412923693	350	0.9	20.938003725283842
Participant_1476	300	0.0	13.588138209482564	150	0.0	13.77180089893838
Participant_1477	400	0.6	19.5179404651208	400	0.7	36.033664815003206
Participant_1478	150	0.5	22.98858412342961	150	0.6	28.439409276565502
Participant_1479	250	0.6	26.37186000266193	200	0.7	33.33260415869123
Participant_1480	100	0.9	11.894326378572265	100	0.9	11.894326378572265
Participant_1481	350	0.1	19.27855025669721	300	0.1	19.494229915541673
Participant_1482	400	0.3	14.891272611835431	350	0.1	74.64356971635266
Participant_1483	350	1.0	0.0	350	1.0	0.0
Participant_1484	200	0.9	6.278933030380241	200	0.9	6.278933030380241
Participant_1485	150	0.2	29.549111661774198	300	0.3	48.450748188237505
Participant_1486	200	0.8	13.77815299668283	200	0.9	17.872464855189953
Participant_1487	200	0.6	16.63392617513977	100	0.5	56.29253947016425
Participant_1488	250	0.0	17.09605217586797	200	0.0	23.179732526498228
Participant_1489	300	0.8	11.642057378315913	300	0.8	11.642057378315913
Participant_1490	100	0.5	32.61671350703501	100	0.3	54.30826364375867
Participant_1491	400	0.9	13.318689875509527	400	0.9	13.318689875509527
Participant_1492	100	0.2	32.74637384505344	400	0.4	41.05149205570974
Participant_1493	150	0.6	25.373214222876847	300	0.6	45.4699076313115
Participant_1494	150	0.6	22.052210773525633	150	0.8	63.50826717837608
Participant_1495	300	0.0	13.542064096732078	100	0.2	83.6201231761829
Participant_1496	100	0.6	37.30784099891067	150	0.3	86.5820420179612
Participant_1497	250	0.4	20.991069529683333	200	0.4	22.984233726622257
Participant_1498	250	1.0	0.0	250	1.0	0.0
Participant_1499	300	0.1	14.748728758777823	350	0.1	17.54743571009736
Participant_1500	350	1.0	0.0	350	1.0	0.0
Participant_1501	400	0.9	12.595137950812607	400	0.9	12.595137950812607
Participant_1502	100	0.5	33.11117636086039	300	0.3	65.47881336737862
Participant_1503	200	0.7	18.366069258281698	250	0.6	34.321640403687
Participant_1504	100	0.5	18.30573680571203	100	0.6	27.21442632134655
Participant_1505	350	0.5	19.035493164086922	400	0.5	31.468237955119125
Participant_1506	400	0.2	17.592612085759182	150	0.4	50.999019598419736
Participant_1507	100	0.8	20.441073846547297	100	0.8	20.441073846547297
Participant_1508	200	0.3	18.565761497983324	250	0.3	22.044840666242067
Participant_1509	150	0.6	23.532955615476777	100	0.6	25.629572762728607
Participant_1510	200	1.0	0.0	200	1.0	0.0
Participant_1511	100	0.8	14.459858228903906	100	0.9	27.730398482531765
Participant_1512	100	0.8	14.58895129884256	100	0.8	14.58895129884256
Participant_1513	100	0.0	24.76691341285789	150	0.1	34.93404499911226
Participant_1514	400	0.2	23.200215516240362	250	0.2	39.98984246030484
Participant_1515	100	0.2	37.86258047201749	100	0.2	37.86258047201749
Participant_1516	250	0.6	19.601658093130794	300	0.7	28.621015006459853
Participant_1517	400	0.9	12.293799250028446	400	0.8	20.850659461993043
Participant_1518	250	0.9	21.117232299712004	250	0.7	30.662884730566365
Participant_1519	250	0.8	12.091836088865909	250	0.8	12.091836088865909
Participant_1520	400	0.7	17.383181526981762	400	0.7	17.383181526981762
Participant_1521	100	0.0	14.565369888883701	100	0.0	14.565369888883701
Participant_1522	400	0.6	27.855879092213193	100	0.2	50.19785852006039
Participant_1523	150	0.9	12.19426094521517	150	0.8	19.70532922840925
Participant_1524	250	0.9	9.065732182234372	250	0.9	9.065732182234372
Participant_1525	100	0.1	15.690363284513205	100	0.0	20.997618912629118
Participant_1526	200	0.6	19.696129061315578	200	0.6	19.696129061315578
Participant_1527	350	1.0	0.0	350	1.0	0.0
Participant_1528	150	0.4	23.49787224409904	400	0.5	49.96498774141749
Participant_1529	100	0.9	8.153220222709551	100	0.9	8.153220222709551
Participant_1530	300	0.7	21.74655145074731	300	0.8	27.35027422166001
Participant_1531	400	0.5	17.327723451163457	400	0.4	31.108278640902007
Participant_1532	400	0.4	26.556072751820818	200	0.3	35.59757716474535
Participant_1533	100	0.2	18.298223957532052	400	0.5	32.77193921634788
Participant_1534	250	0.0	16.000781230927444	400	0.0	91.45641038221432
Participant_1535	400	1.0	14.79019945774904	400	0.8	37.06076092041285
Participant_1536	150	0.1	14.067249198048636	350	0.2	43.59286065401077
Participant_1537	200	1.0	0.0	200	1.0	0.0
Participant_1538	400	0.2	25.705057868053906	100	0.5	66.76526042786024
Participant_1539	300	1.0	0.0	300	1.0	0.0
Participant_1540	200	0.6	18.039886363278455	200	0.7	24.896033820671114
Participant_1541	200	0.8	12.984124922381177	200	0.8	12.984124922381177
Participant_1542	300	0.0	12.0783897933458	250	0.0	14.866909564532905
Participant_1543	200	0.6	31.311938617722156	250	0.6	40.9783479413214
Participant_1544	350	0.6	26.679580206592455	350	0.6	26.679580206592455
Participant_1545	100	0.5	22.22273610516941	150	0.5	29.491100352479222
Participant_1546	250	0.0	19.229534575750918	400	0.2	92.75370612541582
Participant_1547	300	0.4	21.242057339156204	250	0.4	23.492019921667016
Participant_1548	250	0.8	14.49008281549833	250	0.7	27.091742284319775
Participant_1549	100	0.4	26.976610239242437	150	0.5	36.82356582407521
Participant_1550	100	0.0	32.93402495899947	300	0.3	92.92456618139254
Participant_1551	150	0.5	27.449499084682767	200	0.6	47.57034265169844
Participant_1552	250	1.0	0.0	250	1.0	0.0
Participant_1553	300	0.1	24.109645372754862	350	0.1	24.40107579595621
Participant_1554	200	0.1	20.762947767597932	250	0.1	22.49805547152909
Participant_1555	100	0.6	19.50961301512667	100	0.5	24.471411892246838
Participant_1556	250	0.4	19.50961301512667	150	0.4	24.462215762273047
Participant_1557	400	0.5	29.415132160165456	150	0.4	39.42905020413249
Participant_1558	150	0.6	26.458458004955617	150	0.7	32.703401963710135
Participant_1559	250	0.7	15.458411949485626	250	0.7	15.458411949485626
Participant_1560	250	0.1	12.74411628948826	200	0.1	13.128213892224638
Participant_1561	150	0.5	17.63448326433185	350	0.6	44.503370658861336
Participant_1562	350	0.1	18.039193440949628	250	0.1	20.824564821383422
Participant_1563	100	0.1	24.055924426219832	100	0.0	31.676489704511134
Participant_1564	400	1.0	0.0	400	1.0	0.0
Participant_1565	300	0.8	14.892531685378414	300	0.9	15.447491705775407
Participant_1566	300	0.2	25.520335029148814	250	0.3	46.378604981176395
Participant_1567	400	0.6	15.602884348735012	350	0.4	57.90660584078469
Participant_1568	250	0.6	19.72878607517452	200	0.7	26.782690305493958
Participant_1569	300	0.9	8.359126748650244	300	0.9	8.359126748650244
Participant_1570	100	0.4	27.775663808449295	100	0.3	43.52456203111066
Participant_1571	150	0.6	27.042559050504078	100	0.4	65.43307649805257
Participant_1572	100	0.8	18.07173206972702	100	0.6	55.672030679686905
Participant_1573	100	0.5	18.271562604221895	200	0.4	42.889684074378536
Participant_1574	150	0.2	20.20272258879976	200	0.1	28.567464010653797
Participant_1575	100	0.5	17.502856909659062	100	0.7	53.973141468697186
Participant_1576	300	0.1	14.53530185445077	300	0.0	14.946153351280723
Participant_1577	200	0.3	15.91972047493297	350	0.4	27.284152909701998
Participant_1578	350	0.0	13.715411040140213	200	0.1	24.440744669506287
Participant_1579	350	0.1	32.544776846676946	150	0.0	49.11377098126349
Participant_1580	100	0.9	9.75832977512033	100	0.8	23.298873363319522
Participant_1581	200	0.7	23.607467039053553	200	0.6	33.41687447981932
Participant_1582	400	0.6	19.129819654142064	400	0.7	38.93488153314454
Participant_1583	400	0.8	13.076696830622021	400	0.7	24.943436010301387
Participant_1584	150	0.4	16.871573726241426	150	0.4	16.871573726241426
Participant_1585	400	0.3	18.48648154733615	200	0.3	20.24073862288627
Participant_1586	350	0.7	20.077973005261263	300	0.7	34.95228890931179
Participant_1587	200	0.3	26.475224267227652	150	0.3	33.41332069699149
Participant_1588	300	0.2	28.41720429598943	400	0.2	46.79209334919736
Participant_1589	400	0.6	23.392306427541513	350	0.6	43.75271420152126
Participant_1590	400	0.9	11.774442661969186	400	0.8	29.236107812087436
Participant_1591	250	0.8	17.247101205709903	250	0.7	18.033649103828097
Participant_1592	300	0.8	8.24848470932692	300	0.9	14.44385682565429
Participant_1593	250	0.0	19.164420158199412	250	0.1	43.37237023728355
Participant_1594	250	0.9	8.1967981553775	250	0.9	8.1967981553775
Participant_1595	200	0.0	15.646085772486357	150	0.0	15.87962531044105
Participant_1596	350	0.0	15.987886039123497	150	0.0	17.70346011377437
Participant_1597	250	0.8	20.3091728044251	250	0.7	31.228392529875755
Participant_1598	150	0.6	23.770780382646254	150	0.6	23.770780382646254
Participant_1599	250	0.0	21.731889011312386	300	0.1	44.413117431677776
Participant_1600	400	0.5	19.595917942265423	400	0.4	38.97402981473689
Participant_1601	100	0.3	27.329242580064307	250	0.4	56.717501708026596
Participant_1602	400	0.2	15.75595125658873	350	0.3	22.83637449333847
Participant_1603	350	0.9	9.063663718386731	350	0.8	25.183824173465
Participant_1604	150	1.0	0.0	150	1.0	0.0
Participant_1605	200	0.5	17.84026345096955	150	0.5	21.26558252200019
Participant_1606	400	0.1	17.69463195435271	300	0.0	65.83796397216426
Participant_1607	350	0.7	14.295978455495797	350	0.7	14.295978455495797
Participant_1608	350	0.0	16.41226675386432	300	0.0	19.029910667157637
Participant_1609	350	0.1	30.849027537347105	100	0.1	78.58872374584028
Participant_1610	400	1.0	0.0	400	1.0	0.0
Participant_1611	100	0.2	21.443530492901584	400	0.3	36.88495628301598
Participant_1612	250	0.8	17.064949457880033	250	0.9	24.843258642939738
Participant_1613	150	0.9	9.808159868191384	150	0.9	9.808159868191384
Participant_1614	100	0.2	23.341486670732866	400	0.4	40.730516814791336
Participant_1615	150	0.0	9.402792138508646	200	0.0	10.29805806936434
Participant_1616	300	0.4	24.212083759974067	150	0.5	32.49576895535786
Participant_1617	300	0.7	23.380814784776	300	0.7	23.380814784776
Participant_1618	300	1.0	0.0	300	1.0	0.0
Participant_1619	150	0.5	21.673140058607107	250	0.4	27.782638463616085
Participant_1620	400	0.2	22.20923231451281	250	0.3	29.681223020623662
Participant_1621	250	0.0	12.590671149704452	250	0.0	12.590671149704452
Participant_1622	300	0.0	11.657079394084953	150	0.0	12.182466909456393
Participant_1623	350	0.7	19.573579131063383	400	0.7	25.09332580587914
Participant_1624	400	0.6	26.546186166754726	400	0.7	34.600216762326795
Participant_1625	400	0.0	32.79519781919298	400	0.1	37.30750594719513
Participant_1626	100	0.9	12.35819566117967	100	0.9	12.35819566117967
Participant_1627	400	0.2	22.874658467395747	400	0.2	22.874658467395747
Participant_1628	300	0.0	14.173478754349617	350	0.0	17.047360499502556
Participant_1629	400	0.7	11.604955837916835	400	0.7	11.604955837916835
Participant_1630	400	0.9	5.466946131068057	400	0.8	22.825424421026653
Participant_1631	400	0.4	26.767050640666408	400	0.6	70.46949694726081
Participant_1632	150	0.5	20.850059951952176	200	0.6	40.8709860414451
Participant_1633	100	0.6	15.67242801865748	100	0.7	18.18240908130713
Participant_1634	350	0.1	17.114686675484304	300	0.0	28.432156091299163
Participant_1635	100	0.1	21.241174637952582	150	0.3	45.29293543147761
Participant_1636	250	0.9	7.725768570181222	250	0.8	15.967545208954318
Participant_1637	250	0.0	26.61813291724271	350	0.1	40.28538816990597
Participant_1638	100	0.0	14.436065946094871	100	0.0	14.436065946094871
Participant_1639	150	0.1	24.03929075492869	350	0.1	27.37083301618714
Participant_1640	200	0.6	19.822651184944963	250	0.7	29.58399060302717
Participant_1641	150	0.7	15.756347927105443	150	0.5	60.28868052959859
Participant_1642	250	1.0	0.0	250	1.0	0.0
Participant_1643	100	0.6	29.33641082341192	100	0.5	33.224238140249355
Participant_1644	100	1.0	0.0	100	1.0	0.0
Participant_1645	400	0.9	11.774442661969186	400	0.9	11.774442661969186
Participant_1646	350	0.7	30.072828267391145	350	0.6	30.56632133574467
Participant_1647	150	0.7	22.46135570262846	250	0.7	52.2633954120855
Participant_1648	200	0.4	19.799621208497904	150	0.4	23.284114756631826
Participant_1649	100	0.1	19.45989465541887	100	0.0	33.75870258170477
Participant_1650	150	0.6	17.140595088852663	400	0.4	68.32075087409389
Participant_1651	250	0.0	11.555301813453426	150	0.0	12.685129088818924
Participant_1652	300	1.0	0.0	300	1.0	0.0
Participant_1654	100	0.2	26.572071804810403	400	0.4	33.9333906351841
Participant_1655	100	0.1	14.956186011146023	100	0.1	14.956186011146023
Participant_1656	350	0.0	18.89080464141218	150	0.0	21.613942259569402
Participant_1657	100	0.7	22.429890771022492	250	0.6	60.55348875168135
Participant_1658	150	0.9	11.723907198540937	150	0.9	11.723907198540937
Participant_1659	400	1.0	11.180339887498949	400	0.9	15.92600075348485
Participant_1660	200	0.9	10.27983462902006	200	0.9	10.27983462902006
Participant_1661	100	0.0	47.7063937014736	350	0.3	109.75085421079874
Participant_1662	400	0.9	13.271680375898148	400	0.9	13.271680375898148
Participant_1663	350	0.9	11.71110584018435	350	0.9	11.71110584018435
Participant_1664	100	0.0	21.72901286299035	150	0.3	61.37141028198717
Participant_1665	400	0.6	14.131525041551601	350	0.5	38.69560698580654
Participant_1666	200	1.0	0.0	200	1.0	0.0
Participant_1667	100	0.5	50.32494411323275	400	0.2	51.42470223540434
Participant_1668	250	0.6	26.276890988090656	350	0.6	45.448322301268725
Participant_1669	100	0.5	15.854021571828392	100	0.6	43.924651393038964
Participant_1670	200	0.6	17.795715776557007	200	0.6	17.795715776557007
Participant_1671	100	0.3	27.7152936120114	150	0.3	31.920996225055383
Participant_1672	350	0.2	24.27112481942277	200	0.3	40.21426985536353
Participant_1673	250	0.0	16.348547336078518	300	0.2	62.03859685711791
Participant_1674	250	0.9	8.78564169540279	250	0.9	8.78564169540279
Participant_1675	400	1.0	13.693063937629153	400	0.9	17.815372575391176
Participant_1676	400	0.9	9.076756028449813	400	0.9	9.076756028449813
Participant_1677	250	0.2	14.289419162443238	100	0.3	45.80543090071307
Participant_1678	300	1.0	0.0	300	1.0	0.0
Participant_1679	150	0.1	24.88247375161883	350	0.3	58.98304841223451
Participant_1680	300	0.4	20.94576329475725	250	0.3	41.58996273140912
Participant_1681	150	0.9	6.978538528947161	150	0.9	6.978538528947161
Participant_1682	400	0.0	22.92433205133794	300	0.2	46.34153104937298
Participant_1683	250	0.0	11.822647757587976	300	0.0	14.820172063778477
Participant_1684	250	0.5	22.329072976727	250	0.5	22.329072976727
Participant_1685	200	0.8	14.61463307784359	200	0.7	22.272460573542386
Participant_1686	400	1.0	0.0	400	0.9	23.97681171465464
Participant_1687	300	0.6	16.545769852140456	250	0.6	23.1942880899587
Participant_1688	150	1.0	0.0	150	1.0	0.0
Participant_1689	100	0.5	29.603209285481196	300	0.3	43.87453703459445
Participant_1690	200	0.0	14.613350060817677	300	0.0	16.981975739000454
Participant_1691	100	0.0	26.68613872406422	250	0.3	62.25732888584283
Participant_1692	150	0.3	18.912958520548813	100	0.2	20.120263417758725
Participant_1693	100	0.2	24.053586011237496	100	0.2	24.053586011237496
Participant_1694	150	0.8	11.599568957508723	150	0.9	24.973986465920895
Participant_1695	300	0.1	21.823725621442367	350	0.0	22.871652760568047
Participant_1696	400	0.6	20.638556151048938	300	0.5	63.77666109165641
Participant_1697	350	0.6	21.692164483979003	350	0.7	31.354824190226296
Participant_1698	150	0.6	23.07704487147347	150	0.5	27.856327826904966
Participant_1699	350	0.1	15.343158084305852	300	0.2	31.24559969019638
Participant_1700	100	0.2	9.210048859805251	100	0.0	51.66865587568541
Participant_1701	350	0.8	9.379498920518088	350	0.8	9.379498920518088
Participant_1702	150	0.5	18.329620836231175	200	0.4	34.1251373623609
Participant_1703	400	0.0	44.320142147786484	350	0.4	90.98447669795105
Participant_1704	400	0.7	13.497221936383799	400	0.7	13.497221936383799
Participant_1705	400	0.6	21.469746155928345	300	0.6	58.10561504708473
Participant_1706	300	0.1	16.659081607339584	150	0.1	19.567511338951615
Participant_1707	250	0.7	18.94630570850159	250	0.6	27.463157138246142
Participant_1708	100	1.0	0.0	100	1.0	0.0
Participant_1709	250	1.0	5.5901699437494745	250	0.9	8.042853971072706
Participant_1710	250	0.0	20.335314111171236	200	0.0	24.74469640145136
Participant_1711	100	0.5	23.240051635054513	400	0.3	37.306165710241515
Participant_1712	300	1.0	0.0	300	1.0	0.0
Participant_1713	150	1.0	0.0	150	1.0	0.0
Participant_1714	100	0.4	31.188739955310794	400	0.4	44.59792596074396
Participant_1715	350	0.9	11.052149112276762	350	0.9	11.052149112276762
Participant_1716	200	0.6	23.112496619794236	200	0.6	23.112496619794236
Participant_1717	250	0.1	37.515496797990025	200	0.1	39.03331910048132
Participant_1718	250	0.3	19.70976915136248	200	0.4	48.36863653236465
Participant_1719	350	0.5	31.60063290505429	200	0.5	38.3669779888904
Participant_1720	300	0.1	15.000833310186472	300	0.1	15.000833310186472
Participant_1721	350	0.1	21.311088662947277	250	0.0	31.83590740029252
Participant_1722	250	0.4	20.015618901248097	400	0.4	26.9067835312956
Participant_1723	300	0.7	18.685890398907944	300	0.6	29.06909871323843
Participant_1724	400	0.7	22.68644970020651	300	0.6	61.83657898040609
Participant_1725	300	0.8	11.907455647618429	300	0.8	11.907455647618429
Participant_1726	100	0.5	22.024985811573185	350	0.4	52.43495971200893
Participant_1727	100	0.9	6.142068055630775	100	0.9	6.142068055630775
Participant_1728	250	1.0	0.0	250	1.0	0.0
Participant_1729	200	0.9	6.278933030380241	200	0.9	6.278933030380241
Participant_1730	100	0.2	23.448347489748613	100	0.3	29.654468465983335
Participant_1731	400	0.6	33.70385734600715	400	0.5	50.462857628160535
Participant_1732	150	0.9	11.065712810298304	150	0.9	11.065712810298304
Participant_1733	350	0.1	26.06074634387895	300	0.0	30.014788021906803
Participant_1734	150	0.6	18.16727827716634	200	0.3	81.21537723855009
Participant_1735	250	0.8	11.289929140610228	250	0.7	22.476932619910574
Participant_1736	250	0.3	15.563579279844337	100	0.4	40.00296863983972
Participant_1737	100	0.5	24.16298822579691	250	0.4	42.19745252974402
Participant_1738	150	0.7	20.01905342417568	250	0.5	47.7738160502173
Participant_1739	200	0.5	17.805195870868705	150	0.5	20.117778207346856
Participant_1740	400	0.3	20.47559522944327	350	0.3	21.160103969498827
Participant_1741	300	0.1	15.573214183334152	400	0.1	63.55588092379807
Participant_1742	300	0.3	15.491126492285833	150	0.2	34.487678959303715
Participant_1743	350	0.8	35.975338775333306	300	0.6	55.53163512809613
Participant_1744	300	1.0	7.905694150420948	300	0.9	14.573091641789672
Participant_1745	350	0.6	17.444196742756603	350	0.6	17.444196742756603
Participant_1746	350	0.1	21.80395606306342	200	0.1	22.690306300268404
Participant_1747	300	0.0	27.2880468337329	250	0.0	27.382019647936854
Participant_1748	150	0.2	24.277561656805652	100	0.3	50.70145461424159
Participant_1749	350	0.4	13.207005716664169	300	0.4	13.82841277949136
Participant_1750	200	0.6	22.509720122649238	250	0.6	32.27576490185786
Participant_1751	100	0.7	15.948354147058561	100	0.8	32.84946727117504
Participant_1752	300	1.0	0.0	300	1.0	0.0
Participant_1753	150	0.7	21.05380013204267	200	0.6	27.958674861301994
Participant_1754	250	0.0	22.55049888583399	350	0.1	43.87952255893402
Participant_1755	250	0.7	36.42063288851527	250	0.7	36.42063288851527
Participant_1756	250	0.0	16.000781230927444	400	0.0	86.94409123108942
Participant_1757	350	0.1	27.003009091580886	250	0.2	36.355020286062285
Participant_1758	250	1.0	0.0	250	1.0	0.0
Participant_1759	350	0.0	13.623967850813507	350	0.1	26.770552851967775
Participant_1760	100	0.5	38.37447068038854	150	0.4	52.36554210547237
Participant_1761	350	0.1	21.74655145074731	300	0.3	53.93259682233
Participant_1762	400	0.9	20.46063293253657	400	0.8	29.53387885124472
Participant_1763	400	0.6	19.645610196682615	350	0.6	39.67744951480626
Participant_1764	350	0.7	25.384542540688024	350	0.5	40.67984759066828
Participant_1765	100	1.0	0.0	100	0.8	41.687378185729074
Participant_1766	100	0.6	17.906004579469982	250	0.4	61.232140253301615
Participant_1767	150	0.3	18.97893569197177	300	0.3	27.59030626868792
Participant_1768	150	0.5	25.563157082019426	200	0.5	25.75412588305027
Participant_1769	400	1.0	11.180339887498949	400	0.9	23.529502757177
Participant_1770	100	0.2	21.76177841997294	300	0.3	44.04514729229543
Participant_1771	250	0.0	24.995499594927082	350	0.0	31.414367731978945
Participant_1772	100	0.2	27.176736375069027	100	0.3	32.70149079170551
Participant_1773	100	0.1	30.102948360584218	250	0.3	49.11440725489823
Participant_1774	400	0.9	7.738701441456441	400	0.9	7.738701441456441
Participant_1775	250	0.9	12.234684303242156	250	0.9	12.234684303242156
Participant_1776	400	0.2	28.53944638566067	400	0.5	86.36550237218562
Participant_1777	100	0.4	17.790095559046332	150	0.4	19.77119116290164
Participant_1778	100	0.8	12.513492717862588	100	0.7	30.093188598086446
Participant_1779	150	0.0	20.053989628001705	100	0.1	82.66612062991706
Participant_1780	300	0.8	15.428463954652129	300	0.8	15.428463954652129
Participant_1781	150	1.0	0.0	150	0.9	13.736811857195978
Participant_1782	300	0.9	15.48789850173354	300	0.8	18.7892921633573
Participant_1783	300	0.4	19.81098180303036	150	0.6	52.34548691148073
Participant_1784	100	0.5	27.273613621960695	350	0.4	50.29338922761122
Participant_1785	150	0.2	24.148498918152242	100	0.1	39.25796097608738
Participant_1786	350	0.1	20.926358976181213	300	0.2	42.76432508528575
Participant_1787	250	0.0	14.950752489423401	350	0.0	17.48177622554413
Participant_1788	200	1.0	0.0	200	1.0	0.0
Participant_1789	250	0.0	38.887980148112604	350	0.0	43.81052955626079
Participant_1790	250	1.0	0.0	250	1.0	0.0
Participant_1791	300	0.6	25.83626327470751	250	0.5	34.65670930714571
Participant_1792	150	0.5	14.132409561005511	200	0.5	20.905142907906658
Participant_1793	150	0.7	13.019696617049108	150	0.8	25.972100415638316
Participant_1794	350	0.1	15.942474713795221	350	0.0	29.250854688367653
Participant_1795	250	0.8	13.600091911454129	250	0.9	18.866305944725905
Participant_1796	150	0.6	25.49607812978302	150	0.6	25.49607812978302
Participant_1797	400	0.2	32.912763481664676	100	0.5	41.3533553656774
Participant_1798	100	0.9	10.073480034228488	100	0.9	10.073480034228488
Participant_1799	400	1.0	0.0	400	1.0	0.0
Participant_1800	350	0.1	22.702698077541356	150	0.1	24.88247375161883
Participant_1801	350	0.5	19.231484602078957	200	0.5	29.42405478515835
Participant_1802	300	0.9	5.798706752371601	300	0.9	5.798706752371601
Participant_1803	100	0.9	18.5802314302056	100	0.9	18.5802314302056
Participant_1804	300	0.0	18.864980784511815	150	0.1	26.370200985202978
Participant_1805	350	0.5	22.413165773714343	200	0.6	46.25135133160976
Participant_1806	100	0.2	17.024247413615676	100	0.3	26.61085304908507
Participant_1807	400	0.2	22.377444000600246	100	0.4	24.576157144679883
Participant_1808	300	0.9	5.905505905508858	300	0.9	5.905505905508858
Participant_1809	100	0.8	17.402226868995818	100	0.9	21.569075084481486
Participant_1810	350	0.1	23.300482827615397	350	0.3	56.104812627795134
Participant_1811	250	0.8	11.40010964859549	250	0.8	11.40010964859549
Participant_1812	350	0.7	22.402566817219853	350	0.7	22.402566817219853
Participant_1813	150	0.9	6.610597552415364	150	0.9	6.610597552415364
Participant_1814	350	0.2	22.115322742388365	100	0.3	40.643418901465466
Participant_1815	400	0.7	11.22163089751218	400	0.8	21.587033144922902
Participant_1816	200	0.3	15.801503093060482	100	0.4	26.057388587500473
Participant_1817	300	1.0	0.0	300	1.0	0.0
Participant_1818	100	0.9	12.35819566117967	100	0.9	12.35819566117967
Participant_1819	200	0.7	25.953082668538627	250	0.7	40.82232844902407
Participant_1820	400	0.1	24.53263133053607	400	0.3	45.47526800360829
Participant_1821	200	0.0	12.391529364852428	150	0.0	12.92913376835432
Participant_1822	150	0.6	21.738215198125168	150	0.5	34.31071261282691
Participant_1823	400	0.4	19.012495890860833	100	0.5	45.42961589095818
Participant_1824	300	0.5	19.136679440279078	150	0.5	20.608857319123736
Participant_1825	400	0.1	14.936532395439043	150	0.3	46.47795176209898
Participant_1826	100	0.5	22.25084268067167	400	0.2	64.82283548256741
Participant_1827	350	1.0	0.0	350	1.0	0.0
Participant_1828	400	0.3	16.3707055437449	250	0.4	29.717419134238423
Participant_1829	400	0.6	15.44182631685773	400	0.6	15.44182631685773
Participant_1830	350	0.1	25.81980828743699	100	0.1	77.94990378441784
Participant_1831	100	0.8	9.827893975822084	100	0.8	9.827893975822084
Participant_1832	300	0.5	15.40981829873409	200	0.5	27.12517281050943
Participant_1833	300	0.8	8.97426877244046	300	0.9	14.995832754468823
Participant_1834	400	0.7	13.681191468581968	400	0.6	25.97498796919837
Participant_1835	100	0.5	18.20302172717486	250	0.5	38.61460216032272
Participant_1836	350	0.1	14.761859638947932	100	0.2	72.24835638268873
Participant_1837	250	1.0	0.0	250	1.0	0.0
Participant_1838	350	0.0	12.373863584184207	250	0.0	17.05945485647182
Participant_1839	150	1.0	0.0	150	1.0	0.0
Participant_1840	200	0.9	8.256815366713731	200	0.9	8.256815366713731
Participant_1841	100	0.2	22.24466228109566	150	0.2	38.963444406263676
Participant_1842	100	0.6	16.751865567750954	150	0.6	32.95906552073344
Participant_1843	400	0.1	20.690577565645672	400	0.2	40.75230054855799
Participant_1844	300	0.5	17.46317554169344	350	0.4	22.98205821940237
Participant_1845	100	0.2	18.636657425622225	150	0.3	33.41332069699149
Participant_1846	200	0.2	22.50249986112654	150	0.3	48.50463895340321
Participant_1847	100	0.1	33.1841453106751	100	0.1	33.1841453106751
Participant_1848	100	0.8	22.5629674466813	100	0.8	22.5629674466813
Participant_1849	150	0.5	28.7180256981569	300	0.5	32.49942307180237
Participant_1850	300	0.2	23.26558617357405	350	0.2	26.345540419585248
Participant_1851	300	0.7	11.474428090323281	300	0.8	31.591731513166543
Participant_1852	100	0.1	13.226394066411299	300	0.2	54.80681983111226
Participant_1853	300	0.5	36.80981526712679	200	0.5	40.92096039928682
Participant_1854	350	0.0	24.836716771747426	250	0.0	31.181324538896675
Participant_1855	350	0.8	23.086251319779052	350	0.8	23.086251319779052
Participant_1856	100	0.6	39.0752479198789	150	0.3	83.24031475192774
Participant_1857	100	0.6	13.715866724345203	100	0.6	13.715866724345203
Participant_1858	400	0.6	21.17663807123312	400	0.5	34.40930106817051
Participant_1859	150	1.0	0.0	150	1.0	0.0
Participant_1860	100	1.0	11.180339887498949	100	0.9	16.96245854821759
Participant_1861	250	0.0	33.574916232211216	350	0.0	40.148007422535926
Participant_1862	100	0.8	11.195423171993099	100	0.9	20.74186587556674
Participant_1863	200	1.0	0.0	200	1.0	0.0
Participant_1864	250	0.7	16.014446602989437	250	0.8	21.094134255759347
Participant_1865	200	0.8	13.127737809691356	200	0.8	13.127737809691356
Participant_1866	300	0.2	28.940240151042286	150	0.0	52.126408853862166
Participant_1867	100	0.0	24.17953680284219	100	0.1	40.248447175015336
Participant_1868	400	0.1	19.50897229481861	300	0.2	28.548861623539388
Participant_1869	400	0.4	30.764833820451557	100	0.3	37.75761512595837
Participant_1870	100	0.5	29.006033855044713	200	0.5	34.90379635512447
Participant_1871	300	0.6	23.238169032864874	250	0.5	32.11055122541499
Participant_1872	350	1.0	0.0	350	1.0	0.0
Participant_1873	400	0.3	14.026760139105537	200	0.4	27.762834869659834
Participant_1874	100	0.6	26.890983619049713	150	0.4	68.64510179175204
Participant_1875	350	1.0	0.0	350	1.0	0.0
Participant_1876	250	0.0	16.801041634374936	200	0.2	66.19186128218483
Participant_1877	250	0.7	18.913288978916384	250	0.8	24.621382983090125
Participant_1878	350	0.5	15.201973556088038	200	0.6	56.139892233598026
Participant_1879	350	0.9	10.530906893520616	350	0.8	35.09593993612366
Participant_1880	300	0.9	12.34402689562851	300	0.8	22.288730336203542
Participant_1881	250	0.0	18.4329867357409	150	0.0	21.46887281624259
Participant_1882	400	0.6	14.695237323704575	350	0.6	44.44715963928404
Participant_1883	350	0.1	29.67174581988731	150	0.0	42.92042054779986
Participant_1884	100	0.2	27.29148218767167	350	0.2	37.65418303455806
Participant_1885	150	0.8	13.67662239004938	150	0.9	30.268795813510653
Participant_1886	400	0.6	18.5324040534411	400	0.7	18.998026213267526
Participant_1887	250	0.5	19.995937087318513	200	0.6	39.534004350685244
Participant_1888	150	0.8	9.463086177352503	150	0.6	53.409268858504326
Participant_1889	350	0.2	16.965774370773648	100	0.2	39.12895347437751
Participant_1890	350	0.9	12.078907235342111	350	0.9	12.078907235342111
Participant_1891	150	0.7	19.640837558515674	150	0.7	19.640837558515674
Participant_1892	150	0.2	24.912848090894787	200	0.2	27.43378391691529
Participant_1893	400	0.3	23.24865587512534	400	0.1	53.8688221515934
Participant_1894	350	0.4	22.038035302630767	250	0.4	25.087347408604202
Participant_1895	400	0.2	35.09985754956849	350	0.4	53.99699065688754
Participant_1896	100	0.7	36.81847362398393	400	0.1	105.11588842796317
Participant_1897	150	0.0	13.073350756405183	350	0.0	15.511689140773806
Participant_1898	100	0.9	15.539465885287049	100	0.8	30.48093666539793
Participant_1899	100	0.2	32.207530175410845	150	0.3	45.95051686325193
Participant_1900	250	0.5	19.64910939457562	300	0.6	31.701932117774778
Participant_1901	150	0.6	24.239430686383702	200	0.5	37.70974675067442
Participant_1902	100	0.6	22.458294681475707	100	0.5	23.320591759215716
Participant_1903	400	1.0	0.0	400	0.9	23.97681171465464
Participant_1904	100	0.7	17.120163550620656	100	0.8	34.53747964168781
Participant_1905	350	0.7	22.95375786227606	350	0.7	22.95375786227606
Participant_1906	350	0.4	16.22266932412789	300	0.3	41.382061330968035
Participant_1907	100	0.4	23.29672723796199	150	0.4	29.17019026334933
Participant_1908	200	0.9	9.71725269816526	200	0.8	10.71622601478711
Participant_1909	100	0.0	35.71974244028084	200	0.2	64.80827493461001
Participant_1910	350	0.8	22.427104137627754	350	0.7	25.87228246599051
Participant_1911	350	1.0	0.0	350	1.0	0.0
Participant_1912	400	0.1	25.482346830698308	300	0.3	41.862572782857
Participant_1913	100	0.7	20.599757280123473	100	0.5	49.813150874041284
Participant_1914	100	0.9	11.946756882099844	100	0.9	11.946756882099844
Participant_1915	150	0.5	16.910795368639526	400	0.3	38.34709897762802
Participant_1916	150	0.8	17.34358671094304	150	0.7	29.210657301745197
Participant_1917	400	0.9	7.492496246245306	400	0.9	7.492496246245306
Participant_1919	350	0.7	16.221128197508335	350	0.8	19.084679719607557
Participant_1920	400	0.4	20.284846560918325	150	0.4	24.20537130473317
Participant_1921	150	1.0	0.0	150	1.0	0.0
Participant_1922	200	0.1	15.201973556088038	350	0.0	20.07766171644497
Participant_1923	300	1.0	0.0	300	1.0	0.0
Participant_1924	400	0.1	17.40976737351766	350	0.2	30.233880002407894
Participant_1925	100	0.7	21.922591087734133	150	0.6	46.422516088639576
Participant_1926	350	0.1	18.885510318760254	350	0.0	24.558348885867712
Participant_1927	250	0.6	26.37186000266193	300	0.6	28.19596602352897
Participant_1928	400	0.4	20.315634373555753	100	0.2	21.472657031676356
Participant_1929	200	0.0	14.867750334196495	300	0.0	17.055424357077722
Participant_1930	100	0.8	14.759319089985148	100	0.8	14.759319089985148
Participant_1931	150	0.1	21.659582175102084	250	0.3	65.90504533038423
Participant_1932	250	1.0	9.682458365518542	250	0.9	11.053845484717073
Participant_1933	300	0.7	19.695494408620466	300	0.7	19.695494408620466
Participant_1934	150	1.0	0.0	150	1.0	0.0
Participant_1935	100	0.6	16.93738468595432	100	0.5	25.521559513478014
Participant_1936	350	0.7	22.036900871039013	350	0.7	22.036900871039013
Participant_1937	300	0.0	23.630224290090858	250	0.0	25.095318288477632
Participant_1938	250	0.5	30.61596805590181	300	0.4	55.50878308880496
Participant_1939	100	0.1	73.41619371773506	100	0.0	80.26300517673133
Participant_1940	400	0.1	22.898689918857805	300	0.2	43.54638331710223
Participant_1941	250	0.8	10.245120789917511	250	0.9	17.80975856096876
Participant_1942	250	1.0	0.0	250	1.0	0.0
Participant_1943	100	0.7	16.373759494996865	100	0.7	16.373759494996865
Participant_1944	400	1.0	0.0	400	1.0	0.0
Participant_1945	100	1.0	11.180339887498949	100	0.9	11.246110438725026
Participant_1946	250	0.0	13.26744135091616	300	0.0	18.293099791998074
Participant_1947	250	0.5	17.315816469343858	250	0.5	17.315816469343858
Participant_1948	350	0.1	31.231594579848146	250	0.0	44.94190694663501
Participant_1949	400	0.8	16.0	400	0.7	31.77538355393999
Participant_1950	100	0.6	27.374714610384526	100	0.6	27.374714610384526
Participant_1951	400	0.8	20.05617112013158	400	0.8	20.05617112013158
Participant_1952	350	0.1	22.949128523758805	100	0.1	71.40509435607518
Participant_1953	100	0.0	42.934834342291346	100	0.1	59.33959470707565
Participant_1954	400	1.0	0.0	400	1.0	0.0
Participant_1955	150	0.2	13.807606599262597	150	0.2	13.807606599262597
Participant_1956	100	0.2	25.071398046379464	200	0.3	35.0847188958384
Participant_1957	150	1.0	0.0	150	1.0	0.0
Participant_1958	400	0.4	20.099129334376652	400	0.5	34.02572556169817
Participant_1959	350	0.8	12.009371340748856	350	0.8	12.009371340748856
Participant_1960	200	0.6	26.44215384570629	300	0.7	35.85264983233457
Participant_1961	400	0.4	23.43021553464671	100	0.5	57.03157020458055
Participant_1962	400	0.0	15.549115730484484	400	0.1	19.283412561058793
Participant_1963	250	0.9	13.497684986693088	250	0.9	13.497684986693088
Participant_1964	300	0.4	21.70771752165575	350	0.5	33.031802857246525
Participant_1965	300	1.0	0.0	300	0.9	12.19118534023661
Participant_1966	350	0.5	24.821361767638777	400	0.6	42.847987117249744
Participant_1967	100	0.5	16.548413821270003	100	0.4	28.177783802137455
Participant_1968	150	0.5	24.616559467155437	350	0.3	54.09713485943595
Participant_1969	150	0.2	17.085081211396098	250	0.2	18.58594899379636
Participant_1970	100	0.5	23.613555429032708	400	0.3	44.69899327725402
Participant_1971	100	0.2	28.610749728030548	100	0.3	36.477904270941885
Participant_1972	250	0.0	19.963090943037855	250	0.0	19.963090943037855
Participant_1973	350	0.1	29.29014339329871	200	0.1	32.20791828106871
Participant_1974	400	0.5	24.6525860712421	100	0.2	58.58604782710641
Participant_1975	250	0.8	20.278375181458696	250	0.7	28.835091468556154
Participant_1976	400	0.7	24.615543869677143	400	0.7	24.615543869677143
Participant_1977	350	0.9	11.974973903938164	350	0.8	23.488827131212833
Participant_1978	400	0.5	12.757350822173073	400	0.5	12.757350822173073
Participant_1979	150	0.7	11.380355881957295	150	0.7	11.380355881957295
Participant_1980	400	0.0	16.140786845751975	100	0.4	67.7236110968693
Participant_1981	400	0.6	46.980847161369915	100	0.2	53.53573572857666
Participant_1982	350	0.1	18.65241271256885	200	0.0	34.110848714155445
Participant_1983	300	0.9	8.724964183307574	300	0.8	17.868617741728094
Participant_1984	150	0.7	11.102364613000242	150	0.7	11.102364613000242
Participant_1985	350	0.5	17.28004629623428	350	0.5	17.28004629623428
Participant_1986	100	0.3	14.641977325484424	200	0.2	40.20401099392945
Participant_1987	300	0.2	30.373302421699226	100	0.1	80.50582277077851
Participant_1988	100	0.3	17.157724208064426	300	0.3	29.978742468622663
Participant_1989	400	0.9	13.034089918364074	400	0.9	13.034089918364074
Participant_1990	200	1.0	0.0	200	1.0	0.0
Participant_1991	250	0.0	54.30032228265317	300	0.0	60.18419643062454
Participant_1992	100	0.9	6.536436337944401	100	0.9	6.536436337944401
Participant_1993	300	0.1	18.6084658153218	150	0.0	21.872642730132085
Participant_1994	350	1.0	0.0	350	1.0	0.0
Participant_1995	300	1.0	0.0	300	1.0	0.0
Participant_1996	400	0.7	17.562032911938186	400	0.7	17.562032911938186
Participant_1997	150	0.2	18.422811946062957	350	0.3	39.89360851063739
Participant_1998	150	0.1	30.72682053190665	350	0.1	34.59280994657705
Participant_1999	150	0.9	14.872793954062566	150	0.8	20.019990009987517
Participant_2000	100	0.9	6.908328307195599	100	0.9	6.908328307195599
Participant_2001	150	0.7	22.34977628523382	150	0.7	22.34977628523382
Participant_2002	100	0.2	30.839503887060182	100	0.3	44.30730752370313
Participant_2003	250	1.0	5.5901699437494745	250	0.9	7.964766161036995
Participant_2004	400	0.9	22.96491889818033	400	0.6	63.74519589741646
Participant_2005	150	0.4	12.385475364312828	350	0.3	28.574464124459098
Participant_2006	200	0.7	14.570947120897804	200	0.7	14.570947120897804
Participant_2007	150	0.7	25.680975448763625	150	0.7	25.680975448763625
Participant_2008	400	0.9	7.819047256539636	400	0.9	7.819047256539636
Participant_2009	350	0.2	17.863020461276978	100	0.1	60.05154036325796
Participant_2010	150	0.2	28.185102447924507	200	0.2	32.55936885137671
Participant_2011	350	0.7	32.50961396264188	250	0.5	49.59674888538562
Participant_2012	200	0.6	23.988278387579214	300	0.5	48.088070246163966
Participant_2013	300	0.8	14.509910406339523	300	0.8	14.509910406339523
Participant_2014	100	0.6	52.327096231302576	400	0.0	83.68407853349404
Participant_2015	250	0.5	15.924430916048461	250	0.6	25.50441138313135
Participant_2016	400	0.4	21.569075084481486	350	0.4	26.611557639491906
Participant_2017	100	1.0	0.0	100	1.0	0.0
Participant_2018	400	0.7	20.271285109730957	400	0.8	31.93352470367153
Participant_2019	300	0.0	15.112494830437495	350	0.1	21.34039596633577
Participant_2020	150	0.8	8.414273587185052	150	0.9	19.33132173442882
Participant_2021	300	0.6	12.04211360185578	150	0.5	47.153737921823335
Participant_2022	100	0.5	36.964171842474705	150	0.3	60.10574015849068
Participant_2023	400	1.0	0.0	400	1.0	0.0
Participant_2024	300	1.0	0.0	300	1.0	0.0
Participant_2025	400	0.2	22.627416997969522	150	0.3	35.727440434489566
Participant_2026	100	0.0	30.222508168581903	150	0.1	32.15800833385053
Participant_2027	150	0.6	18.338484124921557	150	0.8	40.98231325828253
Participant_2028	100	0.6	65.9403139209998	400	0.1	87.52485361313094
Participant_2029	200	0.8	14.994582354970746	200	0.8	14.994582354970746
Participant_2030	100	0.2	17.530687379563872	350	0.4	40.226545961591086
Participant_2031	100	1.0	0.0	100	1.0	0.0
Participant_2032	100	0.7	15.790820118030602	100	0.6	25.653947064730605
Participant_2033	400	0.1	23.80861188729826	300	0.3	47.39435620408827
Participant_2034	250	0.8	10.486300586956299	250	0.8	10.486300586956299
Participant_2035	250	0.0	17.05945485647182	150	0.1	42.63669194484957
Participant_2036	100	0.2	21.847768764796097	150	0.4	54.79187896029849
Participant_2037	100	0.5	21.038060747131613	300	0.5	43.06927559177191
Participant_2038	200	0.9	10.813186394398276	200	0.7	34.257298492438075
Participant_2039	150	0.1	22.059861740273895	200	0.2	25.52180440329406
Participant_2040	150	0.5	17.05798933051607	100	0.5	20.312557692225763
Participant_2041	350	0.9	6.774953874381729	350	0.9	6.774953874381729
Participant_2042	300	1.0	0.0	300	1.0	0.0
Participant_2043	350	0.7	20.53959590644373	350	0.6	43.29318653090807
Participant_2044	300	1.0	0.0	300	1.0	0.0
Participant_2045	200	0.9	10.755231285286245	200	0.9	10.755231285286245
Participant_2046	400	0.5	24.4489263567953	300	0.4	46.636627236540164
Participant_2047	350	0.9	7.723341245859851	350	0.9	7.723341245859851
Participant_2048	300	0.9	11.118677978968543	300	0.9	11.118677978968543
Participant_2049	400	0.6	15.114562514343575	400	0.6	15.114562514343575
Participant_2050	300	0.5	20.154714088768415	350	0.5	28.369878392407678
Participant_2051	250	1.0	0.0	250	1.0	0.0
Participant_2052	350	0.7	28.733691026389213	350	0.5	50.816827921467116
Participant_2053	250	1.0	0.0	250	1.0	0.0
Participant_2054	350	0.9	13.588598161694238	350	0.9	13.588598161694238
Participant_2055	350	1.0	0.0	350	1.0	0.0
Participant_2056	200	0.0	12.340988615179905	150	0.0	12.92913376835432
Participant_2057	400	0.5	25.278449319529077	400	0.6	29.235252692596998
Participant_2058	100	0.9	7.261198248223223	100	0.9	7.261198248223223
Participant_2059	350	0.6	18.1121506177483	200	0.5	27.875168160927746
Participant_2060	350	1.0	9.682458365518542	350	0.9	13.861818062577505
Participant_2061	400	0.5	37.0	400	0.5	37.0
Participant_2062	400	0.5	34.02572556169817	400	0.5	34.02572556169817
Participant_2063	300	0.6	19.589857069412222	200	0.5	37.27633297415399
Participant_2064	200	0.7	18.803257696473768	200	0.7	18.803257696473768
Participant_2065	350	0.0	12.474473936803909	250	0.0	19.294429247842498
Participant_2066	400	1.0	0.0	400	1.0	0.0
Participant_2067	350	0.6	21.66333307688362	250	0.5	41.38039994973466
Participant_2068	350	0.8	17.298121285272572	350	0.8	17.298121285272572
Participant_2069	200	0.9	7.37733014036921	200	0.9	7.37733014036921
Participant_2070	150	0.2	18.354835875049385	150	0.3	45.389426081412395
Participant_2071	100	0.5	48.51649204136672	400	0.3	60.1602027922114
Participant_2072	250	1.0	0.0	250	1.0	0.0
Participant_2073	200	0.9	7.789415895944958	200	0.9	7.789415895944958
Participant_2074	400	0.4	20.25401194825361	400	0.5	32.94313282005827
Participant_2075	350	0.9	13.861818062577505	350	0.8	23.0591630377167
Participant_2076	100	0.2	33.61286955914356	250	0.3	61.1021685376223
Participant_2077	350	1.0	0.0	350	1.0	0.0
Participant_2078	300	0.7	21.252352810924254	300	0.8	29.22819700221004
Participant_2079	350	0.9	10.290772565750348	350	0.9	10.290772565750348
Participant_2080	300	1.0	7.905694150420948	300	0.9	14.093438189455403
Participant_2081	400	0.6	19.613770672667712	400	0.6	19.613770672667712
Participant_2082	200	0.6	20.926956300427445	150	0.7	26.11536903817367
Participant_2083	100	0.7	28.050846689538623	100	0.6	32.64391214300149
Participant_2084	300	0.1	18.439766809805377	100	0.1	73.45023825693147
Participant_2085	150	0.0	13.634973413982149	200	0.0	13.82208377922808
Participant_2086	200	1.0	0.0	200	1.0	0.0
Participant_2087	100	0.5	22.053344417570774	100	0.6	45.40787376656168
Participant_2088	400	0.1	19.185932346383378	250	0.2	43.36401157642129
Participant_2089	350	0.1	21.22292392673545	350	0.2	40.082259167866276
Participant_2090	350	0.4	27.985263979458903	200	0.4	29.23225957739155
Participant_2091	100	0.5	25.12667904837406	150	0.4	35.68473062809919
Participant_2092	100	0.8	23.245160786709995	100	0.7	28.55871145552614
Participant_2093	400	0.1	21.374049686477292	100	0.3	53.20373577109036
Participant_2094	200	0.6	29.77729839995563	200	0.7	29.87160022496284
Participant_2095	250	0.0	29.470748209029235	400	0.0	109.70084320551051
Participant_2096	200	0.0	17.27859948028196	400	0.0	70.07513824460142
Participant_2097	200	0.6	22.089307368045745	200	0.6	22.089307368045745
Participant_2098	100	0.6	23.27820869396956	150	0.5	52.80601291519745
Participant_2099	400	0.9	14.659041578493458	400	0.9	14.659041578493458
Participant_2100	250	0.1	31.403224356744005	250	0.1	31.403224356744005
Participant_2101	150	0.8	21.524404753674375	100	0.5	91.13232137940962
Participant_2102	400	0.5	35.37654590261746	150	0.5	40.52437538075078
Participant_2103	150	0.0	10.590679864862311	400	0.1	81.39778866775191
Participant_2104	350	0.9	8.64002314811714	350	0.9	8.64002314811714
Participant_2105	150	0.0	8.784218804196534	400	0.1	79.47074933584055
Participant_2106	400	0.8	25.465663156493687	400	0.5	71.40728254176881
Participant_2107	350	0.5	29.76743186773088	200	0.5	41.43700037406183
Participant_2108	400	0.9	6.114531870879405	400	0.9	6.114531870879405
Participant_2109	350	0.5	24.9218779388713	250	0.5	35.70486661507084
Participant_2110	250	0.0	12.88506887835684	200	0.0	14.698639392814561
Participant_2111	400	0.1	30.953190465604674	350	0.3	42.66438795998368
Participant_2112	200	0.8	14.224538656842267	200	0.6	40.702426217610174
Participant_2113	350	0.0	18.044736074545398	300	0.2	46.52996346441721
Participant_2114	400	0.9	19.522743147416552	400	0.8	21.266170318136737
Participant_2115	150	0.9	12.24540730233176	150	0.8	27.537247502246842
Participant_2116	300	0.7	18.280112144076142	250	0.5	36.842061560124456
Participant_2117	300	0.6	17.53603432934596	300	0.5	50.273874925253175
Participant_2118	350	0.0	19.732270523181057	350	0.1	31.629298126894945
Participant_2119	100	0.6	25.67829823021767	150	0.7	34.32582846778793
Participant_2120	350	0.9	20.54628920267599	350	0.8	25.553375510879185
Participant_2121	250	0.9	14.219265100559873	250	0.7	34.09857035126253
Participant_2122	250	0.4	17.765838004439868	400	0.4	26.224511434915236
Participant_2123	100	0.0	29.06286290096005	300	0.2	33.65319449918536
Participant_2124	350	0.9	7.134423592694787	350	0.9	7.134423592694787
Participant_2125	200	0.3	22.128883839904805	100	0.5	49.257994275041284
Participant_2126	350	0.7	20.781602440620407	350	0.6	49.04640659620234
Participant_2127	400	0.7	15.761503735367384	400	0.6	24.918868353117485
Participant_2128	300	0.3	13.085297092538633	200	0.3	22.65915929596683
Participant_2129	400	0.2	19.28730152198591	100	0.3	37.475158438624376
Participant_2130	400	0.1	29.05770121671706	200	0.2	49.44807883022353
Participant_2131	150	0.9	12.547908192204787	150	0.8	22.378561169118985
Participant_2132	400	0.4	13.563738422721075	150	0.4	21.642550681470055
Participant_2133	300	0.1	17.357275131771114	300	0.0	23.040996072218753
Participant_2134	150	0.8	12.381437719424994	150	0.7	21.92629699698515
Participant_2135	350	1.0	0.0	350	1.0	0.0
Participant_2136	250	0.7	16.851186901817925	250	0.6	32.85156008472048
Participant_2137	300	0.9	17.779904386694547	300	0.7	38.37854218179737
Participant_2138	300	0.6	16.355809365482344	250	0.4	58.795195381935756
Participant_2139	250	0.0	11.769664396234925	150	0.0	13.403824081209063
Participant_2140	100	0.5	25.10179276466125	100	0.7	59.08129991799436
Participant_2141	400	0.2	32.16364407215078	350	0.3	41.850925915683156
Participant_2142	100	0.1	20.09197601033806	300	0.3	55.4975224672237
Participant_2143	150	0.9	8.059156283383516	150	0.9	8.059156283383516
Participant_2144	200	0.3	23.60481942316018	250	0.3	28.477622794046557
Participant_2145	200	1.0	0.0	200	1.0	0.0
Participant_2146	100	0.7	19.31579664419772	100	0.6	32.98673976009148
Participant_2147	150	0.9	10.365809182114052	150	0.9	10.365809182114052
Participant_2148	350	0.5	21.297887219158618	400	0.4	48.31123057840692
Participant_2149	100	0.6	15.103807466993215	100	0.6	15.103807466993215
Participant_2150	300	0.8	9.645594849463665	300	0.8	9.645594849463665
Participant_2151	350	1.0	0.0	350	0.9	13.996428115772966
Participant_2152	350	0.0	9.90517541490306	150	0.1	28.533094819875394
Participant_2153	350	0.2	18.243834575000946	350	0.3	26.837473800639284
Participant_2154	200	0.9	9.97120855262791	200	0.9	9.97120855262791
Participant_2155	100	0.2	25.319458919969044	400	0.3	41.52408939398912
Participant_2156	100	1.0	11.180339887498949	100	0.9	11.4116168880663
Participant_2157	250	0.1	25.271772791001425	100	0.3	66.72246623139765
Participant_2158	350	0.4	22.431562584893634	350	0.5	28.52367437761131
Participant_2159	150	0.6	24.597764126033894	100	0.5	47.54050904228939
Participant_2160	150	0.6	14.14390328021229	350	0.5	39.70012594438461
Participant_2161	350	0.9	8.854377448471462	350	0.9	8.854377448471462
Participant_2162	350	1.0	0.0	350	1.0	0.0
Participant_2163	100	0.6	20.751505969447134	100	0.6	20.751505969447134
Participant_2164	400	0.6	17.347910537007042	400	0.6	17.347910537007042
Participant_2165	350	0.1	20.381670687163993	300	0.1	21.5934017699852
Participant_2166	150	0.0	13.168617998863814	250	0.0	14.526699556334192
Participant_2167	350	0.7	24.609449404649425	350	0.7	24.609449404649425
Participant_2168	150	0.5	16.947713710114414	250	0.5	36.26068807951664
Participant_2169	200	0.0	11.981235328629515	300	0.0	14.04056622789836
Participant_2170	250	0.0	16.6140001203804	100	0.0	65.17975145702843
Participant_2171	100	0.4	25.767954905269452	400	0.4	37.851354004843735
Participant_2172	350	0.0	20.960975645231784	300	0.1	24.341836413878063
Participant_2173	100	1.0	0.0	100	1.0	0.0
Participant_2174	100	0.4	24.80398153522938	100	0.4	24.80398153522938
Participant_2175	150	0.7	25.85077368281267	150	0.7	25.85077368281267
Participant_2176	350	0.7	27.62471719312254	350	0.5	59.24398703666052
Participant_2177	400	0.0	25.13513477186864	350	0.2	49.61438803411769
Participant_2178	400	0.1	18.923530326025322	150	0.2	47.163545244181975
Participant_2179	150	0.2	21.520920054681678	350	0.2	22.892957432363342
Participant_2180	300	0.7	19.947744233371353	300	0.8	24.960719140281196
Participant_2181	150	0.2	17.836759795433696	100	0.4	74.50830490623176
Participant_2182	150	0.8	9.058145505565696	150	0.8	9.058145505565696
Participant_2183	250	0.0	37.713061397876466	300	0.1	39.54459507947957
Participant_2184	300	1.0	0.0	300	1.0	0.0
Participant_2185	250	0.0	21.76062958648026	100	0.1	89.42140403728853
Participant_2186	400	0.1	21.374049686477292	200	0.1	43.472405040439156
Participant_2187	300	0.2	20.555716966333236	150	0.3	44.821311895124175
Participant_2188	350	0.2	26.01129562324799	100	0.1	54.805907528294796
Participant_2189	250	0.0	24.718919879315116	250	0.0	24.718919879315116
Participant_2190	350	0.0	14.978734926555047	350	0.1	19.050262465383515
Participant_2191	150	1.0	0.0	150	1.0	0.0
Participant_2192	150	1.0	0.0	150	1.0	0.0
Participant_2193	300	0.5	15.369206225436628	350	0.5	23.1268242523698
Participant_2194	250	0.7	29.414494726239987	250	0.8	32.72938282338975
Participant_2195	150	0.9	9.871676655968834	150	0.9	9.871676655968834
Participant_2196	100	1.0	0.0	100	1.0	0.0
Participant_2197	100	0.1	26.00360551923521	100	0.5	92.67604868573109
Participant_2198	300	1.0	0.0	300	1.0	0.0
Participant_2199	350	1.0	0.0	350	1.0	0.0
Participant_2200	200	0.9	11.701495630901206	200	0.9	11.701495630901206
Participant_2201	150	0.5	23.86891283657469	100	0.6	39.091239427779726
Participant_2202	250	0.0	26.85190868448647	150	0.0	30.222714967388352
Participant_2203	400	0.5	37.818646194701365	200	0.3	65.18003912241845
Participant_2204	300	0.8	21.16689632421343	250	0.8	30.98326161010167
Participant_2205	350	0.1	28.489691118016708	350	0.1	28.489691118016708
Participant_2206	200	0.0	14.001785600415399	350	0.0	14.339194538048503
Participant_2207	150	0.6	24.57234217570641	100	0.4	46.4918003523202
Participant_2208	150	0.1	11.848523114717715	150	0.1	11.848523114717715
Participant_2209	400	0.4	21.799655960588	100	0.4	38.40882060152329
Participant_2210	350	0.2	24.705009613436705	150	0.1	40.28507788251129
Participant_2211	150	1.0	0.0	150	1.0	0.0
Participant_2212	300	0.5	17.852520830403755	200	0.5	28.16513802558049
Participant_2213	200	1.0	0.0	200	1.0	0.0
Participant_2214	200	0.8	12.393042402896878	200	0.8	12.393042402896878
Participant_2215	400	0.5	27.730849247724095	100	0.2	42.17315496853419
Participant_2216	150	0.1	23.138442039169362	150	0.0	33.72184010400381
Participant_2217	300	0.8	22.53968722054501	300	0.7	30.131586416914725
Participant_2218	100	0.0	24.308434750102688	100	0.0	24.308434750102688
Participant_2219	300	0.1	14.187142065969454	150	0.2	37.089755998118946
Participant_2220	100	0.7	21.286145729088673	100	0.5	48.7478204640987
Participant_2221	200	0.0	9.60728889958036	350	0.0	10.092695378341704
Participant_2222	100	0.5	19.908540880737593	100	0.5	19.908540880737593
Participant_2223	150	0.9	9.808159868191384	150	0.9	9.808159868191384
Participant_2224	100	0.7	16.825575770237403	100	0.8	31.60834541699391
Participant_2225	250	0.2	30.48257699079919	250	0.2	30.48257699079919
Participant_2226	150	0.9	14.575664650368434	150	0.8	15.797151641989135
Participant_2227	350	0.5	25.295256472311166	200	0.6	61.50558917691952
Participant_2228	150	0.7	17.015066852645628	150	0.7	17.015066852645628
Participant_2229	250	0.4	14.895469109766232	300	0.3	42.38189471932561
Participant_2230	150	0.5	15.197861691698606	150	0.3	55.78037289226381
Participant_2231	300	0.9	9.676001240181813	300	0.8	18.042657786479243
Participant_2232	300	0.7	22.25786377889846	250	0.7	34.15351372845846
Participant_2233	150	0.6	19.812874602136866	150	0.6	19.812874602136866
Participant_2234	300	1.0	0.0	300	0.9	12.19118534023661
Participant_2235	300	0.7	22.285926052107417	250	0.7	25.104033540449233
Participant_2236	400	0.0	33.04201870346302	300	0.1	50.843141130343234
Participant_2237	100	0.2	22.88176129584434	100	0.3	32.91105437387262
Participant_2238	300	0.9	10.362190888031353	300	0.9	10.362190888031353
Participant_2239	350	1.0	0.0	350	1.0	0.0
Participant_2240	400	0.5	30.066592756745816	250	0.4	54.526369767297
Participant_2241	200	1.0	0.0	200	1.0	0.0
Participant_2242	100	0.8	20.744577604762167	150	0.7	27.852513351581038
Participant_2243	400	1.0	0.0	400	1.0	0.0
Participant_2244	300	0.4	24.315118753565653	300	0.5	33.05242048625183
Participant_2245	300	0.4	21.300821580399194	150	0.4	24.04994802489186
Participant_2246	100	0.8	17.651841263732234	100	0.8	17.651841263732234
Participant_2247	100	0.0	44.08401070683111	100	0.1	47.91855068759906
Participant_2248	300	0.9	8.724964183307574	300	0.9	8.724964183307574
Participant_2249	350	0.9	10.044899203078147	350	0.9	10.044899203078147
Participant_2250	300	0.4	25.149055648274352	200	0.4	26.963401120778514
Participant_2251	400	0.2	19.704060495238032	400	0.4	53.842130344183076
Participant_2252	250	0.5	19.64910939457562	250	0.6	38.961198646858904
Participant_2253	400	0.7	15.23728978526037	400	0.8	28.543825952384168
Participant_2254	200	0.4	27.559481127191056	350	0.6	47.45313477527065
Participant_2255	300	1.0	0.0	300	1.0	0.0
Participant_2256	250	0.0	17.95201938501627	250	0.0	17.95201938501627
Participant_2257	100	1.0	0.0	100	1.0	0.0
Participant_2258	400	0.5	26.814175355583846	350	0.5	36.62103220828162
Participant_2259	250	0.5	25.09656350977161	300	0.7	45.14324423432591
Participant_2260	400	1.0	0.0	400	1.0	0.0
Participant_2261	100	0.6	47.82128187324133	100	0.4	59.373710512313444
Participant_2262	200	0.0	13.221195104830729	150	0.1	27.89063462884988
Participant_2264	350	0.8	17.65573561197607	350	0.8	17.65573561197607
Participant_2265	400	0.5	39.956226048014095	100	0.1	48.501932951172165
Participant_2266	200	1.0	0.0	200	1.0	0.0
Participant_2267	150	0.1	18.58460384296636	300	0.3	52.04541286223023
Participant_2268	400	0.4	18.780974415615393	250	0.5	53.090371066700975
Participant_2269	250	0.6	20.291007860626344	200	0.7	35.564202507577754
Participant_2270	400	0.6	25.781776509775273	400	0.5	30.602287496198713
Participant_2271	400	0.1	12.523977004130916	400	0.1	12.523977004130916
Participant_2272	400	0.2	15.874507866387544	350	0.3	26.272609310839304
Participant_2273	300	0.8	17.763375242335	300	0.7	27.620870732111253
Participant_2274	350	0.9	9.268225288586807	350	0.8	23.85843666295007
Participant_2275	250	0.5	20.151612838678695	300	0.6	38.06261288981617
Participant_2276	100	0.5	14.835767590522574	350	0.3	41.44574767090105
Participant_2277	350	1.0	0.0	350	1.0	0.0
Participant_2278	300	0.7	18.348365049780323	300	0.6	36.383547105800446
Participant_2279	300	0.8	11.907455647618429	300	0.9	18.0589313083582
Participant_2280	150	0.2	21.980673329086166	200	0.1	38.04405341180143
Participant_2281	150	0.6	19.622690946962397	150	0.5	37.47966115108299
Participant_2282	300	0.6	24.31588986650499	300	0.6	24.31588986650499
Participant_2283	400	0.1	20.077350422802308	250	0.2	35.520240708643854
Participant_2284	100	0.5	18.57686733547936	200	0.5	39.18896528361013
Participant_2285	400	1.0	0.0	400	1.0	0.0
Participant_2286	250	0.3	17.420533860935492	400	0.2	21.95449840010015
Participant_2287	200	0.1	15.647683534632211	200	0.0	17.02351315093333
Participant_2288	250	1.0	0.0	250	1.0	0.0
Participant_2289	200	0.3	30.243801017729236	150	0.4	38.238070034979536
Participant_2290	300	0.1	25.42193934380302	100	0.2	84.20109856765528
Participant_2291	350	0.7	27.122407710231037	350	0.6	27.53270782178898
Participant_2292	350	0.9	22.85060174262376	350	0.6	67.56885377154181
Participant_2293	250	0.2	16.13807609351251	200	0.2	17.03268915937821
Participant_2294	200	0.6	17.795715776557007	300	0.5	51.91302822991547
Participant_2295	250	0.3	14.088115558867338	100	0.3	15.752380772441986
Participant_2296	250	1.0	0.0	250	1.0	0.0
Participant_2297	350	0.6	20.959484726490775	350	0.6	20.959484726490775
Participant_2298	350	0.9	7.134423592694787	350	0.9	7.134423592694787
Participant_2299	350	0.7	19.60548392669765	350	0.6	40.8264620068896
Participant_2300	250	0.7	20.65096850029073	250	0.6	24.47907269485509
Participant_2301	400	0.7	68.32587357655956	100	0.0	93.63306040069394
Participant_2302	350	0.6	19.667231630303235	350	0.5	26.43104235553339
Participant_2303	200	0.8	17.279684603603158	200	0.7	19.001644665659864
Participant_2304	200	0.6	22.089307368045745	250	0.6	37.0030404156199
Participant_2305	350	0.7	28.537256350252033	250	0.7	42.89769807343979
Participant_2306	250	0.7	21.277041617668562	250	0.6	33.06017241334352
Participant_2307	250	0.0	15.281524793030309	350	0.1	40.28538816990597
Participant_2308	150	1.0	5.5901699437494745	150	0.9	11.399561395071302
Participant_2309	250	0.4	19.827380058898353	400	0.3	34.59407463713981
Participant_2310	200	0.9	6.278933030380241	200	0.9	6.278933030380241
Participant_2311	400	0.2	22.124646889837585	150	0.5	57.05019719510179
Participant_2312	150	0.1	15.178521008319619	250	0.2	27.73422975314079
Participant_2313	400	0.2	20.75451758051726	250	0.2	42.56392251661024
Participant_2314	100	0.6	16.974245196767956	150	0.5	59.08447342576559
Participant_2315	250	0.6	16.139237900223172	150	0.5	47.16699057603739
Participant_2316	350	0.8	17.65573561197607	350	0.8	17.65573561197607
Participant_2317	100	0.7	18.251027368342857	100	0.6	19.669138262770943
Participant_2318	200	0.9	8.981926296736129	200	0.7	27.153498853738906
Participant_2319	400	0.4	22.67101673944069	250	0.3	32.80205786227443
Participant_2320	100	0.6	20.478647416272395	150	0.5	35.08525331246733
Participant_2321	350	0.9	23.230368055629253	350	0.8	26.25309505563106
Participant_2322	150	0.9	18.3698121928342	150	0.7	38.900674801345026
Participant_2323	100	0.6	27.917288550287257	200	0.6	62.22288566114561
Participant_2324	150	0.7	19.830847183113484	150	0.7	19.830847183113484
Participant_2325	350	0.6	19.982492337043446	300	0.5	32.03455165910708
Participant_2326	250	1.0	0.0	250	1.0	0.0
Participant_2327	300	1.0	0.0	300	1.0	0.0
Participant_2328	350	0.3	17.363755354185336	100	0.4	32.36877353252668
Participant_2329	250	0.0	16.50075755836683	150	0.1	30.027279264029236
Participant_2330	300	0.6	16.95619355869707	300	0.6	16.95619355869707
Participant_2331	250	0.8	14.184939196203839	250	0.8	14.184939196203839
Participant_2332	250	0.0	13.314465817298117	200	0.1	35.246985686722205
Participant_2333	300	0.5	16.61964199373741	300	0.3	67.98878584001923
Participant_2334	250	0.6	20.321786338803978	250	0.8	42.425964927152805
Participant_2335	200	0.6	19.116419643855906	150	0.5	55.675174000626164
Participant_2336	150	0.7	13.067612635826025	150	0.8	27.469073519141485
Participant_2337	150	0.4	23.630488780387086	100	0.4	29.605531577730538
Participant_2338	150	0.5	19.390074780670652	400	0.3	48.507731342539614
Participant_2339	100	0.1	27.99441908666797	400	0.5	47.58150901348127
Participant_2340	350	0.7	17.1937488640494	350	0.8	22.95049019084342
Participant_2341	350	0.5	14.615060725156088	200	0.4	34.957474165048026
Participant_2342	200	0.9	15.634097351622191	200	0.6	52.82459181101166
Participant_2343	100	0.6	27.443123000125187	400	0.3	67.59622770539788
Participant_2344	100	0.5	29.813587506370315	100	0.7	65.45494633715622
Participant_2345	150	0.4	24.04994802489186	250	0.4	26.937427494101957
Participant_2346	300	0.7	18.280112144076142	250	0.5	55.47375505588206
Participant_2347	150	0.2	23.940551372096674	150	0.2	23.940551372096674
Participant_2348	250	0.0	12.689562640217353	250	0.0	12.689562640217353
Participant_2349	150	0.9	9.08019823572151	150	0.9	9.08019823572151
Participant_2350	400	0.6	50.913652393046796	100	0.1	68.19045021115494
Participant_2351	200	0.9	7.544865803975575	200	0.9	7.544865803975575
Participant_2352	300	0.8	12.370832631638017	300	0.9	15.608491278787966
Participant_2353	350	0.5	14.657762448614045	400	0.5	25.20416632225712
Participant_2354	400	0.7	26.214022964817893	400	0.7	26.214022964817893
Participant_2355	100	0.6	25.112248007695367	250	0.4	58.603540848655214
Participant_2356	300	0.8	25.579044157278435	300	0.5	85.89943247775273
Participant_2357	100	0.1	21.270578271405785	350	0.3	58.01077486122729
Participant_2358	200	1.0	0.0	200	1.0	0.0
Participant_2359	400	0.6	30.918441099124	400	0.5	31.862987932709636
Participant_2360	100	0.1	20.58367071248469	100	0.1	20.58367071248469
Participant_2361	350	0.1	22.75769100765717	200	0.2	31.366582536196066
Participant_2362	250	0.0	14.089889992473326	200	0.0	18.022208521710095
Participant_2363	250	0.3	23.09707773723767	300	0.4	51.80468125565488
Participant_2364	400	0.5	27.046256672597043	350	0.5	41.19890775251208
Participant_2365	100	0.6	29.88519700453721	100	0.5	32.902887411289605
Participant_2366	100	0.1	20.123058912600737	200	0.3	61.874368683647994
Participant_2367	300	0.9	17.02571584398142	300	0.9	17.02571584398142
Participant_2368	350	0.1	12.516489124351125	350	0.1	12.516489124351125
Participant_2369	150	0.3	16.47573974060042	350	0.2	33.22781214585155
Participant_2370	350	0.7	12.272937708633577	350	0.8	15.747221977225061
Participant_2371	300	0.0	13.725432597918362	150	0.0	15.521356255173064
Participant_2372	150	0.9	7.328028384224504	150	0.9	7.328028384224504
Participant_2373	400	0.2	15.913830462839549	100	0.4	41.30965383539301
Participant_2374	300	0.1	17.71369526665738	250	0.2	44.107113938683405
Participant_2375	300	0.0	19.484288542310185	150	0.1	29.71342289269279
Participant_2376	400	0.7	15.07232563342499	400	0.8	26.52357441974969
Participant_2377	350	0.8	19.215228335879853	350	0.7	21.139418156609704
Participant_2378	400	0.2	22.516660498395403	400	0.3	29.90401310861136
Participant_2379	250	0.0	13.500925894174815	350	0.1	33.15361971188063
Participant_2380	350	0.5	15.527395145355193	350	0.5	15.527395145355193
Participant_2381	250	0.1	35.28331758777794	300	0.1	36.572188887185845
Participant_2382	150	0.5	26.734341211258602	150	0.6	35.26754882324543
Participant_2383	400	1.0	0.0	400	1.0	0.0
Participant_2384	350	0.9	9.664367542679656	350	0.9	9.664367542679656
Participant_2385	100	0.8	13.475440623593723	100	0.7	27.894443891212457
Participant_2386	150	0.1	18.347683777523528	250	0.1	19.87240549103203
Participant_2387	100	0.5	28.175343831087492	150	0.4	48.27939519090934
Participant_2388	350	0.3	17.790446874657196	400	0.5	57.262553208881634
Participant_2389	200	0.6	19.181697005218282	200	0.6	19.181697005218282
Participant_2390	400	0.6	42.21611066879563	250	0.5	88.69801294279371
Participant_2391	100	0.7	22.290132345950752	100	0.8	37.370944596036104
Participant_2392	100	0.4	17.47104747861444	350	0.4	28.669234381127097
Participant_2393	150	1.0	0.0	150	1.0	0.0
Participant_2394	200	1.0	0.0	200	1.0	0.0
Participant_2395	400	0.6	17.66918221084383	300	0.5	41.57778854147969
Participant_2396	200	0.0	10.052362906302179	250	0.1	26.313732156423573
Participant_2397	250	0.7	27.865076709027736	250	0.8	28.830756146865102
Participant_2398	300	0.8	12.063892406682015	300	0.8	12.063892406682015
Participant_2399	100	0.1	10.720890821195784	100	0.1	10.720890821195784
Participant_2400	250	0.8	22.247752695497134	250	0.7	23.403258320157047
Participant_2401	150	0.7	20.390255025379158	200	0.7	25.021240976418415
Participant_2402	200	1.0	0.0	200	1.0	0.0
Participant_2403	200	0.7	22.103449956963733	200	0.6	26.323706046071855
Participant_2404	300	0.7	20.289467711105683	350	0.7	22.065244163616228
Participant_2405	350	0.5	21.819715855161817	100	0.6	68.2962297641678
Participant_2406	250	0.8	11.830574795841494	250	0.8	11.830574795841494
Participant_2407	100	0.3	18.990458130334822	150	0.3	20.650665848829185
Participant_2408	350	0.7	21.374634499799054	400	0.5	52.53808142671371
Participant_2409	200	0.0	15.200328943809078	250	0.0	21.645438318500275
Participant_2410	150	0.2	24.987997118616768	300	0.3	35.9510083307826
Participant_2411	200	0.0	8.648699324175862	400	0.0	79.38371999345961
Participant_2412	250	0.9	10.353139620424328	250	0.9	10.353139620424328
Participant_2413	200	0.0	15.646085772486357	250	0.1	24.746969511437154
Participant_2414	100	0.6	14.252192813739224	250	0.5	49.71003419833867
Participant_2415	150	0.8	12.531959144523254	150	0.8	12.531959144523254
Participant_2416	350	0.3	18.78163997099295	100	0.3	21.894919502021466
Participant_2417	400	0.9	7.492496246245306	400	0.9	7.492496246245306
Participant_2418	400	0.0	17.407613276954425	200	0.2	38.42346288402439
Participant_2419	400	0.2	31.51586901863885	100	0.5	41.7294859781426
Participant_2420	100	0.0	29.868880126312067	100	0.1	39.03443992168967
Participant_2421	400	0.0	22.92433205133794	100	0.2	80.14720831070787
Participant_2422	400	0.2	41.677331968349414	400	0.3	50.62608023538856
Participant_2423	350	0.5	26.383707093583343	400	0.5	34.08078637590395
Participant_2424	250	1.0	0.0	250	1.0	0.0
Participant_2425	100	0.7	17.08361788380904	150	0.6	44.72191856349635
Participant_2426	200	0.1	17.424121211699603	350	0.1	18.719308213713454
Participant_2427	400	0.7	13.681191468581968	400	0.7	13.681191468581968
Participant_2428	250	0.9	9.60143218483576	250	0.9	9.60143218483576
Participant_2430	300	1.0	0.0	300	0.9	12.19118534023661
Participant_2431	150	0.1	19.978425863916307	300	0.1	24.1872900507684
Participant_2432	250	0.1	30.164755924754306	250	0.2	45.350716642628704
Participant_2433	350	0.0	17.302095248841972	350	0.0	17.302095248841972
Participant_2434	150	0.1	13.477295722807302	200	0.1	15.03662196106559
Participant_2435	400	0.0	15.224158433227107	400	0.0	15.224158433227107
Participant_2436	250	0.0	20.02560860498377	300	0.1	34.09582085828115
Participant_2437	200	0.5	16.904880951961772	300	0.5	25.980040415672953
Participant_2438	350	0.5	18.367090134259158	350	0.5	18.367090134259158
Participant_2439	200	1.0	0.0	200	1.0	0.0
Participant_2440	250	0.6	22.841300313248368	300	0.7	23.003532337447655
Participant_2441	350	1.0	0.0	350	1.0	0.0
Participant_2442	150	0.2	15.55313473226539	150	0.2	15.55313473226539
Participant_2443	150	0.6	13.694889557787606	150	0.5	38.20634764015006
Participant_2444	300	1.0	0.0	300	1.0	0.0
Participant_2445	350	0.1	27.37083301618714	350	0.1	27.37083301618714
Participant_2446	400	0.4	25.694843840739722	400	0.6	48.09833676958071
Participant_2447	100	0.6	69.06971116198474	400	0.0	88.9903084610903
Participant_2448	350	1.0	0.0	350	1.0	0.0
Participant_2449	150	0.9	10.545141061171254	150	0.9	10.545141061171254
Participant_2450	150	0.0	12.63576273914638	350	0.0	14.512494616708734
Participant_2451	100	0.8	14.969552431519121	100	0.8	14.969552431519121
Participant_2452	100	0.6	33.49440251743565	100	0.5	51.61249848631628
Participant_2453	150	0.6	19.07354188398159	150	0.6	19.07354188398159
Participant_2454	400	0.8	20.273134932713294	400	0.7	26.237854333005203
Participant_2455	100	0.2	25.442582416099196	100	0.1	30.902063037926773
Participant_2456	250	0.0	26.215930271497136	200	0.0	29.724568962392034
Participant_2457	400	0.0	16.52346815895501	200	0.2	53.922282036278844
Participant_2458	100	0.6	31.09461368147223	100	0.7	40.689064870060605
Participant_2459	300	0.5	29.790308826865154	150	0.4	42.949388819865646
Participant_2460	150	0.1	27.868216663432197	100	0.3	56.26399825821126
Participant_2461	350	0.1	21.045486451968745	150	0.1	25.03272857680521
Participant_2462	400	0.1	22.12125674549256	300	0.2	38.89135508053171
Participant_2463	350	0.8	19.601658093130794	350	0.7	26.960619429085824
Participant_2464	250	0.0	35.03248492470952	150	0.0	38.09084535685707
Participant_2465	350	0.1	21.602372554883875	150	0.1	25.379864065829825
Participant_2466	100	0.4	20.651573789907637	150	0.2	60.306716043903435
Participant_2467	150	0.8	12.631310304160849	150	0.8	12.631310304160849
Participant_2468	400	0.5	16.515144564913744	400	0.5	16.515144564913744
Participant_2469	150	0.7	18.761996162455635	150	0.7	18.761996162455635
Participant_2470	150	0.6	25.49607812978302	150	0.6	25.49607812978302
Participant_2471	150	1.0	5.5901699437494745	150	0.9	11.399561395071302
Participant_2472	150	0.8	11.160197130875423	150	0.9	21.678330193997876
Participant_2473	250	1.0	0.0	250	1.0	0.0
Participant_2474	350	0.3	24.14021540914662	300	0.3	25.835537540372563
Participant_2475	200	0.0	14.867750334196495	250	0.0	18.125258618844587
Participant_2476	200	0.5	15.835876988660907	150	0.5	17.527835006069633
Participant_2477	300	0.0	14.862284481196017	250	0.1	19.523383415791436
Participant_2478	400	0.2	19.60867155112758	400	0.2	19.60867155112758
Participant_2479	250	0.0	19.64751892733533	200	0.0	24.337214302380623
Participant_2480	150	0.1	30.151907070697867	100	0.1	35.75874019033668
Participant_2481	300	0.0	14.820172063778477	150	0.0	17.092761625904693
Participant_2482	200	0.7	15.884347641625073	200	0.7	15.884347641625073
Participant_2483	400	1.0	0.0	400	1.0	0.0
Participant_2484	150	0.1	17.07739734268662	400	0.3	65.12871870380992
Participant_2485	250	1.0	0.0	250	1.0	0.0
Participant_2486	250	0.4	21.837467801922458	400	0.4	23.8531968507368
Participant_2487	100	0.8	16.85489543129829	100	0.8	16.85489543129829
Participant_2488	300	0.8	13.758179385369273	300	0.9	13.959763608313716
Participant_2489	400	0.0	27.622907160543402	400	0.0	27.622907160543402
Participant_2490	350	0.2	19.914504764116028	150	0.2	28.99396488926618
Participant_2491	100	0.7	24.83646512690564	150	0.6	36.41840194187548
Participant_2492	350	0.1	24.554276613250085	350	0.0	26.25571366388657
Participant_2493	300	0.8	19.216854581330423	300	0.8	19.216854581330423
Participant_2494	400	0.1	21.374049686477292	350	0.3	42.76680956068619
Participant_2495	250	0.6	19.886553245849317	200	0.4	74.72131556657712
Participant_2496	350	0.8	15.507256365972673	350	0.7	23.835372873106056
Participant_2497	150	0.2	23.5457002444183	250	0.3	39.69855161085855
Participant_2498	250	0.5	18.023248874717343	150	0.5	27.92355636375854
Participant_2499	100	0.6	66.83468410937543	400	0.1	75.32828154152995
Participant_2500	350	0.6	21.13764414498456	350	0.6	21.13764414498456
Participant_2501	200	0.8	25.881219059387444	200	0.7	29.428939838193287
Participant_2502	200	0.9	10.033693238284695	200	0.8	18.468554355985745
Participant_2503	150	0.1	20.196224894766843	350	0.2	45.031516741055924
Participant_2504	300	0.0	21.92914727024286	250	0.1	25.688762134443145
Participant_2505	250	0.0	20.67063134014053	200	0.0	26.38275952208184
Participant_2506	200	1.0	0.0	200	1.0	0.0
Participant_2507	300	0.6	23.664583241629252	350	0.8	35.37972583274212
Participant_2508	400	0.2	23.49468024894146	400	0.2	23.49468024894146
Participant_2509	100	0.1	14.051245496396396	100	0.1	14.051245496396396
Participant_2510	400	1.0	0.0	400	1.0	0.0
Participant_2511	350	0.6	19.76233791837393	350	0.6	19.76233791837393
Participant_2512	400	0.9	13.081953218078713	400	0.9	13.081953218078713
Participant_2513	350	0.1	25.033227918109162	250	0.1	28.89485248275201
Participant_2514	350	0.5	28.720201949150706	400	0.4	38.376099332787845
Participant_2515	400	0.6	27.471803726730432	350	0.6	29.14275210065103
Participant_2516	150	0.5	29.932841495588086	300	0.6	55.12497165532151
Participant_2517	350	0.3	28.2444684849972	100	0.4	42.883417541049596
Participant_2518	250	0.0	27.857225274603355	100	0.1	74.3299233149073
Participant_2519	100	0.1	18.437394067492292	100	0.1	18.437394067492292
Participant_2520	200	0.6	12.162956055170142	150	0.6	23.74447304111001
Participant_2521	400	0.8	80.82233602167163	100	0.0	102.24187009244305
Participant_2522	300	1.0	0.0	300	0.9	12.19118534023661
Participant_2523	100	0.4	26.462001058121057	150	0.4	33.51715978420606
Participant_2524	400	0.9	14.00490985333358	400	0.8	23.01629857296781
Participant_2525	250	0.0	28.236058506810046	150	0.1	43.736569367063986
Participant_2526	150	0.5	22.879576045023214	150	0.4	31.637003650788422
Participant_2527	400	0.6	27.243347811897127	300	0.5	54.47442060270123
Participant_2528	350	0.7	25.012496876561524	350	0.8	31.630286119477326
Participant_2529	150	0.9	12.988456413292536	150	0.9	12.988456413292536
Participant_2530	350	1.0	0.0	350	1.0	0.0
Participant_2531	350	0.1	28.925118841588187	300	0.2	41.7287371004683
Participant_2532	150	0.5	15.402110245028114	200	0.4	34.88588539796575
Participant_2533	400	0.8	19.03286631067428	400	0.8	19.03286631067428
Participant_2534	400	0.1	19.120669444347392	400	0.2	24.253865671269807
Participant_2535	350	0.5	32.30479840519052	400	0.5	39.83089253330887
Participant_2536	150	0.6	16.88342382338369	400	0.3	83.70633189908635
Participant_2537	350	0.8	18.85404465890542	350	0.7	28.140273630510418
Participant_2538	400	0.5	27.299267389437397	350	0.4	47.926245419394164
Participant_2539	100	0.2	29.640765847055977	200	0.4	55.51598868794466
Participant_2540	150	0.9	9.08019823572151	150	0.7	45.2577341456684
Participant_2541	400	1.0	0.0	400	1.0	0.0
Participant_2542	250	0.1	23.794169453880922	400	0.2	78.07528418135921
Participant_2543	100	0.0	31.951525785164	100	0.3	82.68547333117226
Participant_2544	250	0.4	19.921721813136536	250	0.4	19.921721813136536
Participant_2545	400	0.4	11.356716074640591	250	0.4	20.17114275394431
Participant_2546	250	0.3	26.28640332947815	100	0.4	36.91527461634276
Participant_2547	400	0.8	8.426149773176359	400	0.9	14.400954829454886
Participant_2548	200	0.7	20.212929030697158	200	0.6	26.887497094374552
Participant_2549	400	0.0	27.7358071813315	400	0.0	27.7358071813315
Participant_2550	400	1.0	7.905694150420948	400	0.9	25.19697402467209
Participant_2551	300	0.5	23.663526787019723	200	0.4	32.43493486967409
Participant_2552	400	0.2	30.732718721258617	100	0.3	53.996643414197514
Participant_2553	350	0.1	22.06042837299403	300	0.1	25.66661255405551
Participant_2554	250	1.0	0.0	250	1.0	0.0
Participant_2555	150	0.3	24.928898892650675	300	0.4	49.32012773706086
Participant_2557	350	0.9	14.650938536489736	350	0.8	19.47370021336469
Participant_2558	350	1.0	5.5901699437494745	350	0.9	11.331372379372237
Participant_2559	350	0.4	20.479868163638162	150	0.5	37.960176501170274
Participant_2560	300	0.7	24.857845843918174	300	0.7	24.857845843918174
Participant_2561	250	0.9	10.709224995301948	250	0.9	10.709224995301948
Participant_2562	100	1.0	0.0	100	1.0	0.0
Participant_2563	250	0.0	18.05616238296499	300	0.0	20.937705222874833
Participant_2564	350	0.0	12.574279303403436	350	0.0	12.574279303403436
Participant_2565	100	0.5	19.237983262286097	150	0.5	31.65793739332997
Participant_2566	300	0.7	19.727202031712455	350	0.6	29.121298047992298
Participant_2567	350	1.0	0.0	350	1.0	0.0
Participant_2568	150	0.8	19.256167843057455	150	0.9	32.995454232363585
Participant_2569	150	0.9	7.242237223399963	150	0.9	7.242237223399963
Participant_2570	300	0.2	22.694437644497825	100	0.2	44.621463445297266
Participant_2571	200	0.6	33.002840786817124	200	0.5	50.678151110710424
Participant_2572	250	0.0	31.101044998520546	150	0.1	46.06123641414763
Participant_2573	100	0.2	23.099242411819485	250	0.4	41.780677352096625
Participant_2574	350	0.0	14.295541262925305	100	0.0	73.03868837814655
Participant_2575	100	0.2	22.990759013133953	300	0.3	43.025864314386524
Participant_2576	300	0.2	25.323654949473624	150	0.1	30.296658231560787
Participant_2577	200	0.5	19.57741045184475	150	0.6	21.85291742536909
Participant_2578	150	1.0	0.0	150	1.0	0.0
Participant_2579	100	0.7	18.31938863608718	100	0.6	24.634833062150026
Participant_2580	250	1.0	0.0	250	1.0	0.0
Participant_2581	250	0.5	15.924430916048461	300	0.3	86.11750693093711
Participant_2582	100	0.5	22.390846343986198	100	0.5	22.390846343986198
Participant_2583	150	0.1	15.544693628373638	400	0.1	62.0431301595914
Participant_2584	200	0.5	27.559481127191056	150	0.6	30.537681640884266
Participant_2585	150	0.6	27.92937521678564	300	0.5	45.31790485007002
Participant_2586	400	0.8	25.80697580112788	350	0.7	31.612892939432164
Participant_2587	400	0.7	16.686072036282237	400	0.7	16.686072036282237
Participant_2588	150	0.6	35.14327816240255	150	0.5	42.8044974272564
Participant_2589	350	0.6	15.749603169603988	300	0.6	20.555108854005127
Participant_2590	150	0.7	18.695253408285215	150	0.8	26.283074401599215
Participant_2591	250	0.7	28.26592471510529	250	0.8	37.466151390288275
Participant_2592	350	0.1	20.44290830581598	200	0.1	21.618279302479188
Participant_2593	200	0.3	18.833148966649205	250	0.3	25.391435563984956
Participant_2594	400	0.4	19.690733861387695	250	0.4	25.137123940498842
Participant_2595	150	0.8	10.224969437607136	150	0.8	10.224969437607136
Participant_2596	400	0.5	24.19194080680589	350	0.3	49.86481725625794
Participant_2597	100	0.5	22.22273610516941	200	0.5	54.378534367891895
Participant_2598	350	0.9	29.06286290096005	350	0.8	41.2519696499452
Participant_2599	100	0.4	15.897719962309061	250	0.4	29.463961037172176
Participant_2600	200	1.0	0.0	200	1.0	0.0
Participant_2601	200	0.3	27.652983564165368	250	0.3	31.160471755093823
Participant_2602	350	1.0	0.0	350	1.0	0.0
Participant_2603	100	0.6	22.458294681475707	400	0.2	82.81455186137276
Participant_2604	200	0.1	17.171196813268434	350	0.1	19.181045331263885
Participant_2605	300	0.6	23.478979960807496	300	0.8	43.63814271941463
Participant_2606	300	0.9	7.407766195014527	300	0.9	7.407766195014527
Participant_2607	400	0.6	20.148200912240277	400	0.6	20.148200912240277
Participant_2608	350	0.6	26.515090043218784	350	0.7	28.27322054524387
Participant_2609	400	1.0	9.682458365518542	400	0.9	25.906321622337664
Participant_2610	250	0.0	13.408019988051928	150	0.0	13.952150371896083
Participant_2611	250	0.7	30.417305929355415	200	0.5	61.233365087997576
Participant_2612	400	0.2	18.993419913222578	350	0.2	25.794136930705783
Participant_2613	400	0.4	24.165574687972974	400	0.5	37.1012129181783
Participant_2614	300	0.9	10.179636535751166	300	0.9	10.179636535751166
Participant_2615	350	0.1	21.57342114732849	250	0.2	31.66918849607612
Participant_2616	200	0.6	15.22128443988877	300	0.6	22.500277776063122
Participant_2617	100	0.0	15.839823231336895	100	0.1	23.047505287991584
Participant_2618	350	0.1	24.37544871381858	100	0.0	79.80225560721952
Participant_2619	350	1.0	0.0	350	1.0	0.0
Participant_2620	100	0.4	12.80576042255984	150	0.4	13.072872675888801
Participant_2621	100	0.2	23.072169382179908	200	0.3	45.60359086738675
Participant_2622	400	0.0	39.47182539483068	200	0.3	51.52365961381237
Participant_2623	350	0.5	16.653828388691892	200	0.4	37.37679761563315
Participant_2624	100	0.3	20.387189605239854	250	0.4	36.20255515844151
Participant_2625	300	0.5	20.523462183559577	250	0.4	21.693893149916637
Participant_2626	400	0.0	17.44348015735392	400	0.0	17.44348015735392
Participant_2627	200	0.0	10.358571330062848	350	0.0	10.867957489795403
Participant_2628	300	0.8	17.938436386708847	300	0.7	19.97905152903911
Participant_2629	350	1.0	0.0	350	1.0	0.0
Participant_2630	400	0.9	16.804389307558903	400	0.8	19.196353820452465
Participant_2631	350	0.5	15.446682491719702	200	0.5	41.13423148668272
Participant_2632	350	0.6	37.08840789249385	300	0.5	44.860478151709444
Participant_2633	400	0.9	13.505091632417752	400	0.9	13.505091632417752
Participant_2634	150	1.0	0.0	150	1.0	0.0
Participant_2635	300	0.1	16.31793491836513	250	0.1	18.197870754569063
Participant_2636	100	0.5	14.233762678926468	350	0.5	49.9484734501466
Participant_2637	400	0.1	18.5903200617956	400	0.1	18.5903200617956
Participant_2638	350	0.1	28.860223491858132	300	0.1	31.702129266028805
Participant_2639	350	0.8	19.084679719607557	300	0.6	46.09785786780119
Participant_2640	100	0.6	23.571699132646334	100	0.5	32.63586983673026
Participant_2641	150	1.0	7.905694150420948	150	0.9	8.941476388158724
Participant_2642	300	0.7	19.536184376689324	300	0.8	19.950877173698405
Participant_2643	200	0.9	8.981926296736129	200	0.9	8.981926296736129
Participant_2644	100	0.9	10.498809456314559	100	0.8	25.963195103838817
Participant_2645	400	0.0	11.90693075481671	400	0.0	11.90693075481671
Participant_2646	250	0.5	12.342507848893595	300	0.5	19.26687571974242
Participant_2647	150	0.7	23.146544018492264	150	0.7	23.146544018492264
Participant_2648	200	0.9	9.188307787617914	200	0.9	9.188307787617914
Participant_2649	300	0.6	27.041865690073976	300	0.8	50.45332000968816
Participant_2650	300	0.6	18.028103061609116	300	0.7	28.621015006459853
Participant_2651	150	1.0	0.0	150	1.0	0.0
Participant_2652	100	0.5	24.951953831313492	150	0.5	34.18296359299468
Participant_2653	100	1.0	0.0	100	1.0	0.0
Participant_2654	300	0.2	25.6668560599073	250	0.1	34.44070992299665
Participant_2655	400	0.2	26.043233286210835	250	0.2	56.42860533452869
Participant_2656	300	0.9	7.8182478855559445	300	0.9	7.8182478855559445
Participant_2657	250	0.6	33.93707412255806	200	0.7	36.63758316264871
Participant_2658	250	0.7	19.942730505123915	250	0.8	26.31468221354763
Participant_2659	350	1.0	0.0	350	1.0	0.0
Participant_2660	350	0.4	19.414556394623084	100	0.3	37.37495819395655
Participant_2661	150	1.0	0.0	150	1.0	0.0
Participant_2662	350	1.0	0.0	350	1.0	0.0
Participant_2663	150	0.6	21.2143819141638	150	0.6	21.2143819141638
Participant_2664	100	0.7	66.48759282753437	400	0.0	100.51380502199686
Participant_2665	150	0.7	19.672633275695453	150	0.8	27.808272150566996
Participant_2666	350	0.7	25.580754484572967	300	0.6	31.305151333286986
Participant_2667	100	0.1	32.671662033021825	200	0.2	67.35252408039361
Participant_2668	350	0.9	10.35132841716463	350	0.9	10.35132841716463
Participant_2669	400	0.6	19.129819654142064	400	0.7	35.45666368963668
Participant_2670	250	0.4	25.87228246599051	100	0.3	50.34270056323955
Participant_2671	150	0.1	32.812154760088525	300	0.1	34.260399880912075
Participant_2672	400	0.5	23.323807579381203	350	0.3	52.70436414567583
Participant_2673	350	0.2	19.661828500930426	250	0.3	26.89749058927245
Participant_2674	350	0.8	15.826401991608831	350	0.7	17.15735993677349
Participant_2675	100	0.6	19.98436889171134	100	0.5	22.138202275704323
Participant_2676	250	0.7	28.376266491559456	250	0.7	28.376266491559456
Participant_2677	400	0.2	13.162446581088183	200	0.3	28.71737279069936
Participant_2678	400	0.3	20.074859899884732	400	0.2	27.00925767213901
Participant_2679	100	0.6	61.61878771933119	400	0.0	86.05536008872429
Participant_2680	250	0.3	18.734326782673563	350	0.2	23.724196509049573
Participant_2681	200	0.7	20.641281452468014	250	0.7	33.15060331276039
Participant_2682	400	0.5	22.02839077191069	350	0.5	34.09325446477646
Participant_2683	400	0.8	11.926860441876563	400	0.9	29.430214066499754
Participant_2684	100	0.2	24.7956649436953	100	0.3	35.59336314539552
Participant_2685	200	1.0	0.0	200	1.0	0.0
Participant_2686	250	0.9	8.569568250501305	250	0.9	8.569568250501305
Participant_2687	100	0.6	18.45602882529175	100	0.7	19.02235526952433
Participant_2688	400	0.9	11.774442661969186	400	0.9	11.774442661969186
Participant_2689	300	0.8	18.11180554224233	300	0.6	39.96889415533034
Participant_2690	400	0.0	32.237788385681796	250	0.1	42.55775487499311
Participant_2691	250	0.6	25.748300914817662	200	0.6	34.120191968979306
Participant_2692	100	0.6	17.338540884399702	150	0.6	29.069743720920552
Participant_2693	350	0.6	29.56856438855292	350	0.6	29.56856438855292
Participant_2694	350	0.0	19.605165135749303	300	0.1	25.125186566471502
Participant_2695	100	0.2	37.061772758463675	250	0.2	54.179677924476444
Participant_2696	400	0.5	12.409673645990857	400	0.6	24.843510218968657
Participant_2697	300	1.0	0.0	300	1.0	0.0
Participant_2698	250	0.0	11.114180131705622	250	0.0	11.114180131705622
Participant_2699	350	0.2	23.803098537795453	250	0.3	28.761519431351328
Participant_2700	300	0.2	18.473968171456832	150	0.1	25.722315214614724
Participant_2701	100	0.1	27.702662326931684	350	0.3	76.98376452213805
Participant_2702	250	0.7	13.424324936472598	250	0.6	27.55403781662499
Participant_2703	300	0.1	17.60752679963884	250	0.0	26.7352763217439
Participant_2704	200	0.2	25.497303779027302	200	0.2	25.497303779027302
Participant_2705	150	0.5	18.46550838726083	350	0.4	26.493867214885785
Participant_2706	200	0.7	32.12962029031778	250	0.6	37.77201344911335
Participant_2707	100	0.6	29.10111681705704	150	0.4	57.583851903116035
Participant_2708	100	0.2	23.6606212936178	100	0.3	33.66210777714313
Participant_2709	350	0.9	14.261837188805655	350	0.7	27.26031914706796
Participant_2710	150	0.0	18.931785441421	150	0.1	40.39353289822518
Participant_2711	150	0.1	29.204237706195997	250	0.2	39.23248016631118
Participant_2712	400	0.6	26.262140049889307	400	0.6	26.262140049889307
Participant_2713	350	1.0	0.0	350	1.0	0.0
Participant_2714	300	0.9	10.240849574132021	300	0.8	18.921878870767564
Participant_2715	400	1.0	0.0	400	1.0	0.0
Participant_2716	350	0.6	25.284382531515377	100	0.3	66.6943588319132
Participant_2717	150	0.0	10.045521390151931	200	0.1	26.7132925713024
Participant_2718	150	0.3	21.36469049623701	100	0.1	55.721966045716655
Participant_2719	400	0.0	16.333248299098376	150	0.1	63.74078364752037
Participant_2720	200	0.7	22.689479941153344	200	0.7	22.689479941153344
Participant_2721	100	0.4	32.484419342201576	250	0.4	36.42629544710799
Participant_2722	100	0.5	45.13978289712966	200	0.3	56.951185237885966
Participant_2723	300	1.0	12.5	300	0.9	14.785973082621245
Participant_2724	100	0.0	15.480633061990714	100	0.0	15.480633061990714
Participant_2725	400	0.5	29.266021253323792	400	0.7	50.86428019740376
Participant_2726	350	0.5	23.71391996275605	400	0.4	30.845988393954894
Participant_2727	100	0.2	26.12135141986341	100	0.2	26.12135141986341
Participant_2728	400	0.1	11.804660096758399	400	0.2	30.549140740780256
Participant_2729	250	0.8	16.581993245686718	250	0.8	16.581993245686718
Participant_2730	250	0.0	25.194741514847895	200	0.1	42.64504660567274
Participant_2731	100	0.4	15.255736625938454	350	0.4	24.661204350152893
Participant_2732	150	0.6	25.691438262580785	250	0.6	46.11642874291113
Participant_2733	100	0.1	15.245901088489326	100	0.2	36.77397177352482
Participant_2734	100	1.0	0.0	100	1.0	0.0
Participant_2735	400	0.4	20.468878816388553	400	0.3	38.33079701754191
Participant_2736	300	0.7	31.030831442293003	250	0.7	33.18828859703375
Participant_2737	150	0.6	25.52057993071474	150	0.7	42.21388989420426
Participant_2738	300	1.0	0.0	300	1.0	0.0
Participant_2739	100	0.0	38.238070034979536	100	0.4	97.99355846176829
Participant_2740	300	0.1	23.21152730864559	200	0.0	23.765521244020714
Participant_2741	400	0.1	26.136181817549403	350	0.3	43.376260788592646
Participant_2742	250	0.0	17.457806276849333	350	0.0	19.82706483572392
Participant_2743	350	0.1	13.934220466176068	300	0.0	28.38815774226993
Participant_2744	350	0.1	16.406172618865135	200	0.0	32.47768464653846
Participant_2745	250	0.4	23.251344047172843	400	0.3	40.4103947023535
Participant_2746	150	0.7	28.319825211325018	250	0.5	48.06076882447887
Participant_2747	400	0.2	12.971121771072847	400	0.1	24.760856204905355
Participant_2748	350	0.6	24.910841013502534	350	0.7	37.374790969315136
Participant_2749	350	0.1	22.42571069107956	250	0.1	25.493381494027034
Participant_2750	250	0.5	23.018199321406527	350	0.5	40.75659455842698
Participant_2751	400	0.2	23.837994882120434	300	0.3	32.614797255233704
Participant_2752	250	0.0	17.493570247379463	300	0.0	21.35152219397952
Participant_2753	300	0.8	24.19788213873272	300	0.7	32.98351861157327
Participant_2754	150	0.6	16.47118696390761	150	0.8	48.291303564927716
Participant_2755	100	0.5	20.52681173489931	150	0.4	30.572046055179232
Participant_2756	250	0.0	35.826317142569934	250	0.1	55.575736612302315
Participant_2757	200	0.5	17.12527372044021	200	0.4	37.476992942337304
Participant_2758	100	0.3	21.110127901081036	400	0.4	24.035910633882796
Participant_2759	250	1.0	0.0	250	1.0	0.0
Participant_2760	400	1.0	0.0	400	1.0	0.0
Participant_2761	400	0.0	25.87034982368812	400	0.2	38.723377951826464
Participant_2762	350	0.0	23.06214430620015	250	0.0	29.06501333218342
Participant_2763	150	0.0	7.804646052192245	150	0.0	7.804646052192245
Participant_2764	400	0.6	16.798809481626964	400	0.6	16.798809481626964
Participant_2765	100	0.7	20.5085348087083	150	0.4	85.06409348250294
Participant_2766	150	0.6	23.18512454139507	400	0.2	96.78326301587481
Participant_2767	200	0.9	5.65022123460666	200	0.9	5.65022123460666
Participant_2768	400	0.1	26.088311559010485	250	0.2	30.400452299266863
Participant_2769	100	0.3	18.49020010708375	250	0.3	19.228234448331445
Participant_2770	200	0.8	8.505145501400902	200	0.9	14.85513379273307
Participant_2771	400	1.0	9.682458365518542	400	0.9	17.389292682567625
Participant_2772	350	0.0	13.109633862164115	400	0.1	73.19904370960047
Participant_2773	350	0.0	9.252702307974682	350	0.1	26.512497053276594
Participant_2774	200	0.9	4.263214749458442	200	0.9	4.263214749458442
Participant_2775	200	0.5	12.728904116223045	200	0.6	28.468183995471154
Participant_2776	400	0.6	26.190647185588983	100	0.2	72.04044003197093
Participant_2777	150	0.2	19.219781476385208	350	0.3	50.52474641203061
Participant_2778	400	0.9	10.949315047070296	400	0.9	10.949315047070296
Participant_2779	300	0.9	13.596874640887147	300	0.8	23.356744208044066
Participant_2780	150	0.6	15.614096195425466	300	0.5	34.784515233074615
Participant_2781	400	0.7	21.176047789896963	400	0.7	21.176047789896963
Participant_2782	400	0.7	23.578061837224872	300	0.4	71.02798744157123
Participant_2783	100	0.5	30.126400382388866	100	0.4	42.34073098093607
Participant_2784	300	0.0	12.026533166295264	250	0.0	14.697788949362417
Participant_2785	400	0.1	14.11913595090011	400	0.1	14.11913595090011
Participant_2786	350	0.1	18.348365049780323	250	0.0	28.784110199900223
Participant_2787	100	0.5	17.961069010501575	300	0.4	45.74357878434961
Participant_2788	400	0.0	30.7697091308969	400	0.1	33.680112826414344
Participant_2789	200	0.8	14.994582354970746	200	0.7	25.36853365884595
Participant_2790	300	0.6	9.811345473481198	250	0.7	29.414494726239987
Participant_2791	100	0.3	14.93778765413406	350	0.4	25.459281215305353
Participant_2792	350	1.0	0.0	350	1.0	0.0
Participant_2793	100	0.5	33.054500450014366	100	0.6	39.26671618559413
Participant_2794	100	0.0	11.817360111293892	100	0.0	11.817360111293892
Participant_2795	150	1.0	0.0	150	1.0	0.0
Participant_2796	250	0.9	8.642193008721803	250	0.8	14.957021762369672
Participant_2797	400	0.9	17.389292682567625	400	0.8	23.01629857296781
Participant_2798	400	0.4	18.74766652146341	300	0.4	26.33865979885841
Participant_2799	150	0.2	17.158088471621774	300	0.2	20.94725519011978
Participant_2800	100	0.2	26.454205714781914	100	0.3	32.278282172383335
Participant_2801	300	0.5	24.697418893479536	250	0.6	48.02837702858592
Participant_2802	200	0.8	13.080042048862076	200	0.8	13.080042048862076
Participant_2803	350	0.8	12.815030237966667	350	0.8	12.815030237966667
Participant_2804	350	1.0	0.0	350	1.0	0.0
Participant_2805	350	0.9	5.779273310719955	350	0.9	5.779273310719955
Participant_2806	100	0.2	28.214801080284087	150	0.4	56.14401125676718
Participant_2807	100	0.5	16.73618833546038	100	0.4	32.79081426253395
Participant_2808	100	0.1	23.92566613492715	350	0.3	49.28488612140643
Participant_2809	150	0.3	16.924833824885845	350	0.3	25.96150997149434
Participant_2810	300	0.6	30.7207177650523	300	0.7	31.550158478207365
Participant_2811	100	0.5	22.390846343986198	200	0.4	37.593549978686504
Participant_2812	400	0.7	26.11848004765974	300	0.6	49.81227258417347
Participant_2813	250	0.0	36.22533643736108	300	0.0	42.03733459676053
Participant_2814	200	0.7	16.157428632056526	200	0.8	16.98786331473149
Participant_2815	150	0.3	19.94241710525582	200	0.3	22.01561945528674
Participant_2816	100	0.1	33.855391003501936	100	0.2	46.10938082429648
Participant_2817	250	0.0	21.266758098027072	200	0.1	28.807117176142427
Participant_2818	250	1.0	0.0	250	1.0	0.0
Participant_2819	100	0.9	13.047030313446811	100	0.9	13.047030313446811
Participant_2820	250	0.3	14.738554881670048	350	0.2	19.661828500930426
Participant_2821	100	0.6	22.458294681475707	100	0.7	23.861056137564407
Participant_2822	350	0.1	13.889294438523507	400	0.1	50.36715199413205
Participant_2823	200	0.9	14.980821072291064	200	0.7	31.875735285636942
Participant_2824	100	0.5	17.538529014715003	200	0.4	43.020634583883115
Participant_2825	150	0.1	23.59316638351029	250	0.1	23.846645466396318
Participant_2826	300	0.5	17.028285292418612	300	0.3	63.99199168646027
Participant_2827	400	1.0	0.0	400	1.0	0.0
Participant_2828	300	0.0	11.97445197075841	150	0.1	26.417560447550795
Participant_2829	150	0.1	25.47817693635084	350	0.3	57.4151547938347
Participant_2830	100	0.2	17.91856579082154	100	0.1	31.897296123652865
Participant_2831	300	0.8	24.32668288114925	350	0.7	26.774521470980577
Participant_2832	250	0.6	20.291007860626344	250	0.6	20.291007860626344
Participant_2833	100	0.7	49.250380709188434	400	0.1	101.14642850837592
Participant_2834	400	0.1	25.580265831300505	300	0.2	28.52696093172212
Participant_2835	200	0.1	11.666190466471907	250	0.0	25.29377393747323
Participant_2836	400	0.5	18.445866745696716	400	0.3	45.50274716981382
Participant_2837	350	1.0	11.180339887498949	350	0.8	41.70401659312925
Participant_2838	300	1.0	18.540496217739157	300	0.9	21.47382127149241
Participant_2839	100	1.0	0.0	100	1.0	0.0
Participant_2840	300	0.0	16.074436226505735	250	0.1	23.636042392921876
Participant_2841	400	0.7	17.202470752772697	400	0.6	26.166772823563857
Participant_2842	350	0.6	19.11936191403887	250	0.4	53.06246319197781
Participant_2843	300	1.0	5.5901699437494745	300	0.9	12.644168616401792
Participant_2844	250	0.2	17.36915369268175	200	0.1	22.385263009399733
Participant_2845	250	0.7	10.134717558965322	200	0.4	89.54482117911677
Participant_2846	100	0.6	25.50735188136942	100	0.5	27.020362691866296
Participant_2847	200	0.9	11.91322794208186	200	0.8	19.360720544442554
Participant_2848	150	0.5	25.612008902075605	100	0.4	40.298728267775395
Participant_2849	400	1.0	12.5	400	0.9	21.61914660665402
Participant_2850	150	0.1	25.231676519803436	300	0.1	30.27003468778984
Participant_2851	150	0.2	29.82281006209844	150	0.3	40.04934456392514
Participant_2852	300	0.0	12.733322425824298	200	0.0	14.99333185119305
Participant_2853	250	0.9	7.725768570181222	250	0.9	7.725768570181222
Participant_2854	400	0.6	19.898492405204973	400	0.7	29.55376456561837
Participant_2855	250	0.9	8.422440263961509	250	0.9	8.422440263961509
Participant_2856	350	0.6	21.372880011828073	250	0.6	43.994033686398886
Participant_2857	100	0.6	18.8248505970167	100	0.7	34.08592084717677
Participant_2858	100	0.5	21.362350057987534	100	0.5	21.362350057987534
Participant_2859	300	0.8	13.482859488995649	300	0.9	21.991475621249247
Participant_2860	150	0.9	9.549869109050658	150	0.9	9.549869109050658
Participant_2861	400	0.0	18.180346531350825	250	0.3	50.704782811880776
Participant_2862	200	0.9	4.546977017755863	200	0.9	4.546977017755863
Participant_2863	250	0.1	32.498653818273766	350	0.3	85.2804197925878
Participant_2864	100	0.7	23.7823463939116	100	0.7	23.7823463939116
Participant_2865	200	0.7	14.826075003182737	200	0.8	17.98853801730424
Participant_2866	250	0.7	21.97071915072422	250	0.6	35.00678505661438
Participant_2867	300	0.9	22.441590852700262	300	0.7	39.31173488921597
Participant_2868	150	0.9	11.122050170719426	150	0.8	23.09328906847182
Participant_2869	350	1.0	7.905694150420948	350	0.9	15.957756734578956
Participant_2870	250	0.9	9.470348462437906	250	0.9	9.470348462437906
Participant_2871	400	0.7	22.713982477760258	400	0.7	22.713982477760258
Participant_2872	300	0.1	14.917271868542183	250	0.2	34.32109409677961
Participant_2873	400	0.6	64.23355820752887	100	0.1	69.65943941778458
Participant_2874	400	0.5	21.395092895334667	400	0.5	21.395092895334667
Participant_2875	200	1.0	0.0	200	1.0	0.0
Participant_2876	350	0.1	21.045486451968745	300	0.0	22.685623200608795
Participant_2877	350	0.7	11.319231422671772	300	0.7	31.82628630550539
Participant_2878	400	0.1	27.35141678231678	200	0.1	38.273358880558156
Participant_2879	150	0.7	24.047089220943146	150	0.6	33.50447731274135
Participant_2880	400	0.0	35.73198846971716	100	0.1	89.8328308582113
Participant_2881	300	0.5	16.39245253157684	350	0.3	59.447455790807396
Participant_2882	200	0.8	11.339642851518738	200	0.8	11.339642851518738
Participant_2883	300	0.5	26.267137263127857	400	0.4	44.443503462260935
Participant_2884	350	1.0	0.0	350	1.0	0.0
Participant_2885	100	0.4	20.34668277631516	100	0.3	36.25448248148083
Participant_2886	250	0.0	22.798574516842056	150	0.2	58.32580903853799
Participant_2887	300	0.8	24.172039632600306	250	0.7	24.473710384819054
Participant_2888	250	0.3	16.762308910171058	200	0.4	42.743712987993916
Participant_2889	250	1.0	0.0	250	1.0	0.0
Participant_2890	400	0.2	22.76510487566442	400	0.2	22.76510487566442
Participant_2891	100	0.6	21.403854793003994	300	0.5	55.350813002159235
Participant_2892	100	1.0	0.0	100	1.0	0.0
Participant_2893	200	0.0	11.392980294900891	350	0.0	11.962963679623876
Participant_2894	150	0.8	17.558473737771173	150	0.7	24.637623667878362
Participant_2896	350	1.0	0.0	350	1.0	0.0
Participant_2897	400	0.1	10.153817016275209	400	0.2	25.18928343562
Participant_2898	400	0.7	16.72348647860248	400	0.8	23.65903632864196
Participant_2899	200	0.0	14.741099009232657	400	0.0	70.92619403295231
Participant_2900	150	0.2	20.932032868309758	250	0.2	24.933661985356263
Participant_2901	200	0.7	16.95029498268393	200	0.8	24.996749788722532
Participant_2902	100	0.7	28.050846689538623	100	0.6	38.20176697484031
Participant_2903	400	0.3	19.697715603592208	400	0.4	20.981539505002964
Participant_2904	350	0.4	22.066377138080462	350	0.4	22.066377138080462
Participant_2905	200	0.4	24.4085026169161	400	0.4	30.00374976565429
Participant_2906	350	0.9	11.331372379372237	350	0.9	11.331372379372237
Participant_2907	150	0.2	24.937922928744488	200	0.3	51.51152783600968
Participant_2908	200	0.6	29.693223132560064	300	0.5	56.744713410149494
Participant_2909	150	0.2	14.812157169028419	150	0.2	14.812157169028419
Participant_2910	100	0.7	20.630075133164205	100	0.7	20.630075133164205
Participant_2911	250	0.8	13.782688416996155	250	0.8	13.782688416996155
Participant_2912	150	0.0	14.522826859809353	400	0.1	80.50993727484826
Participant_2913	300	0.6	17.748591493411528	250	0.5	31.501388858270996
Participant_2914	150	0.4	15.236469407313495	100	0.2	41.7711024513359
Participant_2915	200	0.8	20.82276398559999	200	0.8	20.82276398559999
Participant_2916	400	0.2	28.12027738127773	400	0.2	28.12027738127773
Participant_2917	250	0.5	19.901947140920658	200	0.4	54.424488973255414
Participant_2918	100	0.7	14.97831766254141	100	0.6	16.789133390380815
Participant_2919	150	0.0	13.215994098061635	200	0.0	14.223220451079285
Participant_2920	100	0.0	34.29139833835885	100	0.1	47.73559992290869
Participant_2921	150	0.9	11.065712810298304	150	0.8	17.34358671094304
Participant_2922	250	0.5	24.105756573897448	250	0.5	24.105756573897448
Participant_2923	300	0.0	16.34434152849236	350	0.0	19.153655003680107
Participant_2924	100	0.5	41.30798954197601	100	0.6	42.82960424752954
Participant_2925	400	0.2	27.422618401604176	300	0.4	46.01602981570661
Participant_2926	350	0.1	25.50318607546908	150	0.2	39.394162004033035
Participant_2927	400	0.9	11.560168683890387	400	0.9	11.560168683890387
Participant_2928	100	0.9	14.882036151011057	100	0.7	47.01701819554277
Participant_2929	400	0.1	24.327967444897652	350	0.2	30.989312673888072
Participant_2930	400	0.9	13.224503771408589	400	0.8	17.98610574860495
Participant_2931	200	0.3	34.01745875282279	300	0.4	43.01133571513444
Participant_2932	300	0.5	18.336098276350942	250	0.5	25.92947164907145
Participant_2933	350	0.7	15.309310892394864	350	0.7	15.309310892394864
Participant_2934	150	1.0	0.0	150	0.9	13.736811857195978
Participant_2935	100	1.0	13.693063937629153	100	0.8	36.84884665766352
Participant_2936	250	0.7	22.25337053122515	300	0.6	25.10004980074741
Participant_2937	400	0.2	26.68332812825267	200	0.3	38.02548487527805
Participant_2938	150	0.7	21.11308835769888	150	0.7	21.11308835769888
Participant_2939	300	0.6	20.79693487031202	300	0.7	27.02614474911285
Participant_2940	400	0.9	11.341847292218318	400	0.9	11.341847292218318
Participant_2941	100	0.5	40.45182319747776	250	0.4	64.75434348366139
Participant_2942	100	0.2	26.852839700858457	400	0.4	35.37619255940356
Participant_2943	300	0.6	13.509718723940924	300	0.6	13.509718723940924
Participant_2944	300	0.2	16.508709822393755	100	0.2	41.53101250872653
Participant_2945	400	1.0	0.0	400	1.0	0.0
Participant_2946	300	0.8	11.802012540240753	300	0.7	25.478667547577917
Participant_2947	350	0.7	24.379807218269796	250	0.7	49.10664415331188
Participant_2948	350	0.9	10.590089706891062	350	0.8	28.159811789143763
Participant_2949	400	1.0	0.0	400	1.0	0.0
Participant_2950	100	0.6	13.393095235978874	100	0.7	21.256763629489793
Participant_2951	100	0.5	21.768095920406086	300	0.5	28.305697306372792
Participant_2952	400	1.0	0.0	400	1.0	0.0
Participant_2953	350	0.8	13.846479697020467	350	0.7	18.489862087100597
Participant_2954	150	0.5	25.489703803692972	100	0.4	38.813496364022654
Participant_2955	350	0.7	22.178255116216874	350	0.8	31.192547186788065
Participant_2956	400	1.0	0.0	400	1.0	0.0
Participant_2957	100	0.9	9.694070352540258	100	0.9	9.694070352540258
Participant_2958	200	1.0	0.0	200	1.0	0.0
Participant_2959	100	1.0	0.0	100	1.0	0.0
Participant_2960	200	0.7	14.223659866574426	200	0.6	31.21197686786276
Participant_2961	100	0.0	14.946571513226704	100	0.1	25.955490748587284
Participant_2962	250	0.4	24.302777619029477	250	0.4	24.302777619029477
Participant_2963	400	0.5	24.5	300	0.4	35.39032353624363
Participant_2964	200	0.9	24.252319476701604	200	0.6	45.32314530126964
Participant_2965	100	0.4	24.21750400020613	100	0.3	40.858138724126924
Participant_2966	250	0.0	35.157147210773516	300	0.0	40.87649079850177
Participant_2967	300	0.5	28.4158846422208	300	0.4	33.800517747513865
Participant_2969	150	0.1	29.182828855338887	150	0.2	32.79710353064734
Participant_2970	400	0.3	15.86663165262243	200	0.3	17.73943347460679
Participant_2971	300	1.0	11.180339887498949	300	0.9	15.284796367632772
Participant_2972	100	1.0	0.0	100	1.0	0.0
Participant_2973	300	0.1	15.81217885049369	300	0.1	15.81217885049369
Participant_2974	100	0.9	15.936593111452648	100	0.8	29.69153919890311
Participant_2975	200	0.7	23.633926884883095	200	0.6	34.120191968979306
Participant_2976	400	0.9	8.797016539713905	400	0.9	8.797016539713905
Participant_2977	350	0.1	22.145259086314613	300	0.2	40.3427502780859
Participant_2978	100	0.8	56.78104877509749	400	0.0	120.56854896696733
Participant_2979	200	0.5	21.024390597589267	150	0.4	47.85028735545901
Participant_2980	400	0.2	27.124711980037688	400	0.1	30.051622252384313
Participant_2981	100	0.6	28.0066956280101	150	0.5	43.31252705626861
Participant_2982	100	0.8	11.36166801134411	100	0.6	48.38000620090907
Participant_2983	250	0.0	16.6140001203804	400	0.0	99.19942036120977
Participant_2984	100	0.3	28.79908852724336	100	0.5	75.39131249686531
Participant_2985	300	0.1	9.74807673338695	300	0.1	9.74807673338695
Participant_2986	100	0.6	30.217958236783637	200	0.4	64.53313102585369
Participant_2987	100	0.4	17.613560117137023	150	0.3	40.1272974420157
Participant_2988	100	0.6	21.491277300337455	250	0.5	44.38285141808714
Participant_2989	250	0.7	17.108842742862535	250	0.7	17.108842742862535
Participant_2990	150	0.2	19.38169239256469	250	0.1	44.18611207155479
Participant_2991	250	1.0	0.0	250	1.0	0.0
Participant_2992	400	1.0	15.811388300841896	400	0.8	36.568429006453094
Participant_2993	400	0.0	16.17946229019988	250	0.3	54.2538017101106
Participant_2994	350	0.6	22.733235581412515	400	0.4	60.42743582181855
Participant_2995	300	0.7	19.56815014251475	300	0.7	19.56815014251475
Participant_2996	150	1.0	0.0	150	1.0	0.0
Participant_2997	300	0.1	11.938383475161116	350	0.0	22.871652760568047
Participant_2998	350	0.1	26.770552851967775	300	0.0	43.78512875395024
Participant_2999	300	0.1	13.22970143276106	350	0.1	15.138114149391264
Participant_3000	150	0.0	20.848561101428558	200	0.3	95.42503602304795
Participant_3001	350	0.9	21.78646368734495	350	0.7	41.989582041263525
Participant_3002	300	0.5	21.707429603709418	350	0.6	34.64895380815992
Participant_3003	100	0.1	25.78638206495824	200	0.3	81.16149025245902
Participant_3004	250	0.0	24.870162846270226	350	0.1	39.34351916135617
Participant_3005	200	0.0	18.501351301999538	350	0.0	18.557006762945363
Participant_3006	300	0.5	19.26687571974242	350	0.7	65.33088855970045
Participant_3007	200	1.0	0.0	200	1.0	0.0
Participant_3008	350	0.2	16.403886734551662	200	0.2	24.72574569148522
Participant_3009	150	0.1	19.789833248413185	200	0.1	22.52443118038722
Participant_3010	150	0.1	28.96787013226896	100	0.3	55.24389106498564
Participant_3011	400	0.1	14.555067845942869	400	0.1	14.555067845942869
Participant_3012	350	0.8	15.263518598278708	350	0.8	15.263518598278708
Participant_3013	350	0.6	20.628863274548117	350	0.7	49.56687401884448
Participant_3014	250	0.0	25.29377393747323	200	0.1	29.997499895824653
Participant_3015	150	0.9	22.692509777457406	150	0.8	31.23779761762983
Participant_3016	250	0.3	24.15522717756966	300	0.3	26.172027051797116
Participant_3017	400	0.8	16.537835408541227	400	0.7	22.18501746674994
Participant_3018	150	0.2	19.82801049021308	200	0.2	24.189098784369786
Participant_3019	300	0.1	19.685654675422914	200	0.2	43.33142624008584
Participant_3020	200	0.6	13.979896280015815	200	0.7	20.5198075039704
Participant_3021	150	1.0	0.0	150	1.0	0.0
Participant_3022	100	0.7	12.917043005270207	100	0.6	26.255951706232246
Participant_3023	100	0.7	20.41690476051647	100	0.5	44.84807688184634
Participant_3024	150	0.2	27.23784132415783	400	0.3	41.38840417314975
Participant_3025	100	0.6	27.692508012095978	150	0.5	45.686157641018575
Participant_3026	400	0.6	47.562590341569916	100	0.2	55.98950794568568
Participant_3027	100	1.0	0.0	100	1.0	0.0
Participant_3028	100	0.4	18.138012570290055	150	0.4	21.263819036099793
Participant_3029	150	0.6	17.21336689901194	150	0.5	33.49962686359357
Participant_3030	250	0.2	15.303185942802891	200	0.2	16.24384498817937
Participant_3031	400	0.0	13.666565040272555	350	0.1	69.58205587649736
Participant_3032	200	1.0	0.0	200	1.0	0.0
Participant_3033	150	0.6	20.525593779474445	150	0.7	34.489309938008326
Participant_3034	350	0.1	28.51162043798984	250	0.2	33.47293682962402
Participant_3035	250	0.6	20.957695483998236	300	0.5	58.704450427544245
Participant_3036	400	0.0	30.524989762488044	250	0.1	50.07407013614931
Participant_3037	200	0.7	21.38486614407488	200	0.7	21.38486614407488
Participant_3038	400	0.1	21.286145729088673	300	0.2	29.559896819846987
Participant_3039	250	0.9	11.166355717063647	250	0.9	11.166355717063647
Participant_3040	200	0.1	15.687574701017363	300	0.0	24.716138452436297
Participant_3041	150	0.9	20.583974348992957	150	0.7	39.092998094287935
Participant_3042	350	0.1	21.281741000209546	100	0.0	75.29707829657137
Participant_3043	100	0.9	13.972294013511167	100	0.9	13.972294013511167
Participant_3044	400	0.4	35.570001405678916	250	0.5	72.29168347742359
Participant_3045	400	0.7	13.216467001434234	400	0.8	27.49545416973504
Participant_3046	150	0.9	6.978538528947161	150	0.9	6.978538528947161
Participant_3047	100	0.5	34.46157280218069	150	0.3	58.19321266264649
Participant_3048	100	0.9	13.882542994711018	100	0.7	51.32591937802965
Participant_3049	400	0.9	12.79208739807542	400	0.8	30.430248109405877
Participant_3050	250	0.1	16.467012479499736	150	0.2	37.45864386226496
Participant_3051	400	0.8	12.639224659764539	400	0.9	15.244261215290166
Participant_3052	250	0.6	22.786509166609967	200	0.7	24.92112557650637
Participant_3053	250	0.0	13.911326320664037	400	0.0	88.75823905418584
Participant_3054	200	0.9	6.278933030380241	200	0.9	6.278933030380241
Participant_3055	150	1.0	0.0	150	1.0	0.0
Participant_3056	250	0.6	17.549216506727586	200	0.4	83.88697753525275
Participant_3057	300	0.8	16.674456512882212	300	0.7	30.70688033649788
Participant_3058	200	0.6	16.746268241014175	300	0.5	46.04305050710693
Participant_3059	150	0.3	18.846750383023593	250	0.3	24.717908487572327
Participant_3060	150	0.4	27.379737033068817	100	0.3	42.41918787530002
Participant_3061	350	0.6	14.24956139675885	350	0.6	14.24956139675885
Participant_3062	200	0.5	25.899324315510626	250	0.3	74.78118078768215
Participant_3063	100	0.6	15.103807466993215	100	0.6	15.103807466993215
Participant_3064	300	1.0	0.0	300	1.0	0.0
Participant_3065	200	0.7	24.28605566986949	200	0.5	45.642907444640294
Participant_3066	100	1.0	0.0	100	1.0	0.0
Participant_3067	350	0.0	14.339194538048503	200	0.1	19.807826735914265
Participant_3068	300	0.0	10.350724612315798	150	0.0	11.165236226788934
Participant_3070	100	0.0	26.592292116325737	100	0.2	66.38768711139137
Participant_3071	100	0.2	29.724989486961977	250	0.3	56.17806511441988
Participant_3072	400	0.6	23.231444208227778	300	0.4	70.04445017272961
Participant_3073	350	0.6	27.78128866701471	250	0.6	42.681670539003036
Participant_3074	150	0.2	21.16955360889785	350	0.2	31.529153176068654
Participant_3075	150	0.0	15.113321937946004	300	0.0	18.361304419893482
Participant_3076	200	0.6	21.80452934598681	200	0.6	21.80452934598681
Participant_3077	250	0.8	14.403558588071213	250	0.8	14.403558588071213
Participant_3078	300	0.8	25.481120462020503	300	0.7	28.18088891429793
Participant_3079	400	0.7	17.093127273848985	400	0.8	21.615966321217286
Participant_3080	250	0.0	18.15970814743453	200	0.0	23.233596363886498
Participant_3081	300	0.8	20.658835882014262	250	0.7	27.954650775854812
Participant_3082	350	0.8	17.079959016344272	350	0.7	23.27820869396956
Participant_3083	350	0.9	9.599479152537391	350	0.9	9.599479152537391
Participant_3084	250	0.7	21.510753124890815	250	0.6	30.503688301580844
Participant_3085	150	0.2	22.54218268047706	200	0.2	24.70045546138775
Participant_3086	100	0.5	27.066584564735905	200	0.4	48.16144723739103
Participant_3087	400	0.2	19.222382786741086	350	0.2	34.30142125335334
Participant_3088	100	0.7	20.17052304725884	100	0.7	20.17052304725884
Participant_3089	150	0.6	23.69177072318572	400	0.3	70.17300050589257
Participant_3090	250	0.0	26.476876704022324	200	0.0	33.25733001911007
Participant_3091	100	0.4	31.068271596598354	100	0.3	50.56567511662432
Participant_3092	250	0.7	22.337468522641505	250	0.7	22.337468522641505
Participant_3093	400	0.9	11.98488631568944	400	0.9	11.98488631568944
Participant_3094	400	0.0	13.482395929507485	400	0.0	13.482395929507485
Participant_3095	100	0.1	40.726987367100946	100	0.1	40.726987367100946
Participant_3096	200	1.0	0.0	200	1.0	0.0
Participant_3097	300	0.7	18.348365049780323	300	0.7	18.348365049780323
Participant_3098	200	0.8	25.220775166516987	250	0.6	50.859856468535185
Participant_3099	150	0.5	24.463748690664726	150	0.5	24.463748690664726
Participant_3100	400	0.9	10.776711001042944	400	0.8	15.198684153570664
Participant_3101	400	0.7	16.53556772536099	400	0.7	16.53556772536099
Participant_3102	350	0.0	15.144718551363047	300	0.0	15.957365070712646
Participant_3103	400	0.6	45.25980556741268	300	0.3	107.15047830037905
Participant_3104	100	0.2	22.990759013133953	250	0.2	46.68176838981145
Participant_3105	300	0.1	18.47362985447094	150	0.1	21.601793906988373
Participant_3106	400	0.9	6.974059076319902	400	0.9	6.974059076319902
Participant_3107	300	0.7	27.77881386956614	300	0.7	27.77881386956614
Participant_3108	100	0.4	20.16153515980368	100	0.2	49.20442053311877
Participant_3109	350	0.9	16.306440445419103	350	0.9	16.306440445419103
Participant_3110	300	0.1	13.417339527641088	250	0.1	15.03870007680185
Participant_3111	400	0.9	10.48272388265569	400	0.9	10.48272388265569
Participant_3112	300	0.7	22.25786377889846	300	0.8	30.29913365098085
Participant_3113	150	0.3	18.376615575235828	200	0.3	25.043711785596
Participant_3114	400	0.5	34.336569426778794	400	0.5	34.336569426778794
Participant_3115	350	0.9	8.117881497040962	350	0.9	8.117881497040962
Participant_3116	400	0.0	24.171781068014	400	0.1	24.27653187751496
Participant_3117	400	0.6	22.521101216414795	200	0.5	54.11353804733156
Participant_3118	400	0.1	12.322743201089601	100	0.2	71.25535067628255
Participant_3119	150	0.5	17.880855684222723	300	0.4	28.65702357189246
Participant_3120	100	0.2	23.871007519583248	100	0.5	76.86904448475993
Participant_3121	300	0.0	19.99093544584645	400	0.0	79.29706804163695
Participant_3122	350	0.2	30.52191835386498	350	0.2	30.52191835386498
Participant_3123	200	0.0	11.115304764152892	300	0.0	12.026533166295264
Participant_3124	250	0.0	20.79122411018649	350	0.0	25.629328902645888
Participant_3125	250	1.0	0.0	250	1.0	0.0
Participant_3126	200	0.3	27.698149757700424	350	0.3	30.087372766660767
Participant_3127	150	0.7	17.45028653059886	150	0.8	27.650497283050804
Participant_3128	150	0.8	22.57321421508244	150	0.7	24.83973631099976
Participant_3129	400	0.7	21.527308238607073	400	0.7	21.527308238607073
Participant_3130	400	0.5	15.858751527153705	200	0.3	55.83177858531823
Participant_3131	250	0.0	22.880668696521962	150	0.0	25.70821853026771
Participant_3132	400	0.0	17.763023391303634	400	0.1	17.97498261473429
Participant_3133	400	0.8	12.835497652993435	400	0.7	16.648573512466466
Participant_3134	100	0.7	25.531353273964935	100	0.7	25.531353273964935
Participant_3135	350	0.2	21.45547715619487	400	0.3	32.27615218702502
Participant_3136	150	0.2	14.938206050259181	150	0.2	14.938206050259181
Participant_3137	150	0.8	9.787747442593725	150	0.6	57.33716072496091
Participant_3138	350	0.1	27.27934200086212	200	0.0	32.28467128530195
Participant_3139	150	1.0	0.0	150	1.0	0.0
Participant_3140	350	0.2	19.405862516260388	200	0.4	51.522082644241
Participant_3141	350	0.9	6.587867636800241	350	0.8	28.88295345008886
Participant_3142	200	1.0	0.0	200	1.0	0.0
Participant_3143	400	1.0	0.0	400	1.0	0.0
Participant_3144	400	0.4	24.87920818675707	150	0.4	32.66726189933892
Participant_3145	300	0.5	15.571207403409666	300	0.4	23.663790905093798
Participant_3146	200	0.5	28.9961204301541	300	0.4	51.29546763603974
Participant_3147	300	1.0	12.5	300	0.9	13.550830232867652
Participant_3148	300	1.0	5.5901699437494745	300	0.9	12.644168616401792
Participant_3149	100	0.6	35.3464991194319	100	0.5	51.60038759544351
Participant_3150	350	0.0	17.229698198169345	350	0.0	17.229698198169345
Participant_3151	100	0.2	15.486284254139209	100	0.0	46.780337749956445
Participant_3152	250	0.5	20.732522760146676	200	0.5	23.038554642164513
Participant_3153	300	0.1	13.18237459640713	250	0.0	25.41702185544168
Participant_3154	350	0.0	22.121539277364946	150	0.0	25.31624972226337
Participant_3155	400	0.9	15.528602641577251	400	0.8	26.42915057280502
Participant_3156	100	0.8	15.259013729596026	100	0.8	15.259013729596026
Participant_3157	250	0.5	18.400747267434546	400	0.5	46.31684358848301
Participant_3158	350	0.7	22.178255116216874	350	0.6	31.946048268917394
Participant_3159	150	0.2	17.375269782078206	200	0.2	21.24529359646508
Participant_3160	400	0.5	32.03903868720159	250	0.4	48.97065447796262
Participant_3161	250	1.0	0.0	250	1.0	0.0
Participant_3162	100	0.6	51.83507499753425	400	0.1	90.34295766688182
Participant_3163	100	1.0	11.180339887498949	100	0.9	16.739922341516404
Participant_3164	400	0.8	24.944939366532843	400	0.8	24.944939366532843
Participant_3165	150	0.6	22.221611102708103	150	0.6	22.221611102708103
Participant_3166	200	0.6	28.73042812072246	300	0.6	32.65367513772378
Participant_3167	400	0.9	18.024635918653114	400	0.7	36.189432159126234
Participant_3168	200	0.1	13.317282004973837	350	0.1	13.338384459896183
Participant_3169	400	0.5	24.295061226512683	350	0.4	36.93812393720071
Participant_3170	100	0.5	26.45940286552212	350	0.3	59.90826320300064
Participant_3171	150	1.0	0.0	150	1.0	0.0
Participant_3172	100	0.5	30.312538659769164	300	0.3	71.10713747578369
Participant_3173	100	0.9	12.608528859466515	100	0.9	12.608528859466515
Participant_3174	250	0.5	20.48993655431856	200	0.5	23.627843744192994
Participant_3175	150	0.1	12.16090046008107	150	0.1	12.16090046008107
Participant_3176	250	1.0	0.0	250	1.0	0.0
Participant_3177	100	0.8	14.329602227556773	100	0.9	24.294546713202944
Participant_3178	400	0.7	22.823781457067977	400	0.8	33.834154341434335
Participant_3179	300	0.1	15.533029324635939	100	0.1	69.34470059060028
Participant_3180	400	0.0	22.37241605191536	100	0.2	86.70971687187082
Participant_3181	250	0.7	18.54622603119028	200	0.5	49.18866739402482
Participant_3182	150	0.2	29.92741218348155	100	0.2	34.18442627864332
Participant_3183	350	1.0	11.180339887498949	350	0.8	36.269477525875665
Participant_3184	350	0.1	25.08311184841307	250	0.2	36.526531453177974
Participant_3185	100	0.4	12.80576042255984	300	0.3	33.05260957927528
Participant_3186	300	0.0	9.728180713781997	150	0.0	11.441700048506778
Participant_3187	350	0.9	7.723341245859851	350	0.9	7.723341245859851
Participant_3188	250	0.0	18.901719498500658	150	0.0	20.938302223437315
Participant_3189	100	0.2	29.344079470993805	150	0.4	57.973269702510315
Participant_3190	200	0.9	15.67402309555527	200	0.8	16.27382868288836
Participant_3191	400	0.4	20.192201464922046	350	0.3	37.118054905934926
Participant_3192	250	1.0	0.0	250	1.0	0.0
Participant_3193	350	0.6	25.43226297441893	350	0.8	37.01992706637872
Participant_3194	150	0.7	20.451466940051024	150	0.7	20.451466940051024
Participant_3195	100	0.2	24.312034057231823	400	0.2	57.56083738098326
Participant_3196	100	0.4	28.792143025485267	400	0.2	37.69283751589949
Participant_3197	250	0.5	21.209372928024063	300	0.5	26.901905136997268
Participant_3198	250	0.7	22.365430914695114	250	0.5	54.953048141117705
Participant_3199	400	0.8	21.702534414210707	400	0.6	59.65274511705224
Participant_3200	250	0.1	23.95125257684867	150	0.2	45.860113388433746
Participant_3201	250	0.6	20.136409809099536	300	0.6	21.301701809949364
Participant_3202	200	0.9	10.638373935898287	200	0.9	10.638373935898287
Participant_3203	100	0.8	20.410475251693676	100	0.7	41.7654163154158
Participant_3204	350	0.9	19.959959919799438	350	0.9	19.959959919799438
Participant_3205	150	0.9	14.140367746278736	150	0.7	43.71226944463076
Participant_3206	100	0.7	54.880324343064885	400	0.0	102.55742293954154
Participant_3207	300	0.8	24.32668288114925	250	0.8	42.18960179949557
Participant_3208	100	0.9	12.950868696732277	100	0.9	12.950868696732277
Participant_3209	250	1.0	0.0	250	1.0	0.0
Participant_3210	400	0.0	31.333289007060845	300	0.2	41.743712101345274
Participant_3211	250	0.0	26.192078955287226	250	0.0	26.192078955287226
Participant_3212	400	0.2	20.63371028196335	300	0.3	24.899297178836193
Participant_3213	300	0.5	16.200694429560727	350	0.4	26.54100600956942
Participant_3214	400	0.7	8.855789067045352	400	0.7	8.855789067045352
Participant_3215	300	0.5	21.64976905188598	200	0.4	33.5711930082921
Participant_3216	400	0.0	25.184816854605078	400	0.2	46.36270052531453
Participant_3217	150	0.6	18.372533848111424	150	0.6	18.372533848111424
Participant_3218	100	0.2	17.8836517523687	350	0.3	42.089191011469914
Participant_3219	100	0.6	56.981356600207405	400	0.0	89.24278682336181
Participant_3220	300	0.7	22.20163282283535	250	0.7	28.595672749561253
Participant_3221	400	0.9	21.934846705641686	400	0.6	66.11316056580566
Participant_3222	350	0.8	11.957215394898597	350	0.8	11.957215394898597
Participant_3223	150	0.1	23.856602859585855	100	0.1	42.26331151246906
Participant_3224	250	0.0	19.805933454396943	300	0.0	25.142344759389488
Participant_3225	400	0.5	21.24852936087578	150	0.5	46.5266052920262
Participant_3226	100	0.3	15.632898003889105	100	0.3	15.632898003889105
Participant_3227	300	0.5	14.360100974575353	150	0.6	36.50410935771478
Participant_3228	400	1.0	12.5	400	0.9	19.03647814066457
Participant_3229	100	1.0	11.180339887498949	100	0.9	11.4116168880663
Participant_3230	250	0.6	20.505487070537974	350	0.6	38.76918879729108
Participant_3231	200	1.0	0.0	200	1.0	0.0
Participant_3232	150	0.0	13.726343285813597	100	0.0	72.37679186037468
Participant_3233	100	0.5	16.81071087134628	100	0.6	32.777660075118234
Participant_3234	100	0.5	37.28404484494674	300	0.5	60.24917011876595
Participant_3235	100	1.0	0.0	100	1.0	0.0
Participant_3236	250	0.0	18.3990488884616	350	0.0	24.043970138061642
Participant_3237	400	0.7	25.341172032879616	400	0.6	32.088938904239264
Participant_3238	400	0.6	22.07260745811423	400	0.6	22.07260745811423
Participant_3239	350	0.3	13.564659966250536	100	0.4	29.008403954716293
Participant_3240	100	0.5	37.14969717238621	100	0.6	42.404304026831994
Participant_3241	350	0.1	18.004513323053196	300	0.1	20.063025694047244
Participant_3242	200	1.0	0.0	200	1.0	0.0
Participant_3243	200	1.0	0.0	200	1.0	0.0
Participant_3244	100	0.1	36.193058726777984	300	0.1	54.61249856946668
Participant_3245	300	0.5	17.60575190101235	350	0.4	32.16247813835246
Participant_3246	200	0.5	21.639662659108158	200	0.5	21.639662659108158
Participant_3247	150	1.0	0.0	150	1.0	0.0
Participant_3248	100	0.2	33.89063292415767	300	0.5	64.52683550275808
Participant_3249	300	1.0	0.0	300	1.0	0.0
Participant_3250	350	0.5	22.104298224553524	350	0.5	22.104298224553524
Participant_3251	300	0.2	23.770517453349644	300	0.1	27.88413527438138
Participant_3252	100	0.5	16.698802352264668	100	0.6	27.351873793215702
Participant_3253	350	0.4	25.212596058319736	400	0.5	28.7489130229301
Participant_3254	400	0.2	16.904141504376966	250	0.3	26.96710959669204
Participant_3255	400	0.2	28.86607004772212	200	0.3	40.9229458861407
Participant_3256	400	0.0	32.17957426691658	350	0.1	41.342018576745865
Participant_3257	300	0.5	20.644914628062764	150	0.4	32.14653947161343
Participant_3258	350	0.1	24.70652747757159	250	0.2	25.207885670956223
Participant_3259	150	1.0	0.0	150	1.0	0.0
Participant_3260	300	0.6	23.743683370530363	300	0.5	48.70793056577132
Participant_3261	150	0.2	31.335283627246778	200	0.2	33.784056890787994
Participant_3262	200	0.0	14.441260332810291	200	0.0	14.441260332810291
Participant_3264	150	0.1	23.804148798056193	250	0.2	39.75471670129219
Participant_3265	150	0.4	18.15626613596529	300	0.4	18.907009282274128
Participant_3266	400	0.1	29.738022799103508	250	0.2	35.30846215852512
Participant_3267	150	0.4	14.736010314871526	100	0.4	18.41161318298861
Participant_3268	350	0.7	38.16903194999842	300	0.7	39.95825947160361
Participant_3269	350	0.6	21.31431443889294	250	0.6	33.473496978953364
Participant_3270	250	0.9	10.108783309577865	250	0.8	13.691694562763223
Participant_3271	350	0.0	16.02693046094604	300	0.1	16.546147587882807
Participant_3272	250	0.0	17.777092000661973	400	0.1	93.80485062085009
Participant_3273	100	0.4	26.837240916308815	400	0.3	28.75326068465975
Participant_3274	150	0.9	6.978538528947161	150	0.9	6.978538528947161
Participant_3275	250	0.4	16.677080080157918	150	0.5	31.81548365183217
Participant_3276	200	0.8	18.87028086701414	200	0.8	18.87028086701414
Participant_3277	200	1.0	9.682458365518542	200	0.9	13.580316638429313
Participant_3278	400	0.1	16.18177987738061	150	0.2	45.61414254373308
Participant_3279	100	0.5	20.67849124090053	100	0.7	38.59209763669241
Participant_3280	150	0.2	16.260381299342274	400	0.3	49.26205436235887
Participant_3281	300	0.9	11.984364814206884	300	0.8	16.06354568580673
Participant_3282	100	0.4	29.029941439830704	250	0.3	44.42381118274297
Participant_3283	200	0.7	10.114964162071955	200	0.8	20.67214309161002
Participant_3284	250	0.6	17.796769369747985	250	0.6	17.796769369747985
Participant_3285	400	0.8	15.239750654128171	400	0.8	15.239750654128171
Participant_3286	300	0.2	14.917690840073071	200	0.1	39.982496170199276
Participant_3287	150	0.6	16.80922365845609	150	0.6	16.80922365845609
Participant_3288	400	0.4	21.247941076725528	150	0.3	22.36515146382872
Participant_3289	250	1.0	0.0	250	1.0	0.0
Participant_3290	100	0.6	52.362916267144634	300	0.3	78.8985107590758
Participant_3291	400	0.1	22.706827167175955	350	0.1	61.087335021262795
Participant_3292	400	0.4	22.945043037658483	400	0.6	56.76442547934401
Participant_3293	250	0.6	15.944434765773291	150	0.6	32.74980915974931
Participant_3294	300	0.1	17.321229748490722	100	0.1	76.19834315784038
Participant_3295	400	0.6	50.10938035936984	100	0.1	73.44172860166078
Participant_3296	200	0.7	14.95200655430568	200	0.6	23.381349405027933
Participant_3297	300	0.9	12.791598805466032	300	0.8	13.938705104851024
Participant_3298	100	0.5	17.961069010501575	100	0.6	41.38991423040159
Participant_3299	400	0.8	13.45362404707371	400	0.7	16.497727116181792
Participant_3300	350	0.5	27.610686336996405	200	0.6	54.58193382429758
Participant_3301	400	0.3	25.5049014897137	350	0.4	33.847821200189536
Participant_3302	250	0.2	22.620510604316607	350	0.1	28.24734500798261
Participant_3303	300	0.9	10.891510455395983	300	0.9	10.891510455395983
Participant_3304	350	0.0	13.896492363182876	200	0.2	52.45343172758099
Participant_3305	100	0.5	20.40465633133771	100	0.7	62.78415405179877
Participant_3306	300	0.9	13.914920050075747	300	0.7	41.643276768285176
Participant_3307	400	0.4	17.39899422380501	400	0.5	26.22498808388671
Participant_3308	100	0.9	14.839979784352808	100	0.8	20.318402988424065
Participant_3309	100	0.7	16.33554406807438	100	0.8	21.80223612384748
Participant_3310	250	0.2	23.35460340061462	400	0.3	61.09828148156051
Participant_3311	400	0.9	8.208988975507276	400	0.9	8.208988975507276
Participant_3312	250	0.1	23.423545846007176	150	0.1	24.065275813919108
Participant_3313	250	0.4	21.020823009577907	400	0.3	37.80542289143186
Participant_3314	150	0.7	24.83973631099976	200	0.7	34.40294318804715
Participant_3315	400	0.5	17.146428199482248	400	0.5	17.146428199482248
Participant_3316	400	0.5	17.471405209656147	200	0.3	55.29183936169966
Participant_3317	400	0.5	21.627528753882167	350	0.5	28.369878392407678
Participant_3318	200	0.6	22.84047941703501	300	0.7	40.778824161566995
Participant_3319	150	1.0	0.0	150	1.0	0.0
Participant_3320	150	1.0	0.0	150	1.0	0.0
Participant_3321	300	0.1	17.536390734697946	350	0.1	20.776489116306443
Participant_3322	350	0.6	22.733235581412515	350	0.6	22.733235581412515
Participant_3323	400	0.9	13.365534033475804	400	0.9	13.365534033475804
Participant_3324	150	0.2	17.158088471621774	250	0.3	36.1209772846749
Participant_3325	100	0.5	16.847848527334286	100	0.5	16.847848527334286
Participant_3326	100	0.6	26.255951706232246	400	0.3	85.45027793986395
Participant_3327	200	0.2	29.09230998047422	150	0.2	33.958062371107104
Participant_3328	250	0.8	20.58427798102231	250	0.8	20.58427798102231
Participant_3329	200	0.9	30.954401948672825	200	0.7	42.61528481660072
Participant_3330	200	0.8	14.61463307784359	200	0.8	14.61463307784359
Participant_3331	200	0.9	9.256079083499666	200	0.8	11.22886904367488
Participant_3332	250	0.7	20.438016048530738	200	0.7	31.341864973227104
Participant_3333	250	0.8	13.507868077531702	250	0.8	13.507868077531702
Participant_3334	400	0.0	47.28133881353192	350	0.4	73.87100242991157
Participant_3335	100	0.2	33.51977028560906	100	0.3	40.13274847303633
Participant_3336	100	0.1	52.46367791148463	100	0.1	52.46367791148463
Participant_3337	300	1.0	0.0	300	1.0	0.0
Participant_3338	400	0.2	18.861336113860016	400	0.1	22.007953107910787
Participant_3339	200	0.8	15.446277868794152	200	0.7	25.880736079176728
Participant_3340	250	0.2	22.481937194112078	200	0.1	26.025948589820892
Participant_3341	150	0.2	25.82440705998881	200	0.3	41.604537012205775
Participant_3342	100	0.8	56.22799569609431	400	0.1	123.28057430106334
Participant_3343	100	0.6	21.34537420613656	100	0.6	21.34537420613656
Participant_3344	350	0.1	12.76371811033133	400	0.2	60.844062980705026
Participant_3345	150	0.2	17.01176063786462	250	0.2	18.246575021082723
Participant_3346	400	1.0	0.0	400	1.0	0.0
Participant_3347	250	0.0	23.367177835588105	400	0.1	102.27707465507605
Participant_3348	200	0.5	10.405527377312502	150	0.6	16.241921068642096
Participant_3349	250	0.0	10.174723583468989	350	0.0	13.298966125229436
Participant_3350	300	0.1	16.546147587882807	250	0.0	25.880011591960308
Participant_3351	200	0.8	26.359770484585027	250	0.9	35.6151302117513
Participant_3352	250	0.5	21.990623001634127	350	0.5	38.22433779674934
Participant_3353	200	0.5	19.70469487203494	250	0.4	38.46264421487425
Participant_3354	400	1.0	0.0	400	1.0	0.0
Participant_3355	100	0.6	16.60195771588399	100	0.5	33.69124515360036
Participant_3356	100	0.2	28.806683252328792	100	0.4	46.67962617673796
Participant_3357	300	0.6	23.901098301124158	300	0.6	23.901098301124158
Participant_3358	400	0.2	22.792542640082964	150	0.2	53.962023683327516
Participant_3359	250	0.9	10.767427733679014	250	0.9	10.767427733679014
Participant_3360	100	0.9	10.011243678984144	100	0.8	22.340266336818814
Participant_3361	300	0.8	21.401810671062393	300	0.7	24.16945386226176
Participant_3362	150	0.6	20.767763480933617	150	0.6	20.767763480933617
Participant_3363	400	0.8	24.155744658362327	400	0.7	33.34928784846837
Participant_3364	100	0.8	10.681175028993767	100	0.8	10.681175028993767
Participant_3365	100	0.8	22.70104623139647	100	0.6	57.55975156304968
Participant_3366	200	0.7	12.492497748648987	200	0.8	18.023248874717343
Participant_3367	200	1.0	0.0	200	1.0	0.0
Participant_3368	400	0.9	16.275364819259813	400	0.8	29.93325909419153
Participant_3369	100	0.5	19.687559523719543	200	0.3	40.167617554443034
Participant_3370	150	1.0	0.0	150	1.0	0.0
Participant_3371	350	0.2	18.549595682925275	300	0.3	24.494387112152857
Participant_3372	350	0.9	15.9968746947646	350	0.8	25.748300914817662
Participant_3373	400	0.1	27.35141678231678	400	0.0	27.915497487954607
Participant_3374	100	0.7	19.95244345938612	100	0.8	21.773550468400874
Participant_3375	100	0.1	30.96267914764483	350	0.3	65.62392856268207
Participant_3376	400	0.5	21.511624764298954	300	0.6	53.60748548477162
Participant_3377	150	0.6	23.265854809140368	250	0.4	67.07738068827673
Participant_3378	400	0.5	32.67644411498901	300	0.4	53.572147614222075
Participant_3379	100	0.1	25.09855573534063	100	0.0	41.166126852061275
Participant_3380	100	0.6	26.46932186513285	150	0.6	28.04104135013534
Participant_3381	250	0.0	14.65520385392165	350	0.0	18.757998294061125
Participant_3382	400	0.6	28.32313541965296	400	0.4	47.594379920322524
Participant_3383	250	0.5	23.949686845551863	200	0.5	27.12517281050943
Participant_3384	200	0.0	13.408952233489387	300	0.1	20.555412912417985
Participant_3385	100	0.6	38.33242752552987	200	0.5	77.91517823890284
Participant_3386	400	1.0	5.5901699437494745	400	0.9	21.503197436660436
Participant_3387	150	0.9	10.604244433244643	150	0.9	10.604244433244643
Participant_3388	350	0.0	12.01509467295202	250	0.0	17.60042613120489
Participant_3389	150	0.7	14.30078669164742	150	0.8	15.436968614336172
Participant_3390	300	0.5	18.640346026831153	250	0.3	54.92927270590791
Participant_3391	400	0.1	18.009719598039275	400	0.0	19.118708115351307
Participant_3392	150	0.8	14.126216761751888	150	0.7	21.34859480153202
Participant_3393	150	0.5	14.176565169320812	150	0.6	34.37004509743914
Participant_3394	100	0.2	22.496110774976195	200	0.3	50.76600732773851
Participant_3395	100	0.4	31.50773714502519	100	0.4	31.50773714502519
Participant_3396	200	0.6	19.343926695477318	250	0.6	33.11683861723519
Participant_3397	150	0.1	16.136526887778547	350	0.1	18.719308213713454
Participant_3398	250	0.0	17.635900884275802	250	0.2	69.30322864051861
Participant_3399	400	0.5	27.345017827750635	150	0.3	61.34085098855411
Participant_3400	250	0.9	8.78564169540279	250	0.9	8.78564169540279
Participant_3401	150	0.5	18.633974347948428	300	0.6	56.502322961096034
Participant_3402	150	0.7	18.761996162455635	150	0.7	18.761996162455635
Participant_3403	100	0.7	17.72991821752148	100	0.7	17.72991821752148
Participant_3404	150	0.9	23.451012771306914	150	0.8	26.917466448386257
Participant_3405	250	0.9	22.18529918662356	250	0.7	38.797068188202054
Participant_3406	200	0.6	17.548148050435408	200	0.5	29.4028059885447
Participant_3407	350	0.0	18.624244951138287	200	0.0	18.8692872149427
Participant_3408	350	1.0	0.0	350	1.0	0.0
Participant_3409	300	1.0	0.0	300	1.0	0.0
Participant_3410	100	0.6	20.751505969447134	150	0.4	53.75546483847015
Participant_3411	350	1.0	0.0	350	1.0	0.0
Participant_3412	250	0.8	11.454802486293685	250	0.8	11.454802486293685
Participant_3413	200	1.0	0.0	200	1.0	0.0
Participant_3414	300	0.6	20.310403737986107	150	0.6	41.89331688945147
Participant_3415	100	0.9	8.744998570611662	100	0.9	8.744998570611662
Participant_3416	300	0.7	20.896470993926222	300	0.7	20.896470993926222
Participant_3417	400	0.6	23.71075705244352	400	0.5	25.154522456210533
Participant_3418	350	0.8	18.654088023808615	350	0.7	27.53406980451673
Participant_3419	100	1.0	0.0	100	1.0	0.0
Participant_3420	250	0.4	22.95375786227606	350	0.4	24.63584786444339
Participant_3421	250	0.8	26.691993181476725	250	0.7	30.314394270709087
Participant_3422	350	0.9	8.420213774008355	350	0.9	8.420213774008355
Participant_3423	300	1.0	0.0	300	1.0	0.0
Participant_3424	100	0.8	14.885815395872676	100	0.8	14.885815395872676
Participant_3425	350	0.9	24.69109151090733	350	0.8	34.79188123686329
Participant_3426	350	0.5	17.6025566324895	400	0.6	45.41145230005312
Participant_3427	100	0.0	24.023946386886564	250	0.4	105.6911774936773
Participant_3428	100	0.8	20.441073846547297	100	0.8	20.441073846547297
Participant_3429	250	0.0	20.821263170134515	150	0.0	23.524721039791313
Participant_3430	250	0.6	15.345194687588684	250	0.5	29.556513664503804
Participant_3431	400	0.5	19.53202498462461	300	0.4	26.172027051797116
Participant_3432	400	0.7	21.057658939207844	400	0.7	21.057658939207844
Participant_3433	250	0.9	9.730750228014282	250	0.9	9.730750228014282
Participant_3434	400	1.0	14.79019945774904	400	0.9	16.31372121865517
Participant_3435	400	0.6	22.879029699705363	100	0.2	58.07172289505453
Participant_3436	150	0.6	17.854971296532515	150	0.5	40.23027466970615
Participant_3437	400	1.0	14.79019945774904	400	0.9	18.70528000325042
Participant_3438	350	0.9	14.565369888883701	350	0.8	17.796769369747985
Participant_3439	300	0.6	26.552071482277988	250	0.7	43.24595356793512
Participant_3440	400	0.5	22.561028345356956	400	0.5	22.561028345356956
Participant_3441	400	0.1	18.14800264491936	150	0.3	43.67722518658895
Participant_3442	250	0.0	14.045461900557063	300	0.0	17.7380241289722
Participant_3443	400	0.5	16.32482771731451	400	0.4	38.081819809457635
Participant_3444	200	0.4	19.988121472514617	250	0.5	36.552530692142234
Participant_3445	350	0.7	19.827380058898353	350	0.7	19.827380058898353
Participant_3446	150	0.9	9.808159868191384	150	0.9	9.808159868191384
Participant_3447	400	0.5	29.03015673398957	150	0.3	44.0477014156244
Participant_3448	400	0.2	31.496031496047245	250	0.3	44.84389590568598
Participant_3449	150	0.2	24.50816190578151	300	0.4	56.799867957593
Participant_3450	350	0.9	12.28413611126155	350	0.9	12.28413611126155
Participant_3451	300	0.8	18.52127155462065	300	0.7	28.13649764984974
Participant_3452	100	0.0	23.391237675676763	200	0.1	40.541336929114706
Participant_3453	400	0.1	12.722028140198402	250	0.2	39.486548342441885
Participant_3454	350	1.0	0.0	350	1.0	0.0
Participant_3455	400	0.7	23.789178211951754	400	0.7	23.789178211951754
Participant_3456	250	0.0	34.565517499380796	400	0.2	89.99722217935395
Participant_3457	100	0.8	18.949604217502802	100	0.8	18.949604217502802
Participant_3458	350	0.6	27.66857423142725	250	0.5	44.04358636623498
Participant_3459	150	0.5	19.773087771008353	350	0.4	30.934204369920362
Participant_3460	100	0.6	34.32382554436495	100	0.5	36.22982197030507
Participant_3461	300	0.8	15.62969929333255	300	0.7	23.13898225938211
Participant_3462	150	0.6	22.052210773525633	150	0.6	22.052210773525633
Participant_3463	350	0.9	7.723341245859851	350	0.9	7.723341245859851
Participant_3464	100	0.6	61.12998445934695	400	0.1	84.39105402825587
Participant_3465	300	0.0	17.94818932371731	200	0.1	20.67244542863761
Participant_3466	350	0.7	19.316443772081858	350	0.6	45.15860936742849
Participant_3467	100	0.5	16.28189178197669	100	0.6	33.5503353187416
Participant_3468	250	0.0	11.927908450352895	200	0.1	30.2258167797001
Participant_3469	400	1.0	12.5	400	0.9	14.226296074523404
Participant_3470	300	1.0	0.0	300	1.0	0.0
Participant_3471	200	1.0	23.04886114323222	200	0.8	33.182638532823155
Participant_3472	350	0.0	9.047789785356422	350	0.0	9.047789785356422
Participant_3473	100	0.0	32.97195778233377	350	0.2	69.13094459068239
Participant_3474	400	0.2	16.301840386901105	400	0.2	16.301840386901105
Participant_3475	100	1.0	0.0	100	1.0	0.0
Participant_3476	200	0.0	21.296713361455566	250	0.1	25.688762134443145
Participant_3477	300	0.7	20.896470993926222	300	0.6	32.59620376669651
Participant_3478	200	0.0	13.45548215412588	200	0.0	13.45548215412588
Participant_3479	100	0.1	29.473505051147207	350	0.3	74.74289263869844
Participant_3480	150	0.4	25.6593063039514	300	0.3	32.729573782742726
Participant_3481	400	0.4	21.129955040179333	300	0.3	38.40540326568646
Participant_3482	300	0.8	14.723705376025425	300	0.8	14.723705376025425
Participant_3483	350	0.6	21.078424988599124	250	0.6	35.149324317830065
Participant_3484	200	0.2	18.340188112448576	350	0.3	48.82622246293481
Participant_3485	150	0.8	15.109599597606815	150	0.9	18.505404615949363
Participant_3486	350	0.9	18.79893614011176	350	0.7	28.095818194172598
Participant_3487	200	0.3	20.668514702319566	350	0.3	23.90606617576384
Participant_3488	400	0.3	22.759613353482084	350	0.6	75.82413863671647
Participant_3489	350	1.0	0.0	350	1.0	0.0
Participant_3490	100	0.1	23.583627795570383	150	0.4	73.96553251346197
Participant_3491	300	0.7	16.02068974794781	300	0.7	16.02068974794781
Participant_3492	100	0.2	29.065873460125022	400	0.2	50.973032085603855
Participant_3493	150	0.1	29.26837029969383	250	0.3	67.50722183588954
Participant_3494	400	1.0	0.0	400	1.0	0.0
Participant_3495	250	0.7	14.325239963086133	250	0.6	19.53778390708629
Participant_3496	100	1.0	0.0	100	1.0	0.0
Participant_3497	300	0.5	16.468530596261463	150	0.3	62.07012163674242
Participant_3498	300	0.5	18.130430221039983	350	0.6	42.22617671539776
Participant_3499	150	0.2	21.14000946073582	250	0.3	26.238807137520563
Participant_3500	400	0.2	16.680827317612277	400	0.1	22.9804264538324
Participant_3501	400	0.5	21.94310825749169	400	0.5	21.94310825749169
Participant_3502	200	0.0	14.135062787267696	400	0.1	74.93730713069425
Participant_3503	250	0.5	21.81942941508783	400	0.5	57.859744209597054
Participant_3504	300	0.0	12.684143644724305	350	0.0	12.869052024139153
Participant_3505	350	0.1	23.883310072098467	300	0.1	24.77448284021283
Participant_3506	100	0.4	26.650281424405257	400	0.4	39.9402679009543
Participant_3507	400	0.4	27.184094614314454	300	0.3	38.07853726182244
Participant_3508	400	0.0	14.336143135446159	400	0.0	14.336143135446159
Participant_3509	100	0.1	20.8851023459307	150	0.2	51.216696496357514
Participant_3510	250	0.9	12.686114456365274	250	0.9	12.686114456365274
Participant_3511	250	0.5	23.687285619082655	350	0.5	37.89591006955764
Participant_3512	100	0.5	30.76280221306245	150	0.5	34.073083218282434
Participant_3513	400	0.5	21.42428528562855	250	0.5	56.95250213994114
Participant_3514	150	0.1	20.134237010624464	350	0.1	20.320248522102283
Participant_3515	200	0.1	17.28004629623428	350	0.0	19.82706483572392
Participant_3516	400	0.5	17.073371078963874	100	0.2	43.385769556387956
Participant_3517	300	1.0	0.0	300	1.0	0.0
Participant_3518	250	0.4	20.509144301993683	350	0.3	43.62052269287933
Participant_3519	350	0.0	12.917526853078341	300	0.0	14.60778901819163
Participant_3520	350	0.1	27.095433194544057	200	0.2	35.83102705756563
Participant_3521	400	0.5	25.352514668174436	250	0.3	57.367020142238516
Participant_3522	250	0.4	20.14013406112283	250	0.3	45.14947397257248
Participant_3523	300	0.1	15.12530991418027	250	0.0	23.07108580019588
Participant_3524	250	0.3	18.12387927569592	200	0.4	40.04091657292575
Participant_3525	150	0.7	9.461104586674857	150	0.8	17.126003620226175
Participant_3526	250	0.7	20.801742715455354	250	0.8	25.738346877761984
Participant_3527	100	0.2	15.766261446519273	200	0.3	38.6935072072822
Participant_3528	200	0.6	22.426268080088583	250	0.5	41.30481206832928
Participant_3529	400	1.0	0.0	400	1.0	0.0
Participant_3530	150	0.9	14.051690289783645	150	0.8	20.268201696253172
Participant_3531	350	0.6	16.89822475883192	350	0.5	22.882307575941724
Participant_3532	250	0.0	12.135691162846886	350	0.0	12.323250382914404
Participant_3533	250	0.0	22.716183658352474	250	0.0	22.716183658352474
Participant_3534	250	0.8	21.908046466994723	250	0.7	26.485137341535534
Participant_3535	150	0.6	23.07704487147347	150	0.6	23.07704487147347
Participant_3536	200	0.5	29.25363225310662	150	0.5	31.5392612468967
Participant_3537	100	0.2	20.182294220429945	100	0.4	56.27155142698662
Participant_3538	300	1.0	0.0	300	1.0	0.0
Participant_3539	400	0.0	24.50561160224327	250	0.2	57.80733084998822
Participant_3540	150	0.9	8.059156283383516	150	0.9	8.059156283383516
Participant_3541	400	0.6	24.99399927982715	400	0.7	46.189013845285764
Participant_3542	300	0.7	14.719459908570014	300	0.5	74.36371763165153
Participant_3543	150	0.9	6.978538528947161	150	0.9	6.978538528947161
Participant_3544	200	0.9	11.807836380980218	200	0.9	11.807836380980218
Participant_3545	400	0.0	21.94937356737089	400	0.0	21.94937356737089
Participant_3546	250	0.6	20.291007860626344	250	0.6	20.291007860626344
Participant_3547	150	0.3	20.315019074566482	150	0.4	42.31902645383043
Participant_3548	200	0.9	22.20754376332511	200	0.8	23.76631018900494
Participant_3549	200	0.9	17.195202819391227	200	0.9	17.195202819391227
Participant_3550	100	0.5	23.719190542680835	300	0.3	62.858770271140365
Participant_3551	350	0.9	15.721005056929407	350	0.8	18.586957793033264
Participant_3552	300	0.7	18.719308213713454	250	0.5	49.59674888538562
Participant_3553	250	0.0	17.27787602687321	400	0.0	93.0350740312491
Participant_3554	100	0.9	14.150088338946864	100	0.9	14.150088338946864
Participant_3555	150	0.6	12.095453691366853	150	0.5	35.6682632041427
Participant_3556	400	0.0	18.180346531350825	400	0.1	21.72210855326895
Participant_3557	100	0.0	33.198644550643934	350	0.2	75.9298195704428
Participant_3558	300	0.3	23.952557274746262	200	0.3	30.285103598964294
Participant_3559	100	0.1	12.497499749949988	100	0.1	12.497499749949988
Participant_3560	350	0.7	23.224448324987183	350	0.7	23.224448324987183
Participant_3561	350	0.2	19.598150422935323	300	0.3	30.06201922692486
Participant_3562	400	0.5	30.907118921051183	350	0.2	84.61139107708843
Participant_3563	100	1.0	0.0	100	1.0	0.0
Participant_3564	100	0.5	30.126400382388866	300	0.3	66.8204684209861
Participant_3565	300	0.2	26.197089532999655	150	0.2	31.494443954450123
Participant_3566	300	0.6	22.4446541519356	300	0.5	42.9239152454666
Participant_3567	250	1.0	13.693063937629153	250	0.7	40.65356687918048
Participant_3568	400	0.7	15.721800151382157	350	0.6	49.262561849745495
Participant_3569	150	0.0	15.277843434202355	200	0.1	24.261079942986875
Participant_3570	100	0.5	24.007290559328016	100	0.6	27.647332601898505
Participant_3571	250	0.0	18.60174722976312	250	0.1	30.94208299387745
Participant_3572	100	0.5	26.03075104563831	400	0.3	46.869499677295465
Participant_3573	100	0.4	19.84911836833062	350	0.5	61.460149690673546
Participant_3574	150	1.0	0.0	150	1.0	0.0
Participant_3575	400	0.4	18.343254891103705	400	0.5	28.28869031963127
Participant_3576	250	0.8	18.807245944050393	250	0.7	21.942253758445144
Participant_3577	250	1.0	0.0	250	1.0	0.0
Participant_3578	300	0.4	20.64521736383514	300	0.5	28.678607009406853
Participant_3579	350	0.0	19.120996312953988	350	0.0	19.120996312953988
Participant_3580	400	0.3	16.9336942218761	250	0.4	30.197268088355276
Participant_3581	300	0.0	10.994885174479995	200	0.0	12.690547663517126
Participant_3582	150	0.2	21.433618453261687	100	0.4	73.04271010853856
Participant_3583	300	0.7	19.88498177017017	300	0.8	32.45053928673605
Participant_3584	350	0.0	15.26802213778851	300	0.0	17.94818932371731
Participant_3585	400	0.0	9.448544861511746	400	0.0	9.448544861511746
Participant_3586	350	0.2	17.402226868995818	300	0.3	32.40331773136818
Participant_3587	300	0.5	18.539484890363052	250	0.5	27.723410684834576
Participant_3588	300	0.2	14.054803449354957	300	0.2	14.054803449354957
Participant_3589	350	0.6	28.205495918348962	350	0.5	36.43281487889729
Participant_3590	350	0.2	17.185386233657944	250	0.1	46.743047611382806
Participant_3591	250	0.1	13.916267459344118	200	0.0	23.07162759754933
Participant_3592	300	0.9	11.341296222213755	300	0.8	15.788840996095946
Participant_3593	100	0.4	23.457141769618904	400	0.4	35.39385539892482
Participant_3594	200	0.8	14.910985882898554	200	0.8	14.910985882898554
Participant_3595	100	1.0	11.180339887498949	100	0.8	35.55400821285836
Participant_3596	250	0.0	15.524979871162474	300	0.0	19.225959013791744
Participant_3597	300	0.2	19.844079721670138	150	0.1	28.113831115662627
Participant_3598	250	0.0	35.440442999488596	200	0.1	58.90543268663765
Participant_3599	300	0.8	28.732168383190295	350	0.7	38.75403204829144
Participant_3600	250	0.0	19.711037517086716	300	0.0	25.04271351111936
Participant_3601	100	0.0	35.52675048467	100	0.0	35.52675048467
Participant_3602	350	0.0	15.185930988912073	250	0.0	18.702272589180172
Participant_3603	200	0.5	22.957025068592838	150	0.7	63.448896759518206
Participant_3604	350	0.1	34.46610653961367	300	0.1	37.266271613887
Participant_3605	250	0.0	22.045974689271507	250	0.0	22.045974689271507
Participant_3606	300	0.6	19.685337182786583	200	0.6	25.77183540223707
Participant_3607	350	0.5	28.082022719170357	200	0.3	55.96594946929785
Participant_3608	300	0.7	24.195299130202958	250	0.6	26.419216491031676
Participant_3609	350	0.6	20.5073157677937	150	0.6	44.20180991769455
Participant_3610	100	1.0	0.0	100	1.0	0.0
Participant_3611	150	1.0	0.0	150	1.0	0.0
Participant_3612	400	0.6	20.02373591515829	200	0.5	57.76698884311004
Participant_3613	100	0.5	24.496938584239462	300	0.3	61.15533500848475
Participant_3614	100	0.4	21.65611922759939	350	0.4	34.141982953542694
Participant_3615	150	0.8	15.678010077812809	150	0.8	15.678010077812809
Participant_3616	200	0.0	9.927235264664578	300	0.0	10.470792711156115
Participant_3617	150	0.5	18.397690072397676	300	0.4	26.409751986718845
Participant_3618	150	0.4	31.676489704511134	300	0.5	47.78820461159846
Participant_3619	200	0.7	18.836467290869592	200	0.6	39.86461463503692
Participant_3620	300	1.0	0.0	300	1.0	0.0
Participant_3621	250	0.3	12.785734237813642	400	0.3	20.71834935510066
Participant_3622	100	0.6	18.75833148230407	300	0.4	72.7751674680313
Participant_3623	100	0.5	19.172897537930986	100	0.7	52.873433782950016
Participant_3624	300	0.7	22.369901653784712	250	0.7	32.599271464252084
Participant_3625	200	1.0	0.0	200	1.0	0.0
Participant_3626	400	0.4	23.323271640145173	100	0.4	32.21393332084736
Participant_3627	350	0.8	28.18199780001411	300	0.7	38.52482965569089
Participant_3628	100	0.7	48.84260435316692	400	0.0	92.59063127552376
Participant_3629	100	0.0	22.128036514792722	100	0.0	22.128036514792722
Participant_3630	150	0.3	16.399695119117307	400	0.2	27.897132469126642
Participant_3631	350	1.0	0.0	350	1.0	0.0
Participant_3632	400	0.7	12.685621782159517	400	0.6	32.28312252555505
Participant_3633	150	0.6	17.1040930773894	100	0.6	29.864276318035902
Participant_3634	400	0.1	21.07961100210343	400	0.2	28.186876378910807
Participant_3635	350	1.0	0.0	350	1.0	0.0
Participant_3636	100	0.2	36.55235970494928	300	0.3	67.25864256733108
Participant_3637	200	0.0	15.725775020646836	150	0.1	31.3111401900346
Participant_3638	400	0.0	19.76170539199489	350	0.3	54.258639865002145
Participant_3639	250	0.8	12.34757061125791	250	0.9	16.946607330082326
Participant_3640	350	1.0	0.0	350	1.0	0.0
Participant_3642	150	0.3	26.975915183733804	200	0.4	52.48356885731
Participant_3643	150	1.0	7.905694150420948	150	0.9	8.941476388158724
Participant_3644	350	0.1	23.9877572940865	200	0.1	25.369272752682527
Participant_3645	100	1.0	0.0	100	1.0	0.0
Participant_3646	350	0.2	16.173666869328056	350	0.2	16.173666869328056
Participant_3647	400	0.0	40.76487458584903	150	0.4	72.97876403447786
Participant_3648	400	0.0	20.65853334581136	400	0.0	20.65853334581136
Participant_3649	100	0.2	21.675446938875332	250	0.4	46.15869365569177
Participant_3650	100	0.4	24.525242098703124	350	0.5	61.794821789531845
Participant_3651	100	0.1	23.76841391426866	100	0.2	34.836403373482746
Participant_3652	150	0.9	17.53425219392033	150	0.9	17.53425219392033
Participant_3653	150	0.0	11.276635136422566	300	0.0	13.588138209482564
Participant_3654	250	0.2	14.289419162443238	150	0.2	16.602710622064098
Participant_3655	150	0.8	9.396807968666806	150	0.8	9.396807968666806
Participant_3656	100	0.7	16.33554406807438	100	0.7	16.33554406807438
Participant_3657	100	0.6	18.388175548433292	100	0.5	30.92490905402957
Participant_3658	250	0.4	17.695338369186388	350	0.5	32.22731760478988
Participant_3659	300	0.0	13.309301258894097	150	0.1	22.975802488705373
Participant_3660	150	0.2	25.087845662790578	300	0.4	61.14511427743021
Participant_3661	300	0.2	25.69119498972362	350	0.3	55.40983667184014
Participant_3662	400	0.5	21.94310825749169	400	0.3	63.09120382430502
Participant_3663	250	0.9	10.170422803403996	250	0.9	10.170422803403996
Participant_3664	350	0.2	10.739529784864885	150	0.2	18.149380154705007
Participant_3665	250	0.0	17.986800716080666	150	0.0	18.598723074447882
Participant_3666	150	0.1	22.921332858278554	250	0.1	23.74157745390984
Participant_3667	150	0.7	14.517661657443321	200	0.7	25.36853365884595
Participant_3668	300	0.1	10.724970862431283	400	0.2	70.14805770653953
Participant_3669	200	0.1	21.589349225949356	350	0.1	22.785137699825295
Participant_3670	100	0.5	19.367498547824912	350	0.5	54.22038362092249
Participant_3671	250	1.0	5.5901699437494745	250	0.9	7.964766161036995
Participant_3672	350	0.6	16.599698792448013	300	0.4	55.15863486345542
Participant_3673	150	0.7	16.830404035554228	150	0.6	28.76716878665678
Participant_3674	200	0.5	19.38491681694817	300	0.3	72.00677051500088
Participant_3675	200	1.0	0.0	200	1.0	0.0
Participant_3676	400	0.1	23.170023737579555	350	0.1	43.248265861188
Participant_3677	400	0.2	21.89748844045819	200	0.1	71.50069929727961
Participant_3678	250	0.7	24.626459347620397	300	0.8	39.16998212917642
Participant_3679	100	0.5	27.227743204312766	100	0.5	27.227743204312766
Participant_3680	350	0.6	24.326939799325356	300	0.6	36.99679040133076
Participant_3681	150	0.9	6.704476116744694	150	0.8	20.905740838343903
Participant_3682	300	0.7	21.34039596633577	250	0.5	51.013111059805006
Participant_3683	350	0.4	28.843110095827043	150	0.3	43.30357952871795
Participant_3684	350	1.0	0.0	350	1.0	0.0
Participant_3685	100	1.0	0.0	100	1.0	0.0
Participant_3686	200	0.1	19.26395598001615	150	0.2	35.66370704231404
Participant_3687	250	1.0	5.5901699437494745	250	0.9	8.042853971072706
Participant_3688	400	0.9	13.960211316452197	400	0.9	13.960211316452197
Participant_3689	350	0.2	18.91659324508512	300	0.2	25.812545399475813
Participant_3690	400	0.2	20.0187412191676	400	0.2	20.0187412191676
Participant_3691	350	1.0	0.0	350	1.0	0.0
Participant_3692	200	0.8	11.611955046416602	200	0.8	11.611955046416602
Participant_3693	300	1.0	0.0	300	1.0	0.0
Participant_3694	100	0.6	18.1142209327368	150	0.3	77.21852109435922
Participant_3695	100	0.6	16.974245196767956	100	0.5	34.73254957529032
Participant_3696	350	0.7	17.04772712123232	350	0.7	17.04772712123232
Participant_3697	100	0.6	32.701299668361806	400	0.1	74.78703096125692
Participant_3698	250	0.0	16.000781230927444	200	0.0	20.427922067601493
Participant_3699	100	0.8	15.583244206518744	100	0.8	15.583244206518744
Participant_3700	100	0.6	23.492019921667016	150	0.6	55.73419058351884
Participant_3701	300	0.8	16.971667566859775	300	0.8	16.971667566859775
Participant_3702	250	0.1	25.321186781033784	200	0.1	27.33770290276782
Participant_3703	300	0.1	22.556041319345024	200	0.0	24.130893062628246
Participant_3705	400	0.6	36.362068148002805	400	0.4	62.18098583972435
Participant_3706	250	0.8	19.299287551617027	250	0.8	19.299287551617027
Participant_3707	350	0.6	26.18300975823826	150	0.5	39.93400806330364
Participant_3708	350	0.1	25.30637271518777	250	0.1	28.216351642265874
Participant_3709	100	0.7	19.60484633961715	100	0.8	23.776826953990305
Participant_3710	200	0.6	21.975839005598854	250	0.6	37.60618300226706
Participant_3711	350	0.6	28.557836052474283	350	0.5	32.401388859121454
Participant_3712	100	0.2	20.36725312849035	250	0.4	53.86905419626374
Participant_3713	150	0.9	17.28293956478469	150	0.7	39.077007306087296
Participant_3714	350	0.5	19.231484602078957	250	0.6	47.96326719480231
Participant_3715	200	0.8	11.930528068782204	200	0.8	11.930528068782204
Participant_3716	100	0.4	24.423093579643016	100	0.5	25.37419949476239
Participant_3717	200	0.8	19.067970526513825	200	0.6	48.584333894785466
Participant_3718	150	1.0	0.0	150	1.0	0.0
Participant_3719	250	0.5	21.96218340693839	250	0.5	21.96218340693839
Participant_3720	350	0.8	17.00661635952314	300	0.8	29.52604782221962
Participant_3722	150	1.0	0.0	150	1.0	0.0
Participant_3723	350	0.7	31.014109692203	250	0.4	70.94452057770212
Participant_3724	400	0.4	18.377295774950134	150	0.4	23.683327468917874
Participant_3725	150	0.2	28.515785102290273	250	0.1	37.764566725966816
Participant_3726	400	0.8	6.87386354243376	400	0.8	6.87386354243376
Participant_3727	300	0.0	8.782795682469223	400	0.0	76.0215429993367
Participant_3728	350	0.4	18.115601011283065	300	0.4	20.765957719305895
Participant_3729	100	0.8	24.476264012303837	100	0.8	24.476264012303837
Participant_3730	350	0.0	11.09560723890315	150	0.0	12.92913376835432
Participant_3731	300	0.6	13.08672992003732	350	0.5	33.61324143845696
Participant_3732	350	0.5	18.670832868407345	350	0.6	20.809853435332023
Participant_3733	400	0.8	23.42007685726074	400	0.7	30.057029127976037
Participant_3734	150	0.1	17.29559192395565	300	0.0	30.978016398730247
Participant_3735	350	1.0	0.0	350	1.0	0.0
Participant_3736	150	0.9	6.978538528947161	150	0.9	6.978538528947161
Participant_3737	350	0.9	14.21794640586326	350	0.7	28.90717903912452
Participant_3738	250	0.7	22.281438463438576	200	0.7	23.73947135047451
Participant_3739	300	0.9	5.905505905508858	300	0.9	5.905505905508858
Participant_3740	100	1.0	0.0	100	1.0	0.0
Participant_3741	250	0.2	35.73076405564258	400	0.2	46.65833258915282
Participant_3742	150	0.8	22.462190454183226	150	0.6	56.95436769906238
Participant_3743	350	0.2	19.820128657503712	200	0.2	23.66669600937148
Participant_3744	400	1.0	20.155644370746373	400	0.8	47.89050010179472
Participant_3745	200	0.5	19.352648397570807	150	0.5	21.586454085838184
Participant_3746	100	0.5	28.064212085857676	150	0.5	39.127675627361256
Participant_3747	300	0.6	16.008201023225563	300	0.6	16.008201023225563
Participant_3748	250	0.9	12.234684303242156	250	0.9	12.234684303242156
Participant_3749	150	0.6	18.575521526998912	250	0.6	47.79356651265942
Participant_3750	150	0.8	13.399626860476378	150	0.8	13.399626860476378
Participant_3751	400	0.7	26.09453965871021	250	0.6	65.88228138126367
Participant_3752	200	1.0	0.0	200	1.0	0.0
Participant_3753	150	0.8	21.113976413740733	150	0.8	21.113976413740733
Participant_3754	200	0.5	14.68928180681411	150	0.6	22.305828834634234
Participant_3755	250	1.0	0.0	250	1.0	0.0
Participant_3756	200	0.6	21.775846711436962	150	0.6	24.724481794367296
Participant_3757	100	0.7	26.088311559010485	400	0.3	95.10126182128185
Participant_3758	400	0.9	11.72124140183112	400	0.9	11.72124140183112
Participant_3759	200	1.0	0.0	200	1.0	0.0
Participant_3760	350	0.5	19.744619520264248	350	0.6	31.373555743651373
Participant_3761	200	0.7	18.22944047413414	250	0.8	31.124146574645223
Participant_3762	400	1.0	12.5	400	0.9	16.915599309513098
Participant_3763	400	0.0	15.387494922826132	400	0.0	15.387494922826132
Participant_3764	200	0.5	16.455242325775696	300	0.4	38.681067720527054
Participant_3765	100	0.5	25.692411330974757	300	0.6	60.83800210394815
Participant_3766	200	0.9	10.27983462902006	200	0.9	10.27983462902006
Participant_3767	100	0.2	21.0612202875332	350	0.3	39.61060464067672
Participant_3768	350	1.0	0.0	350	1.0	0.0
Participant_3769	100	0.8	16.28918352772784	100	0.7	39.96060560101661
Participant_3770	350	1.0	0.0	350	1.0	0.0
Participant_3771	400	0.1	15.90911688309568	250	0.3	38.596955838511406
Participant_3772	100	0.8	18.78396922910597	100	0.8	18.78396922910597
Participant_3773	400	0.9	18.805251925991314	400	0.7	37.49566641626736
Participant_3774	150	0.7	21.63937383567279	150	0.6	30.72132809629167
Participant_3775	150	1.0	0.0	150	1.0	0.0
Participant_3776	100	0.4	22.972537952955914	200	0.4	35.90995683650984
Participant_3778	400	0.2	17.979154596365202	350	0.2	18.380356362160118
Participant_3779	400	0.2	31.336879231984796	400	0.3	42.69660408041839
Participant_3780	300	0.0	15.277025233991072	200	0.0	17.812916661793487
Participant_3781	300	1.0	0.0	300	1.0	0.0
Participant_3782	250	0.0	7.8118499729577495	200	0.0	9.864076236526156
Participant_3783	250	0.0	17.314011666855258	300	0.0	21.43915809914186
Participant_3784	350	0.1	16.368032868979707	200	0.1	17.91926337771729
Participant_3785	100	0.9	7.086959855960806	100	0.9	7.086959855960806
Participant_3786	400	0.1	18.989470766717012	400	0.2	19.893466264077762
Participant_3787	150	0.6	10.549881515922348	250	0.4	56.67340646193768
Participant_3788	200	0.9	8.180770134895614	200	0.9	8.180770134895614
Participant_3789	300	0.5	19.556648485873033	300	0.4	23.90031380547126
Participant_3790	400	0.7	19.356523448181495	400	0.6	25.75752317285185
Participant_3791	250	0.1	19.587304561883954	150	0.0	29.890006691200323
Participant_3792	100	0.1	20.029665498954294	400	0.3	56.01785429664367
Participant_3793	300	0.7	18.382396470536698	300	0.8	25.894738847881822
Participant_3794	400	0.5	24.19194080680589	400	0.5	24.19194080680589
Participant_3795	150	0.6	22.611943746613203	150	0.6	22.611943746613203
Participant_3796	350	0.2	21.221156895890477	400	0.2	30.467195473164246
Participant_3797	100	0.8	19.470169490787693	100	0.6	42.989824377403544
Participant_3798	100	0.6	16.789133390380815	100	0.6	16.789133390380815
Participant_3799	100	0.4	25.499754900782868	350	0.4	29.78128607028246
Participant_3800	350	0.0	16.335926664869675	300	0.0	17.7380241289722
Participant_3801	150	0.6	22.361797781037193	150	0.6	22.361797781037193
Participant_3802	100	0.2	21.50174411530376	150	0.4	42.70128803677941
Participant_3803	200	0.6	24.78280654001883	200	0.6	24.78280654001883
Participant_3804	300	0.1	15.083931848162136	250	0.1	17.639798751686484
Participant_3805	400	0.9	5.906564145084687	400	0.9	5.906564145084687
Participant_3806	300	0.6	21.564148487709872	250	0.6	27.86978650797311
Participant_3807	100	0.5	27.750675667449972	150	0.5	31.300559100437805
Participant_3808	400	0.7	21.323109529334598	400	0.8	33.85262175962151
Participant_3809	350	0.6	20.74969879299456	200	0.4	61.45750564414407
Participant_3810	300	0.2	21.272928806349164	350	0.1	23.246773969736104
Participant_3811	250	0.0	15.84376849111347	150	0.0	18.293783096997736
Participant_3812	250	0.3	24.463748690664726	250	0.2	41.46308599224134
Participant_3813	300	0.7	17.114686675484304	300	0.8	21.54733162134003
Participant_3814	300	0.4	18.607122292283673	200	0.6	78.16129157070013
Participant_3815	400	0.0	52.37389616975235	200	0.4	77.2060554619908
Participant_3816	200	0.0	22.300224214119464	200	0.1	26.43104235553339
Participant_3817	400	0.2	32.16364407215078	150	0.3	49.98949889726841
Participant_3818	200	0.8	12.086666207023342	200	0.7	21.326333487029597
Participant_3819	100	0.2	13.822988099539115	150	0.3	18.646715528478467
Participant_3820	100	0.3	22.844857189310684	200	0.3	34.52806829233283
Participant_3821	200	1.0	7.905694150420948	200	0.9	9.256079083499666
Participant_3822	200	0.6	21.833174299675253	150	0.7	29.017451645518427
Participant_3823	400	0.2	14.983324063771697	150	0.2	44.86814014420477
Participant_3824	100	1.0	0.0	100	1.0	0.0
Participant_3825	150	0.4	24.942934871422008	100	0.5	36.160752204565654
Participant_3826	200	0.2	27.88570422277336	400	0.4	59.08870450432976
Participant_3827	400	0.8	27.290108097990377	400	0.6	57.56257464707429
Participant_3828	200	0.5	19.05977439530699	300	0.5	31.897688003991764
Participant_3829	350	0.7	14.383149863642526	350	0.7	14.383149863642526
Participant_3830	150	0.3	16.813684902483452	350	0.3	20.254629100529094
Participant_3831	350	0.1	16.782803699024786	300	0.0	30.489957363040048
Participant_3832	400	0.9	9.076756028449813	400	0.9	9.076756028449813
Participant_3833	350	0.8	24.041110623263645	350	0.7	32.66305252115913
Participant_3834	100	0.6	49.65506016510301	400	0.2	70.3970880079567
Participant_3835	150	0.9	19.873348988029168	150	0.9	19.873348988029168
Participant_3836	150	0.7	19.352325441662042	150	0.7	19.352325441662042
Participant_3837	350	0.2	28.70692425182468	250	0.2	32.23643125409511
Participant_3838	250	0.0	28.013835867299573	350	0.0	32.79653182883824
Participant_3839	100	0.5	28.854808957953612	400	0.3	51.32494520211395
Participant_3840	400	1.0	0.0	400	1.0	0.0
Participant_3841	100	1.0	0.0	100	1.0	0.0
Participant_3842	100	0.2	22.68975539753569	200	0.5	74.62087509537797
Participant_3843	100	0.5	21.362350057987534	400	0.4	53.551143778634646
Participant_3844	250	0.2	19.885610375344278	300	0.1	38.9072615330352
Participant_3845	100	0.0	24.334132406971076	100	0.1	30.80077109424373
Participant_3846	350	0.0	19.380724960640663	250	0.1	25.19747011110441
Participant_3847	150	0.7	13.720878251773827	150	0.7	13.720878251773827
Participant_3848	100	0.7	69.24124493392648	400	0.0	99.52022407531044
Participant_3849	100	0.8	20.410475251693676	100	0.8	20.410475251693676
Participant_3850	100	0.2	19.328088369003282	250	0.3	40.478080488086384
Participant_3851	200	0.9	8.104011352410607	200	0.9	8.104011352410607
Participant_3852	150	0.7	13.11535359797821	150	0.7	13.11535359797821
Participant_3853	350	0.8	11.367717448986845	350	0.8	11.367717448986845
Participant_3854	250	0.0	20.67063134014053	300	0.0	25.732032566433613
Participant_3855	150	0.0	19.803093192731282	350	0.1	38.03501676087444
Participant_3856	400	0.6	25.781776509775273	400	0.6	25.781776509775273
Participant_3857	300	0.8	9.449206315876483	300	0.9	13.318220601867203
Participant_3858	100	0.1	29.089302157322372	200	0.3	53.9878458544143
Participant_3859	350	1.0	0.0	350	1.0	0.0
Participant_3860	350	0.1	17.404381632221238	200	0.2	35.2152310797473
Participant_3861	150	1.0	0.0	150	1.0	0.0
Participant_3862	400	0.0	16.897485019966727	400	0.2	39.36368885152915
Participant_3863	250	0.0	15.804271574482641	250	0.0	15.804271574482641
Participant_3864	400	0.7	17.166100314282218	400	0.9	51.57409718065843
Participant_3865	300	0.6	17.320868915848305	300	0.6	17.320868915848305
Participant_3866	150	0.2	16.715262486721528	150	0.2	16.715262486721528
Participant_3867	100	0.2	27.038398621220157	350	0.3	49.6764531745172
Participant_3868	400	0.0	31.113100134830667	250	0.3	59.34833611820975
Participant_3869	400	0.5	25.079872407968907	100	0.3	45.85997710422455
Participant_3870	250	0.7	14.237714001903536	250	0.5	47.60344000174777
Participant_3871	300	1.0	9.682458365518542	300	0.9	9.80433577556379
Participant_3872	100	0.5	27.204778991934486	200	0.4	41.812378549898355
Participant_3873	400	0.4	28.199734041299042	200	0.3	42.97891925118639
Participant_3874	350	0.5	26.264995716732948	350	0.6	36.76683287964847
Participant_3875	100	0.9	8.886787946159174	100	0.8	24.296861937295525
Participant_3876	250	0.7	20.681211279806604	250	0.8	28.809069752423454
Participant_3877	100	0.5	24.291973983190417	150	0.4	30.510653876965666
Participant_3878	400	0.5	39.48417404479927	350	0.3	76.42152838042432
Participant_3879	250	0.0	16.986023666532436	400	0.0	97.79072041865732
Participant_3880	100	0.2	32.74637384505344	400	0.4	55.3983302997482
Participant_3881	150	0.7	20.420883918185325	150	0.5	58.01702336383693
Participant_3882	300	1.0	5.5901699437494745	300	0.8	22.650331123407447
Participant_3883	250	1.0	0.0	250	1.0	0.0
Participant_3884	100	0.4	22.084779826840023	100	0.5	28.15315257657657
Participant_3885	400	1.0	11.180339887498949	400	0.9	16.692438407854016
Participant_3886	400	0.8	16.537835408541227	400	0.9	27.15487985611426
Participant_3887	150	0.9	14.872793954062566	150	0.9	14.872793954062566
Participant_3888	250	0.6	23.43554991887325	200	0.7	48.43616933656087
Participant_3889	200	0.9	8.180770134895614	200	0.8	14.910985882898554
Participant_3890	400	0.6	20.6990337938755	350	0.4	63.76264580457747
Participant_3891	150	0.2	25.187298386289864	200	0.2	27.47931039891649
Participant_3892	350	0.2	26.107230799148347	250	0.1	54.244008885774655
Participant_3893	300	0.5	16.61964199373741	400	0.4	37.15137951678241
Participant_3894	150	0.9	7.067531393633848	150	0.9	7.067531393633848
Participant_3895	350	0.2	19.341341732154984	400	0.3	34.59407463713981
Participant_3896	400	0.8	19.8997487421324	400	0.6	48.46080890781746
Participant_3897	300	0.0	18.190313356289384	300	0.0	18.190313356289384
Participant_3898	300	0.1	8.29306939558569	150	0.1	11.028939205562791
Participant_3899	150	1.0	0.0	150	1.0	0.0
Participant_3900	350	0.0	16.259228148962055	200	0.1	23.261556267799453
Participant_3901	150	1.0	0.0	150	1.0	0.0
Participant_3902	200	0.0	13.408952233489387	350	0.0	14.339194538048503
Participant_3903	400	0.3	24.40286868382486	400	0.1	45.47636748905963
Participant_3904	250	0.0	13.547139919554976	200	0.0	16.727223320085137
Participant_3905	400	0.4	8.886787946159174	300	0.3	35.26648550678108
Participant_3906	150	0.5	21.73073859766391	150	0.7	71.86454271753213
Participant_3907	100	0.6	17.04772712123232	100	0.5	24.291973983190417
Participant_3908	250	0.0	11.226085693597748	300	0.0	15.277025233991072
Participant_3909	250	0.7	12.998557612289142	250	0.7	12.998557612289142
Participant_3910	350	0.1	22.61995800172936	150	0.1	23.987236189273663
Participant_3911	350	0.6	26.982401672201085	350	0.8	43.19114492578311
Participant_3912	100	0.5	25.59492137124082	150	0.4	33.51715978420606
Participant_3913	300	0.0	9.792216296630707	300	0.1	16.73394753188858
Participant_3914	100	0.0	32.97195778233377	150	0.4	85.73009973165784
Participant_3915	250	0.4	18.92419086777556	250	0.2	79.64256085787297
Participant_3916	150	1.0	0.0	150	1.0	0.0
Participant_3917	400	0.9	12.937832121340886	400	0.8	16.575584454250777
Participant_3918	300	0.7	16.368032868979707	300	0.7	16.368032868979707
Participant_3919	100	0.5	26.600751869073175	300	0.5	44.860478151709444
Participant_3920	100	0.5	24.547912334860577	100	0.6	45.034708836629555
Participant_3921	350	0.1	15.138114149391264	400	0.2	68.26053032316699
Participant_3922	100	0.8	17.54529851555681	100	0.8	17.54529851555681
Participant_3923	150	0.7	21.172210560071427	150	0.6	25.348569979389367
Participant_3924	250	0.0	16.801041634374936	250	0.0	16.801041634374936
Participant_3925	400	0.2	16.492422502470642	350	0.1	72.84684275931251
Participant_3926	250	0.0	23.07108580019588	400	0.1	95.20031512552886
Participant_3927	300	0.7	31.943896130559903	300	0.7	31.943896130559903
Participant_3928	400	0.5	26.22498808388671	400	0.4	38.74887095129353
Participant_3929	100	1.0	0.0	100	1.0	0.0
Participant_3930	400	0.3	17.902513789968157	100	0.2	38.53342704717555
Participant_3931	350	0.7	11.319231422671772	350	0.8	13.434098406666523
Participant_3932	350	0.8	17.15298807788311	350	0.7	26.13666007737025
Participant_3933	400	0.2	21.0535032714273	100	0.3	41.88540915402403
Participant_3934	400	1.0	0.0	400	1.0	0.0
Participant_3935	100	0.8	12.662444471743992	100	0.8	12.662444471743992
Participant_3936	400	0.6	70.98203998195599	100	0.0	79.09424757844276
Participant_3937	150	0.1	20.533813576635005	350	0.2	49.601789282242635
Participant_3938	100	0.7	18.522958726942086	100	0.9	39.689104298283176
Participant_3939	150	0.8	15.109599597606815	150	0.8	15.109599597606815
Participant_3940	400	0.2	25.46075411294803	250	0.1	68.50118612111764
Participant_3941	250	0.8	11.77762709547216	250	0.8	11.77762709547216
Participant_3942	100	0.4	28.63978875620419	300	0.3	36.331460196364255
Participant_3943	300	0.6	14.748304987353631	300	0.6	14.748304987353631
Participant_3944	400	0.9	12.64466290574802	400	0.9	12.64466290574802
Participant_3945	300	0.1	12.894766380202473	350	0.0	13.896492363182876
Participant_3946	250	0.0	41.13727020598231	150	0.1	48.80202352362041
Participant_3947	100	0.7	22.37409216035368	100	0.6	33.56895887572327
Participant_3949	100	0.3	16.677454841791658	350	0.4	32.240114764063726
Participant_3950	150	0.9	9.08019823572151	150	0.7	33.55238441601431
Participant_3951	100	0.7	21.1683726346642	100	0.7	21.1683726346642
Participant_3952	400	1.0	0.0	400	1.0	0.0
Participant_3953	200	0.1	15.07812985751217	250	0.2	42.5345447842104
Participant_3954	100	0.2	15.405356211396086	400	0.4	36.77941000070555
Participant_3955	100	1.0	0.0	100	1.0	0.0
Participant_3956	100	0.6	21.286732957408002	100	0.6	21.286732957408002
Participant_3957	400	0.3	23.08679276123039	400	0.3	23.08679276123039
Participant_3958	150	0.7	18.25547862971552	100	0.6	44.20831369776504
Participant_3959	150	0.3	18.912958520548813	100	0.4	43.28957726751325
Participant_3960	250	0.1	27.90452472270402	200	0.1	29.683328654313687
Participant_3961	350	0.9	20.848261318392957	350	0.8	40.30167490316004
Participant_3962	100	0.4	19.9746714616286	150	0.3	37.96643254244465
Participant_3963	400	1.0	0.0	400	1.0	0.0
Participant_3964	150	0.2	24.73661254092807	250	0.3	27.6762533591525
Participant_3965	300	0.1	23.84900417208232	350	0.2	54.53519505787066
Participant_3966	300	0.7	21.252352810924254	300	0.7	21.252352810924254
Participant_3967	200	0.9	6.278933030380241	200	0.8	20.8827081577079
Participant_3968	100	0.1	28.172459956489423	300	0.2	45.839802573745885
Participant_3969	150	0.3	23.852672806207693	300	0.3	27.36283976490744
Participant_3970	200	0.9	10.52021862890691	200	0.9	10.52021862890691
Participant_3971	250	0.6	19.855100100477962	200	0.5	28.297968124937874
Participant_3972	400	0.6	26.33343881835413	400	0.7	31.85396364661704
Participant_3973	350	0.0	11.428582589280266	300	0.1	19.268497606196494
Participant_3974	300	0.5	17.247101205709903	250	0.5	27.655695615912467
Participant_3975	250	0.6	20.136409809099536	300	0.5	55.845434012101656
Participant_3976	300	0.8	10.273144601337995	300	0.8	10.273144601337995
Participant_3977	350	0.5	20.732824216685966	300	0.4	37.19845426896123
Participant_3978	350	0.5	20.91291467012669	250	0.3	75.71971341731293
Participant_3979	400	0.2	15.313392831113555	250	0.3	23.205064102475564
Participant_3980	150	0.9	8.80056816347672	150	0.9	8.80056816347672
Participant_3981	100	0.9	6.908328307195599	100	0.9	6.908328307195599
Participant_3982	150	0.8	10.818964830333815	150	0.9	23.952035404115453
Participant_3983	400	0.4	17.648654339637343	250	0.5	60.20662338978993
Participant_3984	350	0.2	21.250588227152676	250	0.1	50.12397131114014
Participant_3985	350	0.1	24.11768023670602	150	0.2	29.46438528121705
Participant_3986	250	0.5	19.035164827234883	300	0.6	21.794781485484087
Participant_3987	400	0.6	16.724233913695418	400	0.6	16.724233913695418
Participant_3988	200	1.0	0.0	200	1.0	0.0
Participant_3989	400	0.9	15.162041419281243	400	0.8	18.193405398660254
Participant_3990	400	1.0	0.0	400	1.0	0.0
Participant_3991	250	0.8	11.830574795841494	250	0.6	35.95796156625122
Participant_3992	300	0.3	13.737721790748274	250	0.2	40.17695234833025
Participant_3993	400	0.5	16.32482771731451	400	0.6	24.154709685690698
Participant_3994	100	0.7	21.049940617493437	400	0.1	97.5607503046179
Participant_3995	200	0.1	18.804254837669053	200	0.1	18.804254837669053
Participant_3996	100	0.6	58.571537456344785	400	0.1	73.04519149129531
Participant_3997	300	0.4	31.023781200878787	350	0.5	40.479624504187285
Participant_3998	350	0.1	21.861209939067873	300	0.1	23.13060742825402
Participant_3999	100	0.2	43.34253107514604	200	0.4	66.479508120924
Participant_4000	400	0.2	28.626910416599273	200	0.4	49.41684935323174
Participant_4001	150	0.6	27.45541840875859	300	0.5	45.86624575872763
Participant_4002	400	0.5	27.730849247724095	200	0.4	44.79983258897292
Participant_4003	200	0.7	12.03380654655874	200	0.8	16.914121319181792
Participant_4004	250	0.9	7.806247497997997	250	0.9	7.806247497997997
Participant_4005	300	0.6	18.84177539405456	300	0.8	42.988806682670315
Participant_4006	250	1.0	5.5901699437494745	250	0.9	7.964766161036995
Participant_4007	300	0.1	15.083931848162136	200	0.2	44.40002815314423
Participant_4008	300	0.7	20.926358976181213	250	0.7	34.00680079043014
Participant_4009	250	0.1	12.19272323970326	250	0.1	12.19272323970326
Participant_4010	400	0.0	28.991809188113805	400	0.1	30.134697609234443
Participant_4011	200	0.8	17.279684603603158	200	0.7	25.046207297712762
Participant_4012	350	0.6	22.37297476868018	350	0.8	59.69066091106715
Participant_4013	100	0.5	25.57049080483204	100	0.4	44.26045074329903
Participant_4014	250	0.4	15.350081433008752	150	0.5	26.381338101013753
Participant_4015	100	0.2	23.341486670732866	100	0.1	29.153687588365216
Participant_4016	250	0.5	22.188679546110894	200	0.6	40.13025666501524
Participant_4017	200	0.6	20.89706917249402	250	0.6	37.83814213198106
Participant_4018	400	0.5	22.754120505965506	400	0.5	22.754120505965506
Participant_4019	150	0.8	7.553145040312677	150	0.9	19.201562436426887
Participant_4020	100	0.1	21.964459929622674	100	0.1	21.964459929622674
Participant_4021	400	0.2	15.107944929738128	300	0.4	43.83178070760986
Participant_4022	350	0.6	22.62299714891906	350	0.6	22.62299714891906
Participant_4023	100	0.0	19.128512749296533	150	0.2	50.00649957755492
Participant_4024	200	1.0	7.905694150420948	200	0.9	12.96823041127817
Participant_4025	350	0.1	13.054213879050703	350	0.0	25.335005427273938
Participant_4026	400	0.9	12.036922364126138	400	0.8	21.702534414210707
Participant_4027	400	0.5	18.479718612576328	350	0.5	34.78289809662214
Participant_4028	300	0.5	13.737266831506187	350	0.6	26.467905092772263
Participant_4029	250	0.0	26.144311044661322	300	0.0	29.59539660149869
Participant_4030	350	0.0	17.73027072551347	250	0.0	24.026547816946152
Participant_4031	400	0.2	42.4352447854375	350	0.3	52.96461082647544
Participant_4032	400	0.2	43.85487430149584	100	0.4	49.83961777542039
Participant_4033	400	0.5	26.720778431774775	200	0.6	66.147089883078
Participant_4034	350	1.0	0.0	350	1.0	0.0
Participant_4035	400	0.0	31.07289815900667	350	0.1	37.120243803078665
Participant_4036	100	0.0	34.780023001717524	200	0.1	41.21407526561769
Participant_4037	300	1.0	0.0	300	1.0	0.0
Participant_4038	150	0.4	18.5310550158376	100	0.4	24.448670720511576
Participant_4039	150	0.6	19.269146322554096	150	0.4	47.92859271875192
Participant_4040	400	0.7	53.3120530461921	100	0.1	86.37092971596404
Participant_4041	100	0.5	20.158124912798808	100	0.7	47.9906240842938
Participant_4042	350	0.0	11.483139814528082	150	0.0	13.310240418564948
Participant_4043	300	1.0	0.0	300	1.0	0.0
Participant_4044	250	0.0	14.000892828673463	150	0.1	40.47082282336251
Participant_4045	350	0.6	26.06338427756457	350	0.6	26.06338427756457
Participant_4046	150	1.0	0.0	150	1.0	0.0
Participant_4047	250	0.8	17.174472335416887	250	0.7	31.606368029243725
Participant_4048	100	1.0	0.0	100	1.0	0.0
Participant_4049	100	0.7	14.555067845942869	100	0.7	14.555067845942869
Participant_4050	150	0.0	15.561571257427703	150	0.2	60.25487532142109
Participant_4051	100	0.4	16.81480002854628	200	0.4	28.03167850843042
Participant_4052	400	0.2	23.30772404161333	200	0.2	49.25812115783549
Participant_4053	100	0.4	16.777589218955146	150	0.3	42.058887289133075
Participant_4054	400	0.2	21.17191535974013	250	0.2	53.22534640563648
Participant_4055	400	0.4	16.208793909480125	250	0.2	53.37778095799787
Participant_4056	100	0.1	20.154093876927337	200	0.3	60.298735475961685
Participant_4057	350	0.9	17.01910690958841	350	0.8	29.397703991978695
Participant_4058	100	0.6	20.417516989095418	100	0.4	52.834529429152674
Participant_4059	150	0.6	19.366207682455542	150	0.8	42.81705267764235
Participant_4060	200	0.9	25.752184373369182	200	0.8	28.01495136529778
Participant_4061	250	0.0	23.81753555681192	350	0.1	50.37769843889258
Participant_4062	250	0.1	14.531431450480024	250	0.0	27.857225274603355
Participant_4063	100	0.7	23.27767170487633	100	0.8	28.772165368633623
Participant_4064	350	0.8	14.763976429133175	350	0.9	15.399675321252719
Participant_4065	200	0.1	10.421132376090421	200	0.0	21.208488866489287
Participant_4066	200	0.6	21.57400055622508	200	0.5	33.5711930082921
Participant_4067	150	0.9	9.74422906134703	150	0.9	9.74422906134703
Participant_4068	300	0.9	10.891510455395983	300	0.9	10.891510455395983
Participant_4069	150	0.6	25.422431040323424	350	0.4	69.06102373987805
Participant_4070	300	0.7	24.554276613250085	300	0.6	37.68305322024743
Participant_4071	350	0.6	23.860008382228198	350	0.7	29.633173977824246
Participant_4072	250	0.3	13.54529438587438	300	0.4	40.03092554513323
Participant_4073	200	0.1	18.536450577173614	350	0.2	53.58719529887714
Participant_4074	350	0.7	9.453835200594519	350	0.8	12.618438889181181
Participant_4075	100	0.8	17.54529851555681	100	0.6	37.79054114457743
Participant_4076	400	0.1	20.263267258761605	200	0.2	33.95014727508557
Participant_4077	300	0.2	16.318317928021873	400	0.3	43.63771304731723
Participant_4078	350	0.2	15.900864756358379	350	0.1	41.65828248980027
Participant_4079	400	0.5	18.714967272212903	350	0.4	37.123779441215305
Participant_4080	200	0.8	10.71622601478711	200	0.9	16.827804372525847
Participant_4081	150	0.8	14.56193668438371	150	0.6	48.0499739854248
Participant_4082	400	1.0	11.180339887498949	400	0.9	15.92600075348485
Participant_4083	150	0.2	18.354835875049385	350	0.2	24.012236463936464
Participant_4084	200	0.0	13.73135098961497	100	0.0	73.99932432123958
Participant_4085	250	0.5	18.770655289573668	350	0.7	54.846376361615725
Participant_4086	100	0.1	27.566963924233658	300	0.2	42.77893757446531
Participant_4087	150	0.7	16.53065334462011	150	0.7	16.53065334462011
Participant_4088	250	0.0	22.18727112558009	350	0.0	26.93719547391673
Participant_4089	300	0.7	19.97905152903911	300	0.6	28.657677854285403
Participant_4090	100	0.7	22.007953107910787	100	0.7	22.007953107910787
Participant_4091	350	0.0	15.308902638660944	350	0.0	15.308902638660944
Participant_4092	250	0.0	20.056794360016756	350	0.0	25.43349169893902
Participant_4093	100	0.0	30.0774001536037	150	0.1	46.21025319125616
Participant_4094	400	0.5	21.80022935659164	100	0.3	46.0639501128594
Participant_4095	200	0.4	14.388363353766126	400	0.6	56.59902826020956
Participant_4096	100	0.2	19.1983072170439	300	0.4	42.982263784030735
Participant_4097	250	0.0	20.821263170134515	250	0.1	42.49897057576807
Participant_4098	300	0.0	13.309301258894097	300	0.0	13.309301258894097
Participant_4099	150	0.8	9.594269122762817	150	0.8	9.594269122762817
Participant_4100	200	0.9	12.017695286534769	200	0.9	12.017695286534769
Participant_4101	200	0.6	19.440614702215566	200	0.7	21.031226783048105
Participant_4102	200	0.3	21.987212192545012	300	0.3	26.994906927048294
Participant_4103	200	0.0	10.65598423422257	200	0.1	23.072711154088502
Participant_4104	100	0.2	19.807195662182973	350	0.4	43.696967858193545
Participant_4105	200	0.9	14.813001046378146	200	0.8	15.446277868794152
Participant_4106	100	0.7	25.531353273964935	100	0.7	25.531353273964935
Participant_4107	300	0.4	19.202213414083285	200	0.4	20.205815994411115
Participant_4108	150	0.2	25.212100269513446	350	0.2	34.55557118613437
Participant_4109	100	0.7	13.438749941865872	100	0.8	32.716012898884856
Participant_4110	350	0.1	19.017426219128602	350	0.0	21.31578053930937
Participant_4111	400	1.0	0.0	400	1.0	0.0
Participant_4112	200	0.5	19.799621208497904	200	0.6	41.49322233811204
Participant_4113	250	0.7	18.813891144577187	200	0.6	36.28618883266745
Participant_4114	250	0.5	17.13439523298094	200	0.5	23.17379986104998
Participant_4115	200	1.0	0.0	200	1.0	0.0
Participant_4116	250	0.0	22.880668696521962	200	0.0	29.086938649503836
Participant_4117	200	0.4	19.05977439530699	350	0.4	21.666217944071366
Participant_4118	300	0.5	22.33187184272738	350	0.6	36.93643187964966
Participant_4119	200	0.7	31.600039556937265	250	0.7	35.18113841250735
Participant_4120	400	0.3	15.264337522473747	350	0.3	15.660459763365825
Participant_4121	100	0.4	28.28846938241799	200	0.4	28.297968124937874
Participant_4122	350	0.1	30.441131713522086	250	0.0	49.73454533822542
Participant_4123	150	0.9	7.742738533619742	150	0.8	20.391174561559716
Participant_4124	400	0.4	17.99930554215912	350	0.3	32.155870381627054
Participant_4125	400	0.7	26.989349751337098	250	0.4	82.55679862979184
Participant_4126	100	0.4	21.511334221753888	400	0.4	29.286942482956462
Participant_4127	400	0.6	25.97498796919837	400	0.7	34.255291562034614
Participant_4128	350	0.9	8.420213774008355	350	0.9	8.420213774008355
Participant_4129	350	0.7	14.469796128487781	350	0.6	32.29628461603594
Participant_4130	400	0.0	14.765669642789655	350	0.1	55.55774023482237
Participant_4131	200	0.9	7.030291601349122	200	0.9	7.030291601349122
Participant_4132	400	0.7	27.311627560436598	300	0.6	62.45008006399992
Participant_4133	250	0.0	26.781990217308348	150	0.0	28.825552900161345
Participant_4134	100	0.7	14.555067845942869	100	0.6	19.50961301512667
Participant_4135	400	0.2	14.730919862656235	150	0.3	38.473367411756406
Participant_4136	250	0.5	21.0911711386542	200	0.5	22.350055928341657
Participant_4137	350	0.5	16.877499814842245	150	0.6	45.346444182537624
Participant_4138	100	0.5	26.600751869073175	100	0.6	49.1362900512442
Participant_4139	350	0.1	22.145259086314613	250	0.1	25.54236676582654
Participant_4140	400	1.0	15.811388300841896	400	0.9	19.554730885389347
Participant_4141	150	0.0	18.429934888653296	350	0.0	20.447799392599684
Participant_4142	200	0.1	13.914021704740868	350	0.1	14.288544362530425
Participant_4143	100	0.5	23.400854685246006	100	0.3	66.87217283743665
Participant_4144	350	0.5	16.951401122031182	350	0.6	25.11075466807001
Participant_4145	250	0.0	29.364519406930533	400	0.0	100.78082654949799
Participant_4146	250	0.5	18.366749848571466	250	0.7	40.46866071418722
Participant_4147	150	1.0	0.0	150	1.0	0.0
Participant_4148	400	0.5	20.74246851269154	300	0.4	43.28654525369286
Participant_4149	150	0.7	9.461104586674857	150	0.7	9.461104586674857
Participant_4150	200	0.3	22.63155982251334	300	0.3	28.03970399273145
Participant_4151	250	0.5	18.969383226662906	250	0.6	37.572929084648166
Participant_4152	350	0.1	25.108016648074774	200	0.2	46.22080159408748
Participant_4153	350	0.0	18.85769073879408	150	0.1	31.130973322400315
Participant_4154	350	0.0	12.82039390970496	350	0.0	12.82039390970496
Participant_4155	150	0.9	6.978538528947161	150	0.9	6.978538528947161
Participant_4156	100	0.0	27.44813290553658	200	0.2	38.76354601942397
Participant_4157	400	0.2	22.792542640082964	100	0.4	38.95815062345747
Participant_4158	100	1.0	0.0	100	1.0	0.0
Participant_4159	200	0.6	20.986602869449833	300	0.7	37.721512429911925
Participant_4160	250	0.0	14.178328533363867	150	0.0	16.94586970326398
Participant_4161	100	0.9	11.735629510171153	100	0.9	11.735629510171153
Participant_4162	350	0.4	15.105462588083823	200	0.4	16.941812181700044
Participant_4163	350	0.2	22.42403844092317	150	0.1	39.18402097794457
Participant_4164	150	0.1	19.115111822848434	300	0.1	22.05164392964842
Participant_4165	100	0.9	13.284389334854652	100	0.8	20.834766617363393
Participant_4166	150	0.1	29.964770981938106	200	0.2	37.78375973880842
Participant_4167	250	1.0	9.682458365518542	250	0.8	20.030289563558487
Participant_4168	100	0.9	12.608528859466515	100	0.8	23.67144904732281
Participant_4169	400	0.7	20.147580499901224	400	0.5	44.21820891895103
Participant_4170	400	1.0	0.0	400	1.0	0.0
Participant_4171	200	0.0	16.614752480852673	200	0.0	16.614752480852673
Participant_4172	400	0.9	13.551291451370972	400	0.9	13.551291451370972
Participant_4173	250	0.5	20.732522760146676	250	0.6	23.1942880899587
Participant_4174	200	0.0	16.311039206623224	250	0.0	22.494999444320953
Participant_4175	200	0.8	15.526992625746946	200	0.8	15.526992625746946
Participant_4176	150	0.7	11.864337318198602	150	0.7	11.864337318198602
Participant_4177	200	0.8	16.615880957686233	200	0.6	42.84200625554317
Participant_4178	100	0.6	22.458294681475707	150	0.5	36.48253006577257
Participant_4179	250	0.1	32.90003799389903	150	0.1	33.63982015409714
Participant_4180	100	0.6	57.44018628103499	400	0.0	91.2990963810705
Participant_4181	100	0.2	43.14017848827239	200	0.2	81.7854663127869
Participant_4182	400	0.0	45.81784586817674	400	0.0	45.81784586817674
Participant_4183	400	0.5	17.327723451163457	200	0.4	23.733415262030874
Participant_4184	200	0.9	30.115195499946534	200	0.8	30.472733713928587
Participant_4185	200	0.0	11.227199116431489	300	0.0	13.951254423886047
Participant_4186	100	0.6	63.04264429733258	400	0.2	89.66325891913588
Participant_4187	100	0.1	16.199922839322415	100	0.0	29.847948003171005
Participant_4188	250	0.9	7.562241731127087	250	0.9	7.562241731127087
Participant_4189	350	1.0	0.0	350	1.0	0.0
Participant_4190	400	0.5	18.614510468986285	400	0.5	18.614510468986285
Participant_4191	350	0.0	21.635907653713076	250	0.0	28.56615129834609
Participant_4192	400	0.0	13.153896761036252	400	0.0	13.153896761036252
Participant_4194	100	0.1	45.89321845327477	100	0.1	45.89321845327477
Participant_4195	100	0.5	50.31252329192007	100	0.3	80.37031479346089
Participant_4196	100	0.5	17.395401691251628	350	0.3	50.30159043211258
Participant_4197	350	0.1	17.511781748297345	300	0.2	41.698770965101595
Participant_4198	200	0.3	21.411153635430296	250	0.5	66.8474943434681
Participant_4199	400	0.7	24.640921249011775	400	0.7	24.640921249011775
Participant_4200	200	0.9	23.09058249590079	200	0.8	25.6142050432958
Participant_4201	150	0.9	10.244510725261602	150	0.8	22.35061520406094
Participant_4202	100	0.6	36.71682175788095	300	0.3	67.24005502674727
Participant_4203	400	0.8	18.159019797334878	400	0.7	27.607517092270356
Participant_4204	350	0.1	20.625530296212993	350	0.2	40.42384815922403
Participant_4205	300	1.0	0.0	300	1.0	0.0
Participant_4206	250	0.3	22.93414484998296	400	0.2	27.422618401604176
Participant_4207	400	0.6	13.498148021117563	400	0.7	37.59554494883669
Participant_4208	150	0.8	20.144478151592807	150	0.7	23.627579224287874
Participant_4209	250	0.6	22.203040332350884	200	0.7	40.13804305144933
Participant_4210	300	1.0	0.0	300	1.0	0.0
Participant_4211	400	0.0	20.809252749678446	400	0.2	38.62641583165593
Participant_4212	200	0.6	15.864661988205107	200	0.5	24.789614761024424
Participant_4213	400	0.2	17.698870020427858	400	0.3	22.315913604421397
Participant_4214	200	0.8	11.772319227747776	200	0.8	11.772319227747776
Participant_4215	400	0.2	25.607616054603756	400	0.2	25.607616054603756
Participant_4216	400	1.0	0.0	400	1.0	0.0
Participant_4217	250	0.3	25.218544763724967	250	0.4	53.14484923301599
Participant_4218	150	0.7	30.012705642777362	150	0.5	57.801167808271835
Participant_4219	250	0.0	10.595989807469616	200	0.0	12.491997438360288
Participant_4220	350	0.0	25.43349169893902	250	0.1	29.238886777714367
Participant_4221	350	0.9	14.261837188805655	350	0.8	16.254999231005826
Participant_4222	100	0.1	22.359282188836026	350	0.3	57.956880523368405
Participant_4223	350	0.7	18.45602882529175	350	0.6	45.80447576383775
Participant_4224	300	0.7	23.246773969736104	300	0.7	23.246773969736104
Participant_4225	200	0.0	8.049844718999243	350	0.0	8.908563296065196
Participant_4226	150	0.0	17.346829681529705	400	0.0	86.13521347277198
Participant_4227	300	0.8	17.72815557242208	300	0.7	32.02206270682761
Participant_4228	200	0.9	12.47697880097582	200	0.7	27.880324603562276
Participant_4229	200	0.5	23.943161863045574	250	0.3	75.0897795974925
Participant_4230	350	1.0	0.0	350	1.0	0.0
Participant_4231	100	0.4	32.21393332084736	250	0.3	45.83639383721193
Participant_4232	400	0.4	16.552190187404204	100	0.5	47.55365390798061
Participant_4233	400	0.6	38.18965828598104	250	0.6	97.59213595367201
Participant_4234	200	0.5	13.11583013003752	300	0.5	25.543345513068566
Participant_4235	400	0.0	41.79443742892109	400	0.0	41.79443742892109
Participant_4236	200	0.7	22.4958329474594	250	0.6	39.391940800117986
Participant_4237	250	0.8	17.641215944486365	250	0.8	17.641215944486365
Participant_4238	250	1.0	0.0	250	1.0	0.0
Participant_4239	100	0.6	37.173579327258764	300	0.5	74.25437697536758
Participant_4240	100	0.5	20.465825172711703	300	0.4	50.497277154317935
Participant_4241	250	0.9	11.110243021644486	250	0.8	16.694684782888235
Participant_4242	200	0.3	20.33316256758894	400	0.5	45.62345887808157
Participant_4243	100	0.6	17.48213373704709	100	0.5	40.69828006193873
Participant_4244	350	0.1	15.261471095539905	200	0.0	33.031046002208285
Participant_4245	250	0.7	19.012167156849845	250	0.7	19.012167156849845
Participant_4246	400	0.1	21.227340860315028	300	0.2	23.849266236092046
Participant_4247	100	0.2	27.45132055111375	350	0.1	63.90745261704616
Participant_4248	100	0.5	24.52243870417459	100	0.4	41.24909089907316
Participant_4249	250	0.0	17.706637173670217	350	0.1	31.885145444234688
Participant_4250	100	0.6	22.871926022965358	400	0.3	67.160256104336
Participant_4251	350	0.2	27.82242800332135	300	0.2	36.14259951912701
Participant_4252	400	0.3	22.259829289552066	350	0.3	24.372115213907882
Participant_4253	250	0.0	22.18727112558009	300	0.1	30.290675132786326
Participant_4254	400	0.1	13.061393493804557	400	0.1	13.061393493804557
Participant_4255	150	0.1	22.81200341925277	350	0.2	37.253691092293124
Participant_4256	350	0.9	8.712060605849802	350	0.8	25.20862947484452
Participant_4257	350	0.1	24.57971724817029	300	0.1	28.41698435795044
Participant_4258	300	0.9	9.676001240181813	300	0.9	9.676001240181813
Participant_4259	400	0.0	28.04950979963821	200	0.1	42.908041204417614
Participant_4260	400	0.9	12.293799250028446	400	0.9	12.293799250028446
Participant_4261	350	0.6	22.733235581412515	300	0.4	46.91721432480833
Participant_4262	100	0.9	11.078131611422569	100	0.9	11.078131611422569
Participant_4263	200	0.6	15.056144924913548	200	0.6	15.056144924913548
Participant_4264	100	0.4	22.421808580040995	100	0.4	22.421808580040995
Participant_4265	100	0.7	26.35052181646504	100	0.6	32.7204064766928
Participant_4266	100	0.1	26.409042012159397	100	0.2	33.79829877375487
Participant_4267	200	1.0	0.0	200	1.0	0.0
Participant_4268	350	0.1	19.79046487579309	300	0.1	23.691243107950246
Participant_4269	400	1.0	0.0	400	1.0	0.0
Participant_4270	100	0.5	30.904692200376306	350	0.4	54.33162062740261
Participant_4271	200	0.1	15.767054258801801	250	0.0	24.36236852196436
Participant_4272	100	0.6	65.5791506501876	400	0.0	69.35794835489297
Participant_4273	350	0.1	32.02206270682761	150	0.1	34.19265271955366
Participant_4274	300	0.7	16.633174681942112	250	0.6	24.58098858874476
Participant_4275	400	0.7	29.14918523732696	400	0.5	50.214539727055154
Participant_4276	400	0.5	25.0549396327351	400	0.6	34.56443258611372
Participant_4277	200	0.1	11.983321743156194	350	0.2	41.50707770971115
Participant_4278	400	0.6	29.10670025956223	400	0.6	29.10670025956223
Participant_4279	250	0.5	29.64097670455547	300	0.6	39.953253935067664
Participant_4280	100	0.5	33.430524973443056	400	0.1	48.36682747503706
Participant_4281	400	0.8	11.5	400	0.8	11.5
Participant_4282	200	0.7	17.81326752732356	200	0.9	41.2998184015378
Participant_4283	300	0.9	26.122308473793048	350	0.8	33.21106743240873
Participant_4284	200	0.2	27.089896640629693	400	0.2	38.03945320322047
Participant_4285	200	0.8	18.23012616522442	200	0.8	18.23012616522442
Participant_4286	200	1.0	0.0	200	1.0	0.0
Participant_4287	350	0.6	19.24967532193725	350	0.5	21.502325455633862
Participant_4288	400	0.6	29.63865718955567	300	0.6	79.00166137493565
Participant_4289	150	0.8	21.582400237230335	150	0.6	54.360371595492246
Participant_4290	400	0.1	11.151233115669315	200	0.2	37.33446798870984
Participant_4291	350	0.1	25.182583267012145	150	0.1	28.379349886845542
Participant_4292	100	0.4	19.91199387304044	200	0.4	30.81436353391061
Participant_4293	250	0.5	24.18341373751853	150	0.4	57.311866136080404
Participant_4294	200	0.6	19.56878892522478	250	0.5	39.00112177873862
Participant_4295	300	0.9	10.776131031126154	300	0.9	10.776131031126154
Participant_4296	150	0.4	11.65761553663527	150	0.3	32.40678941209697
Participant_4297	400	0.2	16.34013463836819	400	0.1	24.06969048409223
Participant_4298	150	0.4	17.738376475878507	100	0.3	28.86412132735033
Participant_4299	350	0.8	22.648951410606188	350	0.6	61.65873822906207
Participant_4300	250	0.0	11.822647757587976	250	0.0	11.822647757587976
Participant_4301	250	0.8	20.915604222685033	250	0.9	24.5903944661325
Participant_4302	400	0.1	17.481418706729727	100	0.2	58.75648900334328
Participant_4303	250	1.0	0.0	250	0.9	9.858372076565177
Participant_4304	100	0.8	14.020966443152199	100	0.7	32.08348484812708
Participant_4305	350	0.6	29.164190371069793	200	0.5	48.21332803281682
Participant_4306	350	0.6	16.372232590578477	250	0.3	78.05270655140666
Participant_4307	100	0.6	20.991069529683333	100	0.6	20.991069529683333
Participant_4308	400	0.9	13.365534033475804	400	0.9	13.365534033475804
Participant_4309	200	0.7	16.31142237819866	200	0.5	50.39370000307578
Participant_4310	100	0.9	5.935065290289568	100	0.8	21.279978853372953
Participant_4311	250	0.8	11.289929140610228	250	0.8	11.289929140610228
Participant_4312	300	0.8	20.809553094672648	300	0.8	20.809553094672648
Participant_4313	200	0.7	13.912674077976527	200	0.8	19.392975532393166
Participant_4314	300	0.5	18.267799539079686	350	0.4	24.355184253049696
Participant_4315	350	0.8	12.215768498133876	350	0.7	13.624426593438713
Participant_4316	100	0.7	20.046196646745738	100	0.7	20.046196646745738
Participant_4317	150	0.5	14.351829151714425	200	0.4	26.84725311833596
Participant_4318	400	0.7	27.675350042953387	400	0.5	61.747469583781324
Participant_4319	150	0.8	24.073844728252276	150	0.7	32.60770614440703
Participant_4320	400	0.7	19.83494391219698	400	0.6	36.362068148002805
Participant_4321	250	0.9	5.332682251925386	250	0.9	5.332682251925386
Participant_4322	300	0.1	14.143019479587801	200	0.1	14.35618333680648
Participant_4323	200	0.9	15.351710002472037	200	0.8	20.275292846220495
Participant_4324	300	1.0	0.0	300	1.0	0.0
Participant_4325	150	1.0	0.0	150	1.0	0.0
Participant_4326	400	0.2	20.75451758051726	100	0.3	36.340576495152085
Participant_4327	300	0.2	16.58425458077631	200	0.3	47.153340284650035
Participant_4328	300	0.5	22.247752695497134	350	0.5	24.770950728625657
Participant_4329	100	0.6	21.257351669481313	100	0.6	21.257351669481313
Participant_4330	250	1.0	0.0	250	1.0	0.0
Participant_4331	300	0.5	23.344431884284525	350	0.6	33.17453842934367
Participant_4332	300	0.7	17.618527180215718	250	0.7	24.651825490214716
Participant_4333	200	0.9	16.10667563465534	200	0.8	21.03182112894649
Participant_4334	100	0.4	17.182476538613404	400	0.3	32.96589146375386
Participant_4335	150	1.0	0.0	150	1.0	0.0
Participant_4336	350	0.9	19.644337606547083	350	0.9	19.644337606547083
Participant_4337	100	0.8	15.82205738834239	100	0.8	15.82205738834239
Participant_4338	400	0.5	28.376927247325423	400	0.5	28.376927247325423
Participant_4339	350	0.1	24.11768023670602	100	0.2	72.9371304617888
Participant_4340	100	0.2	31.00120965381835	250	0.3	41.136662480079735
Participant_4341	350	0.0	9.90517541490306	300	0.0	10.53031338565002
Participant_4342	400	0.5	20.285462775100793	150	0.4	50.691715299445136
Participant_4343	350	0.6	19.888438852760668	350	0.7	31.513885828313843
Participant_4344	350	0.2	20.684233125740967	250	0.2	26.27617742366648
Participant_4345	100	0.6	60.182015586053616	400	0.1	67.82772294571004
Participant_4346	200	0.9	9.652719823966715	200	0.9	9.652719823966715
Participant_4347	400	0.3	17.153716798408443	200	0.3	17.633419974582356
Participant_4348	300	0.2	22.913696777255304	250	0.1	26.2185525916287
Participant_4349	350	0.0	11.80518953680965	200	0.0	11.876447280226525
Participant_4350	150	0.1	20.319633362834082	400	0.2	56.85068161420758
Participant_4351	250	0.2	19.79109648301478	100	0.2	58.200730235968685
Participant_4352	100	1.0	0.0	100	1.0	0.0
Participant_4353	200	0.6	16.708904811506947	200	0.7	39.46279893773375
Participant_4354	300	1.0	0.0	300	1.0	0.0
Participant_4355	300	0.8	28.948877353016645	250	0.7	35.79752086388106
Participant_4356	150	0.5	14.481885236391014	150	0.5	14.481885236391014
Participant_4357	250	1.0	0.0	250	1.0	0.0
Participant_4358	300	0.9	13.08147545195113	300	0.8	21.34332448331328
Participant_4359	150	0.2	22.31927418174704	200	0.1	28.545577590933416
Participant_4360	100	0.5	28.984478604936125	300	0.5	39.33779988763988
Participant_4361	100	0.2	22.10373271644407	400	0.5	41.051796550212025
Participant_4362	300	0.8	17.586571581749524	300	0.6	35.60214178950474
Participant_4363	400	0.0	20.19962870945899	200	0.2	47.474861769151055
Participant_4364	350	1.0	0.0	350	1.0	0.0
Participant_4365	100	0.6	18.42213342694054	400	0.3	72.97602345976382
Participant_4366	100	0.5	36.8286573200816	100	0.4	37.15154774703202
Participant_4367	250	0.3	19.390074780670652	250	0.2	29.269224451631786
Participant_4368	150	0.2	24.148498918152242	150	0.3	44.821311895124175
Participant_4369	400	0.4	23.53667351177732	250	0.4	30.628826291583554
Participant_4370	400	0.2	16.904141504376966	300	0.2	31.444991652089843
Participant_4371	200	1.0	5.5901699437494745	200	0.9	11.431316634578888
Participant_4372	300	1.0	0.0	300	1.0	0.0
Participant_4373	350	0.1	18.07380701457222	350	0.0	32.064193425065284
Participant_4374	250	0.3	18.363686993629575	100	0.4	43.404924835783326
Participant_4375	100	0.5	19.237983262286097	150	0.4	37.61183324433947
Participant_4376	250	0.6	14.67906672782708	250	0.4	63.012895505602664
Participant_4377	300	0.6	21.85205939951656	300	0.8	47.58453004916619
Participant_4378	400	0.6	15.15585695366646	400	0.6	15.15585695366646
Participant_4379	100	0.6	21.020823009577907	100	0.7	35.34614547585068
Participant_4380	150	0.7	22.95675281915977	150	0.7	22.95675281915977
Participant_4381	150	0.8	11.599568957508723	150	0.9	14.184498581197715
Participant_4382	300	1.0	5.5901699437494745	300	0.9	9.347459547919959
Participant_4383	100	0.3	22.20669943958354	300	0.4	38.76177240529643
Participant_4384	400	0.9	12.242855059176351	400	0.9	12.242855059176351
Participant_4385	350	0.5	15.03662196106559	200	0.6	52.63494561600686
Participant_4386	100	0.3	27.872701698974215	150	0.2	35.52323183495556
Participant_4387	150	0.8	26.330590574463002	200	0.7	42.17300676973365
Participant_4388	350	0.2	24.03825076830675	150	0.2	33.717947743004764
Participant_4389	150	0.8	21.40794245134268	150	0.7	22.655297393766432
Participant_4390	300	0.8	23.16867497290253	250	0.7	31.087979992273542
Participant_4391	200	0.2	22.585670235793312	350	0.2	22.92024214531775
Participant_4392	300	1.0	0.0	300	1.0	0.0
Participant_4393	150	0.9	17.35511451993331	150	0.8	22.012496450879897
Participant_4394	250	0.5	13.549446483159377	350	0.6	20.929644048573785
Participant_4395	350	0.6	29.164190371069793	350	0.6	29.164190371069793
Participant_4396	350	0.5	26.025948589820892	350	0.5	26.025948589820892
Participant_4397	400	0.4	28.856974893429147	400	0.6	64.15567005339435
Participant_4398	150	0.2	16.565023392678924	150	0.2	16.565023392678924
Participant_4399	400	0.5	11.683321445547923	400	0.6	26.166772823563857
Participant_4400	200	1.0	11.180339887498949	200	0.8	28.01495136529778
Participant_4401	300	1.0	0.0	300	1.0	0.0
Participant_4402	150	0.4	21.72901286299035	300	0.4	26.71563212802572
Participant_4403	100	0.5	21.244999411626257	200	0.4	46.09256990014768
Participant_4404	250	0.1	18.872268014205396	350	0.2	56.02756018246734
Participant_4405	350	0.6	14.76651617681029	350	0.7	41.73577602010055
Participant_4406	250	0.9	13.026415470113028	250	0.9	13.026415470113028
Participant_4407	150	0.6	22.249719099350447	200	0.5	32.49269148593265
Participant_4408	350	1.0	0.0	350	1.0	0.0
Participant_4409	200	0.5	29.78296492963721	200	0.6	29.86113695089321
Participant_4410	300	0.0	11.549350631096104	250	0.0	11.980191985106082
Participant_4411	400	0.8	13.865424623862047	400	0.8	13.865424623862047
Participant_4412	300	1.0	7.905694150420948	300	0.9	14.658615214269048
Participant_4413	100	0.2	22.13199042110763	200	0.3	36.78909485159971
Participant_4414	150	1.0	0.0	150	1.0	0.0
Participant_4415	300	0.7	21.861209939067873	350	0.7	29.463961037172176
Participant_4416	250	0.8	12.34757061125791	250	0.9	13.169567191065923
Participant_4417	300	0.2	19.875550306846854	300	0.2	19.875550306846854
Participant_4418	200	0.8	18.023248874717343	200	0.7	24.946192094185438
Participant_4419	400	0.4	19.078128839065954	250	0.4	20.356202985822282
Participant_4420	400	1.0	0.0	400	1.0	0.0
Participant_4421	100	1.0	9.682458365518542	100	0.9	18.88054554296565
Participant_4422	250	0.0	17.706637173670217	350	0.2	65.0890735838205
Participant_4423	250	0.5	21.933706937040988	300	0.6	26.101005727749268
Participant_4424	150	0.2	13.347284367990367	350	0.3	38.89408695418881
Participant_4425	350	0.5	28.8288050394046	250	0.4	36.68276161904935
Participant_4426	300	0.9	14.400520823914668	300	0.8	18.52127155462065
Participant_4427	150	1.0	0.0	150	1.0	0.0
Participant_4428	150	0.1	32.3131165318358	250	0.2	37.45580729339577
Participant_4429	250	0.0	11.226085693597748	300	0.2	60.67361452888726
Participant_4430	400	0.0	33.91938973507631	200	0.1	95.54370727578033
Participant_4431	200	0.7	13.268854509715599	200	0.8	19.585389962929
Participant_4432	200	1.0	0.0	200	1.0	0.0
Participant_4433	350	0.2	25.526212018237253	150	0.2	35.96039488103544
Participant_4434	150	0.0	10.996022007980885	400	0.0	84.81907214771923
Participant_4435	400	0.0	15.629299408482774	400	0.1	17.481418706729727
Participant_4436	350	0.9	12.635268101627286	350	0.8	22.146670178606986
Participant_4437	400	0.2	39.36368885152915	200	0.4	54.69940584686455
Participant_4438	300	0.7	21.281741000209546	350	0.6	32.373600355845504
Participant_4439	400	1.0	0.0	400	1.0	0.0
Participant_4440	100	0.5	22.10995251012539	350	0.5	41.950566146358504
Participant_4441	350	0.7	29.357707676179352	350	0.7	29.357707676179352
Participant_4442	250	0.0	16.348547336078518	300	0.0	17.055424357077722
Participant_4443	400	1.0	0.0	400	1.0	0.0
Participant_4444	250	0.8	16.43053559686963	250	0.8	16.43053559686963
Participant_4445	300	1.0	0.0	300	1.0	0.0
Participant_4446	250	0.7	23.02634360900575	250	0.8	25.786866812391146
Participant_4447	250	0.0	21.266758098027072	150	0.0	24.15393342708388
Participant_4448	400	1.0	0.0	400	1.0	0.0
Participant_4449	350	0.1	28.881871476758565	400	0.1	33.5126841658498
Participant_4450	100	1.0	0.0	100	1.0	0.0
Participant_4451	350	0.6	14.073023839957068	350	0.7	41.29921306756341
Participant_4452	250	0.3	27.788936647522156	100	0.2	48.32002690396602
Participant_4453	200	0.9	19.382337320354324	200	0.9	19.382337320354324
Participant_4454	300	0.9	7.73789377027108	300	0.9	7.73789377027108
Participant_4455	400	0.1	17.58834841592581	100	0.3	57.407643219348415
Participant_4456	200	0.6	24.580225792290843	200	0.6	24.580225792290843
Participant_4457	200	0.7	27.10742518204191	250	0.7	27.549274037622116
Participant_4458	350	0.6	30.44339008717656	300	0.6	44.05976055313964
Participant_4459	100	0.7	22.706827167175955	200	0.5	69.97874677357404
Participant_4460	300	0.5	15.164514499317148	350	0.5	15.767054258801801
Participant_4461	300	0.3	19.747784685883122	100	0.1	59.23417510187848
Participant_4462	300	0.9	11.932099563781724	300	0.9	11.932099563781724
Participant_4463	350	0.5	22.0476756144497	250	0.5	33.68734925754771
Participant_4464	350	0.6	22.37297476868018	300	0.5	30.821461678512264
Participant_4465	200	0.8	13.95842039773842	200	0.7	18.703275114268088
Participant_4466	350	0.1	20.746385227311286	300	0.2	23.21179656984784
Participant_4467	200	0.9	11.376510888668811	200	0.9	11.376510888668811
Participant_4468	400	0.5	26.081602711489953	150	0.3	56.3489130329947
Participant_4469	350	0.1	28.069779122750504	100	0.0	80.21627017008457
Participant_4470	150	0.3	17.217723426748382	250	0.3	21.586454085838184
Participant_4471	100	0.9	10.43910915739461	100	0.9	10.43910915739461
Participant_4472	200	0.8	20.21354743730056	200	0.8	20.21354743730056
Participant_4473	400	0.6	36.73826343201323	100	0.2	67.24823417756038
Participant_4474	100	0.8	16.8919359458885	100	0.7	25.531353273964935
Participant_4475	200	0.9	10.985217339679721	200	0.8	17.88400123014981
Participant_4476	150	0.5	24.616559467155437	200	0.4	30.63127486736391
Participant_4477	100	1.0	0.0	100	0.9	19.110860786474273
Participant_4478	400	0.6	14.864386970204993	400	0.5	24.19194080680589
Participant_4479	400	0.1	17.010291002801804	150	0.3	58.246888328905605
Participant_4480	300	1.0	0.0	300	1.0	0.0
Participant_4481	100	0.1	23.662998542027594	100	0.1	23.662998542027594
Participant_4482	250	0.8	28.722160434062058	250	0.6	40.93256649661733
Participant_4483	350	1.0	0.0	350	1.0	0.0
Participant_4484	100	0.9	22.169235440131896	100	0.6	63.24061195149838
Participant_4485	200	0.5	25.729846482247034	200	0.5	25.729846482247034
Participant_4486	350	0.0	18.590656255226712	200	0.0	19.001315743916262
Participant_4487	400	0.1	25.750728145044754	250	0.3	47.11395759220403
Participant_4488	300	0.2	20.156574609789235	400	0.1	50.540577756887586
Participant_4489	150	0.2	28.33990119954549	350	0.3	39.736632972611055
Participant_4490	400	0.2	21.523243250030884	150	0.4	46.391270730601896
Participant_4491	400	0.7	20.42486230063743	400	0.6	27.923108709454254
Participant_4492	400	0.1	25.750728145044754	200	0.1	38.82460560005729
Participant_4493	250	0.0	25.734704194919356	250	0.1	48.84836230622271
Participant_4494	350	0.5	22.35732542143626	350	0.5	22.35732542143626
Participant_4495	350	0.2	18.850397873785052	150	0.3	40.9444745967023
Participant_4496	300	0.2	21.0959119262477	250	0.2	21.74712624693203
Participant_4497	200	0.7	27.19949448059651	150	0.6	45.717064647678335
Participant_4498	150	0.2	23.992707225321613	300	0.3	27.950402501574107
Participant_4499	400	1.0	0.0	400	1.0	0.0
Participant_4500	250	0.9	7.964766161036995	250	0.9	7.964766161036995
Participant_4501	250	1.0	0.0	250	1.0	0.0
Participant_4502	100	0.4	13.747272456745739	300	0.3	38.98685675968249
Participant_4503	350	1.0	0.0	350	1.0	0.0
Participant_4504	150	0.6	16.16477652180815	150	0.7	25.06516507027233
Participant_4505	350	0.2	20.164014977181502	300	0.2	24.597510036587035
Participant_4506	250	0.3	20.334084685571664	200	0.2	28.374504400958266
Participant_4507	150	0.2	23.51914114078148	250	0.2	25.79607528287976
Participant_4508	100	0.7	14.768209099278083	100	0.8	22.14356565686746
Participant_4509	350	0.1	23.778404067556764	400	0.2	54.043963585214584
Participant_4510	200	0.5	26.04371325291384	200	0.7	45.919086445616486
Participant_4511	150	0.6	20.125854019146615	150	0.6	20.125854019146615
Participant_4512	400	0.5	14.45683229480096	250	0.3	56.38905035554332
Participant_4513	250	0.3	25.26806284620964	250	0.4	53.28578609723235
Participant_4514	250	0.9	16.498105951896417	250	0.9	16.498105951896417
Participant_4515	150	0.7	12.227530412965653	150	0.8	16.032778923193572
Participant_4516	400	0.1	19.826749607537792	400	0.0	22.00624911246803
Participant_4517	350	0.5	30.65697310564107	350	0.4	41.117818521901185
Participant_4518	400	0.5	14.585952145814822	100	0.3	43.896326725592886
Participant_4519	100	0.1	14.051245496396396	100	0.0	20.208908926510603
Participant_4520	250	0.4	26.98379143115363	250	0.4	26.98379143115363
Participant_4521	150	0.9	14.914757792200314	150	0.8	17.94575158637832
Participant_4522	350	0.5	34.09325446477646	200	0.5	39.68028477720391
Participant_4523	250	1.0	7.905694150420948	250	0.9	11.551515052147922
Participant_4524	100	0.5	26.857959714021465	100	0.4	32.21393332084736
Participant_4525	400	0.4	18.84741361566621	250	0.4	28.449516691852605
Participant_4526	400	0.0	44.3905958509232	400	0.1	48.016663774152406
Participant_4527	200	0.3	23.920441049445557	150	0.2	50.959788068633095
Participant_4528	300	0.9	5.905505905508858	300	0.9	5.905505905508858
Participant_4529	300	1.0	0.0	300	1.0	0.0
Participant_4530	300	0.6	14.534871860460276	200	0.7	43.48634843258284
Participant_4531	250	0.6	20.98749627754583	350	0.6	33.41855771872868
Participant_4532	100	0.5	26.435771220072244	100	0.5	26.435771220072244
Participant_4533	350	0.2	18.750666654815234	400	0.2	24.09875515457178
Participant_4534	150	0.1	15.863086080583438	300	0.1	20.555412912417985
Participant_4535	300	0.6	21.50610378473981	300	0.6	21.50610378473981
Participant_4536	150	0.2	23.888281646028876	200	0.3	40.04294569584011
Participant_4537	400	0.6	17.8801565988668	200	0.3	73.43151571362259
Participant_4538	100	0.1	25.048702561210632	100	0.2	45.205917754205586
Participant_4539	150	0.8	21.113976413740733	150	0.7	23.968990383409977
Participant_4540	300	0.5	20.370628365369587	300	0.4	29.410457323883968
Participant_4541	300	0.6	15.692753104538413	200	0.4	60.700288302445486
Participant_4542	350	0.9	8.567379996241558	350	0.8	28.60026223656
Participant_4544	150	0.3	17.469974241537965	400	0.5	49.914927626913375
Participant_4545	150	0.9	10.894952959971878	150	0.9	10.894952959971878
Participant_4546	300	0.6	25.298468333082933	300	0.5	40.58894553939533
Participant_4547	300	0.9	12.139810542178983	300	0.9	12.139810542178983
Participant_4548	100	0.0	78.12425999649533	100	0.0	78.12425999649533
Participant_4549	100	0.5	27.31940702138317	300	0.4	41.862572782857
Participant_4550	300	0.6	19.235708980955184	300	0.6	19.235708980955184
Participant_4551	200	1.0	0.0	200	1.0	0.0
Participant_4552	400	0.9	10.422931449453172	400	0.8	19.868316486305527
Participant_4553	300	1.0	0.0	300	0.9	12.19118534023661
Participant_4554	400	1.0	0.0	400	1.0	0.0
Participant_4555	200	0.8	13.549446483159377	200	0.8	13.549446483159377
Participant_4556	200	1.0	0.0	200	1.0	0.0
Participant_4557	250	0.0	14.56966025684882	300	0.0	17.092030306549308
Participant_4558	400	0.5	35.745629103430254	100	0.2	36.518146174196744
Participant_4559	250	0.0	21.471492728732205	300	0.0	26.189453984380812
Participant_4560	250	0.6	31.983980365176564	200	0.5	33.440619013409425
Participant_4561	250	0.5	26.736445163858264	200	0.7	56.37874156098201
Participant_4562	250	1.0	0.0	250	1.0	0.0
Participant_4563	150	0.9	12.696456198483101	150	0.8	24.22911471762846
Participant_4564	400	0.2	23.837994882120434	150	0.3	40.92920717531675
Participant_4565	150	0.2	28.47191598751303	300	0.3	45.24903313884176
Participant_4566	400	1.0	0.0	400	1.0	0.0
Participant_4567	100	0.9	11.788765838712719	100	0.8	24.06423695029618
Participant_4568	300	0.1	17.571994764397125	200	0.0	20.243517480912253
Participant_4569	150	1.0	0.0	150	1.0	0.0
Participant_4570	100	0.6	19.34877257088935	100	0.6	19.34877257088935
Participant_4571	200	0.3	21.26470079733077	200	0.4	34.25310204930351
Participant_4572	250	0.1	33.85502178407215	200	0.1	36.36413067845841
Participant_4573	150	0.2	25.703112651972717	100	0.2	29.829934629495924
Participant_4574	400	1.0	0.0	400	1.0	0.0
Participant_4575	400	0.1	18.55666995988235	200	0.2	36.93050906770715
Participant_4576	100	0.4	12.2571407758906	100	0.2	49.65959121861556
Participant_4577	400	0.5	33.39535895899309	200	0.5	49.29021201009385
Participant_4578	100	0.4	21.569364849248576	350	0.4	38.6577935221347
Participant_4579	100	0.2	19.77561629886664	100	0.3	20.931734280751797
Participant_4580	100	0.6	20.509144301993683	100	0.5	36.879533619610754
Participant_4581	100	0.8	19.015454241221796	100	0.9	38.114629737149485
Participant_4582	250	0.6	15.865843816198367	300	0.5	52.559133364240324
Participant_4583	400	0.6	15.360664048145836	400	0.8	38.17394399325278
Participant_4584	300	0.2	17.14023045352658	150	0.1	29.37494680846248
Participant_4585	350	0.1	22.86728011810762	150	0.1	27.048798494572733
Participant_4586	200	0.5	23.680688334590275	400	0.5	56.23833212320579
Participant_4587	250	0.1	16.390927368517012	200	0.1	17.567014544310027
Participant_4588	350	0.8	23.140332754737994	350	0.8	23.140332754737994
Participant_4589	150	0.2	24.83747169097531	300	0.2	29.069528719950036
Participant_4590	400	0.4	19.59528004392895	200	0.5	59.96478133037758
Participant_4591	150	0.1	26.036272774727184	300	0.2	35.951877558759016
Participant_4592	400	0.5	26.320144376503713	100	0.2	28.457424338825888
Participant_4593	200	1.0	9.682458365518542	200	0.9	14.770748119171216
Participant_4594	100	0.8	24.012236463936464	100	0.8	24.012236463936464
Participant_4595	400	0.2	18.45941494197473	150	0.2	45.07660146905487
Participant_4596	100	0.4	11.02213681642539	100	0.3	37.90629894885545
Participant_4597	200	0.7	21.559510662350387	200	0.7	21.559510662350387
Participant_4598	250	0.5	23.018199321406527	350	0.6	26.866335812685733
Participant_4599	300	0.6	28.679478726085662	250	0.5	42.380272533337966
Participant_4600	100	0.3	17.26665862290675	200	0.4	27.12517281050943
Participant_4601	350	0.9	16.42102311063473	350	0.7	33.363527990906476
Participant_4602	300	0.3	13.415476137655347	300	0.4	46.08389089475844
Participant_4603	300	0.9	15.608491278787966	300	0.7	34.101502899432454
Participant_4604	250	0.8	15.081859964871708	250	0.7	27.865076709027736
Participant_4605	350	0.9	17.20174409761987	350	0.9	17.20174409761987
Participant_4606	400	0.2	25.18928343562	350	0.2	38.05045991837681
Participant_4607	150	0.1	26.393891338716994	300	0.2	29.728563705635025
Participant_4608	100	0.1	43.32940687339258	400	0.3	81.32035415564789
Participant_4609	150	0.8	15.59807680452946	150	0.9	29.621782525702265
Participant_4610	150	0.6	24.623159829721285	300	0.4	53.16225164531691
Participant_4611	350	0.6	13.529597185430172	350	0.7	37.374790969315136
Participant_4612	250	0.9	11.442792491345807	250	0.9	11.442792491345807
Participant_4613	300	0.6	18.09730642941098	200	0.6	24.40158806307491
Participant_4614	400	0.5	27.753378172755834	200	0.4	54.8363474348903
Participant_4615	400	0.9	12.937832121340886	400	0.9	12.937832121340886
Participant_4616	200	1.0	0.0	200	1.0	0.0
Participant_4617	100	0.5	19.4961534667739	150	0.4	35.17314316349905
Participant_4618	100	0.0	16.382917933017914	100	0.0	16.382917933017914
Participant_4619	400	1.0	0.0	400	0.9	23.97681171465464
Participant_4620	150	0.5	25.758008463388624	250	0.4	29.717419134238423
Participant_4621	400	0.8	17.881554742247666	400	0.6	46.83428231541506
Participant_4622	200	0.9	25.873248733006065	200	0.7	37.33045003746941
Participant_4623	350	0.6	23.383755044902433	250	0.5	42.630241613202244
Participant_4624	350	0.2	33.39666899557499	350	0.3	43.86342439892262
Participant_4625	100	1.0	0.0	100	1.0	0.0
Participant_4626	100	0.9	11.356716074640591	100	0.8	17.36627478764516
Participant_4627	100	0.1	15.848895860595462	150	0.3	60.98319440632804
Participant_4628	300	0.2	15.653673690223647	250	0.1	24.51861537689272
Participant_4629	200	0.5	12.228041543926812	150	0.5	18.49932431198502
Participant_4630	150	0.7	30.590235370130777	250	0.6	53.483408642307005
Participant_4631	350	0.5	22.35732542143626	200	0.6	58.655242732427595
Participant_4632	100	0.8	19.566233669257862	100	0.7	22.45773808734976
Participant_4633	250	1.0	0.0	250	1.0	0.0
Participant_4634	350	0.7	14.598801320656433	350	0.6	46.29308803698453
Participant_4635	100	0.9	10.257923766532874	100	0.9	10.257923766532874
Participant_4636	400	1.0	0.0	400	1.0	0.0
Participant_4637	250	0.2	28.49012986983387	350	0.2	30.64453458612155
Participant_4638	150	0.7	14.983741188368144	150	0.8	21.69792616818483
Participant_4639	150	0.0	11.496195022702077	100	0.0	71.78718548599046
Participant_4640	200	0.8	18.737329051921993	200	0.7	20.336236131595246
Participant_4641	400	0.9	11.932623349456732	400	0.9	11.932623349456732
Participant_4642	350	0.4	16.528006534364632	300	0.4	17.2111882216191
Participant_4643	350	0.6	22.815564862610785	250	0.5	30.4522166680851
Participant_4644	400	0.7	14.436931807001098	400	0.8	20.3654118544163
Participant_4645	100	0.0	28.21169970065611	250	0.2	48.33929560926597
Participant_4646	300	1.0	0.0	300	1.0	0.0
Participant_4647	300	0.7	22.397823554979624	300	0.6	37.91454206501774
Participant_4648	400	0.0	10.863931148529984	200	0.2	46.66489579973366
Participant_4649	150	0.2	22.375209496225953	150	0.3	31.999218740463025
Participant_4650	150	1.0	0.0	150	1.0	0.0
Participant_4651	100	1.0	0.0	100	1.0	0.0
Participant_4652	400	0.7	19.67676294515945	400	0.6	31.41973901864877
Participant_4653	300	0.4	23.79548276459211	350	0.4	27.031000721393944
Participant_4654	100	0.5	25.716726074677545	100	0.4	32.961909835444914
Participant_4655	100	0.9	8.153220222709551	100	0.9	8.153220222709551
Participant_4656	150	0.6	18.541844568434932	150	0.7	26.091425794693553
Participant_4657	250	0.2	24.324627438051337	300	0.1	33.391990057497324
Participant_4658	300	0.1	11.620025817527257	300	0.0	18.698596203993496
Participant_4659	300	0.1	12.299390228787768	150	0.2	34.61430340191754
Participant_4660	400	0.0	20.23054621111353	100	0.2	72.34345167325098
Participant_4661	350	0.4	22.291814641253413	250	0.4	23.67752098510315
Participant_4662	100	0.6	32.52883336364832	100	0.5	45.67658043242729
Participant_4663	350	0.1	30.52314695440167	200	0.1	32.59371104983291
Participant_4664	350	1.0	5.5901699437494745	350	0.9	11.331372379372237
Participant_4665	100	0.6	12.96630247988994	100	0.7	25.03697266044759
Participant_4666	350	0.5	21.64717071582335	300	0.5	22.050226756203664
Participant_4667	350	0.1	14.11249446412646	300	0.0	24.04968814766628
Participant_4668	350	0.7	14.598801320656433	350	0.9	45.31445685429762
Participant_4669	400	0.1	25.5068618218706	250	0.2	32.0614644082269
Participant_4670	150	0.2	20.26450098077917	250	0.3	42.27558396994653
Participant_4671	400	0.8	16.1167614612862	400	0.8	16.1167614612862
Participant_4672	150	0.8	19.12589867169645	150	0.8	19.12589867169645
Participant_4673	300	0.9	5.905505905508858	300	0.9	5.905505905508858
Participant_4674	200	0.5	21.172505756286853	250	0.5	21.848054833325552
Participant_4675	400	0.0	34.810558743002105	350	0.1	35.14843524255383
Participant_4676	100	0.6	14.252192813739224	200	0.6	51.748792256438215
Participant_4677	100	0.0	13.168143377105217	100	0.0	13.168143377105217
Participant_4678	200	0.3	17.419457511644843	400	0.5	51.939869079542355
Participant_4679	250	0.1	16.542747655694928	150	0.2	31.633052334544004
Participant_4680	150	0.7	12.021335200384357	150	0.7	12.021335200384357
Participant_4681	150	0.4	14.608216865860118	350	0.4	23.2255247518759
Participant_4682	350	0.9	7.134423592694787	350	0.9	7.134423592694787
Participant_4683	100	0.8	20.19498700172892	100	0.7	23.007607437541175
Participant_4684	300	0.4	31.08415995326237	250	0.4	33.51305715687544
Participant_4685	400	1.0	0.0	400	1.0	0.0
Participant_4687	100	0.4	23.774723973161077	200	0.4	33.77536084189183
Participant_4688	100	0.6	28.140273630510418	150	0.6	29.77079105432034
Participant_4689	100	0.7	20.20148509392317	150	0.7	25.77813996393068
Participant_4690	350	0.0	11.91060451866319	300	0.0	13.356178345619677
Participant_4691	300	0.7	21.975270191740535	300	0.6	26.972439637526303
Participant_4692	200	0.6	33.43557237434406	250	0.7	40.62280763315111
Participant_4693	300	0.7	22.702698077541356	300	0.6	36.435044943021545
Participant_4694	400	0.9	25.097559642323795	400	0.8	29.68164415931166
Participant_4695	250	0.0	10.235966002288206	350	0.0	14.598373197038088
Participant_4696	200	0.5	22.350055928341657	200	0.5	22.350055928341657
Participant_4697	350	0.9	6.774953874381729	350	0.9	6.774953874381729
Participant_4698	150	0.2	18.891797161731333	200	0.3	51.89833812368176
Participant_4699	150	0.4	18.018046508986483	350	0.4	23.11763396197803
Participant_4700	400	0.9	6.974059076319902	400	0.8	19.8997487421324
Participant_4701	150	0.2	18.625251676151922	250	0.3	37.62944325923518
Participant_4702	250	0.8	15.490723030252655	250	0.8	15.490723030252655
Participant_4703	400	0.4	16.58990656995994	250	0.5	61.11331687938399
Participant_4704	200	0.8	13.595495577580099	200	0.7	23.421411144506216
Participant_4705	150	0.6	19.301554341554983	150	0.6	19.301554341554983
Participant_4706	250	0.9	13.40475661845451	250	0.9	13.40475661845451
Participant_4707	250	0.1	25.02323919879279	400	0.1	81.6048405427031
Participant_4708	150	0.1	28.246902485051347	300	0.1	32.13292703754204
Participant_4709	400	0.4	21.569075084481486	350	0.4	27.850942533422455
Participant_4710	100	1.0	0.0	100	1.0	0.0
Participant_4711	250	0.9	10.170422803403996	250	0.8	13.64597010109578
Participant_4712	150	0.6	23.346305917639302	150	0.5	45.024715434969714
Participant_4713	250	0.9	8.1967981553775	250	0.9	8.1967981553775
Participant_4714	100	0.7	19.54098257509074	150	0.6	50.22499377799862
Participant_4715	250	0.0	33.40696035259718	350	0.0	39.88248362376646
Participant_4716	300	1.0	9.682458365518542	300	0.8	22.76043716627605
Participant_4717	200	0.8	11.06062837274628	200	0.8	11.06062837274628
Participant_4718	350	0.1	24.14358092744322	200	0.1	25.857300709857554
Participant_4719	100	0.1	16.12257733738623	100	0.1	16.12257733738623
Participant_4720	150	0.1	17.759152569872246	350	0.1	20.381670687163993
Participant_4721	250	0.8	22.02186413544503	250	0.7	29.499364399932414
Participant_4722	400	0.9	14.444289529083802	400	0.9	14.444289529083802
Participant_4723	250	0.7	28.1773401867529	250	0.7	28.1773401867529
Participant_4724	250	0.0	14.908889965386424	300	0.0	18.831821473240446
Participant_4725	200	0.5	17.52212886609387	300	0.5	20.278375181458696
Participant_4726	150	0.6	22.913969538253294	250	0.5	34.800682464572446
Participant_4727	100	0.2	14.656909633343584	250	0.5	87.6632049379898
Participant_4728	150	0.2	11.430223094935636	250	0.1	36.158159521745574
Participant_4729	150	0.2	18.149380154705007	350	0.2	27.255045404475112
Participant_4730	300	0.0	10.589499516030019	200	0.0	11.447707194019246
Participant_4731	100	0.7	14.97831766254141	100	0.7	14.97831766254141
Participant_4732	300	0.1	16.12529069505415	350	0.0	21.4035627875361
Participant_4733	350	0.2	20.95441480929496	350	0.4	54.23951511582676
Participant_4734	400	0.2	40.28957681584655	250	0.3	54.080726696300964
Participant_4735	350	0.4	24.071248409669156	150	0.3	38.87737131031366
Participant_4736	400	0.5	22.699118925632334	400	0.4	28.15537248910055
Participant_4737	400	0.7	22.520546174549143	400	0.6	27.26627954085412
Participant_4738	100	0.8	15.094286998729023	100	0.8	15.094286998729023
Participant_4739	100	1.0	5.5901699437494745	100	0.9	16.777216694076525
Participant_4740	100	1.0	0.0	100	1.0	0.0
Participant_4741	350	0.7	13.393095235978874	350	0.8	23.700738385122097
Participant_4742	100	0.2	30.636171431822223	400	0.4	36.075961525647514
Participant_4743	400	0.1	16.258843747327177	200	0.3	45.05205322735025
Participant_4744	150	0.2	23.57222942362474	300	0.2	27.749549545893533
Participant_4745	350	0.7	20.901554966078482	350	0.6	34.066846053017585
Participant_4746	150	0.6	39.639626637999505	250	0.6	60.63600415594682
Participant_4747	200	0.7	23.8183227789028	200	0.7	23.8183227789028
Participant_4748	300	0.7	22.06042837299403	250	0.5	45.288933526856205
Participant_4749	200	0.6	25.941038915201528	200	0.6	25.941038915201528
Participant_4750	100	0.2	17.743308597891208	250	0.2	43.57966842462205
Participant_4751	100	0.9	16.665083258117853	100	0.9	16.665083258117853
Participant_4752	200	0.0	19.743353311937668	300	0.1	24.00572848301005
Participant_4753	100	0.2	29.001293074619966	150	0.3	36.83001493347511
Participant_4754	350	0.7	19.477551180782456	350	0.7	19.477551180782456
Participant_4755	200	0.9	9.256079083499666	200	0.9	9.256079083499666
Participant_4756	100	0.6	34.95532863527391	150	0.5	40.755061035410066
Participant_4757	300	0.9	7.0622234459127675	300	0.9	7.0622234459127675
Participant_4758	200	0.7	17.278961195627474	200	0.7	17.278961195627474
Participant_4759	300	0.2	31.484718515495736	250	0.1	40.619114958354274
Participant_4760	150	0.7	28.429957791034443	100	0.8	41.47695143088508
Participant_4761	250	0.5	22.963830255425595	250	0.6	39.644987072768735
Participant_4762	350	0.8	25.772562930372292	300	0.6	54.726707374005244
Participant_4763	400	0.6	19.677398201998148	400	0.6	19.677398201998148
Participant_4764	300	0.5	16.316019735217285	300	0.5	16.316019735217285
Participant_4765	400	0.7	21.87292847334348	400	0.6	23.972901368002997
Participant_4766	100	0.6	68.38768163931279	400	0.1	74.0817116432929
Participant_4767	100	0.1	9.148087231765993	250	0.3	62.18701632977739
Participant_4768	350	0.7	9.968701018688442	350	0.8	12.061301753956743
Participant_4769	400	0.6	21.498837177856853	400	0.7	38.32003392482841
Participant_4770	350	0.1	27.003009091580886	150	0.0	38.95077021061329
Participant_4771	400	0.6	73.5676559365595	100	0.0	81.06879794347515
Participant_4772	400	0.1	10.867382389517726	400	0.2	22.544400635190993
Participant_4773	400	1.0	0.0	400	1.0	0.0
Participant_4774	400	0.9	15.366766087892403	400	0.9	15.366766087892403
Participant_4775	100	0.5	35.70854239534288	250	0.3	67.7382831196658
Participant_4776	350	0.9	9.664367542679656	350	0.9	9.664367542679656
Participant_4777	150	0.6	18.270194306574847	150	0.6	18.270194306574847
Participant_4778	200	1.0	0.0	200	1.0	0.0
Participant_4779	350	0.2	21.279978853372953	400	0.1	24.93692041933005
Participant_4780	200	0.7	12.442367138129304	200	0.8	17.531043893619113
Participant_4781	350	0.1	29.818827944773417	350	0.1	29.818827944773417
Participant_4782	300	0.7	14.023640754098059	300	0.8	19.216854581330423
Participant_4783	100	0.1	30.780472705921852	250	0.3	58.210608998704004
Participant_4784	100	0.2	24.0275883101072	350	0.2	35.307046038999076
Participant_4785	250	1.0	0.0	250	1.0	0.0
Participant_4786	200	0.9	5.65022123460666	200	0.8	16.426731263401127
Participant_4787	250	0.9	11.92424001771182	250	0.9	11.92424001771182
Participant_4788	350	0.0	17.940526748119744	350	0.0	17.940526748119744
Participant_4789	150	0.1	25.28116888120484	400	0.3	70.64347103589971
Participant_4790	200	0.0	13.73135098961497	200	0.0	13.73135098961497
Participant_4791	400	0.2	18.560711193270585	100	0.4	38.245751398031125
Participant_4792	150	0.5	18.734326782673563	150	0.5	18.734326782673563
Participant_4793	100	0.5	11.406138698087096	100	0.5	11.406138698087096
Participant_4794	350	0.1	27.049260618360716	250	0.1	31.1233433294047
Participant_4795	400	0.6	16.498484778912275	400	0.5	28.376927247325423
Participant_4796	150	0.5	16.947713710114414	100	0.4	21.365568094483237
Participant_4797	200	0.7	12.837932076467768	200	0.7	12.837932076467768
Participant_4798	400	0.9	10.362794024779225	400	0.8	24.944939366532843
Participant_4799	400	0.7	15.521758920947072	400	0.6	37.37913856685304
Participant_4800	150	0.5	22.60475613670716	200	0.4	34.48949115310344
Participant_4801	250	0.7	14.584666605719859	250	0.7	14.584666605719859
Participant_4802	250	0.0	11.8753947302816	350	0.0	17.870716269920464
Participant_4803	350	1.0	0.0	350	1.0	0.0
Participant_4804	150	1.0	0.0	150	1.0	0.0
Participant_4805	200	0.7	12.239791664893648	200	0.8	17.918914587664062
Participant_4806	350	0.5	19.361043360315065	350	0.4	39.48955558119134
Participant_4807	250	0.4	20.015618901248097	350	0.4	21.75258605315699
Participant_4808	400	0.8	22.242976419535225	400	0.6	49.8467651909329
Participant_4809	400	0.6	29.363242327781176	400	0.6	29.363242327781176
Participant_4810	400	0.7	32.34076375103099	400	0.5	62.050382754661555
Participant_4811	100	1.0	0.0	100	1.0	0.0
Participant_4812	250	0.0	20.242899989872992	150	0.0	23.391504868220856
Participant_4813	100	0.5	51.53979045359032	250	0.2	89.9538075903405
Participant_4814	400	0.5	23.02715787933891	150	0.4	51.08473353165308
Participant_4815	250	0.5	18.703943434473917	350	0.5	31.797798665945415
Participant_4816	100	1.0	0.0	100	1.0	0.0
Participant_4817	150	0.2	18.218122845123204	100	0.3	33.38244299029057
Participant_4818	300	0.5	28.23937853423832	150	0.5	32.30286365014718
Participant_4819	350	0.7	15.471748446765801	350	0.7	15.471748446765801
Participant_4820	350	0.0	14.251754277982764	300	0.0	15.439802459876226
Participant_4821	250	0.3	21.64428330991812	300	0.3	23.37145695073373
Participant_4822	250	0.8	11.935765580807962	250	0.8	11.935765580807962
Participant_4823	200	1.0	0.0	200	1.0	0.0
Participant_4824	150	0.7	24.021084488423917	100	0.7	25.823438965405053
Participant_4825	400	0.4	20.499390234833815	150	0.3	28.13272116237603
Participant_4826	400	0.6	18.498648599289623	400	0.4	49.651032214849266
Participant_4827	100	1.0	9.682458365518542	100	0.9	15.579634142045826
Participant_4828	200	0.9	10.928174595969814	200	0.9	10.928174595969814
Participant_4829	100	1.0	0.0	100	1.0	0.0
Participant_4830	400	0.2	38.98076448711595	350	0.3	47.502631506054485
Participant_4831	150	0.6	17.030854353202603	150	0.6	17.030854353202603
Participant_4832	150	0.9	12.794530081249565	150	0.8	25.190275901625213
Participant_4833	100	0.0	16.53481176185565	100	0.1	17.173744495595596
Participant_4834	400	0.1	15.102979838429237	400	0.0	18.214691872222268
Participant_4835	150	0.9	11.178103595869919	150	0.9	11.178103595869919
Participant_4836	150	0.9	7.067531393633848	150	0.9	7.067531393633848
Participant_4837	300	0.7	18.31427039223785	300	0.8	32.17976848891241
Participant_4838	100	0.8	12.463446553822903	100	0.9	14.499137905406652
Participant_4839	300	0.8	26.396732752369186	250	0.7	27.842638165231396
Participant_4840	300	0.3	19.36427122305407	300	0.3	19.36427122305407
Participant_4841	350	0.0	14.768632299573309	250	0.0	18.768990383076016
Participant_4842	300	0.8	13.01105299351286	300	0.8	13.01105299351286
Participant_4843	400	0.6	18.666815475597332	400	0.6	18.666815475597332
Participant_4844	250	0.1	13.506017177539794	300	0.1	14.959110936148578
Participant_4845	300	0.2	26.339846241009077	300	0.1	32.768506221675715
Participant_4846	150	0.3	24.165057417684736	350	0.6	75.46886775353133
Participant_4847	350	0.6	22.595353504647807	350	0.7	29.590961457850604
Participant_4848	100	0.2	23.76604721025354	200	0.2	51.34552073939849
Participant_4849	250	0.0	25.219536078207305	150	0.0	28.100934148173796
Participant_4850	150	0.8	21.084354388977623	200	0.8	32.78471442608583
Participant_4851	150	0.2	19.446079296351744	250	0.3	42.27558396994653
Participant_4852	300	0.1	15.653274417833478	250	0.1	16.99007062963542
Participant_4853	100	0.3	27.80535020459192	350	0.3	33.896902513356586
Participant_4854	250	0.8	23.68992401845139	200	0.7	29.724779225420665
Participant_4855	150	0.4	12.535948308763881	400	0.4	15.539465885287049
Participant_4856	400	0.5	19.62778642639052	200	0.4	47.77054531821884
Participant_4857	250	0.5	23.44861403153713	250	0.6	34.93529733664793
Participant_4858	250	0.1	26.45585946439843	350	0.1	29.83978049517121
Participant_4859	350	1.0	9.682458365518542	350	0.9	13.771347065556078
Participant_4860	100	0.0	31.119125951735853	350	0.1	45.43305514710627
Participant_4861	250	0.2	17.151894939043906	150	0.2	20.752108326625514
Participant_4862	150	0.2	17.482848738120456	150	0.2	17.482848738120456
Participant_4863	350	0.1	32.52556686669734	150	0.2	42.40459880720486
Participant_4864	350	0.5	10.480935072788114	300	0.5	21.53398476826804
Participant_4865	400	0.8	15.321553446044563	400	0.8	15.321553446044563
Participant_4866	300	0.3	21.44702776610316	300	0.3	21.44702776610316
Participant_4867	400	0.4	28.332401945475784	350	0.4	31.41536248398226
Participant_4868	300	0.9	6.791538853603062	300	0.9	6.791538853603062
Participant_4869	350	0.0	14.68374952115433	300	0.1	19.072886514631183
Participant_4870	400	0.3	20.22992832414391	350	0.2	44.10598032013346
Participant_4871	300	1.0	0.0	300	1.0	0.0
Participant_4873	100	0.6	56.11929258285425	400	0.2	87.83934198296342
Participant_4874	350	1.0	0.0	350	1.0	0.0
Participant_4875	300	0.8	15.183461397191353	300	0.8	15.183461397191353
Participant_4876	400	1.0	14.79019945774904	400	0.9	16.915599309513098
Participant_4877	200	1.0	19.364916731037084	200	0.7	38.17476260567968
Participant_4878	200	0.8	11.22886904367488	200	0.8	11.22886904367488
Participant_4879	200	0.7	20.36694626103776	200	0.8	31.342263798264476
Participant_4880	300	0.6	11.619487940524746	200	0.5	30.692425775751254
Participant_4881	300	0.1	10.95559217933928	200	0.0	14.441260332810291
Participant_4882	350	0.1	27.416464031672646	150	0.3	65.88968052737849
Participant_4883	200	0.6	28.621451745150875	300	0.7	40.11436775022136
Participant_4884	100	0.3	19.445757892147068	250	0.4	38.021375566909725
Participant_4885	250	0.0	24.566745816245177	200	0.1	39.9668612728095
Participant_4886	100	0.4	27.344789265964366	200	0.3	36.75510168670466
Participant_4887	300	0.9	10.422331792837916	300	0.9	10.422331792837916
Participant_4888	400	0.0	18.788959524146087	100	0.3	71.2171854259911
Participant_4889	250	0.6	22.371298576524342	200	0.7	46.875499997333364
Participant_4890	100	0.1	66.4544016600857	100	0.0	74.61333660948289
Participant_4891	150	0.9	11.987493482792805	150	0.9	11.987493482792805
Participant_4892	200	1.0	0.0	200	0.9	10.755231285286245
Participant_4893	400	0.7	14.21882554924984	400	0.7	14.21882554924984
Participant_4894	350	0.8	11.585551346396942	350	0.9	22.9597473853699
Participant_4895	150	0.5	23.94733805666091	100	0.6	47.3088258150633
Participant_4896	100	0.2	40.29360991522105	100	0.2	40.29360991522105
Participant_4897	200	0.8	8.578315685494443	200	0.9	12.626361312745649
Participant_4898	250	0.7	20.74156455043833	250	0.7	20.74156455043833
Participant_4899	400	1.0	0.0	400	1.0	0.0
Participant_4900	300	0.9	7.0622234459127675	300	0.9	7.0622234459127675
Participant_4901	150	0.6	17.57270610919104	100	0.5	43.128876637352846
Participant_4902	100	0.5	25.619328640696267	100	0.5	25.619328640696267
Participant_4903	350	0.6	29.37771264070775	250	0.5	42.084290418159604
Participant_4904	250	0.0	23.89612939369052	250	0.0	23.89612939369052
Participant_4905	350	0.9	16.7973212150033	350	0.9	16.7973212150033
Participant_4906	350	0.2	20.653994770988007	200	0.1	45.5505214020652
Participant_4907	350	0.5	17.28004629623428	200	0.4	37.576921108574076
Participant_4908	100	0.6	26.13666007737025	150	0.5	59.95602555206607
Participant_4909	350	0.1	18.95158304733407	300	0.0	32.64793255322609
Participant_4910	350	0.1	27.049260618360716	200	0.0	43.50057470884724
Participant_4911	350	0.1	14.634291920007609	200	0.1	15.727364687066935
Participant_4912	150	0.0	9.534804665015429	200	0.0	10.358571330062848
Participant_4913	300	0.4	18.33643913086726	300	0.5	26.219506097560267
Participant_4914	250	0.2	17.188295436139093	200	0.1	25.096812546616352
Participant_4915	300	1.0	0.0	300	1.0	0.0
Participant_4916	400	1.0	13.693063937629153	400	0.8	36.857834987964225
Participant_4917	200	1.0	0.0	200	1.0	0.0
Participant_4918	250	0.3	22.961380620511477	400	0.3	26.818836663807772
Participant_4919	400	0.7	13.02593566696842	400	0.7	13.02593566696842
Participant_4920	100	0.4	23.29672723796199	400	0.3	29.227555491350966
Participant_4921	400	0.2	16.680827317612277	300	0.4	43.5025861300222
Participant_4922	400	0.0	36.356223676284095	100	0.2	75.58819352253366
Participant_4923	200	0.7	19.067314965668345	200	0.7	19.067314965668345
Participant_4924	200	0.9	6.278933030380241	200	0.9	6.278933030380241
Participant_4925	250	0.1	22.636530211143228	200	0.1	23.448880570295888
Participant_4926	100	0.8	14.154063020913819	100	0.9	15.007498125936914
Participant_4927	150	0.5	28.32357675153334	350	0.3	55.948637159451884
Participant_4928	400	0.1	26.207823259477312	400	0.3	57.688820407423826
Participant_4929	350	1.0	0.0	350	1.0	0.0
Participant_4930	150	0.2	18.114910985152534	100	0.3	38.59258348439503
Participant_4931	300	0.5	22.303867377654484	150	0.6	41.90823308134095
Participant_4932	250	0.5	26.359770484585027	300	0.5	38.340089984244955
Participant_4933	100	0.6	43.66777988402891	250	0.2	96.03612601516161
Participant_4934	350	0.2	17.792905889707843	200	0.2	23.024172080663398
Participant_4935	350	0.2	16.057319203403786	200	0.3	26.71025084120327
Participant_4936	300	0.7	15.824427319811608	250	0.8	42.234020646867144
Participant_4937	250	0.8	12.04003737535727	250	0.7	26.295674549248588
Participant_4938	250	0.7	17.50607037572967	300	0.7	30.625357140774703
Participant_4939	250	0.8	18.67384534583062	250	0.9	20.27159342528357
Participant_4940	350	1.0	0.0	350	1.0	0.0
Participant_4941	250	0.6	21.948234553148005	200	0.6	31.649447072579324
Participant_4942	400	1.0	0.0	400	1.0	0.0
Participant_4943	100	0.3	31.61309064295992	300	0.4	53.73523052895558
Participant_4944	100	0.5	30.394900888142406	400	0.3	48.63640611722869
Participant_4945	400	1.0	0.0	400	1.0	0.0
Participant_4946	300	0.0	12.384970730688062	250	0.1	21.328677877449415
Participant_4947	400	0.5	43.57751713900185	350	0.5	66.25594312965441
Participant_4948	100	0.4	22.616089405553737	100	0.4	22.616089405553737
Participant_4949	250	0.2	16.820746119004355	100	0.3	44.70053131675282
Participant_4950	300	0.0	15.112494830437495	350	0.0	16.676705310102474
Participant_4951	150	0.6	11.781341180018513	150	0.8	52.29292495166053
Participant_4952	250	0.8	15.246720958947206	250	0.7	15.377337220728432
Participant_4953	100	0.5	29.939104863038242	250	0.3	61.357354897355215
Participant_4954	100	0.2	11.448799063657288	400	0.3	39.13757785044956
Participant_4955	250	0.9	12.028611723719408	250	0.9	12.028611723719408
Participant_4956	400	0.4	18.479042182970417	150	0.3	31.507142047478695
Participant_4957	150	0.3	13.516656391282572	350	0.3	19.912307751739878
Participant_4958	100	0.2	15.445873235269024	300	0.3	39.638680603672974
Participant_4959	200	0.0	17.13330090788112	300	0.0	19.258439708346053
Participant_4960	350	0.9	11.052149112276762	350	0.9	11.052149112276762
Participant_4961	300	0.2	17.213003805263043	200	0.2	18.44213924684444
Participant_4962	150	0.8	13.858210562695316	150	0.8	13.858210562695316
Participant_4963	350	0.2	26.745794061870736	200	0.3	36.9754986443726
Participant_4964	200	1.0	0.0	200	1.0	0.0
Participant_4965	150	0.2	11.593101396951552	150	0.2	11.593101396951552
Participant_4966	400	0.5	20.952326839756964	400	0.6	33.517905662496275
Participant_4967	200	1.0	0.0	200	1.0	0.0
Participant_4968	300	0.5	21.678618498419127	350	0.6	27.37334469881238
Participant_4969	400	0.2	21.37755832643195	150	0.4	51.58391222076899
Participant_4970	150	0.4	16.306440445419103	100	0.4	18.03434223918355
Participant_4971	350	0.7	21.43303524935281	300	0.4	69.67765064925769
Participant_4972	350	0.5	21.64717071582335	300	0.4	40.43482410002546
Participant_4973	100	0.1	31.403622402519108	350	0.2	65.41473457868648
Participant_4974	300	0.8	15.387901091441938	300	0.8	15.387901091441938
Participant_4975	100	0.0	46.633142720601626	150	0.1	71.8184342630776
Participant_4976	350	1.0	0.0	350	1.0	0.0
Participant_4977	300	0.7	17.00477874010715	300	0.8	21.489241494291974
Participant_4978	350	0.1	31.251599959042096	400	0.0	41.74955089578809
Participant_4979	100	0.4	29.180258737715125	150	0.4	36.788585186168824
Participant_4980	250	0.6	22.731585954349953	200	0.6	40.76380134383936
Participant_4981	400	0.4	23.93167357290334	200	0.3	27.83320858255476
Participant_4982	100	1.0	0.0	100	1.0	0.0
Participant_4983	100	0.6	16.564268773477444	100	0.6	16.564268773477444
Participant_4984	350	0.2	17.792905889707843	300	0.2	18.473968171456832
Participant_4985	200	1.0	0.0	200	1.0	0.0
Participant_4986	400	0.2	17.7341478509682	250	0.4	46.97738817771801
Participant_4987	400	0.8	13.592277219068187	400	0.9	27.5433748839898
Participant_4988	100	0.8	68.75927210202272	400	0.0	120.55818097499646
Participant_4989	100	0.1	17.210098779495716	150	0.2	56.46370515649854
Participant_4990	250	1.0	0.0	250	1.0	0.0
Participant_4991	150	1.0	0.0	150	1.0	0.0
Participant_4992	400	0.9	16.159749379244715	400	0.8	23.973944189473706
Participant_4993	350	0.2	12.21013922934542	350	0.2	12.21013922934542
Participant_4994	250	0.0	22.55049888583399	150	0.0	24.43690856061789
Participant_4995	250	0.9	11.053845484717073	250	0.9	11.053845484717073
Participant_4996	400	0.4	24.345944220752664	300	0.4	26.409751986718845
Participant_4997	300	0.9	14.049021318227117	300	0.9	14.049021318227117
Participant_4998	100	0.6	25.89642832515712	100	0.6	25.89642832515712
Participant_4999	300	0.1	12.79746068562041	150	0.0	23.709966258938454
Participant_5000	300	0.7	15.545497740503519	300	0.6	23.58521782812277
Participant_5001	100	0.1	27.657503502666323	100	0.1	27.657503502666323
Participant_5002	350	0.1	12.31513296720746	200	0.1	12.543922831395289
Participant_5003	300	0.7	16.633174681942112	300	0.6	28.63586038518836
Participant_5004	400	0.7	16.497727116181792	400	0.4	83.60008971287053
Participant_5005	250	0.1	25.395127485405542	350	0.2	53.84317505496867
Participant_5006	350	0.5	18.936736783300336	250	0.3	63.13457848120949
Participant_5007	350	0.7	17.517848041354853	350	0.6	47.149231170826106
Participant_5008	250	0.0	31.698186067975563	350	0.2	94.12936576860592
Participant_5009	300	1.0	0.0	300	1.0	0.0
Participant_5010	200	0.2	14.920204422192077	350	0.3	33.39535895899309
Participant_5011	100	0.5	20.43526363911168	150	0.6	33.46714807090679
Participant_5012	250	0.3	19.163115613072943	250	0.1	52.74857817989031
Participant_5013	250	0.1	20.824564821383422	150	0.1	21.774698620187603
Participant_5014	400	0.6	16.91005617968196	400	0.7	29.020251549564485
Participant_5015	150	0.0	11.604417262404864	250	0.0	12.590671149704452
Participant_5016	100	0.2	21.001785638368943	100	0.3	22.318994152963075
Participant_5017	400	0.8	15.88238017426859	400	0.8	15.88238017426859
Participant_5018	400	1.0	0.0	400	1.0	0.0
Participant_5019	150	0.5	26.143354796200125	350	0.4	40.42802245967517
Participant_5020	150	0.1	32.02167234858292	350	0.2	47.199973516941725
Participant_5021	100	0.4	28.705182458921943	100	0.4	28.705182458921943
Participant_5022	150	0.7	19.15757030523443	150	0.8	19.223683309917483
Participant_5023	100	0.3	14.5133559179123	150	0.2	44.965542363013924
Participant_5024	150	0.7	22.34977628523382	150	0.7	22.34977628523382
Participant_5025	100	1.0	7.905694150420948	100	0.9	20.59065321936145
Participant_5026	100	1.0	0.0	100	1.0	0.0
Participant_5027	400	0.6	36.016662810427064	300	0.4	74.27129324308282
Participant_5028	100	0.4	22.477488738735918	400	0.5	48.53091798019073
Participant_5029	100	0.2	21.472657031676356	300	0.3	31.622381314505713
Participant_5030	300	0.4	19.90540127704036	350	0.5	41.3200919650477
Participant_5031	350	0.9	10.35132841716463	350	0.9	10.35132841716463
Participant_5032	250	0.0	21.237349175450312	100	0.1	84.06805279058152
Participant_5033	250	0.5	24.36365120420172	250	0.4	43.33733955839929
Participant_5034	400	0.5	13.6106575888162	400	0.5	13.6106575888162
Participant_5035	100	0.5	13.512956745287095	350	0.5	45.039982238007156
Participant_5036	150	0.4	26.802984908401527	350	0.3	30.805843601498726
Participant_5037	100	0.4	15.214713273670325	250	0.4	22.624654693497533
Participant_5038	100	0.9	10.734290847559516	100	0.9	10.734290847559516
Participant_5039	350	0.4	19.285357139550204	300	0.4	21.70771752165575
Participant_5040	250	0.1	19.714525102066244	250	0.0	26.048512433534473
Participant_5041	300	0.1	17.464964929824507	400	0.0	62.17334637929665
Participant_5042	400	0.8	79.724525711979	100	0.0	108.06086248036335
Participant_5043	150	0.6	21.651789764358973	200	0.6	22.202195837349063
Participant_5044	350	0.4	28.712802022791156	200	0.2	61.87780296681517
Participant_5045	250	0.9	17.202834068838772	250	0.7	37.61931020101246
Participant_5047	350	0.1	15.863874053962984	250	0.0	31.141210637995435
Participant_5048	100	0.6	67.12395250579334	400	0.1	74.43520672370032
Participant_5049	350	0.6	25.991344713192504	400	0.4	57.28416011429337
Participant_5050	150	0.0	10.230469197451308	250	0.0	11.170273049482722
Participant_5051	350	0.3	16.62828914831589	250	0.3	17.527835006069633
Participant_5052	150	0.5	15.563579279844337	150	0.4	37.909761275956356
Participant_5053	250	0.2	15.180167983260265	150	0.2	17.766541588052526
Participant_5054	100	0.6	47.97785947705462	400	0.0	75.0368242931429
Participant_5055	200	0.0	13.77679207943562	250	0.0	18.668824280066488
Participant_5056	350	0.1	37.17072100457563	100	0.2	76.27139044228838
Participant_5057	300	0.7	14.068137758779589	300	0.6	31.404816509573816
Participant_5058	150	0.3	12.407658925034971	400	0.3	19.50640920313116
Participant_5059	300	0.7	19.050262465383515	300	0.8	20.929345426935836
Participant_5060	400	1.0	0.0	400	1.0	0.0
Participant_5061	300	0.8	15.3064528875896	300	0.7	21.975270191740535
Participant_5062	250	0.6	26.56077935603547	200	0.7	32.76526361865566
Participant_5063	300	0.1	20.616134458234406	150	0.0	23.893775340033645
Participant_5064	150	0.2	12.222929272478018	400	0.1	46.93719207622032
Participant_5065	350	0.6	26.467905092772263	350	0.7	32.79672239721524
Participant_5066	400	0.4	26.343405246854477	400	0.4	26.343405246854477
Participant_5067	150	1.0	0.0	150	1.0	0.0
Participant_5068	250	0.9	20.39454583951307	250	0.8	22.050226756203664
Participant_5069	100	0.5	16.28189178197669	100	0.5	16.28189178197669
Participant_5070	350	0.2	26.83910393437158	200	0.3	44.535800206126304
Participant_5071	300	0.8	16.256921602812756	300	0.8	16.256921602812756
Participant_5072	300	0.7	22.42571069107956	300	0.8	22.842668408047253
Participant_5073	100	0.6	14.684175155588413	100	0.7	21.286145729088673
Participant_5074	100	0.8	20.164014977181502	100	0.6	44.20831369776504
Participant_5075	150	1.0	0.0	150	1.0	0.0
Participant_5076	100	0.5	20.67849124090053	100	0.6	30.953594298562486
Participant_5077	400	0.5	16.963195453687373	400	0.5	16.963195453687373
Participant_5078	350	0.8	16.369941966909963	350	0.8	16.369941966909963
Participant_5079	400	0.9	6.605868602992342	400	0.9	6.605868602992342
Participant_5080	250	0.9	13.497684986693088	250	0.8	16.80662071922848
Participant_5081	200	0.7	26.759344162366908	200	0.7	26.759344162366908
Participant_5082	250	0.8	11.6710110958734	250	0.9	13.264143394882309
Participant_5083	350	0.9	10.35132841716463	350	0.9	10.35132841716463
Participant_5084	250	0.0	19.099083747656586	200	0.0	24.945941553687646
Participant_5085	200	0.0	12.541929676090518	250	0.1	23.97733304602495
Participant_5086	350	0.1	21.486332865335584	300	0.1	21.79506824949167
Participant_5087	350	0.8	19.949310765036472	350	0.6	62.3943106380702
Participant_5088	100	0.6	63.595400777100224	400	0.0	79.15506932597557
Participant_5089	300	0.4	27.13346642064003	400	0.6	45.02443780881667
Participant_5090	250	0.0	15.363105154883241	100	0.1	77.16014191277775
Participant_5091	250	0.2	22.481937194112078	300	0.2	24.03200990346001
Participant_5092	200	0.7	16.539724907023093	200	0.6	22.730761095924613
Participant_5093	100	0.5	20.58761763779384	100	0.3	68.92486851637803
Participant_5094	350	0.8	17.866868779951343	300	0.7	45.281480762006886
Participant_5095	150	0.6	21.477895613863105	150	0.6	21.477895613863105
Participant_5096	300	0.7	29.375372338065777	300	0.7	29.375372338065777
Participant_5097	150	0.8	14.08190328045183	150	0.8	14.08190328045183
Participant_5098	200	0.6	23.166516786085904	300	0.7	52.56341408242048
Participant_5099	350	0.8	19.569747060194725	350	0.7	27.51136128947457
Participant_5100	350	0.1	17.187568181682945	250	0.1	19.619187037183778
Participant_5101	100	1.0	0.0	100	1.0	0.0
Participant_5102	100	1.0	0.0	100	1.0	0.0
Participant_5103	400	0.7	12.881187833425923	300	0.5	64.97085885225775
Participant_5104	100	0.4	16.62791327858069	300	0.4	28.41610458877149
Participant_5105	350	0.1	23.273643891750172	250	0.1	25.296491851638244
Participant_5106	200	0.0	11.227199116431489	250	0.0	12.689562640217353
Participant_5107	150	1.0	0.0	150	1.0	0.0
Participant_5108	350	0.0	18.28558175175184	350	0.0	18.28558175175184
Participant_5109	250	0.1	16.542747655694928	200	0.1	17.638027100557476
Participant_5110	250	0.8	14.57609344097382	250	0.7	23.957514478760103
Participant_5111	400	0.5	28.90069203323685	150	0.3	44.499438198700894
Participant_5112	400	0.1	37.85630726840641	200	0.2	62.84992044545482
Participant_5113	400	0.6	25.341665296503308	400	0.4	58.578793091015456
Participant_5114	250	0.0	18.05616238296499	300	0.1	36.33214829871749
Participant_5115	150	1.0	13.693063937629153	150	0.8	31.13759785211441
Participant_5116	100	0.1	25.78638206495824	150	0.2	70.87418429865701
Participant_5117	250	0.8	16.61964199373741	250	0.8	16.61964199373741
Participant_5118	250	0.8	25.445284435431255	250	0.8	25.445284435431255
Participant_5119	400	0.0	27.1435996139053	400	0.0	27.1435996139053
Participant_5120	250	0.6	16.672582283497658	200	0.6	35.520240708643854
Participant_5121	300	0.8	11.47987369268495	300	0.8	11.47987369268495
Participant_5122	200	0.6	33.153996742474355	250	0.7	42.54659210794679
Participant_5123	300	0.8	9.838063833905531	300	0.8	9.838063833905531
Participant_5124	300	0.9	12.644168616401792	300	0.7	34.91650755731449
Participant_5125	300	1.0	0.0	300	1.0	0.0
Participant_5126	150	0.9	17.24673882216577	150	0.8	20.513410247932935
Participant_5127	400	0.1	34.6135811496008	400	0.3	51.031852798031935
Participant_5128	300	0.7	16.137301509236295	250	0.6	19.63351726003265
Participant_5129	150	0.7	18.28968288407429	150	0.7	18.28968288407429
Participant_5130	100	1.0	0.0	100	1.0	0.0
Participant_5131	350	0.5	24.720436889343198	200	0.5	34.52571505414479
Participant_5132	100	0.6	66.65677009876791	400	0.1	74.97066092812575
Participant_5133	150	0.9	8.059156283383516	150	0.9	8.059156283383516
Participant_5134	300	0.8	22.650331123407447	300	0.8	22.650331123407447
Participant_5135	400	0.1	22.624102192131293	150	0.1	45.142967337116865
Participant_5136	400	0.0	33.136460281689715	200	0.1	51.68268568872945
Participant_5137	250	0.5	21.675735281646155	100	0.5	45.236600225923254
Participant_5138	350	1.0	0.0	350	1.0	0.0
Participant_5139	150	1.0	0.0	150	1.0	0.0
Participant_5140	250	0.8	10.838011810290668	250	0.8	10.838011810290668
Participant_5141	100	0.1	16.429774800647756	150	0.2	48.71498742686895
Participant_5142	400	0.6	19.19505144562004	200	0.4	55.63968907174087
Participant_5143	200	1.0	0.0	200	1.0	0.0
Participant_5144	150	0.5	24.844013363383944	350	0.5	30.880414504990053
Participant_5145	100	1.0	0.0	100	1.0	0.0
Participant_5146	350	0.6	17.622428890479316	200	0.6	44.78211138389971
Participant_5147	300	0.7	16.520063559199766	300	0.5	53.90929882682579
Participant_5148	100	0.4	18.172437921203638	300	0.4	26.598402207651496
Participant_5149	150	0.1	18.381716459569276	150	0.1	18.381716459569276
Participant_5150	400	0.9	7.819047256539636	400	0.9	7.819047256539636
Participant_5151	250	0.0	25.29377393747323	350	0.0	30.852268960321215
Participant_5152	400	0.2	19.924858845171276	100	0.4	41.67118308855653
Participant_5153	100	0.5	20.978560484456505	100	0.6	22.29069312515876
Participant_5154	350	0.8	16.710026929960346	350	0.8	16.710026929960346
Participant_5155	200	0.9	9.587752604234216	200	0.9	9.587752604234216
Participant_5156	150	1.0	0.0	150	1.0	0.0
Participant_5157	400	1.0	0.0	400	1.0	0.0
Participant_5158	250	0.0	12.187083326210583	250	0.0	12.187083326210583
Participant_5159	100	0.6	43.924651393038964	100	0.4	65.27049486559758
Participant_5160	100	0.6	59.313784232672255	400	0.2	87.16077099245967
Participant_5161	100	0.2	18.43434295004842	400	0.4	28.17756199531819
Participant_5162	400	0.8	16.0	400	0.9	22.85579795150456
Participant_5163	100	0.5	20.888992316528817	400	0.4	53.270301294436095
Participant_5164	400	0.7	76.66273540645416	100	0.0	94.01276509070456
Participant_5165	150	0.2	18.558017135459274	250	0.2	19.504807099789527
Participant_5166	400	0.9	12.445380669147891	400	0.8	29.0
Participant_5167	400	0.6	17.66918221084383	400	0.5	26.744158240632665
Participant_5168	400	1.0	14.79019945774904	400	0.9	18.571146975887086
Participant_5169	100	0.1	25.222757581200355	350	0.3	67.94483056127228
Participant_5170	400	0.8	14.866068747318506	400	0.7	22.851148767622163
Participant_5171	250	0.8	15.164514499317148	250	0.8	15.164514499317148
Participant_5172	400	1.0	0.0	400	1.0	0.0
Participant_5173	100	1.0	0.0	100	1.0	0.0
Participant_5174	300	0.2	16.43281777419807	300	0.1	22.858805743082904
Participant_5175	250	0.3	20.272518343807214	150	0.3	28.464012366495346
Participant_5176	400	0.0	60.409229427298605	400	0.0	60.409229427298605
Participant_5177	250	0.0	20.11902085092612	250	0.0	20.11902085092612
Participant_5178	300	0.8	22.148081180996243	300	0.6	48.695610685153135
Participant_5179	400	0.0	17.263400592003883	400	0.2	44.603811496328426
Participant_5180	400	0.5	23.984369910422913	150	0.4	36.25810254274209
Participant_5181	150	0.0	14.988745778082968	200	0.0	15.034959261667456
Participant_5182	100	0.0	14.946571513226704	100	0.1	17.390730289438682
Participant_5183	200	0.5	30.79407410525603	200	0.6	45.47458081170183
Participant_5184	150	0.9	5.472659317004851	150	0.9	5.472659317004851
Participant_5185	250	0.1	19.619187037183778	250	0.2	40.57939748197354
Participant_5186	300	1.0	0.0	300	1.0	0.0
Participant_5187	200	0.0	12.739701723352868	350	0.0	13.01393483924059
Participant_5188	200	0.0	21.67487024182613	250	0.0	27.63195613777642
Participant_5189	100	0.5	32.30866756769768	350	0.2	59.44819173027889
Participant_5190	100	0.5	22.41874215918458	150	0.4	26.82629307228265
Participant_5191	300	0.7	19.822020583179707	250	0.7	31.2483999590379
Participant_5192	300	0.2	28.063098545955327	300	0.2	28.063098545955327
Participant_5194	350	0.7	27.71506810383117	300	0.6	41.7733467656112
Participant_5195	300	0.4	20.06177958208095	200	0.4	23.038554642164513
Participant_5196	350	0.0	13.760904766765883	250	0.0	16.078712635033938
Participant_5197	250	1.0	0.0	250	1.0	0.0
Participant_5198	400	0.8	11.715374513859981	400	0.7	27.380193571266073
Participant_5199	350	0.6	28.271894170713075	300	0.5	44.39833893289252
Participant_5200	400	0.8	24.819347291981714	400	0.6	49.24124287627192
Participant_5201	400	0.4	27.068893586550598	400	0.5	30.335622624235025
Participant_5202	250	0.2	25.601513627127595	200	0.3	55.28053454879032
Participant_5203	200	0.9	7.37733014036921	200	0.9	7.37733014036921
Participant_5204	350	0.1	15.505241049400038	350	0.1	15.505241049400038
Participant_5205	200	0.6	24.40158806307491	250	0.6	37.087396781116894
Participant_5206	100	0.3	26.91444779296057	250	0.3	39.111699017046035
Participant_5207	300	0.5	23.716291868671206	200	0.6	57.00164471311332
Participant_5208	400	0.6	25.14358765172544	200	0.6	81.90199936509487
Participant_5209	300	0.7	24.40107579595621	350	0.6	29.75819214938972
Participant_5210	250	0.0	17.74189956008093	350	0.0	23.650845650843014
Participant_5211	350	0.7	13.941843493598686	300	0.6	49.091878147001054
Participant_5212	100	1.0	0.0	100	1.0	0.0
Participant_5213	350	0.1	33.28531958686892	250	0.1	36.724140561761274
Participant_5214	100	0.2	33.295269934331515	200	0.4	64.47499515315995
Participant_5215	100	0.7	17.08361788380904	100	0.6	26.255951706232246
Participant_5216	150	0.7	21.523533631817987	250	0.5	57.35710505246931
Participant_5217	200	0.5	16.148529344804125	200	0.6	28.49012986983387
Participant_5218	100	0.5	40.69828006193873	350	0.4	68.56146877073157
Participant_5219	350	0.1	19.375564507905313	250	0.1	22.1057119315348
Participant_5220	100	0.9	10.734290847559516	100	0.9	10.734290847559516
Participant_5221	100	0.5	21.3915871313935	100	0.5	21.3915871313935
Participant_5222	200	0.1	14.136831328130077	150	0.0	22.29714107234378
Participant_5223	100	0.8	21.65842792078871	100	0.8	21.65842792078871
Participant_5224	200	0.6	16.17675801883678	300	0.6	26.172743455740363
Participant_5225	100	0.0	18.15626613596529	100	0.0	18.15626613596529
Participant_5226	400	0.9	14.616343592020543	400	0.8	27.789386463180506
Participant_5227	350	0.1	18.785965506196376	350	0.0	23.089229090638778
Participant_5228	300	0.1	16.241151437013325	300	0.2	33.46696132008402
Participant_5229	300	0.1	18.974324757418906	300	0.1	18.974324757418906
Participant_5230	400	0.1	25.774987875845838	300	0.3	50.410564368989164
Participant_5231	400	0.8	14.439529078193651	400	0.7	27.607517092270356
Participant_5232	150	0.6	15.891821796131493	150	0.7	43.52599797821987
Participant_5233	250	0.6	26.44286293123345	250	0.5	50.01087381760091
Participant_5234	150	0.2	28.8859827598093	350	0.4	64.1340393239035
Participant_5235	400	0.9	9.546596252068063	400	0.9	9.546596252068063
Participant_5236	100	0.0	31.990623626306505	250	0.2	62.293157730203404
Participant_5237	350	0.5	20.823064135712592	200	0.5	31.277387998360734
Participant_5238	250	0.3	11.714307491268956	100	0.3	17.194112364411254
Participant_5239	350	1.0	0.0	350	1.0	0.0
Participant_5240	350	1.0	0.0	350	1.0	0.0
Participant_5241	150	0.3	20.831466583032505	400	0.3	27.870235018743564
Participant_5242	100	0.0	15.07149627608354	100	0.1	16.505680840244064
Participant_5243	400	1.0	0.0	400	1.0	0.0
Participant_5244	250	0.9	11.442792491345807	250	0.8	11.509235422042595
Participant_5245	350	0.8	21.919739961961227	350	0.8	21.919739961961227
Participant_5246	200	0.9	18.958507325208913	200	0.8	20.42883990832568
Participant_5247	250	0.7	17.218086420970245	300	0.6	31.225190151542712
Participant_5248	100	1.0	13.693063937629153	100	0.9	13.701277312717965
Participant_5249	250	0.9	7.725768570181222	250	0.9	7.725768570181222
Participant_5250	150	0.6	19.138965489283898	100	0.5	48.16741637248151
Participant_5251	300	0.8	15.549517677407232	300	0.8	15.549517677407232
Participant_5252	400	0.0	34.55828410092145	400	0.1	35.02641860082186
Participant_5253	350	0.8	20.838066129082133	350	0.8	20.838066129082133
Participant_5254	200	0.0	21.81857007230309	300	0.0	24.359546383297044
Participant_5255	250	0.2	19.2142525225417	150	0.1	28.136053383514895
Participant_5256	100	0.6	24.43102535711508	100	0.4	46.41107087753956
Participant_5257	250	0.4	18.791620472966134	200	0.4	19.6093090138332
Participant_5258	100	0.9	16.208793909480125	100	0.8	18.850397873785052
Participant_5259	350	0.7	24.660190591315388	350	0.7	24.660190591315388
Participant_5260	400	0.0	31.788755873736235	150	0.2	42.22736079842073
Participant_5261	100	0.0	12.334909809155477	100	0.0	12.334909809155477
Participant_5262	250	0.2	25.79607528287976	200	0.2	26.459639075391788
Participant_5263	100	0.1	17.99131735032207	400	0.2	68.26053032316699
Participant_5264	150	0.6	21.99545407578575	250	0.6	54.502064181093175
Participant_5266	400	1.0	0.0	400	1.0	0.0
Participant_5267	400	0.2	23.33452377915607	300	0.4	52.033402733244344
Participant_5268	100	0.1	29.473505051147207	250	0.1	38.5345624083108
Participant_5269	250	0.7	21.30639575338823	300	0.6	36.09033804219628
Participant_5270	300	0.0	33.367461695490114	350	0.1	38.03501676087444
Participant_5271	100	0.2	31.282183427631775	150	0.2	62.29486335164401
Participant_5272	300	0.9	21.67660028694537	300	0.8	23.114659850406625
Participant_5273	100	0.5	34.334385097158794	200	0.4	50.73977729553018
Participant_5274	300	0.2	19.558565898347457	200	0.0	48.87279406786561
Participant_5275	350	0.1	23.13898225938211	250	0.1	26.83118521422414
Participant_5276	400	0.2	22.06807649071391	300	0.3	24.849044247214017
Participant_5277	400	0.2	38.86836760143137	100	0.5	51.98653671865438
Participant_5278	100	0.8	11.026672208785387	100	0.9	25.450442039383127
Participant_5279	400	0.4	20.83206662815766	300	0.4	28.895933970024227
Participant_5280	350	0.5	22.552161758909055	200	0.3	65.21838314463186
Participant_5281	350	0.5	20.089798406156294	350	0.7	50.79985236199019
Participant_5282	400	0.7	14.90553588436189	400	0.6	37.811373950175366
Participant_5283	250	0.0	16.194906606708173	300	0.1	25.763831236832768
Participant_5284	400	0.0	30.071165590977678	400	0.0	30.071165590977678
Participant_5285	200	0.9	9.256079083499666	200	0.8	14.003124651305509
Participant_5286	100	0.7	64.86986973934818	400	0.0	99.87755003002427
Participant_5287	400	0.7	21.027957580326245	400	0.7	21.027957580326245
Participant_5288	400	0.5	22.891046284519195	200	0.4	40.521907654995715
Participant_5289	400	0.5	19.339079605813716	400	0.5	19.339079605813716
Participant_5290	100	0.0	42.007737382534664	100	0.0	42.007737382534664
Participant_5291	300	0.2	30.598815336545304	150	0.1	33.658394198178854
Participant_5292	400	1.0	14.79019945774904	400	0.8	37.27935085271738
Participant_5293	250	0.5	16.69094065653581	100	0.4	56.51537401451043
Participant_5294	300	0.8	14.681195455411661	300	0.8	14.681195455411661
Participant_5295	300	0.1	18.708955075043608	250	0.1	18.8391215294132
Participant_5296	250	0.1	17.710519472900845	300	0.1	18.47362985447094
Participant_5297	100	0.8	15.0112457844111	100	0.8	15.0112457844111
Participant_5298	350	0.2	22.340266336818814	300	0.2	24.18754844956388
Participant_5299	300	0.9	9.00694176732591	300	0.9	9.00694176732591
Participant_5300	400	0.6	58.53161538860857	100	0.1	80.43592170168749
Participant_5301	200	1.0	13.693063937629153	200	0.9	16.18409713267935
Participant_5302	100	0.5	28.41830396065184	350	0.5	42.46881208604733
Participant_5303	150	0.0	14.651365124110448	250	0.0	14.782591112521512
Participant_5304	100	1.0	0.0	100	1.0	0.0
Participant_5305	250	0.0	16.94918877114772	100	0.2	99.85527026652125
Participant_5306	300	1.0	0.0	300	0.9	12.19118534023661
Participant_5307	250	0.1	19.587304561883954	300	0.1	20.70688291365941
Participant_5308	400	0.7	12.881187833425923	400	0.7	12.881187833425923
Participant_5309	150	0.9	10.365809182114052	150	0.8	28.75847701113534
Participant_5310	200	0.9	6.278933030380241	200	0.9	6.278933030380241
Participant_5311	350	0.2	16.78056912026526	100	0.4	52.41886587861283
Participant_5312	150	0.7	21.34859480153202	150	0.7	21.34859480153202
Participant_5313	250	0.9	5.562148865321747	250	0.9	5.562148865321747
Participant_5314	250	0.8	18.09592495563573	250	0.7	25.302420832797797
Participant_5315	200	0.6	19.696129061315578	200	0.7	27.70040613420677
Participant_5316	100	0.6	18.388175548433292	100	0.7	30.750609750052114
Participant_5317	350	0.6	13.011533345459329	350	0.6	13.011533345459329
Participant_5318	250	0.7	13.882092781709824	250	0.6	26.10986403641352
Participant_5319	300	0.3	19.169637450927443	250	0.4	41.22347632114497
Participant_5320	400	0.7	15.602083194240441	400	0.5	60.572270883631234
Participant_5321	350	0.5	27.085051227568318	150	0.5	28.826636987342106
Participant_5322	150	0.6	13.183322798141598	150	0.7	40.93607821958523
Participant_5323	350	0.5	19.035493164086922	400	0.4	40.15874749042853
Participant_5324	350	0.9	12.43583531573171	350	0.8	25.455353071603625
Participant_5325	100	0.1	25.247524631139584	150	0.3	46.531709618280736
Participant_5326	100	0.8	18.07173206972702	100	0.7	31.770269120673184
Participant_5327	350	0.2	20.623712081000356	350	0.2	20.623712081000356
Participant_5328	200	1.0	0.0	200	1.0	0.0
Participant_5329	100	0.8	14.459858228903906	150	0.7	39.55391889560376
Participant_5330	350	0.0	11.591483942964334	300	0.0	12.283627314437702
Participant_5331	250	0.9	15.237699957670777	250	0.8	15.928355219544798
Participant_5332	100	0.0	32.70550412392385	100	0.0	32.70550412392385
Participant_5333	250	0.0	44.170408646513565	250	0.0	44.170408646513565
Participant_5334	100	0.4	20.681815684315534	350	0.5	58.061174635034725
Participant_5335	200	0.9	12.96823041127817	200	0.8	13.503240351856292
Participant_5336	100	0.8	33.17133551728058	100	0.5	84.59521263050291
Participant_5337	100	0.5	24.7002024283203	100	0.4	44.048127088447245
Participant_5338	100	0.7	22.036333633342913	100	0.5	65.37468929180467
Participant_5339	250	0.7	33.22593113819386	250	0.8	40.956837036079826
Participant_5340	250	0.8	22.33187184272738	250	0.7	22.698292887351684
Participant_5341	150	1.0	0.0	150	1.0	0.0
Participant_5342	350	0.7	12.723010649999473	350	0.7	12.723010649999473
Participant_5343	100	0.4	14.75593101095285	400	0.3	20.868636754709208
Participant_5344	400	1.0	0.0	400	1.0	0.0
Participant_5345	150	0.4	26.942531432662374	400	0.4	29.73171707116829
Participant_5346	100	0.7	18.35347378563524	350	0.2	114.24901531304329
Participant_5347	250	1.0	0.0	250	1.0	0.0
Participant_5348	250	0.0	25.36779454347579	150	0.2	66.12034482668705
Participant_5349	150	0.8	12.074767078498866	150	0.9	22.554378732299412
Participant_5350	250	0.5	22.329072976727	200	0.6	32.178214680121705
Participant_5351	250	0.0	15.524979871162474	400	0.0	92.89389108009202
Participant_5352	100	0.5	11.623252556836231	350	0.3	48.966825504620985
Participant_5353	400	0.2	36.08323710533743	150	0.3	54.35025298929159
Participant_5354	400	0.0	24.22343906219759	200	0.3	58.05977523208301
Participant_5355	300	0.6	14.832818343120096	200	0.5	33.75685115646896
Participant_5356	100	0.1	24.595477226514635	400	0.3	60.264002522235444
Participant_5357	350	0.8	8.168537200747757	350	0.8	8.168537200747757
Participant_5358	100	1.0	0.0	100	1.0	0.0
Participant_5359	100	0.5	24.394671549336344	350	0.2	66.3538808209437
Participant_5360	100	0.0	29.764072302022115	200	0.2	64.10040951507253
Participant_5361	300	0.8	23.702056872769504	350	0.7	48.444555937690254
Participant_5362	150	0.2	17.01176063786462	150	0.2	17.01176063786462
Participant_5363	100	0.1	18.335416548308903	100	0.0	30.035811958393932
Participant_5364	300	0.3	22.07883602004417	150	0.3	24.928898892650675
Participant_5365	400	0.0	13.435959213989896	400	0.1	14.468932234273543
Participant_5366	200	1.0	7.905694150420948	200	0.9	13.763175505674553
Participant_5367	400	0.4	15.29624136838851	350	0.2	56.83605809695109
Participant_5368	200	0.7	13.268854509715599	200	0.7	13.268854509715599
Participant_5369	200	0.0	26.144789155776337	100	0.1	84.164645190246
Participant_5370	250	0.9	15.155444566227676	250	0.8	20.58427798102231
Participant_5371	350	0.9	15.318289721767245	350	0.8	36.35553602960628
Participant_5372	100	0.1	60.796278669010654	100	0.0	67.80228609715162
Participant_5373	250	0.9	16.611366590380214	250	0.8	19.071247992724544
Participant_5374	200	0.7	22.66191739460719	200	0.6	22.97689056421691
Participant_5375	150	0.1	22.647019671471124	350	0.2	39.83199091182865
Participant_5376	350	1.0	7.905694150420948	350	0.9	8.92468486838611
Participant_5377	150	0.2	22.84513077222365	350	0.2	31.17029836238338
Participant_5378	400	1.0	0.0	400	1.0	0.0
Participant_5379	250	0.4	18.8248505970167	300	0.4	20.856054276876055
Participant_5380	200	0.7	19.19798166474799	200	0.6	38.182947764676314
Participant_5381	100	0.7	16.825575770237403	200	0.6	64.56924577536894
Participant_5382	350	0.7	28.427539464399658	300	0.6	45.4148929317245
Participant_5383	150	0.8	17.198837169994952	150	0.7	30.15812494171347
Participant_5384	300	0.7	24.013798116916032	250	0.6	29.588426791568356
Participant_5385	100	0.7	27.692056622793476	100	0.6	35.925269657999785
Participant_5386	300	0.1	24.749242412647703	250	0.0	33.51902444881116
Participant_5387	150	0.5	15.48305525405112	150	0.5	15.48305525405112
Participant_5388	400	0.0	31.532126474438734	350	0.2	55.13925552634892
Participant_5389	100	0.6	18.285923547909743	100	0.7	21.31548732729327
Participant_5390	300	0.7	17.07812928865454	300	0.5	51.52632822159949
Participant_5391	150	0.9	13.179529581893277	150	0.9	13.179529581893277
Participant_5392	200	0.8	13.549446483159377	200	0.7	20.18198454067389
Participant_5393	300	0.0	18.293099791998074	300	0.1	19.46214273917443
Participant_5394	250	0.5	22.93659739368505	100	0.6	66.61925397360736
Participant_5395	100	0.4	28.022089500963343	400	0.2	44.01136216933077
Participant_5396	350	0.8	12.418735845487655	350	0.8	12.418735845487655
Participant_5397	150	0.5	21.759480692332712	150	0.4	35.19090791667644
Participant_5398	250	0.9	11.497282287566918	250	0.8	12.19477347063077
Participant_5399	400	0.0	55.76087337909979	350	0.1	112.91218933312736
Participant_5400	400	0.4	20.802043168881273	150	0.5	36.75561181642879
Participant_5401	350	0.1	31.530342529062384	150	0.1	33.43482465932789
Participant_5402	100	0.7	22.290132345950752	100	0.7	22.290132345950752
Participant_5403	350	0.2	17.827997644155104	300	0.1	42.91008040076364
Participant_5404	200	0.6	22.174027599874588	200	0.5	32.20287254267855
Participant_5405	100	0.0	35.71974244028084	300	0.1	38.06277709258745
Participant_5406	200	0.6	20.22838352414745	200	0.5	35.313241142664886
Participant_5407	400	0.5	28.28869031963127	150	0.4	45.87646455427881
Participant_5408	150	0.9	24.747727168368414	150	0.8	38.88508711575686
Participant_5409	300	0.5	23.768939816491606	100	0.4	35.46459502095012
Participant_5410	300	0.9	6.698880503487131	300	0.9	6.698880503487131
Participant_5411	250	0.8	19.524663889552617	250	0.7	25.252970122344024
Participant_5412	400	0.1	21.664487069856975	150	0.2	41.691126154135006
Participant_5413	400	0.2	18.661457606521523	400	0.3	26.981475126464083
Participant_5414	100	0.2	15.805853346149963	100	0.2	15.805853346149963
Participant_5415	300	0.9	15.48789850173354	300	0.8	23.087604899599267
Participant_5416	400	0.0	33.67899939131209	300	0.1	45.4150305515696
Participant_5417	300	1.0	0.0	300	0.9	12.19118534023661
Participant_5418	150	0.8	16.18795848771549	150	0.8	16.18795848771549
Participant_5419	100	0.4	14.798226245060588	200	0.3	32.76335605520289
Participant_5420	400	0.5	22.94558781116753	400	0.6	27.923108709454254
Participant_5421	350	0.7	17.4463463223679	350	0.7	17.4463463223679
Participant_5422	100	0.3	13.11058732475399	350	0.2	35.83416665697697
Participant_5423	100	0.2	21.87635710076063	150	0.3	26.152437744883365
Participant_5424	150	0.8	21.955637089367276	250	0.5	66.16145025617259
Participant_5425	150	0.4	19.355877660287067	300	0.4	25.519110486065145
Participant_5426	400	0.1	29.03618432232445	350	0.4	80.71198795718018
Participant_5427	200	0.5	13.258016442892202	150	0.6	23.74447304111001
Participant_5428	100	0.8	12.513492717862588	100	0.7	34.25054744088042
Participant_5429	400	0.4	19.338433235399396	150	0.3	30.49918031685442
Participant_5430	400	0.5	23.82750511488771	300	0.4	48.98953969981755
Participant_5431	250	0.8	13.132497858366474	250	0.8	13.132497858366474
Participant_5432	350	0.5	17.49571376080439	300	0.5	23.317643534456906
Participant_5433	100	0.8	17.757744789246182	100	0.8	17.757744789246182
Participant_5434	350	0.0	16.450303948559736	200	0.0	16.9130127416732
Participant_5435	100	0.3	26.798087618335753	200	0.2	55.656199115642096
Participant_5436	400	0.6	42.949970896381295	200	0.4	74.64599788334267
Participant_5437	150	0.5	30.470887745518674	100	0.7	51.179585774017355
Participant_5438	400	0.9	14.270161176384798	400	0.9	14.270161176384798
Participant_5439	300	0.0	15.439802459876226	150	0.1	27.575124659736357
Participant_5440	100	0.7	8.977750274985375	100	0.8	31.647867226718454
Participant_5441	400	0.7	12.832575735213878	400	0.5	61.87891401761993
Participant_5442	250	0.5	24.72018406080343	300	0.5	35.91604794517348
Participant_5443	250	0.0	18.60174722976312	200	0.0	25.145576151681233
Participant_5444	400	0.0	26.46743281846579	300	0.2	60.745678858664505
Participant_5445	350	0.1	28.35775907930667	250	0.3	68.07881461952756
Participant_5447	100	1.0	0.0	100	1.0	0.0
Participant_5448	200	0.5	27.171216387935228	200	0.6	37.053171254293474
Participant_5449	100	0.0	17.5968747225182	100	0.0	17.5968747225182
Participant_5450	350	0.1	14.88833435949099	200	0.0	27.835229476330888
Participant_5451	100	0.7	21.049940617493437	400	0.1	106.49225323937887
Participant_5452	250	0.0	21.296126408340086	200	0.0	25.442091109026396
Participant_5453	250	0.1	15.64968050792092	150	0.2	37.291419924695816
Participant_5454	400	0.1	13.156747318391426	400	0.0	14.072135587749289
Participant_5455	150	0.6	22.108821768696767	100	0.5	46.5306350698118
Participant_5456	400	0.2	22.847319317591726	150	0.3	45.45822257853908
Participant_5457	400	0.4	13.237258024228431	400	0.5	24.854577043273135
Participant_5458	350	0.5	25.17141235608364	350	0.5	25.17141235608364
Participant_5459	300	0.9	11.396271320041482	300	0.9	11.396271320041482
Participant_5460	350	1.0	0.0	350	1.0	0.0
Participant_5461	350	0.7	18.75833148230407	350	0.7	18.75833148230407
Participant_5462	200	0.5	25.534780202696087	150	0.6	37.980916260669645
Participant_5463	200	0.7	17.133665690680438	200	0.6	32.6984326841517
Participant_5464	400	0.5	20.006249023742555	400	0.6	23.204525420701888
Participant_5465	150	0.2	24.987997118616768	350	0.2	33.41537819627364
Participant_5466	100	0.9	17.07263892899982	100	0.8	29.01012754194645
Participant_5467	400	0.4	18.479042182970417	250	0.3	32.74484692283657
Participant_5468	100	0.0	18.73232500251904	100	0.1	31.897296123652865
Participant_5469	100	0.5	40.60603403436489	100	0.5	40.60603403436489
Participant_5470	100	0.3	26.469557986487043	150	0.3	28.878192464210777
Participant_5471	150	1.0	0.0	150	1.0	0.0
Participant_5472	300	0.0	8.853671554784489	300	0.1	20.187248450445146
Participant_5473	350	0.6	22.78815481779953	350	0.7	47.34844242422342
Participant_5474	400	0.0	22.176000541125536	400	0.0	22.176000541125536
Participant_5475	400	0.1	30.81152381820802	150	0.3	50.955372631352624
Participant_5476	300	1.0	0.0	300	1.0	0.0
Participant_5477	150	1.0	7.905694150420948	150	0.9	8.941476388158724
Participant_5478	400	0.9	10.302305567201936	400	0.9	10.302305567201936
Participant_5480	250	0.9	14.394009170484782	250	0.8	14.446885477499986
Participant_5481	350	0.0	21.02052568324589	200	0.1	23.153833375922872
Participant_5482	350	0.7	30.403535978566705	300	0.7	45.789327359112846
Participant_5483	300	0.5	17.49892853862773	100	0.5	39.03652136141231
Participant_5484	300	0.2	17.99409625404955	200	0.2	18.340188112448576
Participant_5485	400	0.8	14.739402972983676	400	0.7	29.320214869608304
Participant_5486	200	1.0	0.0	200	1.0	0.0
Participant_5487	300	0.0	21.14562602525638	100	0.1	66.61409385407866
Participant_5488	250	0.5	26.92280631732138	250	0.6	34.971059463504965
Participant_5489	300	0.8	14.42350512184885	300	0.8	14.42350512184885
Participant_5490	100	0.5	30.229952034364857	100	0.5	30.229952034364857
Participant_5491	100	0.0	41.81387329583329	150	0.2	59.92203267580298
Participant_5492	100	0.8	12.858363037338773	100	0.8	12.858363037338773
Participant_5493	400	0.1	16.899704139422088	150	0.2	38.30013054808038
Participant_5494	100	0.4	28.088921303602955	300	0.4	36.742005933263904
Participant_5495	350	0.9	18.361644806498138	350	0.8	21.86263936490743
Participant_5496	100	0.1	18.63967542635869	350	0.3	60.2930344235551
Participant_5497	150	0.5	19.390074780670652	100	0.3	53.16848220515609
Participant_5498	250	0.0	20.48841135861929	250	0.1	44.43998762376065
Participant_5499	400	0.4	21.99943181084457	400	0.3	35.679125549822544
Participant_5500	400	1.0	0.0	400	1.0	0.0
Participant_5501	350	0.2	15.052823655381072	400	0.4	45.22416389497986
Participant_5502	250	0.0	15.645286830224622	300	0.1	36.86156534929031
Participant_5503	100	0.1	87.80624977756423	100	0.0	90.80693806092131
Participant_5504	100	0.0	18.665476152512156	100	0.0	18.665476152512156
Participant_5505	200	0.4	14.94238936716615	350	0.4	18.21880896216874
Participant_5506	100	0.4	23.748421000142304	100	0.2	49.229818199948696
Participant_5507	100	0.2	16.839685270218087	150	0.3	32.42606975876047
Participant_5508	300	0.1	15.042439961655157	300	0.0	23.497606261064128
Participant_5509	350	0.7	28.493420293113285	300	0.7	31.943896130559903
Participant_5510	300	0.7	22.117018334305374	300	0.7	22.117018334305374
Participant_5511	150	0.7	11.969231387186062	150	0.8	20.96544776531138
Participant_5512	400	0.3	31.925694980689144	100	0.4	33.188665233781244
Participant_5513	250	0.1	33.947201651977146	350	0.1	36.061232646708014
Participant_5514	100	0.5	25.22597867278889	100	0.4	38.63596122785093
Participant_5515	350	1.0	0.0	350	1.0	0.0
Participant_5516	400	0.5	37.23573552382174	100	0.3	59.55575119163556
Participant_5517	100	0.1	28.568995432111365	300	0.3	56.62353750870745
Participant_5518	400	0.6	26.920252599112068	100	0.1	72.5426598630075
Participant_5519	350	0.8	10.976110422185082	350	0.9	21.555741694499865
Participant_5520	350	1.0	0.0	350	1.0	0.0
Participant_5521	250	0.2	18.383076456349738	400	0.1	45.7504098342299
Participant_5522	350	0.9	8.040522371090077	350	0.9	8.040522371090077
Participant_5523	100	0.8	62.05108782285771	400	0.0	109.569726658416
Participant_5524	350	0.5	13.223085872821065	250	0.6	49.19832314215597
Participant_5525	150	1.0	0.0	150	1.0	0.0
Participant_5526	350	0.3	24.525496936861444	400	0.3	24.708298201211672
Participant_5527	400	0.6	20.24104740372889	400	0.5	40.08116764766216
Participant_5528	150	0.3	26.929537686339884	150	0.3	26.929537686339884
Participant_5529	200	1.0	5.5901699437494745	200	0.9	11.431316634578888
Participant_5530	350	0.6	25.358430550804993	200	0.4	48.88276792490376
Participant_5531	100	0.1	21.211730245314737	250	0.3	60.39225943777895
Participant_5532	150	1.0	0.0	150	1.0	0.0
Participant_5533	350	0.9	15.601281998605115	350	0.9	15.601281998605115
Participant_5534	150	0.3	26.929537686339884	300	0.2	35.96925770710316
Participant_5535	400	0.7	18.19134409547574	400	0.7	18.19134409547574
Participant_5536	350	0.1	17.511781748297345	350	0.0	34.378227121246375
Participant_5537	250	0.0	34.23850171955543	350	0.0	40.689218473693984
Participant_5538	350	0.1	17.90006983226602	150	0.1	22.313392839279285
Participant_5539	100	0.1	33.1841453106751	100	0.2	40.54102860066577
Participant_5540	250	0.0	24.66829949550637	300	0.1	44.58166663551285
Participant_5541	100	0.5	25.497058653891827	350	0.6	55.54772722623312
Participant_5542	100	0.2	27.245641853331332	250	0.2	33.9365216249397
Participant_5543	350	0.0	13.485640511299417	250	0.0	16.50075755836683
Participant_5544	250	0.5	15.486687831812198	200	0.4	52.69748570852313
Participant_5545	350	0.4	21.637351963676146	150	0.5	35.99965277610327
Participant_5546	250	0.9	11.976539567003485	250	0.7	30.723972724893503
Participant_5547	100	0.5	36.67560497115215	250	0.4	53.96179203844142
Participant_5548	300	0.8	24.505866644540447	300	0.8	24.505866644540447
Participant_5549	400	0.5	17.219175357722563	150	0.5	54.49518327338665
Participant_5550	300	0.8	14.205192712525937	300	0.9	15.161629200056305
Participant_5551	150	0.5	21.20672063285599	100	0.5	31.20656982111299
Participant_5552	200	0.7	15.159567935795533	200	0.8	16.951032416935554
Participant_5553	100	0.8	18.71730482735161	100	0.7	21.54878186812424
Participant_5554	100	0.4	36.762582879879375	300	0.3	42.690455607781935
Participant_5555	250	1.0	0.0	250	1.0	0.0
Participant_5556	250	0.3	28.56527612329347	350	0.4	47.480785587435264
Participant_5557	100	0.1	61.1448076291029	100	0.0	61.76285291338152
Participant_5558	300	0.0	14.173478754349617	300	0.0	14.173478754349617
Participant_5559	250	0.1	18.50439137069901	150	0.2	36.22016013216949
Participant_5560	350	0.0	13.204639336233308	350	0.0	13.204639336233308
Participant_5561	400	1.0	0.0	400	1.0	0.0
Participant_5562	100	0.6	24.736107211928072	150	0.6	41.12541793100709
Participant_5563	300	1.0	0.0	300	0.9	12.19118534023661
Participant_5564	200	0.1	12.292273996295396	150	0.1	15.584848411197331
Participant_5565	100	0.6	50.922735590303866	200	0.3	73.70337509232532
Participant_5566	100	0.1	44.214675165605364	100	0.1	44.214675165605364
Participant_5567	400	0.4	17.29089355701434	400	0.3	24.015619917045655
Participant_5568	300	0.0	16.035507475599267	250	0.0	19.487816706855593
Participant_5569	300	0.9	13.271209439986997	300	0.8	20.29254789325382
Participant_5570	350	0.1	33.47256339153008	300	0.1	35.654943556258786
Participant_5571	200	0.1	27.24610063843999	250	0.2	49.71606883091221
Participant_5572	150	0.1	17.04075995957927	250	0.2	24.85834869817382
Participant_5573	150	0.8	15.876082640248507	150	0.8	15.876082640248507
Participant_5574	350	1.0	0.0	350	1.0	0.0
Participant_5575	200	0.5	20.78521108865628	300	0.6	40.062607254146606
Participant_5576	300	0.8	9.710175075661612	300	0.8	9.710175075661612
Participant_5577	350	0.1	19.916387724685418	300	0.1	23.21152730864559
Participant_5578	100	0.2	23.180271784429102	200	0.3	36.601741761834234
Participant_5579	350	0.5	21.589349225949356	200	0.6	44.22032903541085
Participant_5580	250	1.0	0.0	250	1.0	0.0
Participant_5581	400	0.0	23.060247179941502	200	0.4	74.09976383228222
Participant_5582	350	1.0	0.0	350	1.0	0.0
Participant_5583	400	0.4	23.53667351177732	150	0.4	29.61671825169021
Participant_5584	350	0.1	15.096771177970473	350	0.1	15.096771177970473
Participant_5585	400	1.0	0.0	400	1.0	0.0
Participant_5586	250	0.7	17.894482389831786	300	0.6	31.14502367955433
Participant_5587	300	0.0	15.317881707337996	150	0.0	18.191000522236262
Participant_5588	350	0.1	30.808480975212003	300	0.1	34.2056281918634
Participant_5589	100	0.6	20.17114275394431	100	0.7	21.808255317654368
Participant_5590	150	0.6	25.909457732650445	300	0.7	59.39623304553918
Participant_5591	300	0.9	16.766782637107216	300	0.8	18.18069030592623
Participant_5592	400	0.0	35.22108743352482	400	0.1	37.92228896045174
Participant_5593	400	0.6	35.24485778095863	100	0.1	68.86535776426345
Participant_5594	350	0.0	18.148347032167973	350	0.1	21.311088662947277
Participant_5595	150	0.9	8.059156283383516	150	0.9	8.059156283383516
Participant_5597	200	0.6	19.504807099789527	150	0.6	30.31171390733292
Participant_5598	350	0.1	27.30224349755895	150	0.1	30.13117156700018
Participant_5599	100	0.5	27.68302729110384	400	0.4	55.02476715080219
Participant_5600	200	0.3	16.57369904396722	100	0.5	43.647451242884735
Participant_5601	100	1.0	0.0	100	1.0	0.0
Participant_5602	250	0.7	14.584666605719859	300	0.7	23.935590654922223
Participant_5603	350	0.1	19.181045331263885	200	0.1	20.823064135712592
Participant_5604	400	0.9	13.177158267244117	400	0.9	13.177158267244117
Participant_5605	150	0.6	22.333830840229805	100	0.6	24.25128862555555
Participant_5606	200	0.4	16.379102539516627	100	0.5	29.135030461628148
Participant_5607	250	0.0	12.238259680199633	300	0.0	15.029554218272743
Participant_5608	350	0.1	12.110429389579876	300	0.2	36.26344578221987
Participant_5609	150	0.0	14.522826859809353	250	0.0	14.908889965386424
Participant_5610	350	0.9	7.134423592694787	350	0.9	7.134423592694787
Participant_5611	400	0.6	18.633303518163384	400	0.4	64.08178368304054
Participant_5612	100	0.0	20.48536062655476	100	0.1	30.123703291594147
Participant_5613	200	0.0	16.272676485446393	100	0.0	68.8814198459933
Participant_5614	100	0.5	18.16865432551349	100	0.7	43.120180890158615
Participant_5615	150	1.0	0.0	150	1.0	0.0
Participant_5616	300	1.0	0.0	300	1.0	0.0
Participant_5617	400	1.0	11.180339887498949	400	0.9	15.92600075348485
Participant_5618	100	0.1	23.55711145280762	400	0.4	49.73906915091998
Participant_5619	100	0.4	18.06896510594893	150	0.3	32.8473743242896
Participant_5620	350	0.9	8.040522371090077	350	0.9	8.040522371090077
Participant_5621	400	0.8	15.644487847162015	400	0.7	26.380390444419128
Participant_5622	400	1.0	0.0	400	1.0	0.0
Participant_5623	200	0.3	18.766659265836314	100	0.2	47.39277371076734
Participant_5624	300	0.7	20.41231246086538	300	0.5	69.38993082573292
Participant_5625	100	1.0	7.905694150420948	100	0.9	14.713089410453536
Participant_5626	400	0.6	45.02443780881667	200	0.4	76.02318725231139
Participant_5627	350	0.5	24.338241514127514	300	0.4	42.17493331352167
Participant_5628	400	0.5	22.282279955157193	400	0.6	30.796915429958243
Participant_5629	400	0.3	25.480384612481814	100	0.3	28.777378268355164
Participant_5630	150	0.6	19.138965489283898	150	0.6	19.138965489283898
Participant_5631	400	0.9	9.546596252068063	400	0.9	9.546596252068063
Participant_5632	200	0.0	14.613350060817677	300	0.0	16.981975739000454
Participant_5633	100	0.6	20.478647416272395	100	0.7	29.186469467888713
Participant_5634	150	0.1	23.7778783746574	200	0.2	31.12655618599655
Participant_5635	150	0.1	29.58694813596022	250	0.1	30.657992432643073
Participant_5636	250	0.3	19.032209540670785	300	0.3	19.684384674152252
Participant_5637	300	0.1	19.300906714452562	100	0.1	71.61485530251387
Participant_5638	350	0.7	15.18634254848744	350	0.7	15.18634254848744
Participant_5639	250	0.1	17.354034113139228	200	0.1	17.673426379737464
Participant_5640	100	0.6	65.01442147708461	400	0.0	74.41790779106867
Participant_5641	300	0.1	20.887197035504787	200	0.1	21.64717071582335
Participant_5642	100	1.0	0.0	100	1.0	0.0
Participant_5643	150	1.0	0.0	150	1.0	0.0
Participant_5644	350	0.2	29.053183990743594	400	0.2	37.70941526992961
Participant_5646	300	0.0	16.035507475599267	300	0.1	19.268497606196494
Participant_5647	100	0.0	28.21169970065611	100	0.0	28.21169970065611
Participant_5648	100	1.0	0.0	100	1.0	0.0
Participant_5649	300	0.1	15.411846093184295	150	0.1	19.01676891588053
Participant_5650	100	0.3	14.426971269119516	300	0.2	47.99778640729174
Participant_5651	350	0.2	22.70104623139647	400	0.2	34.14308129035808
Participant_5652	100	0.6	28.228974476590537	200	0.5	44.77192200475651
Participant_5653	400	0.6	18.39701062672955	400	0.6	18.39701062672955
Participant_5654	350	0.5	17.884350701101788	400	0.3	62.98214032565105
Participant_5655	350	0.2	17.792905889707843	300	0.3	23.048318810707215
Participant_5656	200	0.6	18.719975961523026	200	0.4	75.64406784408146
Participant_5657	350	0.7	14.555926628009637	350	0.7	14.555926628009637
Participant_5658	400	1.0	0.0	400	1.0	0.0
Participant_5659	150	1.0	0.0	150	1.0	0.0
Participant_5660	400	0.9	6.510568331566762	400	0.9	6.510568331566762
Participant_5661	400	0.4	21.481969183480363	400	0.4	21.481969183480363
Participant_5662	350	0.1	21.42807737525698	100	0.2	80.48959560092223
Participant_5663	350	0.1	12.812591463088175	300	0.1	15.492740235348942
Participant_5664	400	0.8	23.15167380558045	400	0.8	23.15167380558045
Participant_5665	400	0.5	42.02975136733502	300	0.3	70.3027382112532
Participant_5666	250	0.2	27.026607260253737	250	0.2	27.026607260253737
Participant_5667	100	0.6	13.252358280698571	100	0.8	55.320317244209654
Participant_5668	100	0.4	19.817605808977028	100	0.3	45.339138721418166
Participant_5669	300	0.7	20.196843812833727	300	0.9	32.208306382049955
Participant_5670	400	0.4	31.901802456914563	150	0.5	56.11127337710311
Participant_5671	400	0.2	32.45381333526154	150	0.5	53.82587667655772
Participant_5672	400	0.6	27.31208523712534	300	0.4	74.71596214999845
Participant_5673	100	0.5	26.741353742845558	100	0.3	54.492086581447765
Participant_5674	350	0.1	20.072680438845232	250	0.1	21.532823781380834
Participant_5675	100	0.5	30.74247875497355	250	0.4	54.834979711859106
Participant_5676	100	1.0	0.0	100	1.0	0.0
Participant_5677	400	0.1	19.380402472601027	150	0.2	34.487678959303715
Participant_5678	100	0.7	21.979535936866366	150	0.6	25.025986494042545
Participant_5679	200	0.6	13.245282178949605	200	0.6	13.245282178949605
Participant_5680	250	0.0	9.139201278011116	200	0.0	10.772650555921695
Participant_5681	400	0.9	14.270161176384798	400	0.8	29.95413160150032
Participant_5682	150	0.8	20.995237555217138	150	0.7	25.89908299534947
Participant_5683	150	0.9	16.277284785860324	150	0.8	26.2592840724952
Participant_5684	250	0.2	19.56878892522478	150	0.2	23.46593275367506
Participant_5685	200	1.0	0.0	200	1.0	0.0
Participant_5686	250	0.0	14.992498124061914	350	0.0	18.353814317465456
Participant_5687	400	0.7	34.10901640329137	350	0.5	70.17727552420371
Participant_5688	250	0.0	12.640213605790054	250	0.0	12.640213605790054
Participant_5689	200	0.1	14.486200329969208	350	0.0	16.104735328467836
Participant_5690	100	0.8	15.0112457844111	100	0.8	15.0112457844111
Participant_5691	200	1.0	0.0	200	1.0	0.0
Participant_5692	100	0.9	13.837449186898574	100	0.9	13.837449186898574
Participant_5693	350	0.5	22.662744758744473	100	0.2	61.78450452985764
Participant_5694	100	0.6	27.98437063791144	200	0.6	41.97246120970273
Participant_5695	250	0.9	8.714212528966687	250	0.9	8.714212528966687
Participant_5696	400	0.0	25.676350986851695	400	0.1	28.84180992933696
Participant_5697	400	0.6	23.920702330826327	350	0.5	47.747774817262425
Participant_5698	350	0.6	20.628863274548117	400	0.4	68.79480358282885
Participant_5699	300	0.2	15.208139268168214	250	0.3	26.82769091815395
Participant_5700	350	0.2	13.428979857010733	400	0.2	20.8746257451481
Participant_5701	200	0.9	6.278933030380241	200	0.9	6.278933030380241
Participant_5702	350	0.3	17.363755354185336	350	0.4	35.258686872882826
Participant_5703	100	0.8	17.509640201900208	100	0.6	36.288772368323514
Participant_5704	250	0.4	23.19752141932409	350	0.4	24.508671934643868
Participant_5705	400	0.8	10.653637876331258	400	0.8	10.653637876331258
Participant_5706	250	0.8	10.305944886326532	250	0.9	16.64894891577243
Participant_5707	400	0.1	16.638810053606598	300	0.1	52.08190664712651
Participant_5708	400	0.8	25.709920264364882	400	0.6	46.71402359035239
Participant_5709	150	0.5	25.019492400926122	300	0.3	51.002205834649935
Participant_5710	150	0.1	20.65520515511768	350	0.2	45.720208879662835
Participant_5711	300	0.9	7.0622234459127675	300	0.9	7.0622234459127675
Participant_5712	100	0.3	17.730975720472916	100	0.3	17.730975720472916
Participant_5713	300	0.8	11.588248357711358	300	0.8	11.588248357711358
Participant_5714	400	0.8	19.06567596493762	400	0.8	19.06567596493762
Participant_5715	100	0.3	14.811735212324043	350	0.3	28.066884401372377
Participant_5716	100	0.3	27.191680713041627	100	0.3	27.191680713041627
Participant_5717	250	0.2	21.91888455191094	100	0.3	53.41476855701988
Participant_5718	400	0.5	39.8622628559895	100	0.4	63.2671913395877
Participant_5719	100	0.5	29.645404365601088	100	0.3	53.250704220695525
Participant_5720	150	1.0	0.0	150	1.0	0.0
Participant_5721	400	0.0	34.39513046929754	100	0.1	92.83688652685419
Participant_5722	200	0.3	19.356846334049358	250	0.2	50.933166993620176
Participant_5723	300	0.4	27.43127776827029	350	0.5	31.91551346915791
Participant_5724	250	0.5	19.61727554988205	250	0.5	19.61727554988205
Participant_5725	200	0.1	12.493998559308384	300	0.0	20.08450895590928
Participant_5726	400	0.2	17.909494688572316	350	0.4	49.65556363591093
Participant_5727	100	0.0	29.31978853948302	250	0.2	42.651934305491935
Participant_5728	300	0.6	30.18712473886839	200	0.6	33.770364226641085
Participant_5729	150	0.1	13.798097694972304	300	0.2	26.576070063122575
Participant_5730	400	0.2	30.549140740780256	150	0.3	56.09322597248263
Participant_5731	100	0.4	28.61795764900074	400	0.2	30.955613384328213
Participant_5732	200	0.5	16.86786886361167	300	0.4	35.407979326699795
Participant_5733	300	0.0	14.305156412986193	300	0.0	14.305156412986193
Participant_5734	300	0.8	24.016400646225073	300	0.7	31.983003298627224
Participant_5735	150	0.3	22.055611530855362	250	0.4	38.13626882640723
Participant_5736	400	0.2	29.803523281652456	350	0.3	31.547583108694713
Participant_5737	250	0.1	21.41640726172343	100	0.3	72.75395178270387
Participant_5738	250	0.0	24.845019621646507	200	0.0	30.615355624261493
Participant_5739	250	0.9	5.562148865321747	250	0.9	5.562148865321747
Participant_5740	350	0.9	14.736010314871526	350	0.8	26.981011841663758
Participant_5741	150	0.2	18.286607121059937	300	0.2	19.93834245868999
Participant_5742	350	0.0	22.374371499552787	350	0.1	24.426675991628496
Participant_5743	250	0.9	13.451301052314605	250	0.8	19.234409270887422
Participant_5744	400	0.7	26.190169911629056	400	0.7	26.190169911629056
Participant_5745	150	1.0	12.5	150	0.9	13.321035995747478
Participant_5746	200	0.5	16.07093650040345	150	0.6	22.968456630779524
Participant_5747	100	0.3	13.252829886480848	100	0.3	13.252829886480848
Participant_5748	400	1.0	0.0	400	1.0	0.0
Participant_5749	150	0.7	18.99374897170119	150	0.6	33.354909683583315
Participant_5750	350	0.5	23.66114959168299	350	0.5	23.66114959168299
Participant_5751	350	0.5	25.443073713684832	400	0.5	28.72716484444645
Participant_5752	400	0.0	30.4635027532948	400	0.0	30.4635027532948
Participant_5753	350	0.8	16.0226402318719	350	0.7	25.653947064730605
Participant_5754	400	0.4	21.129955040179333	150	0.4	23.471259020342305
Participant_5755	400	0.2	13.629013170439011	200	0.3	21.176342932621772
Participant_5756	350	0.5	35.14043255283008	150	0.5	41.71001078877827
Participant_5757	400	1.0	13.693063937629153	400	0.9	24.872424489783864
Participant_5758	250	0.0	13.95618142616382	350	0.0	18.010066629526943
Participant_5759	300	1.0	0.0	300	1.0	0.0
Participant_5760	100	0.0	32.494614938478655	100	0.1	43.43026018803019
Participant_5761	400	1.0	0.0	400	1.0	0.0
Participant_5762	400	0.5	16.963195453687373	300	0.4	29.5165207976821
Participant_5763	150	0.7	16.22536594348491	150	0.9	41.50240956860216
Participant_5764	100	0.4	19.880580977426188	150	0.4	25.365330670030698
Participant_5765	400	0.1	22.596459899727655	250	0.1	49.811268805361706
Participant_5766	200	1.0	0.0	200	1.0	0.0
Participant_5767	150	0.5	18.800930828020192	350	0.5	30.65697310564107
Participant_5768	100	0.1	16.005858302509115	300	0.2	43.43141144379261
Participant_5769	350	1.0	0.0	350	1.0	0.0
Participant_5770	100	0.9	21.856921100649103	100	0.8	30.316455927433207
Participant_5771	150	0.7	12.728413098261699	150	0.6	37.74983443672303
Participant_5772	200	0.9	6.278933030380241	200	0.9	6.278933030380241
Participant_5773	200	0.7	24.770193782043773	200	0.7	24.770193782043773
Participant_5774	400	0.6	23.28518842526296	350	0.6	23.70232056149777
Participant_5775	400	0.2	18.9274932307477	200	0.4	41.073409890098
Participant_5776	150	0.7	18.014230485924177	150	0.8	28.649607327151973
Participant_5777	300	0.9	6.314665470157545	300	0.9	6.314665470157545
Participant_5778	100	0.8	17.112495434623202	100	0.7	38.4135392797904
Participant_5779	100	0.6	21.403854793003994	100	0.7	31.71119676076575
Participant_5780	300	1.0	0.0	300	1.0	0.0
Participant_5781	100	0.6	23.67752098510315	100	0.5	41.27771796017798
Participant_5782	350	0.2	20.623712081000356	150	0.3	46.424131655853294
Participant_5783	300	0.7	15.824427319811608	300	0.7	15.824427319811608
Participant_5784	200	0.8	13.732716410091632	200	0.8	13.732716410091632
Participant_5785	400	0.0	22.705175621430456	400	0.0	22.705175621430456
Participant_5786	350	0.2	12.711707202417777	200	0.1	47.65605942584846
Participant_5787	150	0.0	11.817888982385982	300	0.2	60.97161224701213
Participant_5788	100	0.4	18.479380400868422	250	0.4	25.012496876561524
Participant_5789	200	0.6	22.64812354258074	150	0.6	23.346305917639302
Participant_5790	250	0.8	12.091836088865909	250	0.8	12.091836088865909
Participant_5791	150	0.1	31.331094778191204	250	0.1	33.221416285282
Participant_5792	150	0.2	31.074909493029903	200	0.2	34.82258606134817
Participant_5793	400	0.5	24.423349483639626	250	0.2	75.32720292165374
Participant_5794	400	0.2	17.698870020427858	400	0.3	27.599818839985165
Participant_5795	400	0.0	25.2344011222775	100	0.4	58.193534864278526
Participant_5796	300	0.5	19.905087289434327	250	0.4	27.329013886344306
Participant_5797	250	1.0	0.0	250	1.0	0.0
Participant_5798	300	0.8	18.622231337839192	300	0.7	21.71779224506948
Participant_5799	350	1.0	9.682458365518542	350	0.8	41.44846197387787
Participant_5800	400	1.0	0.0	400	1.0	0.0
Participant_5801	350	0.5	20.793027677565384	300	0.4	32.36471844462732
Participant_5802	250	0.1	10.424130659196479	250	0.0	28.631713186604813
Participant_5803	100	0.4	34.24525514578625	200	0.4	39.99406205926075
Participant_5804	250	0.5	26.783157020784536	200	0.6	37.903660773070456
Participant_5805	350	0.6	28.514031633565956	250	0.5	34.40330652713486
Participant_5806	400	0.7	17.490711820849373	400	0.7	17.490711820849373
Participant_5807	400	0.2	32.95072078119081	400	0.3	41.14608122288197
Participant_5808	100	0.7	13.298496155580901	100	0.8	19.405862516260388
Participant_5809	250	0.7	15.213891678331354	250	0.7	15.213891678331354
Participant_5810	400	1.0	19.364916731037084	400	0.8	45.05274686409254
Participant_5811	200	0.6	21.689571226743972	300	0.5	40.06198322599619
Participant_5812	350	0.6	27.487269780754872	350	0.6	27.487269780754872
Participant_5813	100	0.0	22.9597473853699	300	0.1	52.14187376763516
Participant_5814	400	0.2	17.48570845004571	400	0.3	24.809272460110556
Participant_5815	200	0.8	19.64910939457562	200	0.7	21.472365961858976
Participant_5816	100	1.0	0.0	100	1.0	0.0
Participant_5817	250	0.0	23.764995266147224	150	0.0	26.237616126470027
Participant_5818	300	0.1	15.411846093184295	300	0.1	15.411846093184295
Participant_5819	400	0.6	32.91580167639852	300	0.5	65.82144407410095
Participant_5820	100	0.9	10.196813227670692	100	0.9	10.196813227670692
Participant_5821	200	0.0	13.594116374373144	150	0.0	14.085897202521393
Participant_5822	100	0.5	35.14398952879425	300	0.7	88.19956065650214
Participant_5823	400	0.2	36.76955262170047	400	0.1	39.266397848542205
Participant_5824	100	0.4	21.828593633122587	100	0.3	42.75672461730435
Participant_5825	350	0.9	5.886425061104575	350	0.9	5.886425061104575
Participant_5826	300	1.0	0.0	300	0.9	12.19118534023661
Participant_5827	200	0.6	34.898961302594664	250	0.5	52.74786725546352
Participant_5828	400	0.3	17.76231966833161	100	0.4	19.84911836833062
Participant_5829	250	0.0	14.309961565287308	150	0.0	15.35944334928841
Participant_5830	350	0.1	12.615962111547418	350	0.1	12.615962111547418
Participant_5831	250	0.7	19.53106499912383	300	0.7	20.956204331891787
Participant_5832	200	0.9	6.278933030380241	200	0.9	6.278933030380241
Participant_5833	250	1.0	0.0	250	1.0	0.0
Participant_5834	150	0.9	10.183319694480774	150	0.9	10.183319694480774
Participant_5835	300	0.0	20.907833460212945	400	0.3	93.88423722862107
Participant_5836	250	0.0	17.88225377294484	400	0.0	91.43590651379796
Participant_5837	150	0.3	18.579558659989747	100	0.3	19.605802712462452
Participant_5838	100	0.6	67.03077651347924	400	0.0	92.4352476060945
Participant_5839	250	0.5	19.067970526513825	300	0.6	27.041865690073976
Participant_5840	350	0.2	17.967679315927253	300	0.3	20.94576329475725
Participant_5841	350	0.4	21.199646223463258	350	0.4	21.199646223463258
Participant_5842	300	0.1	24.161436215589504	150	0.0	31.518446979507097
Participant_5843	400	0.7	13.90773166264003	400	0.7	13.90773166264003
Participant_5844	350	0.6	26.819768828235638	350	0.5	29.89314302645341
Participant_5845	200	0.7	18.501689112078388	250	0.6	36.867668762752004
Participant_5846	350	0.1	21.832601768914305	200	0.1	22.188961219489297
Participant_5847	150	0.1	15.504434849422923	350	0.1	15.625699984320702
Participant_5848	250	0.6	26.701591712854874	250	0.6	26.701591712854874
Participant_5849	400	0.5	27.685736399814257	250	0.4	51.883282471331746
Participant_5850	200	0.7	17.53033085825821	200	0.7	17.53033085825821
Participant_5851	250	0.3	21.470328362649695	250	0.3	21.470328362649695
Participant_5852	150	0.9	11.77709641634983	150	0.8	16.37986568931504
Participant_5853	150	0.1	15.863086080583438	200	0.2	28.352469028287466
Participant_5854	100	0.6	22.597013076953335	400	0.4	79.46052479061538
Participant_5855	200	0.9	5.867282164682384	200	0.9	5.867282164682384
Participant_5856	150	0.9	13.64551208273255	150	0.8	19.449935732541636
Participant_5857	400	0.0	21.137052774689284	100	0.3	69.28663290996323
Participant_5858	400	0.7	16.38368090509578	400	0.7	16.38368090509578
Participant_5859	100	0.5	35.86572179672395	400	0.2	55.34663494739314
Participant_5860	400	0.7	16.79806536479722	400	0.6	32.61058110491133
Participant_5861	300	0.8	18.655763184603305	300	0.8	18.655763184603305
Participant_5862	250	0.8	30.289643444583497	250	0.7	30.601674790769213
Participant_5863	100	0.1	54.07113370366854	100	0.2	74.8570303979526
Participant_5864	150	0.2	28.31783890059409	250	0.2	30.523556476924508
Participant_5865	150	0.5	21.874071408862136	200	0.5	31.81234037288046
Participant_5866	300	0.6	17.21227759478681	250	0.5	24.51708587903546
Participant_5867	100	0.5	23.82435728409058	150	0.4	34.63596396810691
Participant_5868	250	0.0	18.3990488884616	250	0.1	29.451867512943895
Participant_5869	100	0.0	28.300176677893727	100	0.2	62.35843968541868
Participant_5870	350	0.9	7.134423592694787	350	0.9	7.134423592694787
Participant_5871	250	0.6	21.86263936490743	200	0.8	40.98582071887789
Participant_5872	400	0.1	26.35052181646504	300	0.2	41.533570759085954
Participant_5873	350	1.0	15.811388300841896	350	0.8	44.06500879382642
Participant_5874	350	0.7	16.027320424824605	350	0.7	16.027320424824605
Participant_5875	350	0.7	22.789800350156646	250	0.6	32.660756268035186
Participant_5876	300	0.5	24.21182562302975	300	0.5	24.21182562302975
Participant_5877	100	0.2	16.002343578363764	150	0.4	48.93516118293675
Participant_5878	250	0.4	18.010413654327877	350	0.6	38.62382684302528
Participant_5879	400	0.0	54.14586780170764	200	0.3	71.09632550279937
Participant_5880	350	0.7	25.70262632494975	350	0.7	25.70262632494975
Participant_5881	250	0.0	20.85125895479695	150	0.0	23.577796758815275
Participant_5882	150	0.8	21.582400237230335	150	0.7	22.95675281915977
Participant_5883	200	0.8	17.170832827792598	200	0.8	17.170832827792598
Participant_5884	350	0.2	22.70104623139647	150	0.2	25.1127457678367
Participant_5885	200	0.9	9.390154418325611	200	0.9	9.390154418325611
Participant_5886	150	0.9	10.365809182114052	150	0.9	10.365809182114052
Participant_5887	100	0.2	24.208985934978774	200	0.4	47.57388989771595
Participant_5888	350	0.7	28.820565573909196	250	0.6	40.16186001668747
Participant_5889	200	0.6	18.17793992728549	200	0.6	18.17793992728549
Participant_5890	150	0.3	13.6088206689632	300	0.3	16.65758085677509
Participant_5891	350	0.0	26.563367632888717	200	0.0	26.59511233290809
Participant_5892	400	0.5	28.965496715920477	150	0.4	54.654825953432514
Participant_5893	200	1.0	0.0	200	1.0	0.0
Participant_5894	100	0.1	32.82434310081467	300	0.2	46.597076088527274
Participant_5895	100	0.9	13.37815383376944	100	0.9	13.37815383376944
Participant_5896	200	0.0	19.001315743916262	100	0.0	76.34395850360393
Participant_5897	250	0.0	14.908889965386424	250	0.0	14.908889965386424
Participant_5898	300	0.2	23.103841671895175	350	0.2	30.295833046806948
Participant_5899	250	0.0	21.089689423981568	250	0.0	21.089689423981568
Participant_5900	250	0.0	31.241398816314227	250	0.0	31.241398816314227
Participant_5901	400	0.4	37.28572112753084	300	0.3	47.68359256599695
Participant_5902	400	0.8	9.473647660748208	400	0.6	48.266965929090674
Participant_5903	350	0.1	22.9218781952963	100	0.1	70.38243744003186
Participant_5904	150	1.0	0.0	150	1.0	0.0
Participant_5905	300	0.0	17.56096523543054	250	0.3	79.12632305370951
Participant_5906	100	0.5	25.275482191246127	100	0.5	25.275482191246127
Participant_5907	400	0.1	23.007607437541175	100	0.3	51.32628468923111
Participant_5908	150	0.6	28.918851982746478	300	0.5	38.90645833277555
Participant_5909	100	1.0	0.0	100	1.0	0.0
Participant_5910	400	0.0	26.65567481794449	200	0.2	37.84986789937317
Participant_5911	300	1.0	0.0	300	1.0	0.0
Participant_5912	100	0.0	16.15239920259526	100	0.1	23.84716964337697
Participant_5913	150	0.5	19.867687333960138	100	0.3	64.89905623350774
Participant_5914	400	0.8	16.347782724271816	400	0.7	28.586272929502368
Participant_5915	350	0.8	9.642354484253314	350	0.8	9.642354484253314
Participant_5916	250	0.1	18.025329400596263	200	0.1	18.367090134259158
Participant_5917	250	0.0	23.791279915128566	250	0.0	23.791279915128566
Participant_5918	150	0.1	20.07205769222478	300	0.1	23.157612139424046
Participant_5919	150	0.5	22.242414437286254	350	0.5	37.714055735229536
Participant_5920	350	0.9	10.35132841716463	350	0.8	23.355406226396493
Participant_5921	400	0.5	22.67156809750927	400	0.8	69.10861017268398
Participant_5922	250	0.1	31.303554111314583	200	0.1	32.43994451289952
Participant_5923	100	0.4	16.62791327858069	250	0.2	64.84934463816886
Participant_5924	100	0.3	16.489011492506155	250	0.2	49.690919693642215
Participant_5925	400	0.9	13.688955402075061	400	0.9	13.688955402075061
Participant_5926	200	0.7	10.538619454178995	200	0.8	17.09787998554207
Participant_5927	350	0.1	24.6305196859506	300	0.1	26.995833011781652
Participant_5928	400	0.7	13.357582116535912	400	0.8	22.907422377910613
Participant_5929	250	0.0	12.390520570177832	350	0.1	32.19724367084859
Participant_5930	200	0.0	21.296713361455566	250	0.0	27.01434803951411
Participant_5931	100	0.6	17.765838004439868	100	0.7	30.85206638136253
Participant_5932	400	0.0	20.50670622016125	100	0.3	62.644931957820816
Participant_5933	300	0.8	16.141174058909098	300	0.8	16.141174058909098
Participant_5934	100	0.9	8.153220222709551	100	0.9	8.153220222709551
Participant_5935	200	0.6	18.619546181365433	300	0.7	39.53368816591743
Participant_5936	300	0.9	8.359126748650244	300	0.9	8.359126748650244
Participant_5937	200	0.5	39.14109094034043	200	0.7	65.20017254578396
Participant_5938	400	0.6	24.539763650043575	350	0.6	49.792569726817675
Participant_5939	200	0.6	24.1699710384601	300	0.5	46.09731554006155
Participant_5940	200	1.0	0.0	200	1.0	0.0
Participant_5941	350	0.9	6.587867636800241	350	0.9	6.587867636800241
Participant_5942	100	0.0	38.80592738229561	100	0.0	38.80592738229561
Participant_5943	200	0.1	17.243839479651857	150	0.1	21.860638142561164
Participant_5944	300	1.0	0.0	300	1.0	0.0
Participant_5945	300	0.6	23.743683370530363	200	0.5	27.44585578917152
Participant_5946	200	0.0	12.591663909110663	350	0.0	12.917526853078341
Participant_5947	100	0.8	10.797569170882861	100	0.8	10.797569170882861
Participant_5948	400	0.5	33.69347117766289	350	0.6	63.898748031553794
Participant_5949	350	1.0	0.0	350	1.0	0.0
Participant_5950	100	0.5	16.623778150588993	300	0.4	34.622608220641034
Participant_5951	400	0.2	20.96425529323663	150	0.4	48.66621004351993
Participant_5952	350	0.9	9.534149149242422	350	0.9	9.534149149242422
Participant_5953	100	0.2	31.40183115679721	100	0.2	31.40183115679721
Participant_5954	400	0.4	21.423701827648742	400	0.4	21.423701827648742
Participant_5955	400	0.5	30.663496212923928	300	0.5	52.749052124185134
Participant_5956	100	0.2	19.489099517422552	150	0.4	47.82415707568718
Participant_5957	200	1.0	0.0	200	1.0	0.0
Participant_5958	150	0.6	22.137072977247918	150	0.6	22.137072977247918
Participant_5959	100	0.7	16.487874332369227	100	0.6	29.122585736846926
Participant_5960	100	0.8	13.0513409272764	100	0.8	13.0513409272764
Participant_5961	350	0.6	23.807561823924768	350	0.6	23.807561823924768
Participant_5962	350	0.5	24.13192905674969	100	0.2	63.33304824497239
Participant_5963	200	0.3	35.439208512606484	250	0.3	40.60141623145675
Participant_5964	100	0.8	18.549595682925275	100	0.9	20.036841068391993
Participant_5965	400	0.3	25.0099980007996	200	0.4	33.58980500092253
Participant_5966	400	0.2	20.93442141545832	400	0.3	28.026772914483036
Participant_5967	200	0.5	14.301223723863632	250	0.4	38.7862733450895
Participant_5968	100	0.6	44.448003329733496	350	0.3	79.12964046424071
Participant_5969	150	0.7	19.15757030523443	150	0.7	19.15757030523443
Participant_5970	200	0.6	19.181697005218282	200	0.6	19.181697005218282
Participant_5971	200	0.7	19.838409714490727	200	0.8	24.36365120420172
Participant_5972	150	0.5	23.579122121062948	350	0.4	43.07754635538101
Participant_5973	350	0.9	8.92468486838611	350	0.9	8.92468486838611
Participant_5974	150	0.2	25.678785017987124	200	0.1	47.56416718497234
Participant_5975	300	0.2	23.103841671895175	150	0.1	34.027746031731226
Participant_5976	100	0.7	20.294087809014723	100	0.7	20.294087809014723
Participant_5977	150	1.0	0.0	150	0.9	13.736811857195978
Participant_5978	200	1.0	0.0	200	1.0	0.0
Participant_5979	350	0.6	22.260952360579726	400	0.4	54.77430967159696
Participant_5980	400	0.0	12.063374320645115	400	0.0	12.063374320645115
Participant_5981	100	0.6	19.251623308178456	100	0.7	19.731953780606723
Participant_5982	250	0.5	14.869011399551754	150	0.6	26.81044572550035
Participant_5983	100	0.5	28.175343831087492	100	0.6	37.90613406824811
Participant_5984	100	0.6	19.700888304845545	100	0.7	35.275345497953666
Participant_5985	400	0.1	14.207392441964851	400	0.1	14.207392441964851
Participant_5986	400	0.7	34.90594505238327	400	0.7	34.90594505238327
Participant_5987	150	0.6	14.959946523968593	150	0.6	14.959946523968593
Participant_5988	100	0.7	19.763602910400724	100	0.7	19.763602910400724
Participant_5989	300	0.1	21.880927768264307	250	0.1	24.081372469192864
Participant_5990	400	0.4	24.13969759545467	100	0.2	25.880977570408735
Participant_5991	350	1.0	0.0	350	1.0	0.0
Participant_5992	100	0.2	30.595342782848505	400	0.2	53.1342638981665
Participant_5993	100	0.8	61.657015010459276	400	0.0	109.80903879007411
Participant_5994	300	0.5	19.428394169359443	400	0.4	34.025358190620125
Participant_5995	150	0.6	18.87591057406238	150	0.7	36.54808476514194
Participant_5996	250	1.0	0.0	250	1.0	0.0
Participant_5997	150	0.7	19.124918300479088	150	0.6	31.165686259089497
Participant_5998	200	0.5	22.902510779388358	200	0.6	40.90155865000746
Participant_5999	200	0.9	11.485860873265008	200	0.8	12.59315290147785
Participant_6000	100	0.5	15.16904743218901	100	0.5	15.16904743218901
Participant_6001	150	0.9	9.148770409186143	150	0.9	9.148770409186143
Participant_6002	100	0.5	19.908540880737593	100	0.4	31.626531583466434
Participant_6003	400	0.5	22.643983748448505	250	0.4	40.11701633970303
Participant_6004	150	0.6	17.889941307897015	150	0.5	43.528438979591265
Participant_6005	100	0.5	22.50222211249369	100	0.5	22.50222211249369
Participant_6006	250	0.5	22.634873536205145	200	0.5	28.209484220736826
Participant_6007	300	1.0	0.0	300	1.0	0.0
Participant_6008	400	0.5	19.241881404893856	200	0.4	46.038299273539636
Participant_6009	250	0.8	11.23443367509017	250	0.8	11.23443367509017
Participant_6010	200	0.6	19.37620963965863	300	0.6	33.16643634760901
Participant_6011	350	0.3	15.132745950421556	350	0.3	15.132745950421556
Participant_6012	100	0.9	12.408666326402688	100	0.9	12.408666326402688
Participant_6013	150	0.6	24.825390228554312	400	0.4	71.77377654826309
Participant_6014	400	0.0	20.56757156302124	300	0.3	45.290451532304246
Participant_6015	150	0.4	18.631961786135136	200	0.4	22.84786642117815
Participant_6016	350	0.9	18.964440408301005	350	0.8	22.146670178606986
Participant_6018	150	0.9	8.212794895770866	150	0.9	8.212794895770866
Participant_6019	300	0.6	20.46368735101277	300	0.5	42.8072715785531
Participant_6020	200	0.2	9.360154913247964	200	0.1	35.52956515354501
Participant_6021	200	1.0	0.0	200	1.0	0.0
Participant_6022	200	0.0	11.823705003085962	350	0.0	12.424270602333161
Participant_6023	400	0.8	12.98075498574717	400	0.6	47.65448562307645
Participant_6024	400	0.1	29.484741816743114	350	0.1	36.37186412599717
Participant_6025	250	0.8	11.345153150134202	250	0.7	22.56019725091073
Participant_6026	350	0.1	25.331058011855724	300	0.1	27.59121236915841
Participant_6027	250	0.4	26.01682148149539	200	0.4	27.582150024970858
Participant_6028	100	0.4	21.77125398317699	350	0.4	27.534977755574815
Participant_6029	200	0.8	20.275292846220495	200	0.8	20.275292846220495
Participant_6030	300	0.7	15.981630079563223	300	0.6	22.940411940503598
Participant_6031	300	0.8	14.249122780017021	300	0.7	19.407794825791004
Participant_6032	400	1.0	0.0	400	1.0	0.0
Participant_6033	250	0.0	18.635315935073383	350	0.1	35.18398072987194
Participant_6034	400	0.0	39.5509165506945	150	0.3	74.29804842659058
Participant_6035	100	0.2	20.274984586923857	350	0.4	34.668789999075535
Participant_6036	400	0.6	34.27389677290868	350	0.3	78.27994634643026
Participant_6037	400	0.8	79.59114272329553	100	0.0	98.04794745429402
Participant_6038	350	0.8	9.961174629530394	350	0.6	57.177792891996106
Participant_6039	400	0.6	17.527121840165314	350	0.4	42.96131981212868
Participant_6040	100	0.7	28.55871145552614	250	0.6	73.29205277518157
Participant_6041	250	0.0	34.88946832498311	300	0.1	50.62138876008836
Participant_6042	100	0.6	28.449516691852605	350	0.4	62.37527555049356
Participant_6043	250	0.2	22.70324866621515	400	0.3	53.47195526628889
Participant_6044	200	1.0	0.0	200	1.0	0.0
Participant_6045	300	0.8	20.35405365031742	300	0.6	40.264904072902
Participant_6046	200	0.9	4.263214749458442	200	0.8	17.243477027560306
Participant_6047	250	0.1	32.80491579016779	250	0.1	32.80491579016779
Participant_6048	250	0.9	9.794769012079866	250	0.9	9.794769012079866
Participant_6049	250	0.9	6.199798383818623	250	0.9	6.199798383818623
Participant_6050	100	0.1	24.64624717883029	100	0.1	24.64624717883029
Participant_6051	100	0.0	22.85060174262376	100	0.2	49.34394593057997
Participant_6052	100	0.1	15.888281845435648	150	0.3	52.09558522562156
Participant_6053	200	1.0	0.0	200	1.0	0.0
Participant_6054	300	1.0	5.5901699437494745	300	0.9	13.550830232867652
Participant_6055	150	0.7	21.725848660063892	200	0.5	41.14942283920882
Participant_6056	200	0.9	19.024326532100947	200	0.8	23.554988855866604
Participant_6057	200	0.0	15.323185047502363	250	0.2	47.727743504171656
Participant_6058	300	0.0	23.91939589538164	200	0.2	51.95057747513496
Participant_6059	150	1.0	0.0	150	1.0	0.0
Participant_6060	150	0.3	22.11221381951613	250	0.2	35.36152570237885
Participant_6061	350	0.9	9.599479152537391	350	0.9	9.599479152537391
Participant_6062	200	0.9	7.948270252073717	200	0.9	7.948270252073717
Participant_6063	400	0.6	20.054924582256596	400	0.7	37.94304942937507
Participant_6064	250	0.9	20.14789070845879	250	0.6	56.67208307447327
Participant_6065	150	1.0	5.5901699437494745	150	0.9	11.399561395071302
Participant_6066	150	0.2	17.01176063786462	200	0.3	37.92673858902186
Participant_6067	400	0.1	16.973508771023155	400	0.0	19.793306949572624
Participant_6068	300	0.7	19.504166221605065	250	0.5	56.27910358205788
Participant_6069	100	1.0	0.0	100	1.0	0.0
Participant_6070	400	0.6	29.953296980466106	100	0.4	72.1646554762094
Participant_6071	200	1.0	0.0	200	1.0	0.0
Participant_6072	350	0.3	21.569654610122992	100	0.2	35.5468001372838
Participant_6073	350	0.1	15.863874053962984	400	0.2	59.37802623866846
Participant_6074	150	0.6	17.924843095547587	100	0.5	33.299399393983066
Participant_6075	400	0.5	14.239030865898142	400	0.5	14.239030865898142
Participant_6076	350	0.1	26.747196114733224	250	0.1	28.808201957081597
Participant_6077	100	0.5	24.725492917230184	250	0.5	37.597706047044944
Participant_6078	200	0.9	7.118637510085761	200	0.9	7.118637510085761
Participant_6079	400	0.6	17.774982419119294	250	0.4	51.14318136369696
Participant_6080	250	0.0	24.693622658492213	300	0.1	43.4744177649339
Participant_6081	350	0.0	14.207832346983828	200	0.1	25.369272752682527
Participant_6082	100	0.2	26.049472163558324	150	0.2	48.22499351995809
Participant_6083	200	0.0	25.78371579117331	100	0.0	75.66967688579092
Participant_6084	250	0.1	12.345545755453665	150	0.3	69.9478377078234
Participant_6085	300	0.5	12.4984999099892	400	0.4	37.08402621075549
Participant_6086	400	0.6	18.05408541023333	200	0.5	52.30463650576304
Participant_6087	350	0.1	22.06042837299403	150	0.1	23.486964469679773
Participant_6088	350	0.5	17.884350701101788	350	0.6	26.015380066414558
Participant_6089	100	0.3	22.844857189310684	400	0.4	26.343405246854477
Participant_6090	100	0.5	12.045746137122432	250	0.4	34.70410638526801
Participant_6091	250	0.0	15.484669838262617	200	0.2	67.07356036472196
Participant_6092	350	0.1	18.108354425513102	200	0.1	19.585709075752145
Participant_6093	350	0.6	16.486357996840905	150	0.3	85.13342469324255
Participant_6094	150	0.9	6.978538528947161	150	0.9	6.978538528947161
Participant_6095	350	0.6	20.68936925089791	350	0.7	40.94966422328759
Participant_6096	300	0.2	25.981483791346484	350	0.3	32.79100486413919
Participant_6097	400	0.0	28.359742594036355	250	0.2	36.78229873186286
Participant_6098	350	0.7	12.424773639789178	350	0.4	81.67420033278563
Participant_6099	150	0.5	30.368157665554886	300	0.5	32.05405590561045
Participant_6100	100	0.6	29.378989090845177	400	0.3	72.98458741405612
Participant_6101	100	0.8	13.335572728608247	100	0.9	14.412668038916319
Participant_6102	150	0.0	9.85710403719064	150	0.0	9.85710403719064
Participant_6103	300	0.8	11.959828594089466	300	0.9	19.361688975913232
Participant_6104	100	0.2	28.014728269251517	150	0.2	46.2266157099998
Participant_6105	150	0.5	19.51858089103816	350	0.4	24.53415985926561
Participant_6106	350	0.5	13.778606605894517	200	0.5	24.15108693206167
Participant_6107	400	0.9	12.889433657069654	400	0.9	12.889433657069654
Participant_6108	150	0.2	30.527037196557416	400	0.4	57.85952816952451
Participant_6109	350	0.2	27.369462910331286	300	0.2	33.18565202011255
Participant_6110	400	0.7	33.46154509283754	250	0.5	63.59903694239403
Participant_6111	350	0.0	9.252702307974682	250	0.0	14.483611428093479
Participant_6112	350	0.9	6.682065548915245	350	0.9	6.682065548915245
Participant_6114	400	0.5	23.430749027719962	400	0.6	37.62911107108431
Participant_6115	300	0.1	12.94314490377049	200	0.2	41.98347889348857
Participant_6116	150	0.4	13.120594498726039	400	0.4	22.309751231244153
Participant_6117	250	1.0	0.0	250	1.0	0.0
Participant_6118	250	1.0	0.0	250	1.0	0.0
Participant_6119	200	0.7	22.85415717107065	200	0.7	22.85415717107065
Participant_6120	300	0.1	19.938028989847517	150	0.0	27.81029485640165
Participant_6121	100	0.4	16.093088578641453	400	0.4	28.63957052750617
Participant_6122	150	0.2	17.696044755820438	300	0.2	21.302288609442883
Participant_6123	150	0.2	26.39886361190572	350	0.3	36.81372026839993
Participant_6124	150	1.0	0.0	150	1.0	0.0
Participant_6125	350	0.8	11.74627600561131	350	0.8	11.74627600561131
Participant_6126	150	0.7	17.34250558598728	150	0.7	17.34250558598728
Participant_6127	200	0.3	26.49882072847771	250	0.5	77.4828206765861
Participant_6128	150	0.2	21.6078689370331	250	0.1	31.18352930635017
Participant_6129	300	0.7	25.60102537009016	300	0.8	36.09761072425708
Participant_6130	400	1.0	0.0	400	1.0	0.0
Participant_6131	300	1.0	0.0	300	1.0	0.0
Participant_6132	300	0.7	13.431772034992255	300	0.7	13.431772034992255
Participant_6133	350	0.9	8.64002314811714	350	0.9	8.64002314811714
Participant_6134	100	0.1	21.063890903629368	350	0.2	59.11080696454752
Participant_6135	150	0.8	15.396428157205813	150	0.9	29.046514420838864
Participant_6136	250	0.1	33.8919238167443	250	0.2	44.290941511780936
Participant_6137	200	1.0	0.0	200	1.0	0.0
Participant_6138	250	0.9	10.108783309577865	250	0.9	10.108783309577865
Participant_6139	150	0.9	8.80056816347672	150	0.9	8.80056816347672
Participant_6140	200	0.9	6.850182479321262	200	0.9	6.850182479321262
Participant_6141	250	0.2	26.299952471439944	350	0.2	32.23488017660373
Participant_6142	150	0.9	14.788509052639485	150	0.8	18.015271299650195
Participant_6143	150	1.0	0.0	150	1.0	0.0
Participant_6144	250	0.0	15.804271574482641	350	0.0	21.0799074950532
Participant_6145	300	0.6	26.29187136740175	250	0.6	34.95318297380083
Participant_6146	300	0.9	10.776131031126154	300	0.9	10.776131031126154
Participant_6147	200	0.6	23.988278387579214	200	0.7	26.40667529243316
Participant_6148	100	0.2	28.850043327523792	350	0.4	52.25586091530786
Participant_6149	100	0.4	11.736162064320688	100	0.4	11.736162064320688
Participant_6150	350	0.9	11.922667486766542	350	0.8	35.60863659282675
Participant_6151	150	0.5	18.86729975380685	350	0.5	24.38954694126154
Participant_6152	100	0.3	14.340066248103598	150	0.4	22.768399153212332
Participant_6153	150	0.8	16.531787562148264	150	0.8	16.531787562148264
Participant_6154	400	1.0	0.0	400	1.0	0.0
Participant_6155	100	0.8	16.365741657499058	100	0.9	34.2085515624383
Participant_6156	350	0.9	19.70786644972002	350	0.8	23.779718248961657
Participant_6157	150	0.9	13.179529581893277	150	0.8	13.992855319769443
Participant_6158	400	0.7	12.977865772152215	300	0.5	66.45458975872171
Participant_6159	300	0.0	13.542064096732078	250	0.2	48.5714679621689
Participant_6160	350	0.1	17.86511964695451	150	0.0	33.405276529314946
Participant_6161	100	0.3	15.512494963738103	350	0.3	21.627528753882167
Participant_6162	300	0.8	13.201799119816965	300	0.7	24.908081018015018
Participant_6163	350	0.6	16.218816233005416	350	0.6	16.218816233005416
Participant_6164	400	0.6	26.262140049889307	400	0.3	74.46811398175731
Participant_6165	300	0.7	16.55785312170633	300	0.6	29.91675951703326
Participant_6166	300	0.8	11.695618837838381	300	0.9	16.65457894994647
Participant_6167	400	0.1	22.651710752170576	350	0.3	42.20781918081056
Participant_6168	250	0.1	33.688462416679094	350	0.1	37.73807758749775
Participant_6169	350	0.1	13.00624849831803	300	0.1	16.470428045439498
Participant_6170	150	0.6	17.06751299984857	200	0.5	28.82316776483806
Participant_6171	400	0.1	15.591664439693409	250	0.4	76.50571874049677
Participant_6172	250	0.2	17.260866142809867	200	0.3	58.7446806102476
Participant_6173	200	0.1	22.217110523198105	350	0.1	22.56462940090087
Participant_6174	400	0.6	23.31201407000262	300	0.5	53.746744087432866
Participant_6175	250	0.5	28.457643964320024	400	0.4	60.64424952128602
Participant_6176	300	0.8	13.106773058232145	300	0.7	24.57971724817029
Participant_6177	350	0.9	5.779273310719955	350	0.9	5.779273310719955
Participant_6178	400	0.5	28.376927247325423	400	0.6	48.27991300737813
Participant_6179	100	0.5	55.431038236713555	400	0.2	61.10032733136542
Participant_6180	150	0.1	16.136526887778547	250	0.2	30.646166155002163
Participant_6181	100	0.1	44.158096652822344	100	0.2	71.44805805618512
Participant_6182	250	0.8	17.247101205709903	250	0.8	17.247101205709903
Participant_6183	200	1.0	0.0	200	1.0	0.0
Participant_6184	400	0.6	33.61101010085832	200	0.5	81.40654150619592
Participant_6185	250	0.9	12.97834735241741	250	0.9	12.97834735241741
Participant_6186	100	0.7	57.22193635311549	400	0.0	97.1044540688016
Participant_6187	300	0.1	14.27497810856465	300	0.0	21.786176810078448
Participant_6188	400	0.0	24.171781068014	200	0.2	43.215882497063504
Participant_6189	400	0.2	22.03973684053419	300	0.2	52.58362387664053
Participant_6190	250	0.7	20.376763727343945	250	0.8	23.768939816491606
Participant_6191	100	0.7	22.429890771022492	100	0.7	22.429890771022492
Participant_6192	250	0.0	13.172888825159044	200	0.2	65.66096633464969
Participant_6193	300	0.2	15.613695910962273	300	0.2	15.613695910962273
Participant_6194	200	0.0	24.46528152300725	350	0.0	24.532886091937897
Participant_6195	200	0.6	17.297037318569906	300	0.6	26.52852238629208
Participant_6196	150	0.9	9.08019823572151	150	0.9	9.08019823572151
Participant_6197	400	0.8	16.347782724271816	400	0.8	16.347782724271816
Participant_6198	350	0.1	20.86654020195969	250	0.0	45.38474413280304
Participant_6199	400	0.5	25.71964229922337	350	0.4	35.6465285827386
Participant_6200	400	0.0	34.52209437447271	150	0.3	57.96723212298479
Participant_6201	250	1.0	0.0	250	1.0	0.0
Participant_6202	350	0.7	18.85802216564611	350	0.6	40.8264620068896
Participant_6203	250	0.8	20.855754601548224	250	0.7	21.364983032991155
Participant_6204	150	1.0	0.0	150	1.0	0.0
Participant_6205	350	0.1	14.156712188922963	150	0.0	28.847226903118436
Participant_6206	350	0.9	10.35132841716463	350	0.9	10.35132841716463
Participant_6207	150	0.0	9.469028461251977	250	0.2	58.37754277117186
Participant_6208	350	1.0	5.5901699437494745	350	0.9	11.331372379372237
Participant_6209	150	0.1	21.9747013631585	250	0.2	28.533970981971645
Participant_6210	100	0.9	10.964716138596566	100	0.9	10.964716138596566
Participant_6211	350	0.7	18.691575642518742	350	0.6	43.23540216072935
Participant_6212	100	0.8	15.0112457844111	100	0.9	16.362304238706724
Participant_6213	300	0.1	19.17094155225559	350	0.1	19.66373565729564
Participant_6214	400	0.4	34.08041959835589	400	0.4	34.08041959835589
Participant_6215	350	0.1	26.747196114733224	300	0.2	32.34636764769732
Participant_6216	100	1.0	0.0	100	1.0	0.0
Participant_6217	250	1.0	0.0	250	1.0	0.0
Participant_6218	300	0.8	29.31360605589152	300	0.7	38.96039655855674
Participant_6219	200	0.4	24.459660668128656	200	0.4	24.459660668128656
Participant_6220	100	0.5	25.026985435725177	100	0.5	25.026985435725177
Participant_6221	300	0.7	17.332411834479355	250	0.6	26.864939977599057
Participant_6222	300	0.6	16.84525155644759	200	0.5	28.09848750377856
Participant_6223	400	0.6	17.491426471274433	400	0.7	26.261664075225696
Participant_6224	150	0.7	11.969231387186062	150	0.9	34.64029445602332
Participant_6225	100	0.7	38.053909129023786	100	0.6	40.334538549486346
Participant_6226	100	0.7	22.37409216035368	100	0.8	36.78093935722686
Participant_6227	350	1.0	7.905694150420948	350	0.9	8.92468486838611
Participant_6228	250	0.3	22.879576045023214	250	0.2	46.64158552193525
Participant_6229	200	0.0	9.927235264664578	200	0.0	9.927235264664578
Participant_6230	100	0.4	26.95343206346828	100	0.5	30.126400382388866
Participant_6231	250	0.0	12.187083326210583	200	0.1	31.382319863260587
Participant_6232	400	0.6	27.810969058988217	250	0.6	53.01391326812236
Participant_6233	250	0.1	15.769036115121304	300	0.0	22.436298714360174
Participant_6234	150	0.0	15.154619757684452	200	0.0	16.53934702459562
Participant_6235	350	0.5	21.032118295597332	150	0.6	52.72617945575045
Participant_6236	250	1.0	0.0	250	1.0	0.0
Participant_6237	350	0.6	23.06078923194087	400	0.5	40.190172928217166
Participant_6238	400	0.8	13.910427743243556	400	0.7	24.59014030053509
Participant_6239	350	0.1	24.757069697361196	250	0.2	36.130838628517886
Participant_6240	100	0.7	13.438749941865872	200	0.4	84.66566600458535
Participant_6241	150	1.0	0.0	150	0.9	13.736811857195978
Participant_6242	200	0.4	20.664583228316026	300	0.5	32.74847324685534
Participant_6243	100	0.5	28.854808957953612	250	0.6	59.71159853830745
Participant_6244	100	0.8	64.67485987615281	400	0.0	133.47481035761018
Participant_6245	100	0.0	14.736010314871526	100	0.0	14.736010314871526
Participant_6246	300	0.9	19.52242300535464	300	0.8	23.276329177943847
Participant_6247	200	0.8	15.80624876433368	200	0.8	15.80624876433368
Participant_6248	300	0.8	20.35405365031742	300	0.6	52.87969837281601
Participant_6249	150	0.8	10.761040841851685	150	0.8	10.761040841851685
Participant_6250	300	0.9	13.129166005500883	300	0.7	34.88068950006579
Participant_6251	100	0.2	21.819142971253477	350	0.3	38.262252939417984
Participant_6252	150	1.0	0.0	150	1.0	0.0
Participant_6253	350	0.1	26.747196114733224	300	0.1	27.704241552513217
Participant_6254	250	0.0	29.829096533418507	300	0.1	41.743562377928406
Participant_6255	400	0.1	34.03086834037592	400	0.3	47.2414013339994
Participant_6256	200	1.0	0.0	200	0.9	10.755231285286245
Participant_6257	100	0.1	21.935986415021322	150	0.3	43.605618903989885
Participant_6258	150	0.7	18.28968288407429	150	0.7	18.28968288407429
Participant_6259	150	0.8	22.60088493842664	150	0.6	52.524280099778615
Participant_6260	300	0.2	29.749579828965654	100	0.3	55.198618642136324
Participant_6261	100	0.7	21.13882683594338	100	0.7	21.13882683594338
Participant_6262	250	0.3	27.335416587277393	100	0.3	28.493639641155006
Participant_6263	350	1.0	0.0	350	1.0	0.0
Participant_6264	400	0.9	13.505091632417752	400	0.9	13.505091632417752
Participant_6265	100	0.9	21.942538595158037	100	0.9	21.942538595158037
Participant_6266	350	1.0	0.0	350	1.0	0.0
Participant_6267	300	1.0	0.0	300	1.0	0.0
Participant_6268	200	1.0	0.0	200	1.0	0.0
Participant_6269	150	1.0	5.5901699437494745	150	0.9	11.399561395071302
Participant_6270	150	1.0	0.0	150	1.0	0.0
Participant_6271	400	0.1	30.300165016052304	150	0.1	38.01825219549158
Participant_6272	100	0.4	31.12856405297231	200	0.3	32.93459427410637
Participant_6273	250	0.9	12.132085558550928	250	0.9	12.132085558550928
Participant_6274	300	0.5	22.078552941712463	150	0.5	30.14091903044763
Participant_6275	350	0.2	18.515871570088187	350	0.3	27.640549922170507
Participant_6276	400	0.0	23.436616650020113	300	0.3	45.24903313884176
Participant_6277	100	0.0	26.18969262897142	300	0.2	41.292099728640586
Participant_6278	250	0.4	17.97567801224755	400	0.3	42.16633728461603
Participant_6279	250	1.0	0.0	250	1.0	0.0
Participant_6280	200	0.7	29.787791123210194	200	0.7	29.787791123210194
Participant_6281	400	0.6	18.7669923003128	400	0.5	41.12784944535758
Participant_6282	350	0.9	16.035897230900428	350	0.9	16.035897230900428
Participant_6283	100	1.0	0.0	100	1.0	0.0
Participant_6284	300	0.7	12.31513296720746	200	0.4	92.68643374302411
Participant_6285	250	0.5	18.057893011090744	300	0.6	26.57559971101311
Participant_6286	250	1.0	9.682458365518542	250	0.9	11.388041973930374
Participant_6287	350	1.0	0.0	350	1.0	0.0
Participant_6288	250	0.6	18.21331930209318	400	0.3	90.93541664280205
Participant_6289	150	0.8	18.392933425639317	200	0.7	29.00107756618709
Participant_6290	350	0.1	22.42571069107956	300	0.0	26.260950097054753
Participant_6291	150	0.2	25.037971163814372	150	0.4	52.425184787466414
Participant_6292	250	0.1	16.542747655694928	350	0.0	28.842026627822115
Participant_6293	100	0.7	48.15963039725284	300	0.2	131.36318928832384
Participant_6294	150	0.6	18.40652058374966	150	0.6	18.40652058374966
Participant_6295	250	0.0	14.353570984253361	350	0.0	20.015306642667255
Participant_6296	200	0.9	9.97120855262791	200	0.9	9.97120855262791
Participant_6297	100	0.0	27.01203435507959	100	0.1	30.494876618868293
Participant_6298	100	0.3	20.81195569858825	100	0.3	20.81195569858825
Participant_6299	300	1.0	0.0	300	1.0	0.0
Participant_6300	100	0.1	26.831651085984255	400	0.3	85.51608035919327
Participant_6301	100	0.1	19.070592544543548	100	0.0	24.96797949374358
Participant_6302	400	1.0	0.0	400	1.0	0.0
Participant_6303	300	0.3	19.99937499023407	400	0.3	20.291623887703025
Participant_6304	150	0.6	19.007893097342482	150	0.6	19.007893097342482
Participant_6305	350	0.2	20.2876193773444	300	0.3	32.38402383892403
Participant_6306	100	0.2	21.76177841997294	150	0.3	31.685170032682482
Participant_6307	400	0.6	26.451843035977664	300	0.5	52.89104366525584
Participant_6308	150	0.5	15.802689644487739	300	0.5	18.2335542338843
Participant_6309	100	0.7	13.298496155580901	100	0.7	13.298496155580901
Participant_6310	400	0.6	33.88878870659145	400	0.4	62.421751016772994
Participant_6311	250	0.3	11.978105025420339	100	0.3	17.121258715409915
Participant_6312	300	0.6	17.571639081201276	200	0.5	22.820495174294532
Participant_6313	100	0.6	20.570002430724212	100	0.7	26.93696345173301
Participant_6314	200	1.0	0.0	200	1.0	0.0
Participant_6315	250	0.0	13.172888825159044	200	0.0	17.314733610425545
Participant_6316	100	0.5	18.16865432551349	150	0.5	34.32892366503791
Participant_6317	400	0.1	21.07961100210343	350	0.2	29.459081791529076
Participant_6318	400	0.9	11.28660710754122	400	0.8	25.11971337416094
Participant_6319	100	0.5	29.539803655407056	100	0.3	73.3613488152992
Participant_6320	400	0.6	34.017642481512446	300	0.6	49.92506885323244
Participant_6321	400	0.9	13.960211316452197	400	0.9	13.960211316452197
Participant_6322	200	0.7	18.703275114268088	200	0.8	19.392975532393166
Participant_6323	300	0.0	11.495107654998277	200	0.0	13.26838347350573
Participant_6324	250	0.0	15.363105154883241	350	0.0	18.89080464141218
Participant_6325	400	1.0	0.0	400	1.0	0.0
Participant_6326	250	0.0	19.131779844018695	400	0.0	99.73351994189315
Participant_6327	350	0.6	23.649524308112415	400	0.4	52.4545040964072
Participant_6328	300	1.0	0.0	300	1.0	0.0
Participant_6329	150	0.2	18.725650856512303	300	0.2	23.157882027508474
Participant_6330	100	0.5	16.127616066858735	300	0.4	30.983463331267536
Participant_6331	200	0.6	26.08519695152789	250	0.5	28.347618947629446
Participant_6332	100	0.3	21.923446353162635	200	0.3	28.520825724372006
Participant_6333	100	0.4	13.142963897081968	100	0.3	36.16818353193867
Participant_6334	150	0.9	9.549869109050658	150	0.9	9.549869109050658
Participant_6335	100	0.8	20.379830715685543	100	0.6	39.04324525446111
Participant_6336	100	0.6	21.520339216657344	250	0.5	45.9329674634679
Participant_6337	250	0.4	18.18309654596818	150	0.4	26.521689237301608
Participant_6338	400	1.0	9.682458365518542	400	0.9	17.389292682567625
Participant_6339	150	1.0	0.0	150	1.0	0.0
Participant_6340	250	1.0	11.180339887498949	250	0.8	21.764937399404573
Participant_6341	400	0.8	11.05667219374799	400	0.8	11.05667219374799
Participant_6342	400	0.2	37.89129187557479	400	0.3	45.19955751995809
Participant_6343	100	1.0	0.0	100	1.0	0.0
Participant_6344	200	0.7	17.170104833692776	250	0.7	32.27169812699667
Participant_6345	350	0.0	12.170147903784901	250	0.2	51.29997563352248
Participant_6346	400	0.5	19.62778642639052	400	0.5	19.62778642639052
Participant_6347	150	0.2	31.315331708286276	150	0.4	61.86396366221615
Participant_6348	300	0.1	15.693151372493672	200	0.0	19.3920086633644
Participant_6349	100	0.2	27.5195385135725	100	0.4	65.64287851701813
Participant_6350	250	0.0	15.363105154883241	200	0.0	21.178999032060037
Participant_6351	350	0.1	28.18088891429793	150	0.1	31.211175883007037
Participant_6352	250	0.3	17.740490410357882	350	0.3	19.78635893740938
Participant_6353	400	1.0	0.0	400	1.0	0.0
Participant_6354	250	1.0	0.0	250	1.0	0.0
Participant_6355	300	0.6	14.620619001943796	200	0.6	21.975839005598854
Participant_6356	100	0.6	16.82631867046384	250	0.4	59.99479144059091
Participant_6357	250	0.0	17.132571318981864	200	0.0	21.81857007230309
Participant_6358	300	0.8	12.471467435711004	300	0.7	28.77346868210366
Participant_6359	250	0.1	30.49446671119205	250	0.2	48.943206883080315
Participant_6360	400	0.1	20.32486162314519	350	0.1	42.016812111344194
Participant_6361	400	0.7	74.39539636294708	100	0.0	93.10424265306065
Participant_6362	300	0.7	15.013743703686965	400	0.5	71.78265807282425
Participant_6363	150	0.6	19.907285098676816	150	0.6	19.907285098676816
Participant_6364	300	0.3	26.762380312670246	250	0.3	29.828258413792785
Participant_6365	200	0.0	16.501515081955354	350	0.1	24.757069697361196
Participant_6366	150	1.0	0.0	150	1.0	0.0
Participant_6367	100	1.0	0.0	100	1.0	0.0
Participant_6368	400	0.0	23.99010212566841	400	0.0	23.99010212566841
Participant_6369	100	0.0	22.905239575258758	250	0.1	46.99640943731765
Participant_6370	300	0.1	15.452346100188153	200	0.0	19.9637170887588
Participant_6371	150	0.5	20.456661506707295	150	0.5	20.456661506707295
Participant_6372	300	0.4	14.052579834322238	200	0.3	32.66783586342995
Participant_6373	400	0.1	19.668502739151243	350	0.2	41.219989082967984
Participant_6374	200	0.0	11.770726400694224	250	0.1	25.048203528397003
Participant_6375	200	0.6	24.06631463269771	250	0.5	29.767221905982424
Participant_6376	400	0.0	18.385456208644918	400	0.0	18.385456208644918
Participant_6377	100	0.7	39.48860595159064	100	0.5	67.88851154650543
Participant_6378	100	0.6	20.660953511394386	150	0.5	56.742620665598444
Participant_6379	400	0.1	21.13882683594338	400	0.4	76.0442305503843
Participant_6380	100	0.3	22.624930939121118	250	0.3	33.331291604136794
Participant_6381	400	0.0	15.508868430675399	400	0.1	21.72210855326895
Participant_6382	300	0.1	12.248469292119731	300	0.1	12.248469292119731
Participant_6383	200	0.4	16.86786886361167	100	0.5	25.151540708274712
Participant_6384	350	0.5	27.40620367726986	300	0.4	32.36471844462732
Participant_6385	100	0.4	21.130250826717603	400	0.5	57.67581815631227
Participant_6386	300	0.8	19.216854581330423	300	0.7	33.769994077583135
Participant_6387	300	0.0	18.731991351695633	300	0.2	52.08202665027543
Participant_6388	350	0.5	26.666458332519525	300	0.4	37.16483553037737
Participant_6389	150	0.7	20.390255025379158	150	0.7	20.390255025379158
Participant_6390	400	0.0	24.80977629887057	250	0.1	52.795951549337566
Participant_6391	300	0.0	26.756074076740035	200	0.0	30.03830887383642
Participant_6392	300	0.1	17.924145725807968	200	0.0	19.901004999748128
Participant_6393	250	0.5	15.80624876433368	350	0.3	82.75113292275822
Participant_6394	250	0.2	20.22838352414745	350	0.2	21.279978853372953
Participant_6395	150	0.8	14.170391667134682	150	0.8	14.170391667134682
Participant_6396	150	0.6	28.527180021866865	150	0.5	32.57261119406917
Participant_6397	100	0.7	15.102979838429237	100	0.5	46.94518079632881
Participant_6398	250	1.0	0.0	250	1.0	0.0
Participant_6399	350	0.8	15.747221977225061	350	0.9	26.118001454935253
Participant_6400	100	0.5	20.158124912798808	150	0.4	39.80766257895583
Participant_6401	250	0.4	16.2596125415091	250	0.5	47.30050211149983
Participant_6402	400	0.5	17.542804792848834	350	0.5	35.49436575007363
Participant_6403	200	0.9	11.431316634578888	200	0.8	19.901947140920658
Participant_6404	200	0.5	17.34286596846092	150	0.5	31.71710894769572
Participant_6405	350	0.1	22.839932136501634	350	0.2	39.43776743173984
Participant_6406	100	0.3	21.80911506687055	400	0.3	33.88214869219483
Participant_6407	100	0.7	23.007607437541175	150	0.6	39.465807986154296
Participant_6408	250	0.7	26.080883804043143	250	0.7	26.080883804043143
Participant_6409	100	0.8	15.703104788544207	100	0.8	15.703104788544207
Participant_6410	300	0.7	18.885510318760254	300	0.7	18.885510318760254
Participant_6411	300	0.0	12.92816692342731	200	0.1	18.70427758562196
Participant_6412	400	0.5	17.471405209656147	400	0.2	76.76750614680667
Participant_6413	350	1.0	0.0	350	1.0	0.0
Participant_6414	250	0.0	15.84376849111347	200	0.0	18.16039647144302
Participant_6415	150	0.8	16.341664541900254	150	0.9	17.101169550647697
Participant_6416	100	0.8	17.36627478764516	100	0.7	32.605214306917226
Participant_6417	350	1.0	7.905694150420948	350	0.9	8.92468486838611
Participant_6418	350	0.2	17.039292825701423	250	0.1	51.93662002864645
Participant_6419	150	0.1	21.889209670520312	250	0.2	31.708634470755754
Participant_6420	400	0.6	18.5324040534411	400	0.6	18.5324040534411
Participant_6421	300	1.0	0.0	300	1.0	0.0
Participant_6422	350	0.5	16.540858502508268	350	0.6	20.779797881596444
Participant_6423	300	0.2	20.494816417816484	100	0.3	53.08613284088416
Participant_6424	250	0.0	25.490684572996464	400	0.0	107.30458983659553
Participant_6425	350	0.1	16.02068974794781	250	0.0	28.935704587930807
Participant_6426	250	0.2	24.757574598494095	350	0.2	25.403493854192575
Participant_6427	250	1.0	0.0	250	1.0	0.0
Participant_6428	250	0.0	11.980191985106082	200	0.0	16.425589791541732
Participant_6429	200	0.8	20.550851563864693	200	0.6	38.68704563545787
Participant_6430	300	0.7	22.86728011810762	300	0.7	22.86728011810762
Participant_6431	100	0.2	31.758069840593272	300	0.3	37.61615344502943
Participant_6432	350	0.7	25.72693141437587	350	0.8	30.091111644470697
Participant_6433	250	0.0	27.991516571990164	200	0.0	33.96395147800091
Participant_6434	350	0.9	13.449907062875937	350	0.8	20.687556646448126
Participant_6435	150	0.9	10.837435120913065	150	0.9	10.837435120913065
Participant_6436	250	0.6	27.142678570841163	250	0.5	30.73820912154773
Participant_6437	100	0.2	25.418005429222806	350	0.3	48.595267259271246
Participant_6438	350	0.9	9.268225288586807	350	0.9	9.268225288586807
Participant_6439	300	0.7	16.708156690670577	300	0.6	27.500227271788138
Participant_6440	100	0.2	21.675446938875332	400	0.3	38.379682124790975
Participant_6441	350	0.0	17.229698198169345	250	0.0	23.42061058128075
Participant_6442	100	0.5	34.588292817079015	250	0.2	92.05535019758493
Participant_6443	100	0.5	29.370052774893	400	0.2	43.96873889481025
Participant_6444	350	0.5	18.570137317747545	350	0.6	28.00535663047339
Participant_6445	350	0.5	19.585709075752145	150	0.6	47.539983172062655
Participant_6446	250	0.0	12.78768939253687	100	0.1	80.54463048521609
Participant_6447	100	0.2	40.6026476969175	400	0.3	69.45682111931124
Participant_6448	250	0.0	21.38398933782001	250	0.0	21.38398933782001
Participant_6449	250	0.5	19.71262285947763	100	0.4	52.383084101644876
Participant_6450	300	0.6	18.166246172503552	250	0.6	19.47370021336469
Participant_6451	350	0.0	9.649481851374198	100	0.0	68.82695692822689
Participant_6452	100	0.0	26.332489437954777	100	0.0	26.332489437954777
Participant_6453	250	0.0	9.408772502298055	150	0.0	11.221073923649197
Participant_6454	400	0.0	20.628257318542445	200	0.2	43.98991361664626
Participant_6455	150	0.2	18.524308354159945	150	0.3	43.1300359378473
Participant_6456	200	1.0	0.0	200	1.0	0.0
Participant_6457	300	0.5	31.582629719515126	300	0.4	39.67020292360502
Participant_6458	100	0.1	22.802138057647138	250	0.3	53.30079736739405
Participant_6459	400	0.2	24.279621084357967	350	0.4	47.69093205212077
Participant_6460	100	0.6	25.629572762728607	100	0.6	25.629572762728607
Participant_6461	350	0.7	15.632498200863482	350	0.7	15.632498200863482
Participant_6462	400	0.4	16.552190187404204	300	0.3	39.38559381296669
Participant_6463	100	0.5	25.47253422806612	200	0.3	40.46217369346338
Participant_6464	100	0.0	20.48536062655476	100	0.1	29.024773900928153
Participant_6465	250	1.0	0.0	250	1.0	0.0
Participant_6466	400	1.0	0.0	400	1.0	0.0
Participant_6467	250	0.2	14.762706391444626	150	0.2	16.602710622064098
Participant_6468	100	0.9	10.55817219029885	100	0.9	10.55817219029885
Participant_6469	350	0.9	16.57256769483836	350	0.9	16.57256769483836
Participant_6470	100	0.4	26.790623359675674	100	0.4	26.790623359675674
Participant_6471	200	0.9	5.65022123460666	200	0.9	5.65022123460666
Participant_6472	400	0.6	24.565219315121126	350	0.7	45.39410754712554
Participant_6473	150	0.9	16.91744661584602	150	0.7	31.753149450093925
Participant_6474	400	0.1	23.49148782005942	300	0.2	34.22407778158529
Participant_6475	200	0.8	11.22886904367488	200	0.8	11.22886904367488
Participant_6476	200	0.6	19.0836972308827	150	0.6	34.16943078249914
Participant_6477	250	0.8	15.691159931630294	250	0.8	15.691159931630294
Participant_6478	100	0.6	13.110110602126895	100	0.6	13.110110602126895
Participant_6479	400	0.5	23.16246964380094	400	0.5	23.16246964380094
Participant_6480	150	0.4	18.997368238785075	300	0.5	38.16035246168463
Participant_6481	300	0.6	14.274540272807387	350	0.7	39.28262974903793
Participant_6482	100	0.4	20.862346464384107	100	0.4	20.862346464384107
Participant_6483	100	0.6	62.20430049441919	400	0.0	69.05993773527456
Participant_6484	100	0.6	42.580805534888604	150	0.4	67.49740735761634
Participant_6485	350	0.0	11.428582589280266	350	0.0	11.428582589280266
Participant_6486	350	0.5	23.581772622090988	200	0.5	37.04085582164645
Participant_6487	200	0.0	14.656056768449009	300	0.0	16.684948306782374
Participant_6488	350	0.0	14.978734926555047	300	0.0	17.23767675761441
Participant_6489	300	0.5	20.55389257537365	150	0.6	39.29122039336523
Participant_6490	400	0.1	27.692056622793476	300	0.2	34.767621431441064
Participant_6491	200	0.7	15.076886283314602	200	0.8	22.357045869255625
Participant_6492	100	0.5	20.064894716892987	100	0.6	29.03661481646922
Participant_6493	350	0.1	25.058182296407693	300	0.1	27.409396199113907
Participant_6494	150	0.5	24.129338988045237	250	0.4	33.66192210792485
Participant_6495	300	0.4	20.06177958208095	350	0.5	31.876323501934788
Participant_6496	250	0.8	20.975283073179252	250	0.7	23.269346789284825
Participant_6497	350	0.1	22.53691416321232	350	0.2	47.661173925953605
Participant_6498	400	0.6	19.29248558377069	400	0.7	21.614231422838056
Participant_6499	200	0.0	9.276313923105448	250	0.0	13.639098210658943
Participant_6500	150	1.0	0.0	150	1.0	0.0
Participant_6501	300	0.6	20.615831295390443	250	0.7	37.88419855295873
Participant_6502	100	0.6	59.81743057002699	400	0.2	68.96194602822632
Participant_6503	400	0.2	23.388031127053	300	0.5	69.95507486951894
Participant_6504	350	0.5	15.806644172625637	350	0.4	29.01594389297029
Participant_6505	150	0.9	6.119640512317697	150	0.9	6.119640512317697
Participant_6506	300	0.2	19.301230530720055	100	0.4	62.361747089060934
Participant_6507	200	0.5	20.174860594313905	150	0.5	25.999519226324168
Participant_6508	100	0.1	24.288629026768884	100	0.2	41.410445542157596
Participant_6509	400	1.0	0.0	400	1.0	0.0
Participant_6510	150	1.0	0.0	150	1.0	0.0
Participant_6511	100	0.9	14.542180029142811	100	0.9	14.542180029142811
Participant_6512	300	1.0	0.0	300	1.0	0.0
Participant_6513	400	0.5	22.83637449333847	200	0.3	54.12658773652741
Participant_6514	200	1.0	0.0	200	1.0	0.0
Participant_6515	200	1.0	0.0	200	1.0	0.0
Participant_6516	400	0.5	22.197972880423112	400	0.4	24.448415081554877
Participant_6517	350	1.0	13.693063937629153	350	0.9	19.61249601657066
Participant_6518	200	1.0	0.0	200	0.9	10.755231285286245
Participant_6519	250	1.0	18.540496217739157	250	0.9	20.998511852033705
Participant_6520	100	0.8	21.426327263439248	100	0.5	90.66476713696451
Participant_6521	400	0.0	35.34508452387687	300	0.1	38.406054210241386
Participant_6522	400	0.1	19.60484633961715	400	0.1	19.60484633961715
Participant_6523	150	0.6	17.819932659805424	100	0.5	34.69654161440301
Participant_6524	250	0.7	18.342914163240255	250	0.7	18.342914163240255
Participant_6525	100	0.5	24.343376922686794	200	0.4	43.96902318678458
Participant_6526	100	0.1	24.21130934088448	300	0.3	82.40888908364194
Participant_6527	250	0.0	33.70496995993321	300	0.0	39.19040061035355
Participant_6528	400	0.5	20.62159062730128	400	0.5	20.62159062730128
Participant_6529	200	0.9	15.832719286338655	200	0.8	17.81396923765167
Participant_6530	400	0.0	44.17889767751115	400	0.0	44.17889767751115
Participant_6531	150	0.2	24.17436658942691	350	0.3	43.62052269287933
Participant_6532	100	0.6	37.98848509746078	150	0.4	63.989452255821035
Participant_6533	300	0.2	16.203008979816065	300	0.2	16.203008979816065
Participant_6534	150	0.7	21.142670124655496	150	0.6	23.18512454139507
Participant_6535	200	1.0	0.0	200	1.0	0.0
Participant_6536	400	0.1	24.558094388612485	200	0.1	43.74471396637541
Participant_6537	200	0.8	15.963630539448099	200	0.8	15.963630539448099
Participant_6538	350	1.0	0.0	350	1.0	0.0
Participant_6539	150	0.0	13.403824081209063	300	0.0	14.564940782577867
Participant_6540	250	0.5	22.634873536205145	300	0.4	44.18681930168769
Participant_6541	400	1.0	0.0	400	1.0	0.0
Participant_6542	300	0.8	15.387901091441938	300	0.9	17.954804370975474
Participant_6543	100	0.2	21.961898825010554	200	0.4	58.45532482161057
Participant_6544	350	0.2	21.744826971029223	250	0.2	23.488028865786077
Participant_6545	250	0.0	24.388009348858304	350	0.0	29.759242261858752
Participant_6546	100	0.7	16.936646657470305	100	0.8	20.318402988424065
Participant_6547	100	0.3	14.641977325484424	100	0.3	14.641977325484424
Participant_6548	250	0.0	30.05869258633848	350	0.1	43.262714894005434
Participant_6549	100	0.7	19.153328692423152	100	0.6	21.22792971535378
Participant_6550	300	0.7	16.708156690670577	300	0.7	16.708156690670577
Participant_6551	250	1.0	0.0	250	1.0	0.0
Participant_6552	350	0.1	26.630105144366215	150	0.1	29.60806477971838
Participant_6553	400	0.5	34.22718218024966	200	0.3	67.32152330421528
Participant_6554	200	0.5	18.32416437385345	250	0.3	69.90869044689651
Participant_6555	350	0.1	31.530342529062384	350	0.1	31.530342529062384
Participant_6556	350	0.0	20.50883955761515	150	0.1	25.551663350944494
Participant_6557	350	0.6	29.185612894027084	400	0.6	29.256623181768603
Participant_6558	350	0.5	22.132555207205517	250	0.6	47.89806885459997
Participant_6559	100	0.6	36.04684452209375	100	0.6	36.04684452209375
Participant_6560	350	0.2	12.858363037338773	350	0.2	12.858363037338773
Participant_6561	100	0.1	26.831651085984255	200	0.2	64.27567580352617
Participant_6562	400	0.8	16.1167614612862	400	0.8	16.1167614612862
Participant_6563	350	0.0	11.207698247187064	400	0.1	75.98091865725236
Participant_6564	100	0.2	28.89333833256379	250	0.3	50.03473793276027
Participant_6565	100	0.6	17.517848041354853	100	0.8	41.86690220209754
Participant_6566	300	0.7	16.175985286838017	300	0.5	61.26754850652995
Participant_6567	300	0.8	18.11180554224233	300	0.8	18.11180554224233
Participant_6568	100	0.2	33.37027120057612	200	0.3	60.464349000051264
Participant_6569	250	0.7	17.398635003930625	200	0.6	38.71934271136327
Participant_6570	200	0.8	12.543424572260959	200	0.7	20.336236131595246
Participant_6571	100	0.4	20.223439371185112	250	0.3	38.157240466260134
Participant_6572	100	0.6	61.962690387038556	400	0.0	70.01267742344953
Participant_6573	400	0.4	29.56306817635815	200	0.4	38.54575203573022
Participant_6574	300	0.3	18.807578259839836	400	0.5	67.92643079096678
Participant_6575	250	0.9	11.659223816361019	250	0.9	11.659223816361019
Participant_6576	100	0.4	20.16153515980368	150	0.4	24.817332652805376
Participant_6577	150	0.2	20.387496167994733	250	0.1	25.222261992137025
Participant_6578	100	0.6	26.75116819879087	100	0.5	46.691540989776726
Participant_6579	150	0.3	23.295922389980614	250	0.3	29.554610469434376
Participant_6580	350	0.7	8.76783895837509	350	0.8	12.6678727495977
Participant_6581	100	0.4	16.99963234896567	300	0.4	26.076330263286664
Participant_6582	100	0.1	24.696912762529653	100	0.3	53.5199729073175
Participant_6583	350	0.1	15.545497740503519	300	0.0	28.167135104585984
Participant_6584	300	0.0	10.765105665993252	150	0.0	11.55043289232053
Participant_6585	300	1.0	0.0	300	1.0	0.0
Participant_6586	350	0.6	28.382212739672006	250	0.6	34.303425484927885
Participant_6587	300	0.4	22.02214794246919	200	0.4	22.09694549027082
Participant_6588	250	0.1	14.358359934198614	150	0.1	15.902436920170443
Participant_6589	100	0.7	22.177691493931466	150	0.4	74.15962513389614
Participant_6590	200	0.9	9.051243008559654	200	0.9	9.051243008559654
Participant_6591	400	0.5	24.295061226512683	400	0.5	24.295061226512683
Participant_6592	150	0.6	21.881499034572563	250	0.5	37.78012043390016
Participant_6593	200	1.0	0.0	200	1.0	0.0
Participant_6594	300	0.5	12.892342688588448	350	0.6	30.66838763287043
Participant_6595	400	0.9	9.281029037773775	400	0.9	9.281029037773775
Participant_6596	200	0.7	26.025228145013447	200	0.7	26.025228145013447
Participant_6597	350	0.6	24.326939799325356	350	0.6	24.326939799325356
Participant_6598	150	0.0	16.459419795363385	250	0.0	17.421968889881533
Participant_6599	300	0.3	22.07883602004417	300	0.4	40.66601775438554
Participant_6600	400	1.0	0.0	400	1.0	0.0
Participant_6602	200	0.6	24.144098657850122	250	0.5	40.648954476099384
Participant_6603	250	1.0	0.0	250	1.0	0.0
Participant_6604	150	1.0	0.0	150	1.0	0.0
Participant_6605	100	0.4	14.924392784967836	150	0.4	17.01910690958841
Participant_6606	300	1.0	9.682458365518542	300	0.9	12.19118534023661
Participant_6607	100	0.5	24.111200716679374	100	0.4	43.1304706674991
Participant_6608	100	0.7	40.565995612088706	100	0.6	43.366173453510974
Participant_6609	350	0.7	15.227442332841061	350	0.8	24.555549270989644
Participant_6610	300	1.0	0.0	300	1.0	0.0
Participant_6611	250	0.1	17.173016624926444	300	0.1	18.8421071008526
Participant_6612	200	0.7	14.527990225767637	200	0.6	29.86113695089321
Participant_6613	400	1.0	0.0	400	1.0	0.0
Participant_6614	200	0.9	16.41417070704457	200	0.8	21.675735281646155
Participant_6615	200	0.0	12.033287165193059	350	0.1	26.22808609105895
Participant_6616	250	0.0	14.39704830859437	250	0.1	37.764566725966816
Participant_6617	400	0.7	18.362325560777972	400	0.7	18.362325560777972
Participant_6618	100	0.9	10.073480034228488	100	0.9	10.073480034228488
Participant_6619	300	1.0	0.0	300	0.9	12.19118534023661
Participant_6620	150	0.5	19.032209540670785	250	0.5	35.94909595525317
Participant_6621	200	0.8	18.670498118689817	200	0.7	19.964030154254928
Participant_6622	100	0.3	19.5419420733969	250	0.3	24.361342327548375
Participant_6623	350	0.1	21.544430834904876	200	0.1	24.415159225366523
Participant_6624	100	0.1	19.103337404757315	350	0.3	54.637441374939954
Participant_6625	300	0.6	20.555108854005127	350	0.4	64.81261451291716
Participant_6626	350	0.1	13.889294438523507	400	0.2	64.99615373235558
Participant_6627	350	0.6	16.334013591276335	300	0.4	42.36714528971712
Participant_6628	250	0.9	8.422440263961509	250	0.9	8.422440263961509
Participant_6629	100	0.5	23.320591759215716	350	0.4	40.812681852581065
Participant_6630	100	0.1	32.40273908175048	150	0.3	55.29647366695276
Participant_6631	300	0.1	13.830220533310378	200	0.1	15.243031194614803
Participant_6632	150	0.2	20.140754702840706	350	0.1	35.29040237798373
Participant_6633	400	0.6	33.99926469793134	400	0.4	52.88170761236819
Participant_6634	300	1.0	0.0	300	1.0	0.0
Participant_6635	200	0.0	19.16507239746305	150	0.0	20.698127934670808
Participant_6636	300	0.9	16.08182203607539	300	0.7	48.222531040997836
Participant_6637	350	0.6	14.510341140028377	250	0.4	54.18140825043218
Participant_6638	400	0.1	19.250974001333024	100	0.2	56.01182910778758
Participant_6639	250	0.9	12.587195875174105	250	0.8	13.415010249716547
Participant_6640	150	0.7	31.177115004438754	250	0.6	54.203090317803834
Participant_6641	100	0.5	19.270443689754526	400	0.2	65.20736154760442
Participant_6642	100	0.5	24.496938584239462	350	0.4	50.04423043668471
Participant_6643	400	0.5	16.889345754054535	400	0.6	24.0249869927124
Participant_6644	300	0.2	18.304029610990035	150	0.2	20.540204478047436
Participant_6645	250	0.0	28.412585239643363	300	0.0	33.123065981276554
Participant_6646	200	0.0	13.408952233489387	100	0.1	80.68418370411887
Participant_6647	150	0.8	11.918473056562238	150	0.8	11.918473056562238
Participant_6648	150	0.2	12.870508925446577	200	0.2	15.933063107889833
Participant_6649	100	0.5	48.102494737799205	250	0.4	77.39105245440199
Participant_6650	350	0.1	23.778404067556764	300	0.0	39.46058159733584
Participant_6651	250	0.8	19.492626811181708	250	0.6	35.149324317830065
Participant_6652	400	0.1	20.75090359478353	400	0.1	20.75090359478353
Participant_6653	250	0.0	15.075642606535881	350	0.0	21.02052568324589
Participant_6655	150	0.7	22.293777158660216	100	0.6	36.75085033029848
Participant_6656	100	0.9	15.337046651816639	100	0.9	15.337046651816639
Participant_6657	400	0.0	40.518822786453214	400	0.2	41.13392760240627
Participant_6658	400	0.5	28.33284313301438	100	0.2	45.27499309773553
Participant_6659	100	1.0	0.0	100	1.0	0.0
Participant_6660	350	1.0	18.540496217739157	350	0.8	45.680685196262104
Participant_6661	350	0.6	18.283872675120005	200	0.3	69.81896232399906
Participant_6662	100	0.6	19.381047443314305	100	0.7	36.11578602218149
Participant_6663	100	0.6	23.703902632267116	400	0.2	69.07966415668217
Participant_6664	400	0.8	14.949916387726054	400	0.7	27.675350042953387
Participant_6665	250	0.3	18.633974347948428	350	0.4	43.366749935866764
Participant_6666	400	0.2	16.75559608011604	400	0.1	22.262075374951007
Participant_6667	400	0.8	11.926860441876563	400	0.7	23.920179765210793
Participant_6668	200	1.0	0.0	200	1.0	0.0
Participant_6669	100	0.3	22.37493016748879	150	0.3	23.90502039321448
Participant_6671	350	0.4	16.90192296752059	300	0.3	40.04653543067115
Participant_6672	300	1.0	0.0	300	0.9	12.19118534023661
Participant_6673	350	0.2	17.967679315927253	350	0.4	60.35871933697732
Participant_6674	150	1.0	0.0	150	1.0	0.0
Participant_6675	100	0.4	20.712013422166372	350	0.6	55.6713570878239
Participant_6676	100	0.6	23.19752141932409	150	0.6	29.155616954542396
Participant_6677	400	0.2	15.231546211727817	400	0.4	48.928263815508515
Participant_6678	200	0.8	15.283569609224148	200	0.7	25.096065428668297
Participant_6679	400	0.0	32.411803405549655	100	0.2	75.53856630887297
Participant_6680	150	0.0	10.351932186794889	100	0.0	67.58069250902953
Participant_6681	150	0.3	21.970434679359442	300	0.4	36.622738838049784
Participant_6682	150	0.6	22.584286572747875	200	0.6	22.758240265890507
Participant_6683	300	0.5	25.049201584082475	300	0.4	42.17493331352167
Participant_6684	350	0.0	13.578015318889577	300	0.0	14.820172063778477
Participant_6685	100	0.1	62.128395279453336	300	0.4	96.71465762747651
Participant_6686	250	1.0	0.0	250	0.9	9.858372076565177
Participant_6687	100	0.1	21.182244923520265	150	0.2	46.2266157099998
Participant_6688	350	0.5	20.120884672399473	350	0.7	62.8539974862379
Participant_6689	250	0.4	25.531842863373573	300	0.4	28.591519721763653
Participant_6690	300	0.7	17.689332943895877	300	0.6	30.74105560972167
Participant_6691	150	0.7	15.992576402818903	150	0.8	28.16558183315232
Participant_6692	100	0.1	31.103657341219538	150	0.4	66.04657447589541
Participant_6693	150	0.4	20.177958271341527	250	0.3	31.499603172103612
Participant_6694	400	0.8	16.874537030686206	400	0.7	19.740187435786925
Participant_6695	350	0.0	23.304774188993978	100	0.1	79.56875957308873
Participant_6696	400	1.0	0.0	400	1.0	0.0
Participant_6697	300	0.2	26.48183339574509	400	0.2	42.64094276631322
Participant_6698	250	0.0	31.000403223184048	200	0.0	36.5349148076193
Participant_6699	150	0.2	30.974182797936734	250	0.4	67.04942207058909
Participant_6700	400	0.8	15.524174696260024	400	0.6	49.17773886627973
Participant_6701	100	0.9	8.816178310356477	100	0.9	8.816178310356477
Participant_6702	100	0.2	23.341486670732866	400	0.3	36.373066958946424
Participant_6703	300	0.2	19.46246387279884	300	0.1	31.044725800045327
Participant_6704	400	1.0	0.0	400	1.0	0.0
Participant_6705	350	0.9	16.306440445419103	350	0.8	28.92619919726752
Participant_6706	100	0.4	26.27237141942082	300	0.3	34.38713422197319
Participant_6707	100	0.2	27.587587788713968	400	0.1	60.80172694915828
Participant_6708	350	0.1	27.59823363912988	150	0.0	43.88521960751706
Participant_6709	250	0.0	17.386057632482412	400	0.0	95.73021988901937
Participant_6710	400	0.3	21.4883689469443	400	0.3	21.4883689469443
Participant_6711	350	0.0	12.373863584184207	300	0.0	12.831114526805534
Participant_6712	250	0.1	34.711849561785094	350	0.1	37.95276669756765
Participant_6713	400	0.1	16.86268068843148	400	0.1	16.86268068843148
Participant_6714	100	0.2	32.727282196968325	150	0.3	48.838509395762685
Participant_6715	400	1.0	0.0	400	1.0	0.0
Participant_6716	250	1.0	12.5	250	0.8	25.346843985001367
Participant_6717	400	0.0	31.571743695906314	400	0.0	31.571743695906314
Participant_6718	100	1.0	0.0	100	1.0	0.0
Participant_6719	300	0.1	20.857252935130262	300	0.0	26.988655023916994
Participant_6720	150	0.5	16.947713710114414	100	0.4	25.985332401183555
Participant_6721	400	0.1	22.92596780945136	150	0.1	49.18472832089245
Participant_6722	100	0.4	26.720544530379616	350	0.2	58.3552696849222
Participant_6723	250	0.0	28.870833032664645	250	0.0	28.870833032664645
Participant_6724	350	0.7	31.434455617999813	300	0.6	33.671389932701025
Participant_6725	100	0.4	42.13356737804194	350	0.4	54.83543562332664
Participant_6726	200	1.0	0.0	200	1.0	0.0
Participant_6727	150	0.5	9.339432530941053	200	0.5	20.75511985029236
Participant_6728	250	0.9	10.29259442511945	250	0.8	16.162069793191712
Participant_6729	300	1.0	0.0	300	1.0	0.0
Participant_6730	350	0.1	19.56815014251475	300	0.2	37.766221680226366
Participant_6731	250	0.6	14.421338356754548	200	0.5	24.89025913886796
Participant_6732	250	0.1	21.24058615010424	250	0.2	41.23636138167382
Participant_6733	200	0.3	13.12202347201071	350	0.3	16.590660023037056
Participant_6734	400	0.4	22.808441419790174	100	0.2	29.829934629495924
Participant_6735	400	0.5	21.33658829335187	400	0.4	36.796399280364376
Participant_6736	100	0.5	25.741017850893154	100	0.6	36.88665070184605
Participant_6737	200	0.7	16.727596958320103	200	0.8	17.849019580918164
Participant_6738	350	0.0	16.93701567573225	400	0.1	66.8064368156243
Participant_6739	200	1.0	0.0	200	1.0	0.0
Participant_6740	150	0.8	18.324846520503247	150	0.8	18.324846520503247
Participant_6741	400	0.1	21.979535936866366	300	0.1	54.98886250869352
Participant_6742	400	0.8	17.705931209625774	400	0.7	19.324207616355192
Participant_6743	350	0.1	17.969766275608595	300	0.1	21.651212437182355
Participant_6744	300	0.0	13.634056623030432	100	0.1	75.06622076540152
Participant_6745	350	0.5	22.0476756144497	250	0.4	29.01508228490831
Participant_6746	250	0.7	23.403258320157047	250	0.6	29.440193613493783
Participant_6747	300	0.9	9.740379869389079	300	0.9	9.740379869389079
Participant_6748	100	0.1	15.245901088489326	100	0.1	15.245901088489326
Participant_6749	350	0.8	12.368306270464036	350	0.8	12.368306270464036
Participant_6750	150	0.5	23.842713771716507	250	0.3	63.12467821700163
Participant_6751	300	0.3	18.165214009199012	150	0.3	25.670021425779918
Participant_6752	200	0.8	9.802423169808575	200	0.8	9.802423169808575
Participant_6753	350	0.1	21.68899490525091	250	0.1	24.029409064727332
Participant_6754	100	1.0	0.0	100	1.0	0.0
Participant_6755	100	0.8	9.635221844877263	100	0.9	17.506427391104104
Participant_6756	400	0.0	19.85635918289151	150	0.2	46.4962364068319
Participant_6757	200	0.6	23.461404476288287	200	0.7	26.097174176527236
Participant_6758	300	0.1	20.585796073992377	150	0.1	22.921332858278554
Participant_6759	400	0.1	25.235887145095575	200	0.2	50.088546595005134
Participant_6760	100	0.5	20.8290662296705	100	0.6	45.791647710035505
Participant_6761	350	0.7	18.18309654596818	350	0.7	18.18309654596818
Participant_6762	250	0.0	20.212001385315606	350	0.0	22.40228782959455
Participant_6763	300	0.0	13.9063834263262	150	0.0	15.195805342264686
Participant_6764	300	0.9	8.507349763586777	300	0.8	19.216854581330423
Participant_6765	400	0.9	13.734536759570743	400	0.9	13.734536759570743
Participant_6766	350	0.8	10.861629711972324	350	0.7	17.65998301244936
Participant_6767	350	0.1	21.134391403586715	350	0.1	21.134391403586715
Participant_6768	150	1.0	0.0	150	1.0	0.0
Participant_6769	100	0.2	19.83872475740313	200	0.3	35.01339029571401
Participant_6770	200	0.6	21.975839005598854	200	0.8	37.829717154639155
Participant_6771	350	0.1	25.771350372070145	200	0.2	30.37453703350884
Participant_6772	350	1.0	0.0	350	1.0	0.0
Participant_6773	200	0.3	15.642490210960657	100	0.3	24.30303478991873
Participant_6774	150	1.0	0.0	150	1.0	0.0
Participant_6775	400	0.0	16.860456696068468	400	0.0	16.860456696068468
Participant_6776	250	0.4	24.09616152004298	400	0.4	34.025358190620125
Participant_6777	250	0.2	23.05834989759675	300	0.2	25.075635585165134
Participant_6778	150	0.7	26.823730165657423	150	0.6	35.497182986823056
Participant_6779	400	0.7	17.59758506159297	400	0.7	17.59758506159297
Participant_6780	350	0.3	17.825543469975887	350	0.4	36.15141767621292
Participant_6781	400	0.5	21.742814905158898	400	0.5	21.742814905158898
Participant_6782	200	0.5	18.152823471845917	150	0.7	48.0963875982386
Participant_6783	150	0.8	19.64179217892298	150	0.8	19.64179217892298
Participant_6784	100	0.0	27.425353233823625	350	0.2	59.35349610595824
Participant_6785	300	0.3	16.695059149341162	350	0.2	18.482085921237353
Participant_6786	200	1.0	0.0	200	0.9	10.755231285286245
Participant_6787	100	0.7	16.973508771023155	100	0.9	48.60786973320267
Participant_6788	200	0.8	10.598938626107804	200	0.9	21.981242003126212
Participant_6789	350	0.6	16.372232590578477	200	0.5	41.602584054358935
Participant_6790	150	0.7	22.237637014754963	150	0.8	35.66580995855835
Participant_6791	350	0.9	7.883527129400901	350	0.9	7.883527129400901
Participant_6792	400	0.5	25.154522456210533	100	0.3	43.553271978118936
Participant_6793	100	0.6	24.660190591315388	200	0.5	31.476578594250043
Participant_6794	100	0.1	47.72250517313608	400	0.4	62.840870458643394
Participant_6795	350	0.9	11.220516922138659	350	0.9	11.220516922138659
Participant_6796	350	0.0	12.673298702389998	250	0.0	15.322369268491084
Participant_6797	250	0.3	14.524978485354117	400	0.3	18.24828759089466
Participant_6798	400	0.0	20.07548255957998	400	0.1	20.78100093835713
Participant_6799	300	0.2	22.749450542815314	200	0.2	23.850838559681712
Participant_6800	350	0.5	20.942779185198894	300	0.3	69.34497097843506
Participant_6801	200	0.9	4.546977017755863	200	0.9	4.546977017755863
Participant_6802	200	0.6	22.84047941703501	150	0.7	26.566190920039706
Participant_6803	300	0.1	19.62205391899635	200	0.2	44.20251689666551
Participant_6804	100	0.0	35.91169725869275	100	0.2	55.66484527958377
Participant_6805	350	0.1	26.10866714330703	250	0.1	28.87321423049398
Participant_6806	400	0.0	49.792318684712804	350	0.2	75.73201106533485
Participant_6807	100	0.2	21.414364337985845	150	0.4	54.95134211281832
Participant_6808	350	0.2	22.81090747866029	150	0.4	65.72404430647889
Participant_6809	400	0.9	6.605868602992342	400	0.8	21.96019125599775
Participant_6810	350	0.7	10.398317171542711	350	0.7	10.398317171542711
Participant_6811	250	0.4	26.75116819879087	200	0.4	30.590439683012075
Participant_6812	300	0.1	19.236033894750758	300	0.0	22.959475168217587
Participant_6813	150	0.8	11.160197130875423	150	0.8	11.160197130875423
Participant_6814	200	0.9	9.908329828987325	200	0.9	9.908329828987325
Participant_6815	150	0.2	21.86664126014784	350	0.2	27.163164395924124
Participant_6816	400	0.6	22.04427363285078	400	0.4	54.93382382467108
Participant_6817	100	0.1	29.873692440004803	100	0.2	30.819231009225394
Participant_6818	200	0.7	21.876071402333647	200	0.7	21.876071402333647
Participant_6819	100	0.1	14.956186011146023	300	0.2	56.447209851329234
Participant_6820	400	0.2	30.569592735265545	100	0.3	50.60274202056643
Participant_6821	400	1.0	0.0	400	0.9	23.97681171465464
Participant_6822	350	0.8	26.513675716505247	350	0.8	26.513675716505247
Participant_6823	300	0.8	19.635108861424733	300	0.8	19.635108861424733
Participant_6824	350	0.6	22.897598127314577	300	0.5	28.938944348403588
Participant_6825	300	0.6	21.213498061375923	300	0.4	63.9235871959639
Participant_6826	400	0.4	16.58990656995994	400	0.6	59.295446705459604
Participant_6827	350	1.0	0.0	350	1.0	0.0
Participant_6828	400	0.9	5.906564145084687	400	0.8	20.850659461993043
Participant_6830	400	0.0	21.57602836483119	400	0.0	21.57602836483119
Participant_6831	100	0.6	42.62481671514846	200	0.5	86.63587594062867
Participant_6832	300	1.0	0.0	300	1.0	0.0
Participant_6833	200	1.0	0.0	200	1.0	0.0
Participant_6834	100	0.8	17.792905889707843	100	0.9	38.06540424059621
Participant_6835	200	0.0	7.317786550590281	250	0.0	12.640213605790054
Participant_6836	300	0.9	8.4335638967165	300	0.9	8.4335638967165
Participant_6837	100	0.8	14.885815395872676	100	0.8	14.885815395872676
Participant_6838	350	0.1	29.713843575007257	150	0.2	39.757389250301635
Participant_6839	150	1.0	9.682458365518542	150	0.8	29.929918142220167
Participant_6840	400	0.9	14.954514368577804	400	0.8	32.95451410656816
Participant_6841	400	0.6	10.59245014149229	150	0.3	73.76618466479069
Participant_6842	100	1.0	0.0	100	1.0	0.0
Participant_6843	400	0.6	17.419816302131316	400	0.5	37.45330426010501
Participant_6844	150	0.7	22.655297393766432	200	0.4	90.05290111928655
Participant_6845	150	0.0	12.536446865041146	250	0.0	12.73872050089804
Participant_6846	100	0.2	33.70571168214669	200	0.3	53.07718436390536
Participant_6847	350	1.0	0.0	350	1.0	0.0
Participant_6848	100	0.5	20.40465633133771	400	0.3	54.08789143606913
Participant_6849	200	1.0	0.0	200	1.0	0.0
Participant_6850	150	1.0	0.0	150	1.0	0.0
Participant_6851	150	0.2	21.78072542409917	200	0.2	25.643956403020184
Participant_6852	400	0.7	13.310709973551374	400	0.6	27.449043699189232
Participant_6853	350	0.2	18.650402140436544	150	0.2	22.122386851332294
Participant_6855	300	1.0	5.5901699437494745	300	0.9	12.644168616401792
Participant_6856	300	0.6	25.298468333082933	300	0.6	25.298468333082933
Participant_6857	150	0.2	23.704429965725815	100	0.1	32.748091547447466
Participant_6858	300	0.8	17.692865793872965	300	0.7	25.35571927593457
Participant_6859	250	0.1	30.921877368620425	300	0.1	32.5580251243837
Participant_6860	350	0.1	24.857845843918174	350	0.0	31.849058070844105
Participant_6861	250	0.0	17.95201938501627	300	0.0	22.547449966681377
Participant_6862	400	0.6	21.11752826445368	400	0.5	29.563490998188964
Participant_6863	150	0.7	31.51606733080763	150	0.6	38.85936180639101
Participant_6864	400	0.7	15.521758920947072	400	0.7	15.521758920947072
Participant_6865	100	0.4	21.3069824236094	300	0.5	42.14513613692569
Participant_6866	300	1.0	0.0	300	1.0	0.0
Participant_6867	100	0.1	30.942486971799795	100	0.3	49.25076141543397
Participant_6868	100	1.0	0.0	100	1.0	0.0
Participant_6869	300	0.2	15.69354963034176	200	0.2	16.050311523456486
Participant_6870	350	0.4	30.115195499946534	100	0.3	32.33631859071159
Participant_6871	350	0.8	24.041110623263645	350	0.8	24.041110623263645
Participant_6872	200	0.0	13.640014662748717	250	0.0	16.65157650194119
Participant_6873	100	0.5	20.799038439312525	250	0.4	46.75066844441906
Participant_6874	300	0.1	15.533029324635939	250	0.1	18.129051271371043
Participant_6875	250	0.8	7.903322086312818	250	0.9	17.09349291397168
Participant_6876	150	0.7	19.38459439864554	150	0.7	19.38459439864554
Participant_6877	400	0.7	15.0308017084918	400	0.8	23.205602771744587
Participant_6878	150	0.1	16.40541069281717	150	0.2	30.933800283831925
Participant_6879	250	0.5	16.426731263401127	350	0.5	24.69514122251582
Participant_6880	300	0.5	15.967545208954318	150	0.3	49.650780457108624
Participant_6881	350	0.5	24.31254820046636	200	0.4	44.785879471101154
Participant_6882	300	0.6	25.470816633944033	200	0.6	34.68338939607835
Participant_6883	150	0.9	16.277284785860324	150	0.8	16.531787562148264
Participant_6884	150	0.6	32.730719515464365	300	0.5	37.86439620540647
Participant_6885	100	0.7	17.80028089666003	150	0.5	66.65939543680246
Participant_6886	350	0.1	19.758858772712557	350	0.0	37.7407273379833
Participant_6887	400	0.7	14.863546010289738	400	0.7	14.863546010289738
Participant_6888	200	0.8	13.032171729991898	200	0.8	13.032171729991898
Participant_6889	250	0.4	20.17114275394431	350	0.5	30.65697310564107
Participant_6890	350	0.7	23.887758371182507	350	0.7	23.887758371182507
Participant_6891	300	0.7	22.785137699825295	250	0.7	25.252970122344024
Participant_6892	250	0.8	15.770621420857202	250	0.8	15.770621420857202
Participant_6893	250	1.0	0.0	250	1.0	0.0
Participant_6894	100	0.6	28.5810251740556	150	0.5	52.97145457697004
Participant_6895	300	0.8	26.4676689566724	300	0.7	29.818827944773417
Participant_6896	250	0.8	9.011797822854216	250	0.7	23.3230036659089
Participant_6897	350	0.5	22.745329190847073	300	0.5	29.895024669667023
Participant_6898	250	0.0	27.244724259937005	150	0.0	30.938042924529018
Participant_6899	250	0.8	17.355474640585314	250	0.5	63.82466216126804
Participant_6900	300	0.6	17.53603432934596	200	0.3	84.22254745612959
Participant_6901	150	0.8	15.915401345866211	150	0.8	15.915401345866211
Participant_6902	200	0.5	30.467605747744603	150	0.5	36.08635476187641
Participant_6903	150	0.9	11.178103595869919	150	0.9	11.178103595869919
Participant_6904	300	0.5	14.272788795466708	150	0.4	32.83900120283807
Participant_6905	200	0.0	12.690547663517126	250	0.1	22.74670305780598
Participant_6906	400	0.5	17.435595774162696	400	0.7	49.58250699591541
Participant_6907	350	0.6	28.77585793681919	350	0.7	29.293770668864056
Participant_6908	150	0.0	15.87962531044105	150	0.0	15.87962531044105
Participant_6909	250	0.7	15.896933666591178	250	0.8	18.061353769859
Participant_6910	200	0.7	20.305479556021325	200	0.5	50.813630061234555
Participant_6911	100	0.5	20.768967234795284	250	0.3	51.53615235929046
Participant_6912	350	1.0	0.0	350	1.0	0.0
Participant_6913	400	0.2	26.210684844162312	200	0.2	39.18051173734207
Participant_6914	300	0.2	23.45287828817606	350	0.2	32.27363475036551
Participant_6915	150	0.5	10.59363016156407	150	0.5	10.59363016156407
Participant_6916	100	0.0	18.052700628991772	100	0.1	28.216794644324857
Participant_6917	350	0.1	18.81920561554074	100	0.1	67.21188510970363
Participant_6918	350	0.1	27.80130392625497	200	0.1	29.237817976039185
Participant_6919	400	0.5	22.754120505965506	250	0.4	37.97202917938413
Participant_6920	200	0.7	16.00195300580526	200	0.8	19.198632763819408
Participant_6921	400	0.0	19.118708115351307	400	0.0	19.118708115351307
Participant_6922	100	0.0	12.684636376341263	100	0.0	12.684636376341263
Participant_6923	150	0.1	22.285365152942862	200	0.1	24.31254820046636
Participant_6924	150	0.7	21.377850687101358	150	0.7	21.377850687101358
Participant_6925	200	0.8	25.442828066077873	150	0.7	36.61642391058963
Participant_6926	100	0.5	23.480843255726572	400	0.3	57.81868210189506
Participant_6927	100	0.1	31.995116814914116	150	0.3	58.47178806911928
Participant_6928	400	0.6	56.49955752039126	100	0.1	77.33813742261964
Participant_6929	150	0.1	16.557098175706997	150	0.5	112.69305657404098
Participant_6930	150	0.5	20.88001436781115	150	0.4	32.51384320562551
Participant_6931	100	0.2	21.79047957251056	100	0.3	24.887496860873735
Participant_6932	250	0.9	9.470348462437906	250	0.9	9.470348462437906
Participant_6933	350	0.0	17.800632011251736	150	0.0	20.87851766768896
Participant_6934	300	1.0	0.0	300	0.9	12.19118534023661
Participant_6935	400	0.8	20.24228247999716	400	0.8	20.24228247999716
Participant_6936	100	0.2	23.421677992833903	200	0.2	46.918679648941534
Participant_6937	350	0.2	20.744577604762167	150	0.3	32.193943529800755
Participant_6938	100	0.9	13.142488348863012	100	0.9	13.142488348863012
Participant_6939	100	0.1	18.403464347779742	150	0.2	45.421911012197626
Participant_6940	300	1.0	0.0	300	1.0	0.0
Participant_6941	350	0.2	20.653994770988007	250	0.2	25.674647027758727
Participant_6942	100	0.1	31.063443144635464	400	0.2	63.72401431171768
Participant_6943	350	0.2	18.949604217502802	250	0.3	22.98858412342961
Participant_6944	100	0.1	22.331312097590683	100	0.0	31.119125951735853
Participant_6945	250	1.0	0.0	250	1.0	0.0
Participant_6946	100	0.5	20.465825172711703	350	0.3	43.376260788592646
Participant_6947	400	1.0	0.0	400	1.0	0.0
Participant_6948	400	0.5	21.627528753882167	400	0.6	31.913163428278306
Participant_6949	350	1.0	0.0	350	1.0	0.0
Participant_6950	350	1.0	0.0	350	1.0	0.0
Participant_6951	400	0.4	15.857963299238651	400	0.5	23.430749027719962
Participant_6952	200	0.9	5.759774301133683	200	0.9	5.759774301133683
Participant_6953	200	0.9	9.323357764239233	200	0.8	11.665654718017331
Participant_6954	400	0.7	16.191818921912386	400	0.8	33.01136168048813
Participant_6955	350	0.1	17.724629756358805	200	0.0	23.098701262192208
Participant_6956	200	1.0	14.79019945774904	200	0.8	27.01550480742494
Participant_6957	400	0.9	15.447896296907226	400	0.7	33.44286171965551
Participant_6958	300	1.0	0.0	300	1.0	0.0
Participant_6959	200	0.8	11.558005883369328	200	0.8	11.558005883369328
Participant_6960	350	0.8	17.866868779951343	350	0.8	17.866868779951343
Participant_6961	350	0.0	21.198172091008225	300	0.1	25.125186566471502
Participant_6962	250	0.0	17.05945485647182	200	0.0	21.732464195300082
Participant_6963	200	0.8	17.566658760276525	200	0.8	17.566658760276525
Participant_6964	400	0.4	27.045794497481488	300	0.4	32.22925689493942
Participant_6965	100	0.1	29.067808654936478	200	0.3	70.40729720703672
Participant_6966	350	0.4	18.925511882112993	400	0.4	26.767050640666408
Participant_6967	250	0.7	24.268549606435073	250	0.7	24.268549606435073
Participant_6968	300	0.8	9.315980893067568	300	0.8	9.315980893067568
Participant_6969	100	0.4	21.59832169405762	100	0.6	49.465897343523444
Participant_6970	400	0.6	34.56443258611372	100	0.2	68.94617465820711
Participant_6971	250	0.9	7.806247497997997	250	0.9	7.806247497997997
Participant_6972	150	0.1	16.136526887778547	150	0.2	27.557213211789033
Participant_6973	400	0.0	19.88781033698783	250	0.3	59.23238134669245
Participant_6974	400	0.0	17.44348015735392	200	0.2	42.17656339722335
Participant_6975	100	0.1	32.63338014977915	250	0.2	37.555791830288975
Participant_6976	300	0.1	15.613295616236824	300	0.1	15.613295616236824
Participant_6977	300	1.0	0.0	300	1.0	0.0
Participant_6978	250	0.0	18.29685765370655	350	0.0	23.46513370939957
Participant_6979	350	0.7	12.869537676233751	350	0.7	12.869537676233751
Participant_6980	150	0.5	27.335416587277393	200	0.5	29.42405478515835
Participant_6981	100	0.2	29.151758094495776	100	0.4	69.31080363118004
Participant_6982	100	0.6	26.56360291827899	100	0.4	58.02144000281275
Participant_6983	150	0.7	21.377850687101358	150	0.8	34.68861484694942
Participant_6984	150	0.8	17.162459031269382	150	0.8	17.162459031269382
Participant_6985	250	0.6	21.574869640394123	200	0.5	40.79859066193341
Participant_6986	400	0.1	29.442316484950705	350	0.3	38.09855640309748
Participant_6987	350	0.6	27.758782394046033	150	0.5	50.64311404327344
Participant_6988	150	0.7	18.014230485924177	150	0.7	18.014230485924177
Participant_6989	300	0.8	15.509271420669638	300	0.6	46.46248486682562
Participant_6990	400	1.0	5.5901699437494745	400	0.9	21.503197436660436
Participant_6991	250	0.9	11.110243021644486	250	0.9	11.110243021644486
Participant_6992	250	0.9	7.806247497997997	250	0.9	7.806247497997997
Participant_6993	150	0.6	24.26520142096496	300	0.5	50.099525945861004
Participant_6994	250	0.6	27.37197471867896	250	0.5	41.01630773241297
Participant_6995	200	0.8	21.061517039377765	200	0.7	23.844548643243385
Participant_6996	100	0.5	19.172897537930986	300	0.5	35.72411650412086
Participant_6997	300	0.3	19.1370060354278	400	0.2	24.914855006601986
Participant_6998	150	0.7	18.960814855907433	150	0.6	31.12555220393688
Participant_6999	300	0.7	25.698492173666533	300	0.6	30.414018149530982
Participant_7000	200	1.0	0.0	200	1.0	0.0
Participant_7001	150	0.5	16.42330660981521	350	0.4	27.16937614300336
Participant_7002	350	1.0	0.0	350	1.0	0.0
Participant_7003	100	0.3	20.015931154957542	100	0.5	64.19774139329202
Participant_7004	150	0.1	13.101049576274413	350	0.1	16.520063559199766
Participant_7005	150	0.3	15.738487856207787	300	0.3	22.5826260651856
Participant_7006	150	0.9	12.547908192204787	150	0.8	20.175480167768004
Participant_7007	350	0.1	16.745521789421794	150	0.1	18.618203457906457
Participant_7008	250	0.9	5.332682251925386	250	0.9	5.332682251925386
Participant_7009	400	0.5	20.09975124224178	100	0.1	52.32052656462853
Participant_7010	200	0.8	18.023248874717343	200	0.8	18.023248874717343
Participant_7011	150	0.2	33.58794426576298	200	0.3	62.126383284398585
Participant_7012	150	1.0	0.0	150	1.0	0.0
Participant_7013	250	0.0	16.078712635033938	300	0.0	19.707549314919905
Participant_7014	400	0.7	13.497221936383799	400	0.7	13.497221936383799
Participant_7015	100	0.5	26.671145457216493	100	0.6	26.75116819879087
Participant_7016	100	0.2	20.244134953116667	400	0.4	41.730983693174544
Participant_7017	300	0.9	5.798706752371601	300	0.8	18.45365817392313
Participant_7018	350	0.2	21.13261696998268	250	0.2	25.77183540223707
Participant_7019	150	0.6	27.546324618721822	150	0.4	54.27614577325844
Participant_7020	300	0.8	19.346511313412556	300	0.7	21.22292392673545
Participant_7021	100	0.2	20.792426505821776	400	0.4	40.17430771027672
Participant_7022	300	0.7	14.846295834315036	350	0.6	36.356567494745704
Participant_7023	350	0.2	18.883524565080535	350	0.5	83.74723876045108
Participant_7024	150	0.1	18.44959349145666	400	0.1	57.79792383814491
Participant_7025	100	0.7	22.871379494905856	100	0.5	56.2814356604378
Participant_7027	100	0.6	26.445699083215782	100	0.7	36.93710871197149
Participant_7028	250	0.7	16.05342642553296	250	0.6	26.8881944354767
Participant_7029	350	0.9	13.215521177766695	350	0.8	22.315353458997688
Participant_7030	350	0.1	33.17246599214475	250	0.0	49.089459153671676
Participant_7031	200	1.0	0.0	200	1.0	0.0
Participant_7032	250	1.0	0.0	250	1.0	0.0
Participant_7033	250	0.0	10.829358245066972	200	0.0	15.525785004308156
Participant_7034	100	0.5	16.995587662684688	300	0.3	54.840450399317476
Participant_7035	350	0.1	17.65396556017939	200	0.2	28.637606394389877
Participant_7036	400	0.6	31.07973616361632	350	0.5	45.16469860410894
Participant_7037	100	0.5	21.854061407436376	100	0.3	64.79303589121288
Participant_7038	100	0.5	19.687559523719543	100	0.4	35.6403914119921
Participant_7039	250	1.0	0.0	250	1.0	0.0
Participant_7040	400	0.4	28.310333802341503	400	0.4	28.310333802341503
Participant_7041	350	0.9	17.5968747225182	350	0.8	19.47370021336469
Participant_7042	400	0.5	14.2828568570857	400	0.7	50.82740402578121
Participant_7043	350	1.0	0.0	350	1.0	0.0
Participant_7044	400	0.1	12.86856635371633	400	0.1	12.86856635371633
Participant_7045	400	0.1	17.659275183313724	300	0.1	52.14187376763516
Participant_7046	200	0.8	16.426731263401127	200	0.7	21.14976359205937
Participant_7047	350	0.2	16.4419433158006	300	0.2	25.739803806556104
Participant_7048	350	0.1	24.47779606092019	100	0.2	83.43305699781112
Participant_7049	100	0.7	13.850992744204294	100	0.7	13.850992744204294
Participant_7050	300	0.8	17.40797231155886	300	0.7	20.806549449632442
Participant_7051	100	0.4	20.408025382187272	200	0.4	27.079050943487662
Participant_7052	250	0.0	13.314465817298117	200	0.0	16.311039206623224
Participant_7053	400	1.0	0.0	400	1.0	0.0
Participant_7054	350	0.1	29.118937137196475	400	0.2	62.20530523998737
Participant_7055	300	0.4	18.873923810379228	400	0.6	59.06310184878542
Participant_7056	100	0.5	30.126400382388866	100	0.6	50.24315873827998
Participant_7057	250	0.8	13.782688416996155	250	0.9	13.997767679169419
Participant_7058	100	0.1	17.390730289438682	100	0.0	23.284114756631826
Participant_7059	100	0.6	24.609449404649425	100	0.7	35.416803921302666
Participant_7060	200	1.0	0.0	200	1.0	0.0
Participant_7061	400	0.8	9.205976319760984	400	0.9	15.688769868922165
Participant_7062	250	0.0	13.821179399747331	350	0.0	19.022683827472925
Participant_7063	350	0.0	11.318679251573482	250	0.0	11.662975606593713
Participant_7064	200	1.0	24.36698586202241	200	0.9	25.286854292299783
Participant_7065	350	0.5	12.64317997973611	300	0.3	71.08955619498549
Participant_7066	300	0.1	15.083931848162136	300	0.0	17.489639790458806
Participant_7067	150	0.1	13.101049576274413	150	0.1	13.101049576274413
Participant_7068	400	0.8	10.111874208078342	400	0.9	14.487494607419185
Participant_7069	100	0.5	31.97811751807789	100	0.5	31.97811751807789
Participant_7070	250	0.0	20.579723030206214	300	0.0	25.11747399719964
Participant_7071	300	0.8	12.471467435711004	300	0.8	12.471467435711004
Participant_7072	400	0.0	15.100496680573126	400	0.1	15.389931773727913
Participant_7073	400	0.5	17.613914953808536	350	0.5	36.26086044207997
Participant_7074	150	0.7	23.01113860720499	150	0.7	23.01113860720499
Participant_7075	400	0.2	23.30772404161333	400	0.2	23.30772404161333
Participant_7076	300	0.5	17.174472335416887	250	0.3	51.53615235929046
Participant_7077	350	0.5	19.489740891043166	100	0.3	59.92192837350947
Participant_7078	150	0.6	33.148152286364315	150	0.6	33.148152286364315
Participant_7079	250	0.0	19.679303849475975	250	0.0	19.679303849475975
Participant_7080	200	0.7	18.90271144571593	250	0.7	19.911366100797803
Participant_7081	400	0.7	15.196216634412659	400	0.7	15.196216634412659
Participant_7082	250	0.8	12.69694845228569	250	0.8	12.69694845228569
Participant_7083	300	1.0	0.0	300	1.0	0.0
Participant_7084	100	0.4	23.162199809171838	100	0.4	23.162199809171838
Participant_7085	300	1.0	0.0	300	1.0	0.0
Participant_7086	100	0.7	14.81046927008054	100	0.6	28.885550020728356
Participant_7087	250	0.0	14.866909564532905	200	0.0	19.616319736382767
Participant_7088	200	0.2	17.996180150242996	400	0.3	43.92322847879013
Participant_7089	400	0.8	45.24654682956479	100	0.1	103.07733747046439
Participant_7090	100	0.2	16.31180554077322	400	0.4	24.191424100288103
Participant_7091	200	0.1	17.243839479651857	300	0.2	46.125237126761746
Participant_7092	100	0.2	29.471596495609123	250	0.4	44.65842585671824
Participant_7093	250	0.0	10.174723583468989	350	0.0	11.537439057260498
Participant_7094	100	0.4	11.02213681642539	200	0.5	48.88276792490376
Participant_7095	200	0.7	19.10006544491406	200	0.8	26.33604943798519
Participant_7096	100	0.8	13.750909060858486	150	0.5	86.69472302279995
Participant_7097	350	0.6	21.108055334397815	350	0.5	28.193084258377976
Participant_7098	100	0.7	25.823438965405053	100	0.6	39.58377192739469
Participant_7099	100	0.6	36.648669825793135	300	0.4	88.05523834502976
Participant_7100	400	0.4	22.4493875194848	200	0.5	53.25199526778316
Participant_7101	100	1.0	0.0	100	1.0	0.0
Participant_7102	400	0.7	17.526408645241613	400	0.7	17.526408645241613
Participant_7103	100	1.0	0.0	100	1.0	0.0
Participant_7104	100	0.8	17.932860898361977	100	0.8	17.932860898361977
Participant_7105	300	0.6	15.00041666087979	350	0.7	42.56612502918254
Participant_7106	100	0.1	28.78693279944913	100	0.2	58.436504002207386
Participant_7107	350	0.7	16.41264756216985	350	0.7	16.41264756216985
Participant_7108	100	0.5	21.274397758808593	200	0.4	35.260104934614134
Participant_7109	350	0.0	13.896492363182876	200	0.0	13.957077057894322
Participant_7110	100	0.1	30.658400153954545	100	0.2	39.38368951736239
Participant_7111	250	0.0	20.97081305052334	150	0.0	22.408982573959044
Participant_7112	400	0.5	19.56399754651385	400	0.6	35.84271195096711
Participant_7113	100	0.0	23.70970265524222	150	0.3	68.58534828955817
Participant_7114	250	1.0	0.0	250	1.0	0.0
Participant_7115	350	0.1	25.380356577479365	250	0.1	28.69952090192448
Participant_7116	300	0.0	14.2613989496122	300	0.1	20.555412912417985
Participant_7117	250	0.2	27.003471998985614	300	0.3	48.25686479662764
Participant_7118	200	0.8	10.71622601478711	200	0.9	16.827804372525847
Participant_7119	100	0.5	35.26825768307813	150	0.4	45.78100042594089
Participant_7120	100	0.9	8.454288852410945	100	0.9	8.454288852410945
Participant_7121	150	0.6	22.080534413822505	100	0.7	36.15038035761173
Participant_7122	300	0.1	15.166575091298629	200	0.1	15.324816475246939
Participant_7123	350	0.1	22.785137699825295	100	0.3	77.471849726207
Participant_7124	300	0.1	16.008591443346912	350	0.1	18.280112144076142
Participant_7125	100	1.0	0.0	100	1.0	0.0
Participant_7126	100	0.2	24.54231040468684	400	0.5	37.53664875824692
Participant_7127	100	0.8	13.659703510691585	100	0.8	13.659703510691585
Participant_7128	250	0.2	22.620510604316607	400	0.2	48.05725751642513
Participant_7129	150	0.6	26.880290177005158	300	0.5	37.01300447140167
Participant_7130	350	0.7	19.98436889171134	350	0.6	25.701167288666092
Participant_7131	200	0.6	16.099301227071937	200	0.5	40.99725600573775
Participant_7132	100	0.8	17.967679315927253	100	0.8	17.967679315927253
Participant_7133	150	0.5	19.357814959338775	350	0.6	47.95101667326773
Participant_7134	150	0.2	18.924851386470646	350	0.2	27.506135679153477
Participant_7135	350	0.3	23.16246964380094	100	0.4	37.10104445969143
Participant_7136	250	0.7	24.524732414442365	250	0.7	24.524732414442365
Participant_7137	300	0.8	17.081788548041448	300	0.7	28.64284378339553
Participant_7138	400	0.0	21.72038213291838	400	0.0	21.72038213291838
Participant_7139	400	0.5	31.76476034853718	200	0.3	68.17945071647321
Participant_7140	200	0.8	12.790132915650252	200	0.7	16.539724907023093
Participant_7141	400	1.0	0.0	400	1.0	0.0
Participant_7142	300	0.9	9.676001240181813	300	0.8	9.774328621445056
Participant_7143	250	0.9	7.8859051477937525	250	0.9	7.8859051477937525
Participant_7144	100	1.0	0.0	100	1.0	0.0
Participant_7145	400	0.2	23.916521486202797	300	0.2	51.2838912330178
Participant_7146	350	0.1	22.032078885116583	300	0.0	33.10419157750269
Participant_7147	150	0.6	17.714400921284355	250	0.6	49.97974589771341
Participant_7148	100	0.1	40.58863757260152	350	0.2	81.21168327279025
Participant_7149	350	0.1	19.947744233371353	350	0.1	19.947744233371353
Participant_7150	100	0.1	17.781661902083282	100	0.0	32.55226566615602
Participant_7151	250	0.9	12.784267675545596	250	0.8	17.247101205709903
Participant_7152	400	0.7	16.760817402501587	300	0.6	66.83945316951657
Participant_7153	350	1.0	5.5901699437494745	350	0.9	15.07149627608354
Participant_7154	150	0.9	13.736811857195978	150	0.9	13.736811857195978
Participant_7155	400	0.6	24.154709685690698	400	0.7	27.33450200753619
Participant_7156	300	0.6	33.128726205515356	300	0.5	57.58656527350802
Participant_7157	100	0.4	22.393916584644142	100	0.5	28.702787321094792
Participant_7158	100	0.2	19.807195662182973	400	0.3	36.373066958946424
Participant_7159	300	0.0	18.32723383383319	150	0.1	26.74672877194518
Participant_7160	100	0.7	21.60671192014185	150	0.5	66.18893412044041
Participant_7161	350	0.2	23.907896185151884	100	0.3	29.98978992924092
Participant_7162	150	0.6	16.772000476985447	250	0.4	53.41465154805374
Participant_7163	300	0.7	15.179344518127257	300	0.7	15.179344518127257
Participant_7164	100	0.9	14.542180029142811	100	0.9	14.542180029142811
Participant_7165	100	0.6	11.152354011597732	150	0.6	36.21187650481538
Participant_7166	200	1.0	0.0	200	1.0	0.0
Participant_7167	100	0.2	20.026856967582308	250	0.3	33.648551231813826
Participant_7168	400	0.7	21.23499470214203	400	0.6	35.24485778095863
Participant_7169	250	0.0	31.141210637995435	250	0.0	31.141210637995435
Participant_7170	200	0.5	16.941812181700044	350	0.5	33.38936956577647
Participant_7171	350	0.5	22.80021929719098	400	0.5	31.32890039564108
Participant_7172	350	0.9	11.108555261599053	350	0.9	11.108555261599053
Participant_7173	150	0.5	25.292785532637563	300	0.4	34.02168426165877
Participant_7174	300	0.2	20.555716966333236	350	0.2	26.792489619294432
Participant_7175	250	0.2	17.583728273605686	150	0.2	21.66564100136435
Participant_7176	300	0.7	18.07380701457222	300	0.8	30.525194512074776
Participant_7177	400	0.9	12.743135406955385	400	0.8	16.61324772583615
Participant_7178	400	0.1	26.75070092539633	200	0.1	41.950566146358504
Participant_7179	200	1.0	7.905694150420948	200	0.9	13.44154009033191
Participant_7180	150	0.7	20.694504101330864	200	0.7	24.694381952176897
Participant_7181	150	0.6	26.576305236055667	200	0.6	27.82422505659412
Participant_7182	300	0.8	8.762847710647492	300	0.9	14.269723192830336
Participant_7183	300	0.7	20.56483649339328	300	0.6	31.800353771617072
Participant_7184	100	1.0	14.79019945774904	100	0.8	37.77019327459154
Participant_7185	250	0.0	24.28528360962663	150	0.0	26.94276340689648
Participant_7186	150	0.7	20.754818717589416	150	0.6	42.44172475288911
Participant_7187	350	0.9	10.823585357911675	350	0.9	10.823585357911675
Participant_7188	200	0.8	17.743660839860528	200	0.7	22.85415717107065
Participant_7189	300	0.8	17.622074225243747	300	0.7	21.22292392673545
Participant_7190	100	0.4	19.143863246481885	200	0.3	30.572659354397025
Participant_7191	100	0.9	8.600872048809935	100	0.9	8.600872048809935
Participant_7192	400	0.6	27.33495930123182	150	0.3	65.86121772333092
Participant_7193	100	0.8	20.56301291153609	200	0.6	54.524650388608634
Participant_7194	250	0.8	14.446885477499986	250	0.8	14.446885477499986
Participant_7195	150	0.2	22.79034883453959	200	0.3	48.05920827479371
Participant_7196	100	0.0	28.033908040086025	100	0.0	28.033908040086025
Participant_7197	250	0.9	21.35269303858415	250	0.6	50.254104309996414
Participant_7198	100	0.0	19.897235988950825	350	0.1	45.69368118241296
Participant_7199	100	0.6	24.987496873436523	150	0.6	32.30789377226562
Participant_7200	350	0.9	7.723341245859851	350	0.9	7.723341245859851
Participant_7201	200	0.9	9.323357764239233	200	0.8	21.179884324518866
Participant_7202	300	0.0	24.205113096203455	400	0.1	82.98704718207534
Participant_7203	250	0.0	24.693622658492213	150	0.0	26.82652605165268
Participant_7204	400	1.0	0.0	400	1.0	0.0
Participant_7205	150	1.0	0.0	150	1.0	0.0
Participant_7206	100	0.0	31.05881517379567	200	0.1	61.63278348411663
Participant_7207	100	0.8	9.699871133164605	100	0.8	9.699871133164605
Participant_7208	100	0.5	24.471411892246838	100	0.4	36.77957993234833
Participant_7209	400	0.5	24.804233509624925	200	0.4	45.13341334310978
Participant_7210	350	0.6	21.40210270043577	350	0.7	26.727794521808192
Participant_7211	400	0.0	35.36276290110828	400	0.0	35.36276290110828
Participant_7212	250	0.9	6.199798383818623	250	0.9	6.199798383818623
Participant_7213	250	0.4	26.327267233801535	150	0.5	33.648551231813826
Participant_7214	400	0.1	18.5903200617956	300	0.3	38.34025299864361
Participant_7215	200	1.0	0.0	200	1.0	0.0
Participant_7216	100	1.0	0.0	100	0.9	19.110860786474273
Participant_7217	150	0.5	18.633974347948428	100	0.2	64.22480050572364
Participant_7218	400	0.7	21.116936330822234	400	0.7	21.116936330822234
Participant_7219	400	0.9	11.560168683890387	400	0.8	27.94637722496424
Participant_7220	100	0.5	42.19123131647144	100	0.3	73.76067719320369
Participant_7221	200	1.0	5.5901699437494745	200	0.9	8.406842451241726
Participant_7222	100	0.7	14.425671561490647	100	0.7	14.425671561490647
Participant_7223	150	0.2	31.135189095298585	100	0.4	81.19567414585583
Participant_7224	150	0.0	11.764884189825244	100	0.0	71.85680204406539
Participant_7225	100	1.0	0.0	100	1.0	0.0
Participant_7226	250	0.0	10.829358245066972	350	0.0	14.936950826724978
Participant_7227	100	0.4	17.50678439919793	100	0.5	21.825443867193172
Participant_7228	200	0.1	13.641847382227965	300	0.2	32.519801659911764
Participant_7229	300	0.8	13.106773058232145	300	0.7	25.795590708491247
Participant_7230	100	0.3	27.26054841708068	100	0.5	54.68180684651889
Participant_7231	250	0.7	19.305763388169865	250	0.5	50.26019797016323
Participant_7232	300	0.8	13.01105299351286	300	0.7	27.913482405461345
Participant_7233	300	0.9	13.08147545195113	300	0.8	14.42350512184885
Participant_7234	100	0.8	68.41299218715696	400	0.0	114.1129922489109
Participant_7235	300	1.0	0.0	300	1.0	0.0
Participant_7236	100	0.0	20.818261214616363	100	0.0	20.818261214616363
Participant_7237	100	0.3	16.826690108277386	350	0.4	29.080491742747405
Participant_7238	100	0.3	23.545434801676524	400	0.4	38.619619366327264
Participant_7239	350	0.2	21.65842792078871	350	0.3	35.92005011132362
Participant_7240	250	0.2	21.545011023436494	200	0.1	39.85724526356532
Participant_7241	400	0.4	19.24123176930209	400	0.3	31.132780152116194
Participant_7242	100	0.9	8.600872048809935	100	0.9	8.600872048809935
Participant_7243	250	0.5	32.24651143922394	200	0.5	33.38450239257731
Participant_7244	350	0.2	16.51779343617058	150	0.3	39.53100049328375
Participant_7245	300	0.6	21.564148487709872	350	0.5	46.272021784227235
Participant_7246	100	0.7	18.18240908130713	100	0.9	56.79106443799059
Participant_7247	350	0.9	16.229602582934678	350	0.9	16.229602582934678
Participant_7248	100	1.0	0.0	100	1.0	0.0
Participant_7249	400	1.0	0.0	400	1.0	0.0
Participant_7250	100	0.0	32.01015463880173	300	0.2	71.3970412552229
Participant_7251	100	0.8	58.941390380614536	400	0.1	111.85638113223581
Participant_7252	100	0.5	15.49516053482506	100	0.5	15.49516053482506
Participant_7253	200	0.9	8.332166584988565	200	0.9	8.332166584988565
Participant_7254	100	0.0	27.584415890136228	350	0.1	38.492369373682365
Participant_7255	150	0.2	25.26163098455838	350	0.2	36.95047360995526
Participant_7256	350	0.7	23.438749966668443	350	0.5	38.306004751213614
Participant_7257	250	0.2	13.935117509371782	150	0.2	16.827061537891872
Participant_7258	350	0.0	11.80518953680965	200	0.0	12.690547663517126
Participant_7259	100	0.5	17.715812146215594	100	0.4	22.449665921790462
Participant_7260	150	0.9	9.216832427683602	150	0.9	9.216832427683602
Participant_7261	250	0.5	22.963830255425595	200	0.4	50.948748757943015
Participant_7262	300	0.7	19.439971707798342	250	0.6	24.98449519201859
Participant_7263	150	0.6	20.464603587658374	250	0.4	48.61198411914494
Participant_7264	250	0.4	18.21743670223668	350	0.4	19.670409248411687
Participant_7265	250	0.0	26.94485108513313	100	0.0	77.9079585151607
Participant_7266	100	0.4	17.47104747861444	350	0.6	52.54093642104221
Participant_7267	300	0.2	18.028796410187788	150	0.2	20.961870145576228
Participant_7268	100	0.9	17.824842215290435	100	0.8	20.19498700172892
Participant_7269	400	0.5	19.595917942265423	200	0.3	45.2043969100352
Participant_7270	250	0.6	19.697081002016517	200	0.6	20.135478638463006
Participant_7271	300	0.4	20.554196651778927	400	0.5	30.170349683091178
Participant_7272	350	0.0	23.703638961138434	250	0.0	29.618828471092506
Participant_7273	100	0.5	22.996738899243955	100	0.6	31.454331975103205
Participant_7274	200	0.9	6.278933030380241	200	0.9	6.278933030380241
Participant_7275	100	0.1	41.47212919540061	100	0.2	43.958218799218876
Participant_7276	400	0.9	8.581229515634691	400	0.9	8.581229515634691
Participant_7277	250	0.0	28.827504227733623	250	0.0	28.827504227733623
Participant_7278	350	0.6	23.16894473211933	300	0.5	46.77031644109328
Participant_7279	400	0.1	27.14498111990502	300	0.3	44.860617472344266
Participant_7280	200	0.0	14.99333185119305	200	0.0	14.99333185119305
Participant_7281	300	0.5	27.544736339271793	250	0.4	35.925269657999785
Participant_7282	400	0.6	34.36495307722681	350	0.6	42.77031680967538
Participant_7283	250	0.9	5.562148865321747	250	0.9	5.562148865321747
Participant_7284	400	0.8	18.0208212909401	400	0.9	19.36201177563943
Participant_7285	300	0.0	13.588138209482564	150	0.1	23.961166499150245
Participant_7286	400	0.1	12.573782247199924	400	0.1	12.573782247199924
Participant_7287	150	0.6	21.33190099358236	100	0.6	35.04461442219046
Participant_7288	200	0.9	4.263214749458442	200	0.9	4.263214749458442
Participant_7289	250	0.2	18.98519159766369	350	0.2	25.818355873292937
Participant_7290	350	0.7	11.483684077855852	350	0.7	11.483684077855852
Participant_7291	200	0.4	9.261479363471043	350	0.4	11.594179574251902
Participant_7292	400	0.7	24.968480129955847	350	0.7	25.531842863373573
Participant_7293	100	0.6	19.055839000159505	100	0.7	35.802932840760405
Participant_7294	250	0.1	25.517885884218543	150	0.2	45.95541317407559
Participant_7295	150	0.9	9.871676655968834	150	0.9	9.871676655968834
Participant_7296	300	0.8	17.00845378039991	300	0.7	28.51162043798984
Participant_7297	250	0.2	27.801753541818186	400	0.1	34.93708631239875
Participant_7298	150	0.7	23.52153268815619	250	0.4	73.34422267636354
Participant_7299	100	0.2	27.65546962175837	100	0.2	27.65546962175837
Participant_7300	300	0.2	20.125543470922718	350	0.2	22.50749875041649
Participant_7301	100	0.7	17.940178371465542	150	0.6	35.42668485760416
Participant_7302	300	0.5	13.82796080410991	150	0.6	34.62369131100842
Participant_7303	400	0.7	13.817561289894828	400	0.7	13.817561289894828
Participant_7304	400	0.7	22.520546174549143	400	0.8	34.201608149325374
Participant_7305	250	0.9	16.611366590380214	250	0.9	16.611366590380214
Participant_7306	200	0.9	18.991445442619685	200	0.7	33.1257075396134
Participant_7307	350	0.7	19.055839000159505	350	0.7	19.055839000159505
Participant_7308	250	0.0	24.541291734544046	300	0.0	25.04271351111936
Participant_7309	350	1.0	0.0	350	0.9	13.996428115772966
Participant_7310	300	1.0	0.0	300	0.9	12.19118534023661
Participant_7311	400	0.9	13.1296420362476	400	0.8	22.825424421026653
Participant_7312	100	0.5	20.2817652091725	150	0.4	37.727973706521794
Participant_7313	400	0.8	14.0	400	0.7	27.85543035029256
Participant_7315	150	0.8	13.446189051177289	150	0.8	13.446189051177289
Participant_7316	150	1.0	11.180339887498949	150	0.9	17.17410841936198
Participant_7317	400	0.4	24.87920818675707	300	0.3	42.58785038012602
Participant_7319	100	1.0	0.0	100	1.0	0.0
Participant_7320	150	0.2	20.41812919931696	250	0.3	44.9969443406994
Participant_7321	300	1.0	0.0	300	1.0	0.0
Participant_7322	150	0.2	18.32075325962336	350	0.2	28.378468950949415
Participant_7323	250	1.0	0.0	250	1.0	0.0
Participant_7324	100	0.5	20.617953341687436	100	0.4	34.60834436953031
Participant_7325	100	0.4	23.026886459093856	150	0.6	55.924502679952376
Participant_7326	400	0.8	15.483862567202022	400	0.9	17.92030970714513
Participant_7327	100	0.9	12.902519133874593	100	0.9	12.902519133874593
Participant_7328	200	0.4	12.9238152261629	400	0.3	28.905016865589268
Participant_7329	400	0.9	15.037868864968866	400	0.9	15.037868864968866
Participant_7330	200	0.9	8.981926296736129	200	0.9	8.981926296736129
Participant_7331	300	0.0	12.334403106757943	300	0.0	12.334403106757943
Participant_7332	200	0.9	17.732033160356995	200	0.8	22.49638859906185
Participant_7333	400	0.1	21.60671192014185	300	0.2	39.89094508782664
Participant_7334	300	0.5	14.533151757275501	200	0.6	42.387350707492914
Participant_7335	350	0.0	17.302095248841972	250	0.0	22.743680440948864
Participant_7336	350	0.0	10.517247738833577	150	0.0	13.35711420928937
Participant_7337	300	0.5	22.692785197062083	300	0.3	61.08375397763304
Participant_7338	100	0.7	13.251415018781957	100	0.8	26.675597462849826
Participant_7339	350	0.1	16.670707843400052	300	0.2	27.86193640076009
Participant_7340	400	0.9	13.177158267244117	400	0.8	17.811513130556875
Participant_7341	400	0.9	6.974059076319902	400	0.9	6.974059076319902
Participant_7342	250	0.4	25.037471917108565	400	0.3	45.94017849334066
Participant_7343	400	0.6	24.968980756130197	400	0.6	24.968980756130197
Participant_7344	400	0.7	14.306467069126466	400	0.6	21.058252539087853
Participant_7345	350	0.9	9.664367542679656	350	0.9	9.664367542679656
Participant_7346	300	0.0	23.390970480080558	350	0.1	28.13649764984974
Participant_7347	300	0.6	18.741998292604766	200	0.6	36.40655847508798
Participant_7348	150	0.9	9.871676655968834	150	0.9	9.871676655968834
Participant_7349	350	0.2	26.605215654078055	200	0.2	27.6154395221224
Participant_7350	400	0.8	16.650825805346713	400	0.8	16.650825805346713
Participant_7351	250	0.0	20.64037305864407	250	0.0	20.64037305864407
Participant_7352	100	0.9	10.85011520676163	100	0.9	10.85011520676163
Participant_7353	100	0.1	45.4553352204117	100	0.1	45.4553352204117
Participant_7354	350	0.8	16.216503938888923	350	0.6	52.24270283972682
Participant_7355	100	0.0	17.808705736240352	100	0.0	17.808705736240352
Participant_7356	100	0.5	22.833090023034554	100	0.5	22.833090023034554
Participant_7357	350	0.9	12.43583531573171	350	0.9	12.43583531573171
Participant_7358	150	0.1	18.91791478995505	250	0.2	29.77729839995563
Participant_7359	200	0.9	23.279282634995432	200	0.7	33.63127264912822
Participant_7360	150	0.1	21.33981021471372	350	0.1	25.747087213896645
Participant_7361	150	0.7	15.51652345082493	150	0.8	19.288597668052493
Participant_7362	250	0.8	24.99924998874966	250	0.8	24.99924998874966
Participant_7363	150	0.1	22.75714173616713	150	0.1	22.75714173616713
Participant_7364	300	0.0	9.85583583467176	250	0.1	27.10926963236007
Participant_7365	400	0.1	17.337819932159867	300	0.2	39.623698716803304
Participant_7366	100	0.6	52.303202578809646	400	0.0	76.65197322965665
Participant_7367	200	0.8	16.653453095379348	200	0.6	43.90828509518448
Participant_7368	350	1.0	0.0	350	1.0	0.0
Participant_7369	100	0.7	19.50897229481861	200	0.4	75.77615060162398
Participant_7370	100	0.4	23.87964614478196	300	0.3	43.25765828151126
Participant_7371	250	0.2	30.152736194249435	150	0.2	33.8289816577443
Participant_7372	100	0.6	53.822625354027466	400	0.1	69.63727450151966
Participant_7373	350	0.1	18.280112144076142	200	0.1	19.133739833080202
Participant_7374	350	0.1	27.439251083074407	150	0.1	29.67132454070765
Participant_7375	250	0.0	41.09166582167241	200	0.0	46.27148149778652
Participant_7376	350	0.9	7.559761901012491	350	0.9	7.559761901012491
Participant_7377	100	1.0	0.0	100	1.0	0.0
Participant_7378	100	1.0	0.0	100	1.0	0.0
Participant_7379	400	0.2	22.599778759979046	250	0.2	45.91228049226046
Participant_7380	100	1.0	0.0	100	1.0	0.0
Participant_7381	300	0.5	20.24753071364506	100	0.5	37.6344257296428
Participant_7382	300	0.5	15.205673283350528	200	0.5	28.18731984421364
Participant_7383	100	1.0	0.0	100	1.0	0.0
Participant_7384	400	0.6	18.733659546388687	400	0.6	18.733659546388687
Participant_7385	300	0.1	18.808907464284044	150	0.1	22.56407542976224
Participant_7386	250	0.6	18.41806178727827	250	0.6	18.41806178727827
Participant_7387	250	0.0	24.566745816245177	250	0.0	24.566745816245177
Participant_7388	350	0.2	18.549595682925275	250	0.2	24.06631463269771
Participant_7389	400	0.2	36.32492257390234	200	0.4	60.00645798578683
Participant_7390	250	0.5	30.513726419432942	250	0.6	44.22075304650521
Participant_7391	100	0.5	24.007290559328016	100	0.6	35.45243292074608
Participant_7392	250	0.6	20.98749627754583	250	0.6	20.98749627754583
Participant_7393	200	0.1	16.427111736394806	400	0.0	59.270776947834925
Participant_7394	250	0.8	19.492626811181708	250	0.7	32.63759335490287
Participant_7395	400	0.7	36.73792318572186	400	0.5	64.76109943476871
Participant_7396	150	0.6	18.20164827701052	300	0.5	38.8260543965003
Participant_7397	300	0.9	9.676001240181813	300	0.9	9.676001240181813
Participant_7398	400	0.6	43.48505490395522	200	0.4	82.39857401678745
Participant_7399	400	0.1	34.6135811496008	400	0.2	50.23196193659969
Participant_7400	300	1.0	0.0	300	1.0	0.0
Participant_7401	300	1.0	11.180339887498949	300	0.8	23.569843020266386
Participant_7402	200	0.9	6.278933030380241	200	0.9	6.278933030380241
Participant_7403	250	0.4	22.67983686008345	200	0.4	22.738183744529817
Participant_7404	350	0.9	5.779273310719955	350	0.9	5.779273310719955
Participant_7405	250	0.0	21.558640959021513	300	0.1	30.455295106105932
Participant_7406	300	0.6	20.2178757538966	300	0.8	39.83450137757469
Participant_7407	250	1.0	0.0	250	1.0	0.0
Participant_7408	150	0.4	20.393626455341384	300	0.4	24.46885775838341
Participant_7409	100	0.9	13.284389334854652	100	0.9	13.284389334854652
Participant_7410	100	0.9	16.96245854821759	100	0.8	18.209544200775593
Participant_7411	150	0.2	25.848597640877927	350	0.4	52.885962220612
Participant_7412	400	0.6	37.67890656587582	400	0.5	51.710733895391584
Participant_7413	150	0.5	22.016471106878143	150	0.5	22.016471106878143
Participant_7414	400	0.0	20.71895267623342	400	0.0	20.71895267623342
Participant_7415	350	0.1	19.181045331263885	100	0.1	73.84908597944866
Participant_7416	350	1.0	0.0	350	1.0	0.0
Participant_7417	400	0.8	17.38533865071371	400	0.8	17.38533865071371
Participant_7418	300	0.5	16.39245253157684	350	0.6	20.169283576765935
Participant_7419	400	0.8	15.921683328090658	400	0.8	15.921683328090658
Participant_7421	100	0.2	24.64396477841989	200	0.2	40.297177320502236
Participant_7422	100	0.4	29.920519714737576	300	0.5	45.60660588116595
Participant_7423	200	0.0	21.472074888095936	300	0.0	23.417674948636556
Participant_7424	400	0.1	22.568783751013257	300	0.4	72.04148110637371
Participant_7425	150	1.0	0.0	150	1.0	0.0
Participant_7426	100	0.5	24.7002024283203	150	0.4	34.5094190040922
Participant_7427	300	0.2	23.23870693476726	400	0.4	59.17326254314528
Participant_7428	200	0.3	13.12202347201071	250	0.3	16.836715831776697
Participant_7429	100	0.6	26.112736356038983	150	0.5	36.550991778609784
Participant_7430	150	0.4	24.10186714758838	100	0.6	70.76810722352266
Participant_7431	300	0.9	20.05928712591751	300	0.7	41.89764313180397
Participant_7432	400	0.8	14.611639196202457	400	0.8	14.611639196202457
Participant_7433	100	0.0	31.971080682391705	100	0.0	31.971080682391705
Participant_7434	300	0.8	18.72264671460742	300	0.8	18.72264671460742
Participant_7435	150	0.2	14.6850263874465	250	0.1	35.034447334016846
Participant_7436	150	0.8	12.431814026923023	150	0.9	12.44789138770097
Participant_7437	100	0.1	34.49547071718257	250	0.4	82.51893722049503
Participant_7438	150	1.0	0.0	150	1.0	0.0
Participant_7439	150	0.1	32.65941671248891	300	0.3	58.69390939441673
Participant_7440	300	0.0	14.60778901819163	350	0.2	60.90227828250762
Participant_7441	350	0.9	7.723341245859851	350	0.9	7.723341245859851
Participant_7442	150	0.1	18.44959349145666	250	0.0	40.24642841296604
Participant_7443	200	0.0	15.404544783926593	100	0.0	75.35515908018508
Participant_7444	300	0.8	18.888819444316788	300	0.6	36.554924428864574
Participant_7445	400	0.7	13.72679860710428	400	0.7	13.72679860710428
Participant_7446	250	1.0	0.0	250	1.0	0.0
Participant_7447	200	0.3	15.031217515557413	250	0.3	23.552600705654566
Participant_7448	350	0.1	20.625530296212993	200	0.0	33.35116189880047
Participant_7449	200	1.0	0.0	200	1.0	0.0
Participant_7450	250	0.1	14.617198774046962	100	0.1	55.14696274501434
Participant_7451	350	0.1	16.137301509236295	150	0.1	17.899371497345932
Participant_7452	400	0.5	16.36306817195357	400	0.7	63.054936365046
Participant_7453	250	1.0	0.0	250	1.0	0.0
Participant_7454	400	0.8	20.518284528683193	400	0.8	20.518284528683193
Participant_7455	400	0.5	18.103866990231673	150	0.5	42.964811183106576
Participant_7456	100	0.5	32.03669770747291	200	0.6	80.16662335411165
Participant_7457	200	0.0	14.825653442597396	300	0.0	17.346109073795194
Participant_7458	150	0.1	15.01291111010786	250	0.1	16.429013969194866
Participant_7460	150	0.4	22.014767770748797	100	0.4	25.597607310059274
Participant_7461	100	0.6	18.32007096056126	100	0.6	18.32007096056126
Participant_7462	350	1.0	0.0	350	1.0	0.0
Participant_7463	300	0.8	11.802012540240753	300	0.6	45.92126413765196
Participant_7464	200	0.8	17.531043893619113	200	0.7	22.85415717107065
Participant_7466	250	0.0	17.09605217586797	200	0.0	20.057417580536136
Participant_7467	250	0.0	41.725591667464705	300	0.1	47.5265715153113
Participant_7468	250	0.2	27.325583250865844	350	0.3	52.81098370604357
Participant_7469	250	0.4	14.295978455495797	400	0.6	50.86452594883786
Participant_7470	350	1.0	0.0	350	1.0	0.0
Participant_7471	400	1.0	0.0	400	0.9	23.97681171465464
Participant_7472	300	0.1	24.161436215589504	250	0.1	25.73737554608084
Participant_7473	400	0.6	21.643705782513308	350	0.5	37.31420640989166
Participant_7474	100	0.5	34.96569747624091	250	0.4	52.85002365183955
Participant_7475	150	0.2	19.219781476385208	350	0.3	35.25265947414464
Participant_7476	250	0.8	19.26687571974242	250	0.8	19.26687571974242
Participant_7477	300	0.1	12.248469292119731	350	0.2	48.57043854033027
Participant_7478	400	0.7	30.470067279216828	400	0.6	34.51014343638693
Participant_7479	250	0.9	10.353139620424328	250	0.9	10.353139620424328
Participant_7480	200	0.8	20.42883990832568	200	0.7	27.291253177529242
Participant_7481	400	0.9	16.159749379244715	400	0.8	34.79942528261063
Participant_7482	350	0.1	24.60513157859555	150	0.1	27.91303458959631
Participant_7483	250	0.9	17.455300054711177	250	0.8	20.030289563558487
Participant_7484	250	1.0	0.0	250	1.0	0.0
Participant_7485	400	0.8	18.76832437912346	400	0.8	18.76832437912346
Participant_7486	300	1.0	0.0	300	1.0	0.0
Participant_7487	100	0.5	27.089665926326962	300	0.4	50.484898732195155
Participant_7488	100	0.1	59.85346690042274	100	0.0	67.82071954793756
Participant_7489	200	0.3	26.142637586900065	350	0.5	62.44877901128252
Participant_7490	250	0.7	18.342914163240255	250	0.7	18.342914163240255
Participant_7491	150	0.1	33.32247739889698	150	0.1	33.32247739889698
Participant_7492	100	0.1	32.53747839031168	150	0.3	49.220930507254735
Participant_7493	100	0.7	19.380402472601027	150	0.6	47.434691945874384
Participant_7494	350	0.0	11.698824727296328	350	0.0	11.698824727296328
Participant_7495	400	0.1	31.013706647222936	150	0.2	36.11647823362627
Participant_7496	400	0.0	53.926106850022094	400	0.1	57.5160847068018
Participant_7497	350	1.0	0.0	350	1.0	0.0
Participant_7498	250	0.5	19.100719881721734	200	0.7	42.48308486915704
Participant_7499	250	1.0	0.0	250	1.0	0.0
Participant_7500	400	0.7	25.80552266473206	300	0.6	54.726707374005244
Participant_7501	100	0.7	27.692056622793476	100	0.7	27.692056622793476
Participant_7502	200	0.0	13.501851724856113	300	0.0	14.862284481196017
Participant_7503	400	0.8	73.38937252763509	100	0.0	109.98136205739588
Participant_7504	100	0.9	22.726086332670658	100	0.7	50.97156069809909
Participant_7505	100	0.5	19.39974226632921	150	0.4	39.09475668168303
Participant_7506	200	0.8	9.345453440042382	200	0.7	19.552813096841078
Participant_7507	200	0.1	14.869431730903505	400	0.2	69.40461079784254
Participant_7508	200	0.7	26.288067635336	250	0.6	37.93711902609369
Participant_7509	300	0.6	21.708581252583045	300	0.6	21.708581252583045
Participant_7510	100	0.8	20.22591159873888	100	0.7	22.007953107910787
Participant_7511	400	0.6	74.40396494811282	100	0.0	87.29776629444764
Participant_7512	150	0.1	29.097035931517148	250	0.0	39.50980890867482
Participant_7513	350	0.7	15.949137907736581	400	0.6	40.98414327517412
Participant_7514	400	0.5	16.401219466856727	200	0.2	83.65173339507078
Participant_7515	250	0.0	12.084080436673698	250	0.0	12.084080436673698
Participant_7516	100	0.2	21.238526314224345	400	0.2	52.22068555658763
Participant_7517	100	0.9	11.246110438725026	100	0.9	11.246110438725026
Participant_7518	100	0.7	17.265572680916208	100	0.7	17.265572680916208
Participant_7519	250	0.9	5.562148865321747	250	0.9	5.562148865321747
Participant_7520	100	0.4	30.927132101117945	400	0.5	73.53740544783994
Participant_7521	150	0.2	21.11042396542523	350	0.3	44.96109429273269
Participant_7522	350	1.0	0.0	350	1.0	0.0
Participant_7523	300	0.7	25.08311184841307	250	0.7	41.14258742471115
Participant_7524	100	0.5	19.71927990571664	100	0.6	44.784204804819296
Participant_7525	300	0.1	20.6766776828387	200	0.0	22.826519664635693
Participant_7526	250	0.0	30.410113449311563	350	0.1	52.97794352369672
Participant_7527	200	0.8	12.493498309120628	200	0.8	12.493498309120628
Participant_7528	400	0.4	25.004499595072883	400	0.6	47.31226056742586
Participant_7529	300	0.2	29.04802058660796	150	0.2	33.736478772984
Participant_7530	100	0.7	12.118168178400563	100	0.7	12.118168178400563
Participant_7531	200	0.1	14.136831328130077	250	0.1	16.693187233119986
Participant_7532	150	0.6	11.403946685248927	200	0.4	53.32236866456703
Participant_7533	400	0.0	11.424753826669527	400	0.0	11.424753826669527
Participant_7534	100	0.3	15.350488591572581	350	0.3	27.4135003237456
Participant_7535	150	0.8	12.280065146407	150	0.8	12.280065146407
Participant_7536	250	0.0	27.654565626673655	350	0.1	42.710215405684856
Participant_7537	350	0.2	26.01129562324799	400	0.2	36.565010597564445
Participant_7538	100	0.1	22.1909328330289	100	0.2	40.89407047482557
Participant_7539	350	0.8	19.949310765036472	350	0.7	23.730254950168572
Participant_7540	400	0.7	33.104757966189695	400	0.6	40.22996395722969
Participant_7541	100	1.0	9.682458365518542	100	0.8	35.36011170796834
Participant_7542	350	1.0	0.0	350	1.0	0.0
Participant_7543	250	0.7	16.776844160926093	250	0.6	19.084679719607557
Participant_7544	350	0.1	22.145259086314613	300	0.1	22.3891714898073
Participant_7545	100	0.2	39.22467335746724	150	0.5	85.85438253228544
Participant_7546	350	0.2	16.965774370773648	300	0.3	20.975581040819822
Participant_7547	250	0.0	21.616544589734964	400	0.1	91.29266126036637
Participant_7548	300	1.0	0.0	300	1.0	0.0
Participant_7549	300	1.0	0.0	300	1.0	0.0
Participant_7550	350	0.6	15.907545379473227	250	0.6	42.03242795747112
Participant_7551	200	0.3	25.366069857193093	200	0.2	53.70160612123254
Participant_7552	400	0.5	36.830693721405794	350	0.4	56.82803005559845
Participant_7553	400	0.1	23.54463845549555	150	0.2	40.195148961037575
Participant_7554	100	0.8	13.099141193223318	100	0.8	13.099141193223318
Participant_7555	150	0.2	10.032447358446493	300	0.1	35.10733541583582
Participant_7556	350	0.1	19.66373565729564	200	0.2	30.250826434991822
Participant_7557	150	0.8	15.954623154433953	150	0.8	15.954623154433953
Participant_7558	100	0.8	20.894676355473898	100	0.8	20.894676355473898
Participant_7559	350	0.6	25.358430550804993	300	0.6	27.454735474959506
Participant_7560	350	0.6	16.97203582367183	350	0.4	50.231215394413866
Participant_7561	100	0.2	25.97739401864629	300	0.3	41.742963478890665
Participant_7562	150	0.6	18.304371062672434	200	0.6	23.567721569977866
Participant_7563	250	0.0	21.38398933782001	150	0.0	24.58988613231058
Participant_7564	350	0.5	22.217110523198105	200	0.6	46.69515499492426
Participant_7565	250	0.7	37.983055432653124	250	0.7	37.983055432653124
Participant_7566	100	0.2	19.807195662182973	100	0.5	70.73789649120195
Participant_7567	300	0.0	8.493379774859948	300	0.0	8.493379774859948
Participant_7568	100	0.8	20.164014977181502	100	0.7	27.44266750882647
Participant_7569	200	0.0	15.725775020646836	100	0.0	74.45401265210626
Participant_7570	100	0.1	53.618443655145384	100	0.2	61.55140128380506
Participant_7571	350	1.0	0.0	350	1.0	0.0
Participant_7572	300	1.0	0.0	300	0.9	12.19118534023661
Participant_7573	100	0.8	21.4845874989491	100	0.9	41.99970237989788
Participant_7574	350	0.1	19.88498177017017	150	0.2	32.336511871257855
Participant_7575	100	0.4	22.918060563668995	200	0.4	31.19735565717069
Participant_7576	150	0.7	26.75373805657819	150	0.6	49.25748674059609
Participant_7577	350	0.4	29.570678044305982	350	0.4	29.570678044305982
Participant_7578	100	0.2	27.925346909214934	200	0.3	43.13858481684349
Participant_7579	150	0.5	19.867687333960138	350	0.4	27.054112441549435
Participant_7580	200	0.0	17.49428478103635	100	0.0	76.50751597065481
Participant_7581	150	0.9	14.31607488105591	150	0.7	35.135630064081674
Participant_7582	250	0.8	17.138042478649655	250	0.8	17.138042478649655
Participant_7583	400	0.2	20.663978319771825	150	0.4	31.19935896777368
Participant_7584	100	0.1	52.642069678157604	100	0.1	52.642069678157604
Participant_7585	350	0.1	14.634291920007609	150	0.3	60.302985000744364
Participant_7586	100	0.8	19.914504764116028	100	0.6	38.91497141204141
Participant_7587	200	0.9	7.544865803975575	200	0.9	7.544865803975575
Participant_7588	100	0.4	39.45234467050089	300	0.5	61.00174177841154
Participant_7589	100	0.0	23.417941839538333	100	0.1	26.14741861063918
Participant_7590	250	0.9	8.120190884455857	250	0.9	8.120190884455857
Participant_7591	100	0.4	13.70173346697417	100	0.4	13.70173346697417
Participant_7592	350	0.2	18.243834575000946	350	0.3	32.446109165815244
Participant_7593	300	0.2	19.749367078466086	250	0.3	39.39828676478204
Participant_7594	350	0.1	29.03295541277188	150	0.0	36.22378362347037
Participant_7595	350	0.7	20.781602440620407	400	0.8	30.40970239906994
Participant_7596	400	0.3	31.272991542223778	200	0.5	62.366056473052716
Participant_7597	350	0.5	20.367866849525505	150	0.6	38.161498922343185
Participant_7598	150	0.7	19.893780435100815	200	0.5	50.85051622156849
Participant_7599	350	0.6	23.781295170784958	350	0.4	49.64297533387781
Participant_7600	400	0.9	9.994373417078231	400	0.9	9.994373417078231
Participant_7601	400	0.6	37.362414268887925	100	0.2	49.17900975009562
Participant_7602	250	0.0	19.423568158296764	150	0.0	19.897550100452065
Participant_7603	100	0.4	17.146063688205523	100	0.6	53.297514013319606
Participant_7604	250	0.4	20.202103850836924	100	0.4	36.024123861656925
Participant_7606	150	1.0	0.0	150	1.0	0.0
Participant_7607	300	0.1	23.664847347912474	150	0.1	25.057683452386417
Participant_7608	400	0.4	18.206454899293274	100	0.3	23.008422370949297
Participant_7609	400	0.2	29.92908284595437	150	0.3	49.17011287357392
Participant_7610	250	0.7	27.183864699486715	250	0.5	48.78357817954726
Participant_7611	100	0.9	15.619699100814971	100	0.9	15.619699100814971
Participant_7612	100	0.5	40.94325341249764	200	0.3	49.11402549170654
Participant_7613	400	0.6	22.933599804653433	400	0.8	46.230401252855245
Participant_7614	300	0.1	14.27497810856465	400	0.2	77.33530888281238
Participant_7615	100	0.9	6.536436337944401	100	0.9	6.536436337944401
Participant_7616	100	0.8	14.631729221113956	100	0.8	14.631729221113956
Participant_7617	150	0.5	16.385206742668828	150	0.4	30.11893092392225
Participant_7618	300	0.1	14.748728758777823	250	0.2	37.37228250990298
Participant_7619	100	0.4	12.951351280850968	350	0.4	25.824891093671624
Participant_7620	150	0.7	19.481080565512787	150	0.8	34.45359197529337
Participant_7621	350	0.1	14.972057306863341	350	0.0	24.73585454355681
Participant_7622	400	0.5	19.817921182606415	400	0.5	19.817921182606415
Participant_7623	150	0.1	16.85637861463725	200	0.1	20.91291467012669
Participant_7624	300	0.3	15.928747596719587	400	0.5	56.293871780150276
Participant_7625	300	0.1	18.0284497392316	300	0.1	18.0284497392316
Participant_7626	300	0.6	22.248876376122908	300	0.6	22.248876376122908
Participant_7627	400	0.6	52.994811066745015	100	0.1	66.4544016600857
Participant_7628	350	0.8	10.45107649957649	350	0.8	10.45107649957649
Participant_7629	250	0.3	20.086687133522044	300	0.2	37.89838387055575
Participant_7630	200	0.8	13.868579595618291	200	0.7	19.711988737821457
Participant_7631	400	0.6	15.197039185315013	400	0.7	35.120150910837495
Participant_7632	400	0.0	20.56757156302124	400	0.2	34.70590727815655
Participant_7633	350	0.0	13.204639336233308	250	0.0	18.33098469804609
Participant_7634	150	0.6	20.707486568871655	300	0.5	33.57770837922088
Participant_7635	400	0.0	15.86741944992947	200	0.2	42.427732675692205
Participant_7636	100	0.9	19.65896741947552	100	0.8	27.88973825621173
Participant_7637	150	0.6	14.49310180741169	150	0.6	14.49310180741169
Participant_7638	250	0.0	10.886918756011731	350	0.1	31.747637707394862
Participant_7639	200	0.7	19.067314965668345	200	0.8	23.607996526600896
Participant_7640	200	0.0	16.949926253526886	350	0.0	16.973876987889362
Participant_7641	300	0.9	15.243851219426146	300	0.8	21.372587583163625
Participant_7642	200	1.0	0.0	200	1.0	0.0
Participant_7643	350	0.7	22.346699980086544	350	0.8	31.84689937811843
Participant_7644	250	0.4	15.592466129512676	200	0.5	36.99020140523704
Participant_7645	100	0.9	10.734290847559516	100	0.8	17.002573334645554
Participant_7646	300	1.0	0.0	300	0.9	12.19118534023661
Participant_7647	100	0.7	18.45535152740256	100	0.8	26.534647161776995
Participant_7648	350	1.0	0.0	350	1.0	0.0
Participant_7649	100	0.1	49.53471005264894	100	0.2	66.00056817937252
Participant_7650	200	0.9	7.948270252073717	200	0.8	12.443371729559477
Participant_7651	150	0.5	23.36610793435655	150	0.4	40.30694729199918
Participant_7652	150	0.1	13.933323365227693	300	0.1	16.008591443346912
Participant_7653	350	0.1	30.66614582891042	100	0.3	76.39952552208685
Participant_7654	250	0.0	29.30059726353714	150	0.0	31.17952052229155
Participant_7655	400	0.5	32.77193921634788	200	0.5	64.17378748367591
Participant_7656	150	0.2	12.475976915656746	100	0.3	41.525745026429085
Participant_7657	100	0.5	24.445858544956035	400	0.4	51.26134020877722
Participant_7658	100	0.5	13.512956745287095	300	0.3	52.71361304255287
Participant_7659	400	0.4	16.665083258117853	400	0.5	34.24543765233553
Participant_7660	100	0.9	16.58990656995994	100	0.9	16.58990656995994
Participant_7661	350	0.9	16.306440445419103	350	0.8	32.46883120779065
Participant_7662	150	0.7	33.64539344397684	200	0.7	33.853544866084555
Participant_7663	100	0.2	22.018742016745644	250	0.4	47.44075252354246
Participant_7664	100	0.2	33.76129440646493	150	0.2	45.76461515188345
Participant_7665	200	0.7	19.001644665659864	200	0.8	24.694888134996685
Participant_7666	400	0.2	31.316928329579195	400	0.2	31.316928329579195
Participant_7667	200	1.0	0.0	200	1.0	0.0
Participant_7668	200	0.9	13.112017388640087	200	0.9	13.112017388640087
Participant_7669	250	0.0	13.866326117613129	300	0.0	17.38210286472842
Participant_7670	100	0.2	26.216883872802274	100	0.2	26.216883872802274
Participant_7671	100	0.2	21.031523958096805	200	0.2	60.11540983807729
Participant_7672	150	0.9	23.84743172754668	100	0.7	49.05965756097366
Participant_7673	300	0.7	15.784882007794673	300	0.6	19.235708980955184
Participant_7674	150	0.2	22.263198332674484	100	0.1	37.24832210986154
Participant_7675	350	0.7	18.079684731764544	350	0.6	38.91400776070231
Participant_7676	400	0.6	28.739345851984872	400	0.5	30.826125283596703
Participant_7677	200	0.1	23.261556267799453	300	0.1	24.749242412647703
Participant_7678	100	0.7	22.429890771022492	100	0.5	57.86924917432401
Participant_7679	150	0.7	17.161366495707735	150	0.7	17.161366495707735
Participant_7680	400	1.0	0.0	400	1.0	0.0
Participant_7681	350	0.1	18.65241271256885	250	0.1	22.470258120457807
Participant_7682	100	0.1	20.18508112443445	100	0.0	22.932509675131502
Participant_7683	150	0.8	26.590411805761864	150	0.8	26.590411805761864
Participant_7684	350	0.7	23.571699132646334	400	0.7	23.60455464523743
Participant_7685	400	0.2	28.97412638890084	250	0.4	59.670972842748256
Participant_7686	300	0.5	14.533151757275501	350	0.5	21.239114859146085
Participant_7687	200	0.1	16.503030024816656	250	0.0	22.962469379402556
Participant_7688	300	0.8	10.690533195308829	300	0.8	10.690533195308829
Participant_7689	200	0.0	20.761743664731053	150	0.0	22.713707315187452
Participant_7690	400	0.8	91.47267351509957	100	0.0	95.85614221321448
Participant_7691	250	1.0	0.0	250	1.0	0.0
Participant_7692	100	0.6	20.509144301993683	250	0.4	61.150429270774545
Participant_7693	150	0.1	18.21091705543683	150	0.1	18.21091705543683
Participant_7694	150	0.8	16.531787562148264	150	0.6	48.10197501142755
Participant_7695	400	1.0	0.0	400	0.9	23.97681171465464
Participant_7696	400	0.2	17.051392904979934	400	0.5	74.13838412050805
Participant_7697	100	0.6	25.458299236201935	100	0.7	33.62439590535419
Participant_7698	400	0.6	26.285927794163936	400	0.4	47.947627678541096
Participant_7699	300	0.3	13.600551459407813	250	0.3	13.637265121717038
Participant_7700	350	0.9	8.994442728707543	350	0.9	8.994442728707543
Participant_7701	300	0.3	24.39210937987939	250	0.3	24.412599206147632
Participant_7702	150	0.8	14.432601983010548	150	0.9	17.24673882216577
Participant_7703	400	0.8	9.0	400	0.9	18.093852547205085
Participant_7704	200	0.7	15.035374953754895	200	0.7	15.035374953754895
Participant_7705	400	0.2	32.18307008350819	400	0.2	32.18307008350819
Participant_7706	400	0.7	15.07232563342499	400	0.7	15.07232563342499
Participant_7707	400	0.5	22.254213084267885	100	0.4	41.731133461721356
Participant_7708	350	0.1	27.072356750013473	250	0.1	30.24752055954339
Participant_7709	150	0.0	10.531500367943782	150	0.0	10.531500367943782
Participant_7710	400	0.6	40.49320930724064	100	0.1	71.080500138927
Participant_7711	350	0.0	14.207832346983828	150	0.0	16.53518974792851
Participant_7712	400	0.0	18.419419100503685	400	0.1	22.706827167175955
Participant_7713	100	0.0	42.949388819865646	100	0.0	42.949388819865646
Participant_7714	350	0.9	7.134423592694787	350	0.9	7.134423592694787
Participant_7715	250	0.0	31.361202145325997	300	0.0	36.856308822235576
Participant_7716	400	1.0	0.0	400	1.0	0.0
Participant_7717	100	0.2	29.767011942753005	250	0.3	54.38037329772571
Participant_7718	150	0.2	26.351470547200964	300	0.3	43.04038800940344
Participant_7719	150	0.1	15.137288396539189	400	0.1	62.63465494436766
Participant_7720	250	1.0	0.0	250	1.0	0.0
Participant_7721	150	0.7	15.953447903196349	150	0.9	33.98455531561359
Participant_7722	150	0.1	15.260652017525333	100	0.2	58.70327929511264
Participant_7723	300	1.0	0.0	300	1.0	0.0
Participant_7724	200	1.0	0.0	200	1.0	0.0
Participant_7725	400	0.1	24.456083087853624	250	0.3	47.007712133223414
Participant_7726	350	0.7	20.015618901248097	300	0.7	25.576600634173417
Participant_7727	100	0.7	23.143033509028154	100	0.6	31.05438777371082
Participant_7728	400	0.8	14.352700094407323	400	0.8	14.352700094407323
Participant_7729	400	0.4	19.531384999533444	150	0.3	25.376169923769034
Participant_7730	200	0.0	13.594116374373144	300	0.0	13.770893217217248
Participant_7731	300	0.4	20.24783939090786	250	0.5	40.72575966142314
Participant_7732	100	0.7	24.558094388612485	100	0.7	24.558094388612485
Participant_7733	350	0.2	25.03172986431421	200	0.4	60.58692103086276
Participant_7734	250	0.2	16.931848688197046	300	0.1	24.213116280231258
Participant_7735	100	0.9	14.882036151011057	100	0.9	14.882036151011057
Participant_7736	200	0.5	26.306368050340968	300	0.6	40.171662898117624
Participant_7737	400	0.0	18.317341510164624	150	0.2	51.41157457226923
Participant_7738	150	0.1	20.288851618561363	200	0.1	24.619098277556798
Participant_7739	250	0.0	20.427310150874	200	0.0	25.515681452785067
Participant_7740	300	0.5	15.040362362656028	400	0.3	57.089841478147406
Participant_7741	200	0.3	21.672274915199836	300	0.3	28.19530102694419
Participant_7742	250	0.9	15.155444566227676	250	0.7	32.96153060766444
Participant_7743	100	0.5	29.834543737084367	350	0.4	47.08423302975212
Participant_7744	150	0.5	24.07747910392614	350	0.5	43.97271881519268
Participant_7745	250	0.9	9.730750228014282	250	0.9	9.730750228014282
Participant_7746	150	0.8	13.306013678032953	150	0.8	13.306013678032953
Participant_7747	150	0.8	12.631310304160849	150	0.9	26.878430013674535
Participant_7748	400	0.0	15.059050434871384	150	0.2	59.96373904285823
Participant_7749	200	1.0	0.0	200	1.0	0.0
Participant_7750	200	0.2	25.27572946523997	400	0.2	39.15673632978111
Participant_7751	150	0.2	26.914680009244027	300	0.1	38.84295302883137
Participant_7752	300	0.9	7.0622234459127675	300	0.9	7.0622234459127675
Participant_7753	400	0.5	32.657311585615865	350	0.4	44.89626933276305
Participant_7754	100	0.7	15.671630419327785	100	0.6	30.341802846897547
Participant_7755	300	0.9	15.925608308632986	300	0.8	18.007984340286395
Participant_7756	400	1.0	0.0	400	1.0	0.0
Participant_7757	150	0.3	21.099763031844695	200	0.2	30.640863238492482
Participant_7758	100	0.6	18.99012901483294	100	0.5	34.18844834150857
Participant_7759	300	1.0	0.0	300	1.0	0.0
Participant_7760	350	0.8	17.225707532638538	350	0.8	17.225707532638538
Participant_7761	350	0.6	25.774017925034503	350	0.6	25.774017925034503
Participant_7762	250	0.0	11.927908450352895	250	0.0	11.927908450352895
Participant_7763	250	1.0	0.0	250	0.9	9.858372076565177
Participant_7764	150	1.0	0.0	150	1.0	0.0
Participant_7765	350	0.6	15.94678651014053	350	0.6	15.94678651014053
Participant_7766	350	0.8	23.1133078549999	400	0.8	25.367301787931645
Participant_7767	300	0.1	12.35010121416015	250	0.1	14.48835739481878
Participant_7768	400	0.1	14.683323874382122	400	0.0	19.539063437125126
Participant_7769	100	1.0	0.0	100	1.0	0.0
Participant_7770	300	0.1	17.285109198382287	150	0.0	23.9460330743946
Participant_7771	250	1.0	0.0	250	1.0	0.0
Participant_7772	400	0.8	15.362291495737216	400	0.8	15.362291495737216
Participant_7773	150	0.5	23.258869276041775	200	0.5	27.102121688163088
Participant_7774	350	0.2	16.403886734551662	400	0.3	40.749233121618374
Participant_7775	250	0.0	14.178328533363867	400	0.1	81.61249904273242
Participant_7776	100	0.6	26.4220551812307	100	0.6	26.4220551812307
Participant_7777	200	0.5	16.53103142577619	150	0.7	50.52981792961459
Participant_7778	100	0.5	27.342274960214997	200	0.4	45.77963521042954
Participant_7779	250	0.6	20.22931041830146	250	0.7	31.84277783108754
Participant_7780	100	0.2	37.89558021722322	100	0.2	37.89558021722322
Participant_7781	200	0.0	13.26838347350573	200	0.2	53.409853959732935
Participant_7782	400	0.6	47.667599058479965	100	0.1	59.096848477731875
Participant_7783	350	0.1	21.369663076426825	150	0.0	28.100934148173796
Participant_7784	150	0.8	19.73702105182036	200	0.7	46.80878656833565
Participant_7785	400	0.7	30.897815456760046	250	0.6	53.80961809936956
Participant_7786	350	0.6	17.045527272572123	350	0.5	28.148712226316857
Participant_7787	400	0.4	18.103176516843668	250	0.5	57.34620737241479
Participant_7788	350	0.7	19.34877257088935	350	0.8	26.701591712854874
Participant_7789	200	0.0	15.685981002156034	150	0.0	17.418739908500847
Participant_7790	200	1.0	0.0	200	1.0	0.0
Participant_7791	350	0.6	21.16719159454083	350	0.6	21.16719159454083
Participant_7792	150	0.8	14.647525388269516	150	0.8	14.647525388269516
Participant_7793	300	0.1	20.767161577837257	300	0.1	20.767161577837257
Participant_7794	350	0.0	14.251754277982764	200	0.0	15.404544783926593
Participant_7795	350	0.6	21.343617312911135	350	0.5	21.733614517608434
Participant_7796	100	0.1	22.331312097590683	250	0.1	53.020397018506
Participant_7797	300	0.1	25.73956099081723	200	0.1	27.085051227568318
Participant_7798	350	0.4	15.105462588083823	350	0.5	36.31253227193058
Participant_7799	100	0.2	21.675446938875332	250	0.3	42.8044974272564
Participant_7800	100	0.8	13.521741751712314	100	0.7	29.20787565024201
Participant_7801	100	1.0	13.693063937629153	100	0.9	13.837449186898574
Participant_7802	300	0.2	34.641557413026334	250	0.1	38.63175507273776
Participant_7803	250	0.5	19.198632763819408	350	0.5	27.40620367726986
Participant_7804	250	0.0	18.901719498500658	300	0.0	23.550743088064124
Participant_7805	150	0.5	22.326553697335378	150	0.5	22.326553697335378
Participant_7806	100	0.7	16.487874332369227	100	0.7	16.487874332369227
Participant_7807	100	0.2	29.02283583663044	150	0.3	38.76467464070865
Participant_7808	300	0.8	16.371850842223065	300	0.8	16.371850842223065
Participant_7809	200	1.0	0.0	200	1.0	0.0
Participant_7810	200	0.6	16.746268241014175	250	0.7	31.645892308481365
Participant_7811	100	0.9	10.135334232278677	100	0.9	10.135334232278677
Participant_7812	300	0.9	7.8182478855559445	300	0.9	7.8182478855559445
Participant_7813	350	0.5	18.40108692441835	150	0.4	46.039656818877354
Participant_7814	150	1.0	0.0	150	1.0	0.0
Participant_7815	100	0.7	18.387495751189178	100	0.8	24.425140736544385
Participant_7816	300	1.0	0.0	300	1.0	0.0
Participant_7817	150	0.1	21.946241136012336	400	0.2	72.27205545714055
Participant_7818	100	0.7	58.82686461133213	400	0.0	101.94005591522892
Participant_7819	150	0.2	26.658019431308094	200	0.2	31.28677835763855
Participant_7820	350	0.2	22.171772594900933	350	0.2	22.171772594900933
Participant_7821	350	0.2	13.241506711851185	400	0.4	51.770889503658324
Participant_7822	100	0.0	19.193748982416125	250	0.1	66.35067821808606
Participant_7823	200	0.0	13.548062592119953	300	0.0	15.799920885877878
Participant_7824	150	0.9	16.731706428215862	150	0.8	23.865246698913463
Participant_7825	400	0.6	26.920252599112068	400	0.6	26.920252599112068
Participant_7826	350	1.0	0.0	350	1.0	0.0
Participant_7827	250	0.9	11.442792491345807	250	0.9	11.442792491345807
Participant_7828	100	1.0	0.0	100	1.0	0.0
Participant_7829	150	0.5	22.824876779514057	400	0.5	54.58021619598075
Participant_7830	400	0.7	22.128601401805764	400	0.7	22.128601401805764
Participant_7831	250	0.4	14.598801320656433	250	0.4	14.598801320656433
Participant_7832	100	0.6	17.15735993677349	400	0.2	72.28070281894055
Participant_7833	250	0.0	30.100249168403906	300	0.0	35.63197300178591
Participant_7834	350	0.5	21.41494805036893	300	0.5	32.17083306350646
Participant_7835	200	1.0	0.0	200	1.0	0.0
Participant_7836	200	0.6	23.85765076448224	200	0.6	23.85765076448224
Participant_7837	150	0.7	18.425864972912397	150	0.6	42.29420764123617
Participant_7838	250	0.0	16.53859123383851	200	0.0	22.32823324851297
Participant_7839	250	0.5	19.296048818346204	350	0.6	29.441467354736243
Participant_7840	100	1.0	0.0	100	1.0	0.0
Participant_7841	100	0.5	18.9103146457165	250	0.6	67.30880328753439
Participant_7842	400	0.6	18.833480825381166	400	0.6	18.833480825381166
Participant_7843	300	1.0	9.682458365518542	300	0.9	14.44385682565429
Participant_7844	250	0.2	25.40546201115028	250	0.4	74.22516419651761
Participant_7845	150	0.6	20.311326889201503	300	0.4	52.737320751058256
Participant_7846	100	1.0	0.0	100	1.0	0.0
Participant_7847	200	0.3	15.841006912440887	350	0.3	17.109938632268673
Participant_7848	250	1.0	0.0	250	1.0	0.0
Participant_7850	300	0.8	18.689234869303775	300	0.8	18.689234869303775
Participant_7851	150	0.1	14.88749475230806	250	0.1	17.100073099258964
Participant_7852	200	0.6	30.090488530431006	250	0.6	32.003515431902166
Participant_7853	350	0.6	20.385043536867908	200	0.5	42.45026501684059
Participant_7854	250	0.4	23.67752098510315	350	0.5	25.467626508962315
Participant_7855	100	0.2	23.92331498768513	250	0.3	39.996562352282226
Participant_7856	250	0.0	14.950752489423401	150	0.0	15.40008116861726
Participant_7857	350	0.2	24.856337220113506	400	0.2	27.536339626028727
Participant_7858	400	0.1	23.88723508487326	350	0.5	111.55088524973704
Participant_7859	350	1.0	0.0	350	1.0	0.0
Participant_7860	100	0.1	29.17511782324109	400	0.2	65.72290316168329
Participant_7861	200	0.1	9.00555384193554	250	0.1	10.661261651418185
Participant_7862	400	0.1	28.84180992933696	250	0.2	30.421004256927482
Participant_7863	250	0.5	21.32691960879489	350	0.7	54.60654722650023
Participant_7864	250	1.0	0.0	250	1.0	0.0
Participant_7865	200	0.3	18.699933154960743	150	0.4	28.673158179733182
Participant_7866	350	0.9	17.418381095842403	350	0.7	37.07256397930955
Participant_7867	150	1.0	0.0	150	1.0	0.0
Participant_7868	200	0.0	12.541929676090518	100	0.1	82.15800326200728
Participant_7869	200	0.5	13.90233793288021	300	0.6	38.66539150196206
Participant_7870	300	0.7	21.369663076426825	300	0.5	49.3453391922682
Participant_7871	300	0.9	12.242344546695294	300	0.8	20.959186530015902
Participant_7872	150	0.2	20.540204478047436	200	0.3	46.55306112384018
Participant_7873	350	0.9	14.946571513226704	350	0.7	35.5228799508148
Participant_7874	300	1.0	0.0	300	1.0	0.0
Participant_7875	400	0.3	18.07622748252522	350	0.3	20.09975124224178
Participant_7876	400	0.2	24.964975465639856	200	0.1	61.713855818608515
Participant_7877	400	0.6	31.499206339207976	350	0.4	57.42973968250248
Participant_7878	350	0.0	11.80518953680965	300	0.0	13.861367176436817
Participant_7879	200	0.5	17.62881164457775	150	0.5	31.300559100437805
Participant_7880	100	0.7	16.936646657470305	100	0.7	16.936646657470305
Participant_7881	100	0.0	32.08815981012311	200	0.3	66.11306603085353
Participant_7882	200	0.8	9.865976890303362	200	0.9	10.460640515761929
Participant_7883	300	0.7	18.039193440949628	300	0.6	33.37308046914459
Participant_7884	250	1.0	7.905694150420948	250	0.8	23.020914404080475
Participant_7885	150	0.3	22.94449825121482	100	0.2	23.39497809359949
Participant_7886	250	0.8	19.588580857223935	250	0.8	19.588580857223935
Participant_7887	100	0.7	15.591664439693409	100	0.6	16.90044378115557
Participant_7888	400	0.2	33.12099032335839	200	0.3	42.334235554690245
Participant_7889	300	0.9	6.604922406811453	300	0.9	6.604922406811453
Participant_7890	100	1.0	12.5	100	0.9	13.972294013511167
Participant_7891	200	0.8	13.222613206170708	200	0.9	23.62572750202626
Participant_7892	100	0.6	20.991069529683333	100	0.7	36.34006053930015
Participant_7893	200	0.9	10.400721128844864	200	0.9	10.400721128844864
Participant_7894	100	0.2	21.3266265499258	300	0.2	47.30261620671736
Participant_7895	200	1.0	11.180339887498949	200	0.9	11.807836380980218
Participant_7896	300	0.8	11.37046612940736	300	0.9	16.313338101075452
Participant_7897	150	0.1	18.785300104070735	400	0.1	43.83890965797393
Participant_7898	250	0.4	20.751505969447134	100	0.4	36.4038116136209
Participant_7899	100	0.0	34.10864992930679	350	0.3	75.47516147713763
Participant_7900	250	0.0	22.85333673667808	250	0.0	22.85333673667808
Participant_7901	250	0.0	14.045461900557063	200	0.0	15.323185047502363
Participant_7902	100	0.8	13.146767663574192	100	0.9	14.542180029142811
Participant_7903	300	1.0	0.0	300	1.0	0.0
Participant_7904	100	0.3	19.088936586410465	300	0.3	26.925359793324954
Participant_7905	350	0.1	16.894155794238433	150	0.1	19.503525322361597
Participant_7906	200	0.9	9.390154418325611	200	0.9	9.390154418325611
Participant_7907	200	0.8	15.486687831812198	200	0.6	36.217226564164186
Participant_7908	100	0.4	27.230268085349433	100	0.4	27.230268085349433
Participant_7909	100	0.7	18.078993334807112	100	0.7	18.078993334807112
Participant_7910	200	0.7	14.826075003182737	200	0.8	21.79076639313083
Participant_7911	400	0.8	16.5	400	0.8	16.5
Participant_7912	350	0.1	20.926358976181213	400	0.1	62.70446555070858
Participant_7913	250	0.0	26.429623531181825	300	0.1	28.262607806074797
Participant_7914	250	0.8	22.747802091630742	200	0.7	33.012308310689214
Participant_7915	150	0.7	14.257015816782978	150	0.8	17.98054504179448
Participant_7916	400	0.2	41.14911906711977	250	0.4	60.05726433996141
Participant_7917	250	0.0	19.359106384334996	150	0.1	33.397417564835756
Participant_7918	100	0.6	18.1142209327368	100	0.5	33.505223473363074
Participant_7919	200	0.0	18.535101834087666	200	0.1	30.101494979485654
Participant_7920	250	0.4	21.693893149916637	350	0.5	33.65040861564685
Participant_7921	250	1.0	0.0	250	1.0	0.0
Participant_7922	350	0.9	11.764352935882194	350	0.7	38.60861302870125
Participant_7923	250	0.3	14.907213019206507	300	0.4	44.016758172314326
Participant_7924	100	0.5	25.765286724583525	250	0.5	56.26799712092123
Participant_7925	400	0.0	31.828053663395757	400	0.0	31.828053663395757
Participant_7926	100	0.5	18.543192821086667	100	0.8	86.33705751298223
Participant_7927	200	0.7	14.6990645960891	200	0.8	23.634455779645105
Participant_7928	250	0.6	11.904830952180715	200	0.6	21.718367802392518
Participant_7929	300	0.9	12.59464171781	300	0.9	12.59464171781
Participant_7930	100	0.2	29.130310674622063	100	0.2	29.130310674622063
Participant_7931	150	0.9	7.067531393633848	150	0.9	7.067531393633848
Participant_7933	350	0.1	13.478223176665386	300	0.1	14.959110936148578
Participant_7934	350	0.7	21.22792971535378	350	0.5	46.48763276399434
Participant_7935	400	0.6	20.333469944896272	400	0.7	36.068337915684445
Participant_7936	200	0.5	18.762329279702985	100	0.4	54.33909734252125
Participant_7937	100	0.1	14.703315952532613	350	0.2	62.27228516764099
Participant_7938	350	0.1	16.55785312170633	350	0.1	16.55785312170633
Participant_7939	200	0.4	17.699576266114395	250	0.5	41.12283428947961
Participant_7940	400	0.7	33.048071048095984	100	0.1	88.83939160079835
Participant_7941	400	0.5	24.166091947189145	300	0.2	73.16103812822779
Participant_7942	100	0.6	26.08879069638913	400	0.2	70.41484218543701
Participant_7943	350	0.8	7.856525949807587	350	0.9	27.26536264200423
Participant_7944	150	0.2	15.989058759038945	400	0.2	33.60803475361212
Participant_7945	200	0.0	16.727223320085137	150	0.1	27.59778070787577
Participant_7946	100	0.1	29.852763691155968	100	0.2	55.225220687653206
Participant_7947	400	0.2	18.59435398178705	150	0.2	39.94558799166686
Participant_7948	200	0.7	23.180002157031822	200	0.6	32.42973172877013
Participant_7949	250	0.0	20.97081305052334	100	0.0	57.366366452826696
Participant_7950	400	0.0	16.78615500941177	300	0.1	54.86369473522541
Participant_7951	200	0.5	22.902510779388358	150	0.7	49.98262198004422
Participant_7952	250	0.0	23.043979691016915	200	0.1	47.28741904566161
Participant_7953	200	0.5	28.342106484875114	150	0.7	53.028412195727675
Participant_7954	100	0.4	22.197691321396466	150	0.4	27.944588027022334
Participant_7955	150	1.0	0.0	150	0.9	13.736811857195978
Participant_7956	200	0.6	20.443519755658514	250	0.5	26.501650891972748
Participant_7957	350	0.1	17.36843401115944	350	0.1	17.36843401115944
Participant_7958	200	0.5	26.823963167287566	150	0.5	31.34046904562853
Participant_7959	200	0.6	16.021469970012117	200	0.4	67.16230341493656
Participant_7960	250	1.0	0.0	250	1.0	0.0
Participant_7962	250	0.8	26.40951533065308	250	0.6	52.46880025310279
Participant_7963	300	0.6	24.6731128964304	350	0.6	31.92647803939545
Participant_7964	300	0.0	9.85583583467176	400	0.0	80.28402705395389
Participant_7965	250	0.0	18.228411889136144	350	0.0	24.659937145094265
Participant_7966	250	0.3	11.389688318825936	150	0.2	30.031649971321922
Participant_7967	400	1.0	0.0	400	1.0	0.0
Participant_7968	400	0.4	18.479042182970417	300	0.4	26.551365313294156
Participant_7969	300	0.6	23.61170260697013	350	0.5	43.12597824977423
Participant_7970	350	0.2	14.459858228903906	200	0.2	17.215182252883643
Participant_7971	250	0.9	8.422440263961509	250	0.9	8.422440263961509
Participant_7972	400	0.9	15.037868864968866	400	0.8	19.519221295943137
Participant_7973	400	0.0	19.085989625900982	250	0.2	52.109859911536894
Participant_7974	400	0.2	41.14911906711977	250	0.4	61.11975948905558
Participant_7975	400	0.5	18.580904176062045	400	0.8	71.7443377556724
Participant_7976	150	0.5	13.406155302695847	300	0.4	27.770938046814337
Participant_7977	200	0.7	24.465536985727496	250	0.8	27.950178890304084
Participant_7978	100	0.2	29.535148552191167	150	0.3	43.26025889890166
Participant_7979	350	0.8	21.01725481598394	350	0.7	24.584039537879043
Participant_7980	300	0.3	24.315118753565653	250	0.4	39.72562145517676
Participant_7981	400	0.4	17.327002048825413	200	0.2	52.65560274082902
Participant_7982	400	0.5	21.10094784600919	250	0.5	63.01656528247156
Participant_7983	250	1.0	0.0	250	1.0	0.0
Participant_7984	400	0.2	30.610455730027933	250	0.3	41.33370295533658
Participant_7985	150	0.7	17.161366495707735	150	0.8	29.530492715158005
Participant_7986	200	0.8	10.832243534928487	200	0.8	10.832243534928487
Participant_7987	350	0.2	22.673497745164948	300	0.2	25.6668560599073
Participant_7988	100	0.1	38.30714685277409	100	0.0	41.694124286282836
Participant_7989	250	0.6	20.687556646448126	300	0.6	21.535145692564978
Participant_7990	350	0.5	26.666458332519525	300	0.4	43.788982632621185
Participant_7991	150	0.2	30.031649971321922	200	0.2	34.479885440644956
Participant_7992	100	0.5	17.068977708111287	150	0.4	25.43914306732835
Participant_7993	100	0.1	66.01088925321336	100	0.2	89.09166627693075
Participant_7994	150	0.8	9.594269122762817	150	0.8	9.594269122762817
Participant_7995	300	0.0	10.706890304845754	250	0.0	10.944176533663919
Participant_7996	250	0.0	30.100249168403906	350	0.1	36.849864314539886
Participant_7997	100	0.5	20.55723716845238	150	0.4	27.966944774143634
Participant_7998	250	0.0	14.22234157936027	300	0.1	26.22069793121457
Participant_7999	400	0.4	18.5802314302056	250	0.3	32.05035101211841
Participant_8000	150	0.7	14.47454662502422	200	0.7	31.71848829941301
Participant_8001	100	0.8	25.081616774043894	100	0.8	25.081616774043894
Participant_8002	200	0.8	10.539805501051715	200	0.7	18.160740623664005
Participant_8004	200	0.0	14.267095009146045	200	0.1	27.903404810166087
Participant_8005	150	0.1	10.683515339063263	350	0.1	13.478223176665386
Participant_8006	150	1.0	0.0	150	1.0	0.0
Participant_8007	200	0.7	20.822163672394854	250	0.8	31.16428243999852
Participant_8008	200	0.3	23.47205785609775	250	0.3	27.901164850235197
Participant_8009	400	0.5	21.24852936087578	200	0.3	64.30153575148886
Participant_8010	100	0.7	19.858247656830148	100	0.7	19.858247656830148
Participant_8011	200	0.3	22.65915929596683	150	0.3	33.80384593504118
Participant_8012	150	0.2	19.121976885249076	400	0.3	54.84523680320835
Participant_8013	400	0.5	26.462237244798484	200	0.3	58.07053900214807
Participant_8014	350	0.8	7.016053021464419	350	0.9	29.57448224398865
Participant_8015	250	1.0	0.0	250	1.0	0.0
Participant_8016	100	0.6	14.937369246289656	100	0.5	40.18830675706554
Participant_8017	200	1.0	0.0	200	0.9	10.755231285286245
Participant_8018	400	0.0	61.759817033407735	400	0.1	65.27327171208749
Participant_8019	250	0.6	21.976692198781873	300	0.7	27.868665199467305
Participant_8020	250	0.8	13.782688416996155	250	0.8	13.782688416996155
Participant_8021	150	0.2	15.949921629901509	200	0.3	37.14414489525907
Participant_8022	100	0.5	45.93582479938724	400	0.1	49.38977626999337
Participant_8023	400	0.4	20.25401194825361	150	0.2	66.1486961322746
Participant_8024	300	0.8	15.468920453606321	300	0.8	15.468920453606321
Participant_8025	100	0.9	15.77894166286193	100	0.8	26.815806905629373
Participant_8026	150	0.8	10.16366075781753	150	0.8	10.16366075781753
Participant_8027	350	0.7	20.356202985822282	350	0.7	20.356202985822282
Participant_8028	250	0.9	10.709224995301948	250	0.8	14.272788795466708
Participant_8029	100	0.5	19.464069461446133	100	0.6	37.50833240761311
Participant_8030	400	0.9	12.293799250028446	400	0.8	25.685599078082646
Participant_8031	200	0.2	12.653556812216872	350	0.2	13.288622953489199
Participant_8032	200	0.7	12.137236093938355	250	0.5	48.578158672391034
Participant_8033	350	0.9	10.648943609579309	350	0.9	10.648943609579309
Participant_8034	350	0.1	20.227765571115363	150	0.1	23.961166499150245
Participant_8035	100	0.4	30.438257177440367	100	0.5	35.32138162643132
Participant_8036	400	0.1	24.147463634924478	300	0.1	51.41765261075227
Participant_8037	250	0.0	18.021514919673095	150	0.0	20.301785635751354
Participant_8038	300	0.0	10.937892850087717	150	0.0	12.486492702116156
Participant_8039	250	0.7	19.563039129951154	250	0.6	30.870293163492956
Participant_8040	300	0.0	23.86707983813688	350	0.0	25.186553952456457
Participant_8041	400	0.0	54.811267089896766	300	0.3	73.501530596308
Participant_8042	100	0.0	37.511998080614156	200	0.1	48.77089295881304
Participant_8043	300	0.5	14.957021762369672	150	0.5	23.737628356682983
Participant_8044	300	0.1	16.508331230018374	350	0.0	24.86186839318397
Participant_8045	250	0.0	12.187083326210583	200	0.0	16.46359620496081
Participant_8046	250	0.5	25.953564302422894	350	0.6	34.286294637945346
Participant_8047	200	0.4	8.632786340458104	350	0.2	59.42716129851736
Participant_8048	150	0.8	20.69541011915444	150	0.6	56.9982455870354
Participant_8049	350	0.6	25.035974117257748	350	0.7	47.38802591372635
Participant_8050	100	0.6	28.690155105889545	250	0.6	59.79527573312126
Participant_8051	300	0.8	18.007984340286395	300	0.7	28.751739077836667
Participant_8052	100	0.4	29.96226793819186	250	0.5	59.68532064084099
Participant_8053	300	0.2	16.920032505878943	350	0.1	21.163943394367696
Participant_8054	200	0.0	24.618082784814906	150	0.2	52.62508907355882
Participant_8055	400	0.3	19.215878850575635	150	0.3	23.295922389980614
Participant_8056	400	0.5	16.28649747490233	200	0.3	49.53218650534216
Participant_8057	100	0.5	17.25108692227826	350	0.5	47.73468340735067
Participant_8058	150	0.8	15.59807680452946	150	0.7	17.804844846277092
Participant_8059	200	0.0	13.86722755275906	300	0.0	14.650511936447819
Participant_8060	150	0.5	31.47975539930385	300	0.5	32.88179587552967
Participant_8061	100	1.0	0.0	100	1.0	0.0
Participant_8062	100	0.2	23.017927795524947	250	0.4	32.85384300199902
Participant_8063	300	0.8	19.793622710358	300	0.7	30.929961202691477
Participant_8064	300	0.0	17.055424357077722	350	0.0	18.11387589667104
Participant_8065	100	0.5	35.83085262730989	400	0.2	44.039754767709596
Participant_8066	350	0.2	17.22171594237926	250	0.3	28.804947491707047
Participant_8067	350	0.6	23.06078923194087	200	0.5	44.36524540673702
Participant_8068	400	0.1	16.18177987738061	150	0.2	41.63111816898508
Participant_8069	250	0.5	16.15820225148825	350	0.5	24.286827705569124
Participant_8070	150	0.2	26.184919323916198	350	0.3	42.3408785926792
Participant_8071	350	0.5	20.52072123488841	250	0.3	62.32756212142426
Participant_8072	150	0.5	17.56345637965375	400	0.4	33.58161699501678
Participant_8073	250	0.1	24.822620731905	200	0.2	46.24783778729553
Participant_8074	250	0.0	12.390520570177832	300	0.0	14.217506813784194
Participant_8075	300	0.6	17.642633023446358	300	0.5	39.670045374312345
Participant_8076	200	0.3	29.277764600460877	400	0.4	41.56591151412417
Participant_8077	400	0.1	16.751119365582706	400	0.1	16.751119365582706
Participant_8078	300	0.8	16.823718376149788	300	0.8	16.823718376149788
Participant_8079	350	0.9	17.418381095842403	350	0.9	17.418381095842403
Participant_8080	400	1.0	12.5	400	0.9	19.134719752324568
Participant_8081	200	0.9	14.210031667804262	200	0.8	19.775932342117272
Participant_8082	250	0.9	7.39509972887452	250	0.9	7.39509972887452
Participant_8083	150	1.0	0.0	150	0.9	13.736811857195978
Participant_8084	250	0.0	27.49590878658132	100	0.0	79.98218551652612
Participant_8085	150	1.0	7.905694150420948	150	0.9	16.045248517863474
Participant_8086	200	0.8	14.136389213657072	200	0.8	14.136389213657072
Participant_8087	300	0.6	18.808575171979403	300	0.6	18.808575171979403
Participant_8088	100	1.0	0.0	100	1.0	0.0
Participant_8089	300	0.1	17.103362242553363	350	0.0	21.52004879176625
Participant_8090	200	0.9	14.297727092094044	200	0.8	15.077715344175987
Participant_8091	150	0.9	5.911852501542981	150	0.9	5.911852501542981
Participant_8092	150	0.1	13.196116853074619	150	0.2	30.893364983439405
Participant_8093	300	0.2	23.292434394025886	150	0.1	26.417560447550795
Participant_8094	100	1.0	0.0	100	1.0	0.0
Participant_8095	100	0.5	23.64000846023537	100	0.4	29.941401102820823
Participant_8096	200	0.0	15.076471735787521	300	0.1	26.809979485258843
Participant_8097	400	0.0	15.387494922826132	400	0.0	15.387494922826132
Participant_8098	200	1.0	0.0	200	1.0	0.0
Participant_8099	350	0.2	28.532218630874116	100	0.3	50.031365162265956
Participant_8100	250	0.5	21.061517039377765	250	0.7	44.891118275222325
Participant_8101	400	0.5	25.179356624028344	350	0.4	31.115510601627605
Participant_8102	250	0.0	14.134178433853169	250	0.1	34.38622543984727
Participant_8103	200	0.6	16.78354849249705	200	0.6	16.78354849249705
Participant_8104	200	0.4	25.875181158786116	300	0.4	26.028349928491433
Participant_8105	300	0.4	15.571608780084349	100	0.3	38.05440184788088
Participant_8106	200	0.6	19.917015338649513	200	0.6	19.917015338649513
Participant_8107	100	0.2	31.91512180769486	100	0.2	31.91512180769486
Participant_8108	200	0.3	37.745032785785206	350	0.3	41.14304315434141
Participant_8109	250	1.0	0.0	250	1.0	0.0
Participant_8110	250	0.1	21.003868691267332	250	0.2	45.515793962096275
Participant_8111	250	0.5	19.64910939457562	300	0.6	20.82696569354259
Participant_8112	350	0.7	15.227442332841061	350	0.6	38.86579473007081
Participant_8113	150	0.6	13.876238683447328	150	0.7	41.96144063303833
Participant_8114	300	0.0	16.113270928026996	300	0.0	16.113270928026996
Participant_8115	400	0.8	19.261360284258224	400	0.8	19.261360284258224
Participant_8116	300	0.3	27.567644077795258	200	0.4	45.7659808154485
Participant_8117	200	0.7	21.326333487029597	150	0.7	29.317443612975534
Participant_8118	100	0.6	21.894634045811316	100	0.5	23.587072730629377
Participant_8119	150	1.0	5.5901699437494745	150	0.9	14.830711378757258
Participant_8120	400	0.6	25.75752317285185	300	0.5	69.36290435095692
Participant_8121	400	0.5	17.507141400011598	150	0.3	52.11957405812139
Participant_8122	300	0.6	21.06567112626607	300	0.5	46.28674216230821
Participant_8123	350	0.0	12.221395174038028	350	0.0	12.221395174038028
Participant_8124	400	0.5	22.0	100	0.3	50.20595084250471
Participant_8125	100	0.4	9.164469433633352	150	0.3	28.59545418418809
Participant_8126	200	1.0	0.0	200	1.0	0.0
Participant_8127	400	0.7	28.520606585414694	400	0.6	36.362068148002805
Participant_8128	150	0.7	20.754818717589416	200	0.8	34.62062246696324
Participant_8129	100	0.8	9.827893975822084	100	0.8	9.827893975822084
Participant_8130	250	1.0	0.0	250	0.9	9.858372076565177
Participant_8131	400	0.1	22.262075374951007	150	0.1	41.80774449787982
Participant_8132	300	1.0	0.0	300	1.0	0.0
Participant_8133	150	1.0	0.0	150	1.0	0.0
Participant_8134	400	0.6	18.157643018850216	400	0.5	38.66846260197062
Participant_8135	300	0.7	21.10479803267494	250	0.6	29.205735738036118
Participant_8136	400	0.8	18.398369492974098	400	0.9	23.019285392904795
Participant_8137	350	0.1	14.156712188922963	150	0.1	17.54672334084059
Participant_8138	150	0.1	22.25730217254553	250	0.1	22.856344852141167
Participant_8139	300	0.8	18.822526397909503	300	0.6	50.14990029900358
Participant_8140	250	0.3	13.864523071494382	200	0.4	41.04296529248344
Participant_8141	250	0.6	19.665324812979826	250	0.7	28.420283249820013
Participant_8142	100	0.9	12.805272351652658	100	0.7	60.45122000423151
Participant_8143	400	0.4	18.103176516843668	200	0.4	24.587090108428853
Participant_8144	200	0.1	17.91926337771729	250	0.2	41.16050898616294
Participant_8145	150	0.6	14.664583185348297	200	0.5	22.902510779388358
Participant_8146	150	0.1	28.313203633640615	150	0.1	28.313203633640615
Participant_8147	250	1.0	0.0	250	1.0	0.0
Participant_8148	400	1.0	13.693063937629153	400	0.9	23.12763498501306
Participant_8149	400	0.2	34.65183977799736	300	0.4	56.40234924185339
Participant_8150	100	0.5	21.566177222679034	100	0.5	21.566177222679034
Participant_8151	100	0.5	19.302849530574495	100	0.4	23.642916486761948
Participant_8152	150	0.9	9.615092303249096	150	0.8	15.757537878742351
Participant_8153	200	0.6	18.246575021082723	250	0.6	39.77090645182732
Participant_8154	300	0.9	10.833974340010226	300	0.9	10.833974340010226
Participant_8155	200	1.0	9.682458365518542	200	0.9	11.807836380980218
Participant_8156	250	1.0	0.0	250	1.0	0.0
Participant_8157	100	0.6	25.629572762728607	100	0.6	25.629572762728607
Participant_8158	300	0.7	16.44422390993263	250	0.6	24.884231955196046
Participant_8159	300	0.1	22.41706938919537	300	0.3	73.5185350778972
Participant_8160	350	0.6	25.481365740477884	350	0.4	57.841810137650434
Participant_8161	100	0.2	17.243114567849975	400	0.4	34.949606578615445
Participant_8162	200	0.6	15.465687828221544	200	0.7	32.78433314862451
Participant_8163	400	0.5	32.27227912620985	400	0.5	32.27227912620985
Participant_8164	100	1.0	0.0	100	1.0	0.0
Participant_8165	100	0.5	31.406209577088415	300	0.7	83.09881166418687
Participant_8166	100	0.4	16.888975694221365	150	0.4	17.165372119473552
Participant_8167	150	0.8	10.644247272588137	150	0.8	10.644247272588137
Participant_8168	200	0.8	14.61463307784359	200	0.8	14.61463307784359
Participant_8169	100	0.3	20.202413222187097	400	0.4	22.309751231244153
Participant_8170	100	0.3	20.751807150221882	200	0.4	38.07262796288168
Participant_8171	350	0.6	26.444281045246814	350	0.6	26.444281045246814
Participant_8172	200	0.8	12.291765536325528	200	0.7	19.743669871632274
Participant_8173	250	0.3	13.170990851109114	350	0.3	14.84082207965583
Participant_8174	400	0.5	23.37733945512192	100	0.3	31.69207314140241
Participant_8175	400	0.9	10.180250488077393	400	0.8	26.5
Participant_8176	300	0.9	7.0622234459127675	300	0.9	7.0622234459127675
Participant_8177	350	0.5	28.567464010653797	300	0.5	31.38411222258804
Participant_8178	250	0.0	25.466154008801563	350	0.0	31.034053876346867
Participant_8180	100	0.0	20.54628920267599	100	0.1	28.481353549296074
Participant_8181	100	0.2	34.29394990373667	100	0.1	39.70122794070733
Participant_8182	350	0.0	21.0799074950532	150	0.0	24.23143619350698
Participant_8183	400	0.0	33.47424383014499	150	0.3	68.06394052653725
Participant_8184	300	0.0	17.94818932371731	300	0.1	24.77448284021283
Participant_8185	350	0.6	27.91594526431086	200	0.6	55.647888549342106
Participant_8186	150	0.8	9.787747442593725	150	0.8	9.787747442593725
Participant_8187	250	0.9	8.422440263961509	250	0.8	11.345153150134202
Participant_8188	100	0.3	23.358884819271662	300	0.4	31.08415995326237
Participant_8189	250	1.0	0.0	250	1.0	0.0
Participant_8190	300	0.2	24.03200990346001	400	0.4	66.09822236641467
Participant_8191	300	0.1	13.510181345933148	350	0.0	23.358349684855735
Participant_8192	200	1.0	0.0	200	1.0	0.0
Participant_8193	400	0.8	13.2664991614216	400	0.8	13.2664991614216
Participant_8194	350	0.9	15.359036428109675	350	0.7	44.546324203013654
Participant_8195	100	0.2	20.058040781691517	150	0.2	33.62513940491549
Participant_8196	400	0.7	11.658687747769902	400	0.8	25.367301787931645
Participant_8197	100	1.0	0.0	100	1.0	0.0
Participant_8198	150	0.1	20.955607841339273	100	0.2	63.1947387050536
Participant_8199	350	0.7	13.393095235978874	350	0.6	38.18442090696152
Participant_8200	400	0.0	26.7726539588439	200	0.2	58.11723066354762
Participant_8201	250	1.0	0.0	250	1.0	0.0
Participant_8202	300	0.9	5.905505905508858	300	0.9	5.905505905508858
Participant_8203	250	0.3	20.117778207346856	250	0.4	53.46143469829443
Participant_8204	150	0.7	17.76970736956577	200	0.6	42.62261723545376
Participant_8205	200	0.1	11.931051923447487	250	0.0	29.12945244936815
Participant_8206	350	0.6	28.840943119114534	200	0.6	47.14803813521831
Participant_8207	350	1.0	0.0	350	1.0	0.0
Participant_8208	150	1.0	0.0	150	1.0	0.0
Participant_8209	400	0.9	13.224503771408589	400	0.8	19.35846068260594
Participant_8210	400	0.0	26.63221733164552	400	0.0	26.63221733164552
Participant_8211	200	0.2	18.408218273369098	250	0.2	20.474068965401088
Participant_8212	400	0.5	16.47725705328408	150	0.3	46.424131655853294
Participant_8213	300	0.8	15.059465461961125	300	0.6	45.152657729086116
Participant_8214	400	0.9	10.949315047070296	400	0.9	10.949315047070296
Participant_8215	400	0.8	20.211382931407737	400	0.7	30.897815456760046
Participant_8216	100	0.6	23.19752141932409	100	0.6	23.19752141932409
Participant_8217	350	0.0	13.061871994473075	300	0.0	14.98791179584401
Participant_8218	400	0.6	23.552069972722144	400	0.4	64.58695688759458
Participant_8219	350	0.6	19.73068675946177	350	0.5	21.444113411377025
Participant_8220	100	0.5	23.15923142075315	350	0.4	49.65556363591093
Participant_8221	400	0.1	23.304506002058915	300	0.2	41.12526595658683
Participant_8222	250	0.8	18.873592662765613	250	0.8	18.873592662765613
Participant_8223	300	0.2	21.96673621637953	200	0.2	22.86071958622475
Participant_8224	100	0.6	18.1142209327368	100	0.6	18.1142209327368
Participant_8225	400	0.8	14.044571905188139	400	0.7	18.087979433867122
Participant_8226	300	0.5	26.948330189457007	200	0.4	33.23439483426771
Participant_8227	250	0.0	10.477356536836952	350	0.0	12.52447603694462
Participant_8228	250	0.8	24.34055258205943	250	0.5	58.61814991962814
Participant_8229	400	0.1	20.900956915892632	400	0.1	20.900956915892632
Participant_8230	300	0.7	15.343158084305852	300	0.7	15.343158084305852
Participant_8231	150	0.5	16.79955356549691	300	0.6	47.84101274011661
Participant_8232	200	0.9	13.487957591866902	200	0.7	29.022620488164055
Participant_8233	100	0.2	15.845346319976727	400	0.5	45.044422518220834
Participant_8234	350	0.8	13.387494164331127	350	0.8	13.387494164331127
Participant_8235	150	0.5	23.579122121062948	100	0.5	29.624314338056838
Participant_8236	350	0.6	21.77842969545784	350	0.6	21.77842969545784
Participant_8237	100	0.1	40.726987367100946	400	0.3	74.56876021498547
Participant_8238	400	0.1	28.11761014026619	200	0.1	38.90501253052105
Participant_8239	400	0.5	17.399712641305314	400	0.7	68.41728582748661
Participant_8240	300	0.1	9.422048609511629	150	0.0	25.805280467377216
Participant_8241	350	0.9	11.603878661895772	350	0.8	19.15006527404019
Participant_8242	200	0.5	22.09694549027082	300	0.7	53.013323796947496
Participant_8243	200	0.0	13.173837709642548	150	0.0	13.35711420928937
Participant_8244	150	0.1	12.565329283389273	200	0.2	32.73167426209665
Participant_8245	250	0.0	29.513132670050464	250	0.0	29.513132670050464
Participant_8246	100	0.6	62.08361297476171	400	0.1	86.26615790679449
Participant_8247	200	0.5	12.826729902824024	150	0.5	27.289650052721452
Participant_8248	300	0.2	18.40618102703546	350	0.2	21.397137659042155
Participant_8249	100	0.7	40.287715249192274	100	0.5	70.50780098684116
Participant_8250	350	0.6	20.415680248279752	350	0.5	33.14513538967672
Participant_8251	300	0.2	14.231567025454364	350	0.2	18.982557783396842
Participant_8252	400	0.9	6.605868602992342	400	0.9	6.605868602992342
Participant_8253	400	0.2	13.629013170439011	350	0.3	19.27433526739638
Participant_8254	100	0.5	22.41874215918458	100	0.5	22.41874215918458
Participant_8255	300	0.9	9.212762886344139	300	0.9	9.212762886344139
Participant_8256	350	1.0	0.0	350	1.0	0.0
Participant_8257	200	0.7	11.283284096396757	200	0.7	11.283284096396757
Participant_8258	400	0.8	12.639224659764539	400	0.8	12.639224659764539
Participant_8259	200	0.9	14.121791671030982	200	0.8	14.699914965740449
Participant_8260	350	0.6	24.198140424421045	350	0.6	24.198140424421045
Participant_8261	100	0.6	19.98436889171134	200	0.5	43.382312063789314
Participant_8262	400	0.1	21.049940617493437	350	0.2	32.157230913124344
Participant_8263	200	0.7	27.222463150861277	250	0.5	49.634539385391705
Participant_8264	150	0.1	11.635613434623892	200	0.1	14.615060725156088
Participant_8265	100	0.5	17.82133552795637	100	0.7	47.10997771173321
Participant_8266	150	1.0	0.0	150	1.0	0.0
Participant_8267	100	0.7	15.987495113369073	100	0.6	18.285923547909743
Participant_8268	250	0.5	29.493007645881082	300	0.6	31.622974243419925
Participant_8269	100	0.2	29.087368392482674	400	0.4	48.47911921642141
Participant_8270	250	1.0	0.0	250	1.0	0.0
Participant_8271	250	0.9	7.310095758606723	250	0.9	7.310095758606723
Participant_8272	400	0.3	20.38381711063951	100	0.4	24.702985649512083
Participant_8273	150	0.7	20.634013182122377	150	0.6	43.54652684198821
Participant_8274	300	0.6	16.16361655075992	300	0.4	64.85541611924174
Participant_8275	250	0.0	37.53032107509873	200	0.1	55.089472678543586
Participant_8276	100	1.0	5.5901699437494745	100	0.9	16.777216694076525
Participant_8277	150	0.5	15.88159311907971	300	0.4	30.841935736915087
Participant_8278	200	0.2	21.88292713509781	350	0.2	21.888067525480636
Participant_8279	200	0.1	23.01847084408519	300	0.1	23.875196334271262
Participant_8280	400	0.0	29.034892801593053	300	0.2	44.90309009411268
Participant_8281	350	0.2	15.381401106531225	200	0.2	23.427814665478298
Participant_8282	200	0.0	14.001785600415399	400	0.0	73.71753522737993
Participant_8283	350	0.6	19.951190440672956	400	0.3	81.06633086553258
Participant_8284	300	0.8	16.599322275321967	300	0.7	22.17346387013089
Participant_8285	200	0.8	10.116199879401355	200	0.9	19.414556394623084
Participant_8286	150	0.7	15.272933575446466	150	0.7	15.272933575446466
Participant_8287	200	1.0	0.0	200	1.0	0.0
Participant_8288	250	1.0	9.682458365518542	250	0.9	11.110243021644486
Participant_8289	100	0.2	23.501595690505784	150	0.3	37.40254002069913
Participant_8290	400	0.1	21.13882683594338	350	0.2	23.697837454080066
Participant_8291	350	0.1	21.252352810924254	200	0.1	21.473239159474755
Participant_8292	250	1.0	0.0	250	0.8	21.64976905188598
Participant_8293	350	1.0	0.0	350	0.9	13.996428115772966
Participant_8294	100	0.5	37.80013227490084	250	0.4	63.07237905771432
Participant_8295	150	0.5	17.81081132346306	300	0.5	23.873887408631212
Participant_8296	150	0.5	17.456374193972813	300	0.5	18.336098276350942
Participant_8297	400	0.5	27.7758888246623	200	0.4	37.90811258820465
Participant_8298	300	0.7	18.61887483173997	300	0.6	30.1456879171798
Participant_8299	150	0.7	24.07306586207914	150	0.8	27.240594707164526
Participant_8300	400	0.6	24.692104001076945	400	0.6	24.692104001076945
Participant_8301	100	0.5	27.479082954130767	250	0.4	53.86905419626374
Participant_8302	150	0.4	14.650938536489736	350	0.5	41.183734653379844
Participant_8303	200	0.5	34.398764512697255	300	0.4	52.33282908461953
Participant_8304	250	1.0	0.0	250	1.0	0.0
Participant_8305	350	0.6	21.25558750070202	300	0.4	59.37149989683602
Participant_8306	300	0.6	21.76608600552704	300	0.6	21.76608600552704
Participant_8307	400	0.5	29.03015673398957	250	0.4	40.735426842000805
Participant_8308	150	0.3	21.94196891803468	200	0.3	28.89095879336648
Participant_8309	300	0.7	19.050262465383515	300	0.8	22.870013117617578
Participant_8310	200	0.0	12.541929676090518	200	0.0	12.541929676090518
Participant_8311	350	0.9	14.904697246170416	350	0.8	23.910771631212572
Participant_8312	250	0.1	21.792487237578	150	0.1	24.14306318593397
Participant_8313	300	0.6	24.418486849106767	300	0.8	45.18614278736347
Participant_8314	400	0.2	16.56804152578089	150	0.3	38.700129198750744
Participant_8315	350	0.8	27.757431437364662	300	0.5	83.83741706422019
Participant_8316	300	0.0	11.219959892976446	250	0.0	13.95618142616382
Participant_8317	150	0.6	16.772000476985447	150	0.5	32.859169192175266
Participant_8318	100	0.2	29.258759372194852	250	0.4	62.74452167321064
Participant_8319	100	0.2	19.328088369003282	100	0.4	45.307146235445025
Participant_8320	400	0.2	25.01499550269798	250	0.3	28.012943436918587
Participant_8321	150	0.1	19.821389961352356	300	0.2	30.0838411776156
Participant_8322	400	0.2	22.737634001804146	200	0.2	30.022699745359343
Participant_8323	250	0.7	12.55836374692181	250	0.6	20.838066129082133
Participant_8324	400	0.3	23.911294402436685	400	0.4	35.954485116602626
Participant_8325	150	0.1	17.04075995957927	250	0.0	38.93616570747562
Participant_8326	100	0.8	14.969552431519121	100	0.8	14.969552431519121
Participant_8327	200	0.9	9.845049517397056	200	0.9	9.845049517397056
Participant_8328	100	0.6	33.60617502781297	150	0.4	65.57171646373152
Participant_8329	150	0.2	25.507841931453157	300	0.2	30.04226189886507
Participant_8330	200	1.0	7.905694150420948	200	0.9	13.064264234927277
Participant_8331	350	0.1	21.918314259997278	250	0.1	24.797429302248247
Participant_8332	250	1.0	0.0	250	1.0	0.0
Participant_8333	300	0.5	14.007587229783722	250	0.3	63.460420736077694
Participant_8334	350	0.6	24.63331078032346	350	0.6	24.63331078032346
Participant_8335	250	0.4	20.81165538826741	400	0.5	38.636122993903
Participant_8336	400	0.4	27.20707628540781	300	0.3	42.67581282178466
Participant_8337	250	0.9	7.725768570181222	250	0.9	7.725768570181222
Participant_8338	300	0.5	26.9251276691495	400	0.3	48.52061417583252
Participant_8339	100	0.0	25.26657871576601	400	0.2	87.47571091451616
Participant_8340	350	0.1	27.530210678452864	200	0.3	66.34898265987204
Participant_8341	350	0.8	14.93234743769378	350	0.8	14.93234743769378
Participant_8342	300	0.6	21.679771677764506	200	0.6	34.791342313857335
Participant_8343	200	0.0	12.690547663517126	200	0.0	12.690547663517126
Participant_8344	150	0.1	12.212186536406984	250	0.1	13.598253564336856
Participant_8345	350	1.0	0.0	350	1.0	0.0
Participant_8346	300	0.5	17.711931007092364	400	0.4	28.9218775324148
Participant_8347	200	0.0	13.640014662748717	200	0.2	52.28635099143944
Participant_8348	300	0.3	20.09290919702769	400	0.5	62.13091018164791
Participant_8349	400	0.5	27.436289836637897	150	0.5	53.53480176483331
Participant_8350	250	0.7	18.444850229806693	200	0.8	29.493007645881082
Participant_8351	250	1.0	0.0	250	1.0	0.0
Participant_8352	300	0.0	15.112494830437495	350	0.0	17.083983727456545
Participant_8353	300	0.7	14.761859638947932	300	0.7	14.761859638947932
Participant_8354	350	0.1	24.45224938528151	350	0.2	33.65765143321798
Participant_8355	250	0.0	11.927908450352895	350	0.0	14.46936418782802
Participant_8356	300	0.8	20.959186530015902	300	0.6	39.79651366640048
Participant_8357	350	0.9	13.215521177766695	350	0.8	21.690435680271616
Participant_8358	100	0.7	17.3738308959193	100	0.7	17.3738308959193
Participant_8359	400	0.5	27.617928959282953	350	0.4	50.0067495444365
Participant_8360	300	0.8	24.352361281814133	250	0.8	28.283608327085847
Participant_8361	250	0.0	16.386732438164724	200	0.0	22.32823324851297
Participant_8362	100	0.8	72.76906966562098	400	0.0	108.6129596318966
Participant_8363	350	0.0	10.397716095374022	250	0.0	12.78768939253687
Participant_8364	400	1.0	0.0	400	1.0	0.0
Participant_8365	150	0.6	26.292584505902038	150	0.7	26.68356235587745
Participant_8366	400	0.2	34.97499106504532	400	0.2	34.97499106504532
Participant_8367	350	0.8	15.826401991608831	350	0.8	15.826401991608831
Participant_8368	400	0.6	55.78709528197359	100	0.0	76.1143876018194
Participant_8369	250	0.5	17.743660839860528	350	0.6	22.897598127314577
Participant_8370	250	0.0	17.09605217586797	250	0.0	17.09605217586797
Participant_8371	100	0.2	31.718685344761692	300	0.4	53.85141595167206
Participant_8372	200	0.2	26.364986250707585	400	0.0	31.80841083738702
Participant_8373	200	1.0	5.5901699437494745	200	0.9	8.406842451241726
Participant_8374	100	0.6	25.556310375326092	100	0.7	26.797387932408636
Participant_8375	250	1.0	0.0	250	1.0	0.0
Participant_8376	300	0.8	12.320206978780835	300	0.8	12.320206978780835
Participant_8377	100	0.8	22.838290216213647	100	0.6	49.93120266927285
Participant_8378	400	0.9	14.270161176384798	400	0.9	14.270161176384798
Participant_8379	400	0.5	23.13547060251855	400	0.6	30.83747719901873
Participant_8380	300	0.8	21.07812847479586	250	0.6	43.994033686398886
Participant_8381	100	0.4	38.60359439223244	300	0.4	49.53508857365655
Participant_8382	100	0.6	18.25171224844398	100	0.6	18.25171224844398
Participant_8383	200	0.6	17.760560238911385	200	0.5	36.10090026578285
Participant_8384	200	1.0	5.5901699437494745	200	0.9	8.406842451241726
Participant_8385	400	0.9	12.191697994947218	400	0.7	37.445627248051274
Participant_8386	150	0.9	10.425929215182693	150	0.9	10.425929215182693
Participant_8387	350	0.4	19.828640901483894	300	0.2	68.95677994222179
Participant_8388	350	0.7	10.982941318244398	350	0.8	17.225707532638538
Participant_8389	350	0.9	5.779273310719955	350	0.9	5.779273310719955
Participant_8390	200	0.2	14.365322829647791	400	0.1	39.05892983685037
Participant_8391	150	0.2	27.715519118356777	150	0.3	46.38372559422108
Participant_8392	100	0.2	33.22009933759982	300	0.3	49.88712258689611
Participant_8393	400	0.0	25.259156755521353	400	0.0	25.259156755521353
Participant_8394	100	0.9	8.816178310356477	100	0.9	8.816178310356477
Participant_8395	350	0.2	17.47390912188798	350	0.3	33.860005906674026
Participant_8396	150	0.6	22.722235805483578	250	0.6	51.15393435504252
Participant_8397	250	1.0	0.0	250	1.0	0.0
Participant_8398	250	0.6	18.887164954010437	250	0.6	18.887164954010437
Participant_8399	400	0.5	22.754120505965506	400	0.4	24.57590283183916
Participant_8400	350	0.4	18.759664176098674	400	0.3	28.556960622587273
Participant_8401	400	0.9	15.768243402484627	400	0.8	33.27536626394967
Participant_8402	250	1.0	0.0	250	1.0	0.0
Participant_8403	400	0.1	20.478037015300075	150	0.2	43.79668937259984
Participant_8404	250	0.7	21.770679824020196	250	0.8	24.595985444783462
Participant_8405	250	0.0	27.450409833006137	350	0.2	70.90724575105142
Participant_8406	150	0.4	23.997916576236364	400	0.4	26.46176486933553
Participant_8407	350	0.1	19.148433356282702	350	0.0	33.081150221840836
Participant_8408	100	0.2	27.15372902567896	350	0.3	52.70436414567583
Participant_8409	200	0.7	13.268854509715599	200	0.6	29.247863169811225
Participant_8410	350	0.5	19.996249648371567	200	0.5	32.60789781632665
Participant_8411	100	0.7	22.31815404552984	100	0.6	28.405545233281476
Participant_8412	100	0.9	11.946756882099844	100	0.9	11.946756882099844
Participant_8413	250	0.0	26.192078955287226	400	0.0	107.95496746328999
Participant_8414	350	0.9	6.682065548915245	350	0.9	6.682065548915245
Participant_8415	100	0.5	37.40120318920235	100	0.4	39.18210688566913
Participant_8416	100	0.8	20.98422026190156	100	0.8	20.98422026190156
Participant_8417	150	1.0	21.650635094610966	150	0.8	39.85348165468106
Participant_8418	100	0.1	28.721725226733856	150	0.2	43.019181768136875
Participant_8419	250	0.8	12.143413852784562	250	0.9	13.953046262375826
Participant_8420	150	0.6	18.304371062672434	150	0.7	30.610659907947102
Participant_8421	100	0.1	26.808347580557815	200	0.3	60.79422258734789
Participant_8422	400	0.6	16.30797350991226	350	0.6	41.08588565432173
Participant_8423	350	0.1	30.66614582891042	250	0.0	40.58663573148186
Participant_8424	300	0.1	16.88268343599441	300	0.0	23.013854522873824
Participant_8425	300	0.3	15.123656965165535	200	0.3	24.61579777297498
Participant_8426	400	0.6	26.190647185588983	400	0.6	26.190647185588983
Participant_8427	350	0.9	9.664367542679656	350	0.9	9.664367542679656
Participant_8428	400	0.0	22.9515794663461	200	0.2	54.46432318499882
Participant_8429	300	0.1	17.50071427113762	200	0.0	21.789905919943756
Participant_8430	250	0.9	10.59186008215743	250	0.9	10.59186008215743
Participant_8431	100	0.3	21.3749269004598	150	0.3	24.190907382733705
Participant_8432	350	0.6	18.72298053195591	350	0.6	18.72298053195591
Participant_8433	100	0.9	14.238152970101142	100	0.9	14.238152970101142
Participant_8434	400	0.0	14.160685011679343	300	0.2	52.38117505363926
Participant_8435	400	0.4	16.131490941633388	150	0.5	44.028116016927186
Participant_8436	100	0.5	25.0019999200064	100	0.5	25.0019999200064
Participant_8437	250	0.3	24.844013363383944	300	0.2	33.223297548557696
Participant_8438	200	0.8	15.885134560336592	200	0.8	15.885134560336592
Participant_8439	150	0.2	23.96664348631239	200	0.3	46.76737644982878
Participant_8440	150	0.3	20.12958022413781	200	0.5	77.02775473814617
Participant_8441	300	0.8	13.249056570186422	300	0.8	13.249056570186422
Participant_8442	300	0.6	32.65367513772378	300	0.7	43.52197720692386
Participant_8443	250	0.9	12.735285626950029	250	0.9	12.735285626950029
Participant_8444	100	0.7	14.89462990476769	100	0.7	14.89462990476769
Participant_8445	250	1.0	0.0	250	1.0	0.0
Participant_8446	100	0.0	39.04676683158287	100	0.0	39.04676683158287
Participant_8447	100	0.6	16.066269013059628	100	0.6	16.066269013059628
Participant_8448	400	0.7	31.478961228096455	250	0.7	68.08239493437345
Participant_8449	100	0.2	16.31180554077322	150	0.3	26.128528469854555
Participant_8450	300	0.1	16.16400321702517	150	0.0	28.300397523709805
Participant_8451	250	0.7	21.97071915072422	250	0.6	31.728930016626784
Participant_8452	300	0.2	20.707184743465252	200	0.2	22.025269578372928
Participant_8453	250	0.3	15.802689644487739	300	0.2	40.37372289001845
Participant_8454	400	0.7	13.862719790863553	400	0.8	29.702693480558292
Participant_8455	300	0.2	17.95932905205537	400	0.2	38.48051454957431
Participant_8456	150	0.1	24.426164250655486	350	0.1	28.664655937233924
Participant_8457	150	0.8	17.01616878148545	150	0.8	17.01616878148545
Participant_8458	300	0.0	11.051583596933066	350	0.1	27.347988957142718
Participant_8459	200	0.0	14.951588544365444	200	0.1	24.415159225366523
Participant_8460	350	1.0	0.0	350	1.0	0.0
Participant_8461	400	0.5	18.648056198971517	400	0.6	19.357169214531343
Participant_8462	100	0.5	25.37419949476239	100	0.5	25.37419949476239
Participant_8463	200	0.3	16.075991415772776	350	0.3	17.86057109949175
Participant_8464	150	1.0	0.0	150	1.0	0.0
Participant_8465	350	0.1	21.602372554883875	250	0.2	28.159145938753184
Participant_8466	400	0.0	28.004910283734173	400	0.0	28.004910283734173
Participant_8467	400	1.0	0.0	400	1.0	0.0
Participant_8468	200	0.6	24.60563959745814	250	0.7	29.87829479739431
Participant_8469	300	0.1	15.772602828956291	150	0.1	19.66309995906037
Participant_8470	350	0.1	23.13898225938211	150	0.3	62.01975491728422
Participant_8471	400	0.1	21.286145729088673	400	0.2	23.22713929867387
Participant_8472	100	1.0	0.0	100	1.0	0.0
Participant_8473	100	0.0	30.284484476378328	150	0.2	54.51513551299309
Participant_8474	150	0.2	28.62516375499012	100	0.3	33.06262996193739
Participant_8475	100	0.2	19.553132741328177	300	0.5	50.6207714283376
Participant_8476	100	0.0	72.04790073277638	100	0.0	72.04790073277638
Participant_8477	400	0.3	17.549928774784245	200	0.3	18.15729880791744
Participant_8478	400	0.9	4.988737315193094	400	0.8	21.5
Participant_8479	100	0.3	22.45857297336587	100	0.4	40.049812733644586
Participant_8480	100	0.8	6.545036287141577	100	0.8	6.545036287141577
Participant_8481	150	0.7	17.909843662075893	150	0.7	17.909843662075893
Participant_8482	100	0.6	19.0230123797468	100	0.7	27.098892966318754
Participant_8483	150	0.5	22.549390235658258	100	0.3	61.62903130830469
Participant_8484	300	0.6	22.30498823133516	300	0.6	22.30498823133516
Participant_8485	300	0.1	14.706291170788099	200	0.0	21.06062677130004
Participant_8486	250	0.1	36.20997790664888	300	0.1	37.600199467556024
Participant_8487	350	0.2	15.86151001638873	400	0.2	27.62697956708261
Participant_8488	250	0.9	15.11414900019184	250	0.8	16.917816052907064
Participant_8489	350	0.0	17.905655531144344	100	0.2	88.8598615799057
Participant_8490	350	0.1	15.784882007794673	200	0.2	21.068044522451533
Participant_8491	300	0.0	14.173478754349617	250	0.0	18.05616238296499
Participant_8492	400	1.0	13.693063937629153	400	0.9	17.850420163122212
Participant_8493	350	0.3	16.703293088490067	200	0.4	31.217382978078096
Participant_8494	150	0.1	14.845453849579675	250	0.1	16.61813768146118
Participant_8495	100	0.2	37.66397483006806	350	0.3	46.38426457323647
Participant_8496	350	0.1	24.857845843918174	350	0.0	31.849058070844105
Participant_8497	100	0.1	26.123504741898625	250	0.2	35.202095108104004
Participant_8498	150	0.2	28.6033214854499	200	0.2	33.26202789969367
Participant_8499	400	0.7	13.073828819439239	400	0.7	13.073828819439239
Participant_8500	400	0.5	36.62649314362488	250	0.4	59.38749868448746
Participant_8501	100	0.5	30.312538659769164	150	0.4	38.43370916266085
Participant_8502	200	0.5	13.11583013003752	200	0.5	13.11583013003752
Participant_8503	350	0.9	19.70786644972002	350	0.6	66.96491618750822
Participant_8504	200	0.6	19.116419643855906	200	0.4	79.77013852313408
Participant_8505	400	0.0	16.971299302056988	400	0.0	16.971299302056988
Participant_8506	100	0.7	14.074800176201437	100	0.7	14.074800176201437
Participant_8507	250	0.4	16.105123408406406	250	0.4	16.105123408406406
Participant_8508	200	0.3	21.117232299712004	200	0.2	47.316619701749616
Participant_8509	250	0.0	12.440860098883839	150	0.0	13.121070840445912
Participant_8510	300	0.8	15.946394576831466	300	0.8	15.946394576831466
Participant_8511	150	0.6	15.852444606432158	150	0.6	15.852444606432158
Participant_8512	350	0.5	26.666458332519525	400	0.5	30.211752680041588
Participant_8513	250	0.5	15.365139114241693	250	0.6	30.256817413601187
Participant_8514	300	0.3	11.988536190878351	300	0.4	38.07853726182244
Participant_8515	300	0.1	22.277230528052627	300	0.1	22.277230528052627
Participant_8516	100	1.0	11.180339887498949	100	0.8	34.08207006623864
Participant_8517	100	0.3	14.895888694535818	200	0.3	25.950674365033368
Participant_8518	150	0.5	13.312588027877975	300	0.3	59.759727241680075
Participant_8519	250	0.0	23.659564662098074	350	0.0	30.155637947156748
Participant_8520	150	0.1	10.683515339063263	350	0.1	12.31513296720746
Participant_8521	300	0.8	11.642057378315913	300	0.7	23.19294073635338
Participant_8522	400	0.7	31.319722220990403	350	0.6	40.719160109216396
Participant_8523	350	0.0	19.57325982047957	100	0.0	73.87252533926264
Participant_8524	200	0.8	12.543424572260959	200	0.8	12.543424572260959
Participant_8525	150	1.0	0.0	150	1.0	0.0
Participant_8526	400	1.0	11.180339887498949	400	0.9	15.92600075348485
Participant_8527	100	1.0	0.0	100	1.0	0.0
Participant_8528	350	0.6	25.53037406698147	250	0.5	39.65271113051414
Participant_8529	200	0.8	14.869011399551754	200	0.8	14.869011399551754
Participant_8530	300	0.6	20.615831295390443	300	0.7	36.78195889291379
Participant_8531	350	0.5	22.63514965711515	150	0.5	34.10974933944839
Participant_8532	400	0.1	24.68501569778719	400	0.3	59.75366097570926
Participant_8533	250	0.0	17.314011666855258	200	0.0	20.610676844781203
Participant_8534	250	1.0	0.0	250	1.0	0.0
Participant_8535	100	0.6	25.21160447095742	100	0.5	38.55320998308701
Participant_8536	100	0.5	21.12699694703438	300	0.2	77.12838323211501
Participant_8537	400	0.6	38.87094030249333	350	0.7	53.81101188418594
Participant_8538	100	0.2	24.871168046555432	200	0.3	45.328660911171866
Participant_8539	250	0.0	14.178328533363867	200	0.0	17.350792489105505
Participant_8540	100	0.7	27.82714502064486	150	0.7	29.103479173459657
Participant_8541	250	0.3	12.2362167355764	100	0.3	16.78950565085226
Participant_8542	400	0.5	26.556543449779003	400	0.6	46.44566718220334
Participant_8543	200	1.0	0.0	200	1.0	0.0
Participant_8544	150	0.9	12.296340919151518	150	0.9	12.296340919151518
Participant_8545	300	0.2	30.10460928163659	300	0.2	30.10460928163659
Participant_8547	100	0.7	24.302263269086687	100	0.7	24.302263269086687
Participant_8548	300	0.0	14.173478754349617	250	0.1	19.29799212353451
Participant_8549	300	0.8	16.40998171845417	300	0.8	16.40998171845417
Participant_8550	100	0.8	14.885815395872676	100	0.9	22.835827114427016
Participant_8551	100	1.0	0.0	100	1.0	0.0
Participant_8552	400	0.4	21.481969183480363	300	0.4	26.692227333064583
Participant_8553	250	0.9	8.642193008721803	250	0.8	14.957021762369672
Participant_8554	400	0.5	15.459624833740307	400	0.4	35.21682836372407
Participant_8555	250	0.9	9.065732182234372	250	0.9	9.065732182234372
Participant_8556	400	0.9	28.458522449347225	400	0.9	28.458522449347225
Participant_8557	300	0.2	31.87926442062301	150	0.2	36.529440181858796
Participant_8558	250	0.0	14.353570984253361	350	0.0	20.50883955761515
Participant_8559	350	0.7	22.597013076953335	350	0.5	40.80257344825201
Participant_8560	350	0.6	24.607925552553183	400	0.6	35.929792651781334
Participant_8561	250	1.0	5.5901699437494745	250	0.9	8.042853971072706
Participant_8562	350	0.6	25.96728711282717	350	0.5	31.9937493895292
Participant_8563	100	0.1	25.85899263312475	100	0.1	25.85899263312475
Participant_8564	100	0.2	36.75697212774741	400	0.4	37.452970509693884
Participant_8565	100	1.0	0.0	100	1.0	0.0
Participant_8566	250	0.0	27.969179465976474	150	0.0	31.33947191641876
Participant_8567	200	1.0	0.0	200	1.0	0.0
Participant_8568	400	0.9	13.505091632417752	400	0.8	18.227726133558185
Participant_8569	350	0.1	30.297070815509542	250	0.0	47.29984143736636
Participant_8570	300	0.5	16.316019735217285	150	0.4	37.0425431092413
Participant_8571	100	1.0	0.0	100	1.0	0.0
Participant_8572	100	0.5	28.78975512226528	400	0.1	66.37469397292918
Participant_8573	100	0.7	23.939507096011816	150	0.7	31.076719582349742
Participant_8574	150	0.6	24.419254697881343	150	0.6	24.419254697881343
Participant_8575	100	0.5	16.472704695950814	100	0.4	34.6985230233219
Participant_8576	400	0.0	11.854324105574303	400	0.0	11.854324105574303
Participant_8577	400	0.8	25.465663156493687	400	0.7	33.38674886837591
Participant_8578	150	0.9	7.8230428862431785	150	0.9	7.8230428862431785
Participant_8579	100	0.1	26.878197484206414	300	0.3	50.09965069738511
Participant_8580	100	0.2	32.032405466964235	350	0.3	61.198447692731555
Participant_8581	200	0.6	19.116419643855906	250	0.5	30.184226012935962
Participant_8582	400	0.3	27.143139096279928	400	0.4	35.46441878841383
Participant_8583	100	0.4	26.99976851752622	100	0.4	26.99976851752622
Participant_8584	200	0.9	6.278933030380241	200	0.9	6.278933030380241
Participant_8585	100	0.3	24.32873815059055	350	0.4	33.23289033472713
Participant_8586	400	0.6	26.047072772194575	400	0.7	35.89463748249869
Participant_8587	250	0.5	20.275292846220495	300	0.6	34.15058564651564
Participant_8588	100	0.2	18.936076679185685	100	0.2	18.936076679185685
Participant_8589	100	0.6	19.764235376052373	100	0.7	34.01249770305027
Participant_8590	150	0.7	26.80041977283192	250	0.7	56.16015046276141
Participant_8591	350	0.7	15.55233101499579	350	0.6	41.779779798366576
Participant_8592	250	0.5	14.952842539129476	150	0.4	53.32354076765721
Participant_8593	100	0.3	31.88867353779395	300	0.5	59.59205064436028
Participant_8594	400	0.6	25.87856255668	400	0.5	43.02905994790033
Participant_8595	250	0.0	25.392420128849476	250	0.1	37.44879837858619
Participant_8596	100	1.0	0.0	100	1.0	0.0
Participant_8597	200	0.6	19.854155736268414	200	0.6	19.854155736268414
Participant_8598	350	0.1	10.267058975188561	250	0.0	29.850041876017528
Participant_8599	150	0.2	30.300990082833927	300	0.3	44.55305825642051
Participant_8600	100	0.7	15.90911688309568	100	0.7	15.90911688309568
Participant_8601	300	0.0	10.589499516030019	200	0.0	11.770726400694224
Participant_8602	200	0.3	30.346952071007067	300	0.4	41.87749992537759
Participant_8603	100	0.5	42.08740904356076	250	0.6	71.81904343556798
Participant_8604	250	0.6	22.118431228276567	200	0.6	29.54551573420237
Participant_8605	200	0.9	16.452203499835516	200	0.7	30.28716724951345
Participant_8606	400	0.2	22.737634001804146	250	0.2	53.366070681660645
Participant_8607	100	0.5	28.57183928276232	150	0.5	45.54914927855404
Participant_8608	300	0.1	22.96791239969362	200	0.0	30.574499178236753
Participant_8609	150	0.7	19.70437768618943	150	0.7	19.70437768618943
Participant_8610	200	0.0	8.429116205154607	250	0.1	26.123026241230168
Participant_8611	100	0.6	21.6072904363319	100	0.6	21.6072904363319
Participant_8612	400	0.9	17.317260175905425	400	0.9	17.317260175905425
Participant_8613	250	0.0	20.212001385315606	300	0.0	25.04271351111936
Participant_8614	150	0.0	11.711639509479447	350	0.0	11.7521274669738
Participant_8615	350	0.1	27.439251083074407	300	0.2	30.22891827373252
Participant_8616	150	1.0	0.0	150	1.0	0.0
Participant_8617	150	0.2	21.895204954510017	250	0.1	38.12692618085019
Participant_8619	350	0.1	27.02614474911285	300	0.1	28.240485123311885
Participant_8620	250	0.6	23.140332754737994	250	0.6	23.140332754737994
Participant_8621	400	0.6	24.99399927982715	400	0.5	45.43126676640219
Participant_8622	350	1.0	0.0	350	1.0	0.0
Participant_8623	250	1.0	0.0	250	1.0	0.0
Participant_8624	250	1.0	0.0	250	1.0	0.0
Participant_8625	350	1.0	0.0	350	1.0	0.0
Participant_8626	300	0.7	21.045486451968745	300	0.7	21.045486451968745
Participant_8627	400	0.5	22.39419567655869	350	0.4	43.92522054583221
Participant_8628	250	0.9	9.470348462437906	250	0.9	9.470348462437906
Participant_8629	100	0.8	17.897974745763833	100	0.7	41.29891039724898
Participant_8630	300	0.8	12.670339379827203	300	0.9	22.74587874758854
Participant_8631	150	0.4	29.17019026334933	100	0.5	29.497457517555645
Participant_8632	150	0.9	13.367871932360812	150	0.8	28.07668071549769
Participant_8633	350	0.7	22.597013076953335	300	0.5	73.83232693068803
Participant_8634	100	0.7	27.872028989651973	100	0.5	55.137101846216034
Participant_8635	150	0.7	13.398227494709888	150	0.8	17.379585725787596
Participant_8636	250	0.6	17.866868779951343	250	0.6	17.866868779951343
Participant_8637	250	0.0	56.02254010663922	150	0.0	59.25295351288406
Participant_8638	350	0.9	13.120594498726039	350	0.9	13.120594498726039
Participant_8639	150	0.5	23.17811467742793	350	0.5	35.49436575007363
Participant_8640	200	0.6	22.78568629644497	200	0.7	28.697778659680264
Participant_8641	100	0.5	31.62435770098738	400	0.3	56.162710048572265
Participant_8642	200	1.0	9.682458365518542	200	0.9	13.763175505674553
Participant_8643	100	0.0	34.599855491027704	250	0.2	58.28110757355251
Participant_8644	400	1.0	0.0	400	1.0	0.0
Participant_8645	300	0.5	16.200694429560727	150	0.5	22.044840666242067
Participant_8646	300	0.9	10.179636535751166	300	0.9	10.179636535751166
Participant_8647	250	0.8	26.80881384918027	300	0.7	40.79414786461411
Participant_8648	300	0.2	33.31722527462333	100	0.2	73.77211532821869
Participant_8649	250	0.2	32.755724690502575	400	0.1	35.07990877981298
Participant_8650	400	0.0	24.60741758088402	200	0.2	39.97014510856822
Participant_8651	250	1.0	0.0	250	1.0	0.0
Participant_8652	400	0.4	19.974358562917608	300	0.4	23.237362156664858
Participant_8653	400	0.2	15.47578754054216	350	0.3	21.307275752662516
Participant_8654	350	0.5	27.542694131112157	300	0.5	34.16815037428863
Participant_8655	300	0.9	14.137715515598693	300	0.7	32.50634553437221
Participant_8656	200	0.7	15.48588066594858	200	0.8	16.57822366841514
Participant_8657	150	0.6	17.35799527595281	200	0.5	27.102121688163088
Participant_8658	350	0.0	20.781301691665035	300	0.0	22.268531608527763
Participant_8659	350	0.1	20.806549449632442	350	0.1	20.806549449632442
Participant_8660	200	1.0	0.0	200	0.9	10.755231285286245
Participant_8661	100	0.5	32.53997541486471	400	0.3	41.7492514902962
Participant_8662	150	0.5	16.574830315873523	400	0.5	40.1434926233381
Participant_8663	300	0.9	10.891510455395983	300	0.9	10.891510455395983
Participant_8664	300	1.0	0.0	300	1.0	0.0
Participant_8665	350	0.7	9.968701018688442	350	0.9	41.76900764921283
Participant_8666	200	0.8	21.53108218367112	200	0.6	41.008383289273915
Participant_8667	100	0.3	27.69273370398813	100	0.4	46.07317549290477
Participant_8668	100	0.6	24.81179155159901	100	0.5	25.66807355451515
Participant_8669	150	0.2	12.918978287774928	100	0.1	49.35775015131869
Participant_8670	400	0.4	17.92972392425494	400	0.6	52.10278303507405
Participant_8671	400	0.7	23.365037984133473	400	0.6	31.63779385481864
Participant_8672	400	0.2	25.238858928247925	150	0.3	42.810045550080886
Participant_8673	350	0.1	27.37083301618714	400	0.1	44.44772210136308
Participant_8674	150	0.3	19.498717906570164	200	0.3	24.61579777297498
Participant_8675	400	1.0	12.5	400	0.8	40.893153461184674
Participant_8676	350	0.5	17.84936973677222	350	0.6	20.292855885754474
Participant_8677	200	0.9	10.095791202278305	200	0.8	16.15820225148825
Participant_8678	100	1.0	0.0	100	0.9	19.110860786474273
Participant_8679	300	0.1	16.696556531213254	300	0.0	24.07566198466825
Participant_8680	350	0.1	23.935590654922223	300	0.0	30.36671697763853
Participant_8681	200	0.9	33.88473107463006	200	0.7	41.84569870368996
Participant_8682	300	0.7	14.676937691494095	300	0.8	17.973244003239927
Participant_8683	400	1.0	0.0	400	1.0	0.0
Participant_8684	400	0.6	17.704519197086377	400	0.6	17.704519197086377
Participant_8685	200	1.0	5.5901699437494745	200	0.8	25.51641628442364
Participant_8686	350	0.7	27.420339166392527	350	0.6	35.74982517439771
Participant_8687	300	0.9	7.8182478855559445	300	0.9	7.8182478855559445
Participant_8688	300	0.0	10.290165207614502	150	0.0	12.335416490739176
Participant_8689	350	1.0	0.0	350	1.0	0.0
Participant_8690	100	0.5	42.39811316556434	350	0.1	105.50077013936912
Participant_8691	200	0.8	12.741173415349154	200	0.9	14.428270859669915
Participant_8692	350	0.9	7.134423592694787	350	0.9	7.134423592694787
Participant_8693	250	0.9	13.12202347201071	250	0.7	29.499364399932414
Participant_8694	350	0.0	16.182166109640576	250	0.0	22.63349288112641
Participant_8695	400	0.3	20.0124960961895	150	0.5	41.242878173085835
Participant_8696	100	0.8	21.013983439605163	100	0.7	22.568783751013257
Participant_8697	150	1.0	0.0	150	1.0	0.0
Participant_8698	200	0.6	23.461404476288287	200	0.7	31.973621940593468
Participant_8699	350	0.6	13.575713609236164	350	0.8	45.694365079296155
Participant_8700	350	0.6	19.825488644671537	350	0.4	58.27242057783425
Participant_8701	250	1.0	0.0	250	1.0	0.0
Participant_8702	350	0.1	22.25786377889846	150	0.1	23.38028015229929
Participant_8703	350	0.5	19.393297811357407	350	0.5	19.393297811357407
Participant_8704	400	0.6	36.086008368895556	100	0.0	70.05997430773151
Participant_8706	100	0.9	14.061472184661177	100	0.9	14.061472184661177
Participant_8707	250	0.0	24.945440465143122	100	0.0	79.09424757844276
Participant_8708	250	0.8	15.081859964871708	250	0.8	15.081859964871708
Participant_8709	250	0.6	28.51271646125637	250	0.6	28.51271646125637
Participant_8710	100	0.5	31.32650634845833	200	0.4	51.40063229183081
Participant_8711	100	0.4	24.82916631705543	150	0.4	25.73227545321245
Participant_8712	350	0.1	21.015767889848803	250	0.2	34.988390931850525
Participant_8713	100	0.2	17.45923824226017	100	0.4	52.66865766278841
Participant_8714	200	0.9	9.188307787617914	200	0.9	9.188307787617914
Participant_8715	150	1.0	7.905694150420948	150	0.9	8.941476388158724
Participant_8716	150	0.7	31.337078676864568	150	0.5	56.20031138703771
Participant_8717	100	0.5	31.166488413037488	150	0.3	68.79462188281872
Participant_8718	400	0.4	13.927490800571364	350	0.4	18.253081931553368
Participant_8719	300	0.2	21.709157054109678	200	0.2	22.307229769740573
Participant_8720	250	0.5	21.356205187251785	150	0.4	53.49906541239763
Participant_8721	100	0.1	22.247190833900806	100	0.1	22.247190833900806
Participant_8722	400	0.0	18.214691872222268	400	0.1	22.40200883849482
Participant_8723	400	0.5	28.26658805020514	150	0.7	114.62771261784822
Participant_8724	150	0.1	32.42896082208001	250	0.2	41.97246120970273
Participant_8725	100	0.5	37.3677668586176	300	0.2	77.83821362287293
Participant_8726	150	0.1	30.949757672718537	250	0.1	31.818430193835773
Participant_8727	250	0.7	15.417927876339284	300	0.6	26.1249401913191
Participant_8728	100	0.5	30.92490905402957	100	0.6	34.177843700268745
Participant_8729	100	0.5	33.931548741547296	150	0.4	55.05361023584194
Participant_8730	100	0.2	29.28011270470112	350	0.5	70.8597205752323
Participant_8731	250	0.9	10.231690964840562	250	0.8	15.287658421092486
Participant_8732	350	0.0	12.373863584184207	150	0.0	13.073350756405183
Participant_8733	150	0.3	15.376930773076921	300	0.3	19.00592013031729
Participant_8734	400	0.0	26.277842377181578	400	0.0	26.277842377181578
Participant_8735	300	0.4	12.195285974506707	400	0.2	47.33656092282159
Participant_8736	350	0.6	21.74971264177989	350	0.6	21.74971264177989
Participant_8737	400	0.5	33.1134413795969	350	0.4	51.24134073187391
Participant_8738	150	0.5	14.865227882545225	350	0.5	35.33553452263033
Participant_8739	250	0.5	28.39168011935891	250	0.5	28.39168011935891
Participant_8741	350	0.9	16.19104690870853	350	0.8	30.091111644470697
Participant_8742	250	0.0	37.34668660001848	350	0.1	56.25088888186568
Participant_8743	150	0.5	19.486533811840424	200	0.5	26.472155182379844
Participant_8744	200	0.3	33.53636086399358	300	0.3	38.42167357104581
Participant_8745	100	0.7	14.72582765076381	100	0.8	23.6185837848081
Participant_8746	250	0.0	13.639098210658943	300	0.0	16.53443376714183
Participant_8747	100	0.6	8.253787009609589	100	0.8	41.687378185729074
Participant_8748	250	0.8	16.880832325451255	250	0.7	19.370402680378124
Participant_8749	150	0.0	9.133044399322714	200	0.0	9.276313923105448
Participant_8750	350	0.1	22.285926052107417	350	0.1	22.285926052107417
Participant_8751	300	0.9	9.347459547919959	300	0.9	9.347459547919959
Participant_8752	300	0.5	16.76939175998939	350	0.4	25.67927179652881
Participant_8753	400	0.1	26.93696345173301	250	0.2	38.638549403413165
Participant_8754	200	0.9	4.263214749458442	200	0.9	4.263214749458442
Participant_8755	350	0.9	10.648943609579309	350	0.8	24.884231955196046
Participant_8756	350	0.6	25.894980208526903	350	0.7	51.30180308722102
Participant_8757	100	0.0	27.87741020970205	350	0.1	36.406215128738665
Participant_8758	100	0.2	11.06006329095815	100	0.1	37.53248592885902
Participant_8759	300	0.6	19.811928225187977	250	0.6	21.40035046441997
Participant_8760	350	0.6	25.33377192602791	200	0.5	36.17008432392714
Participant_8761	400	0.6	17.774982419119294	400	0.6	17.774982419119294
Participant_8762	100	0.6	17.04772712123232	200	0.5	36.08358352492169
Participant_8763	350	1.0	0.0	350	1.0	0.0
Participant_8764	150	0.3	20.80144225768973	100	0.3	20.991367273238776
Participant_8765	300	0.0	13.951254423886047	250	0.1	21.328677877449415
Participant_8766	100	0.5	24.317689034939153	150	0.5	25.044460465340435
Participant_8767	200	0.2	31.16668894829863	200	0.2	31.16668894829863
Participant_8768	250	0.0	17.777092000661973	350	0.0	21.109535759935603
Participant_8769	300	0.5	16.506438137890317	350	0.5	22.71783440383348
Participant_8770	150	0.8	12.680693987317888	150	0.8	12.680693987317888
Participant_8771	100	0.2	10.359777989899204	150	0.3	25.57244610904479
Participant_8773	100	0.5	25.324888943487984	200	0.5	39.14109094034043
Participant_8774	100	0.9	11.735629510171153	100	0.9	11.735629510171153
Participant_8775	100	0.5	17.6451126377816	100	0.4	29.62663497598065
Participant_8776	300	0.1	19.780672384931712	250	0.0	31.381124900168892
Participant_8777	400	0.4	12.805272351652658	150	0.3	29.414282245195107
Participant_8778	200	0.6	19.01808349965895	200	0.7	28.192419193818754
Participant_8779	300	0.1	15.289702416986408	150	0.1	19.147780550236103
Participant_8780	250	0.3	24.919369975984544	300	0.2	36.6747528962364
Participant_8781	250	0.6	20.35251827170289	200	0.7	36.15677668155722
Participant_8782	100	0.5	44.554461056105254	200	0.3	50.72905971925756
Participant_8783	200	1.0	0.0	200	1.0	0.0
Participant_8784	300	1.0	0.0	300	1.0	0.0
Participant_8785	200	0.8	19.585389962929	150	0.6	45.51153699887535
Participant_8786	350	0.9	16.945500877814144	350	0.8	20.41384334220286
Participant_8787	200	0.7	20.119952783244795	250	0.6	40.39461597787507
Participant_8788	100	0.6	26.774521470980577	100	0.6	26.774521470980577
Participant_8789	350	0.1	22.06042837299403	150	0.2	31.849646779831012
Participant_8790	400	0.0	28.13849676155427	400	0.2	47.7179211617606
Participant_8791	350	0.2	21.250588227152676	300	0.2	25.788321000018595
Participant_8792	100	0.8	12.413198620822918	100	0.7	23.331309436034662
Participant_8793	100	0.7	23.703375287076735	100	0.8	23.855554908658068
Participant_8794	250	0.6	30.7282443364407	250	0.6	30.7282443364407
Participant_8795	350	0.6	25.160484891988865	350	0.8	37.93711902609369
Participant_8796	250	0.6	24.29969135606459	250	0.4	67.96598413912653
Participant_8797	150	0.7	13.491200836100543	150	0.8	17.34358671094304
Participant_8798	350	0.1	13.97900211030816	350	0.0	25.236134807057912
Participant_8799	250	0.0	25.020491601885045	250	0.1	27.521128247221263
Participant_8800	100	0.7	26.35052181646504	100	0.6	35.434799279804025
Participant_8801	350	0.7	14.684175155588413	350	0.7	14.684175155588413
Participant_8802	150	1.0	0.0	150	1.0	0.0
Participant_8803	100	0.6	32.87286114715298	300	0.4	60.38397966348359
Participant_8804	350	0.7	27.962027823460872	350	0.5	51.07445545475742
Participant_8805	150	0.1	21.310502105769352	300	0.2	26.810212606393108
Participant_8806	100	0.1	27.339303209847905	150	0.3	48.34976732105336
Participant_8807	200	1.0	0.0	200	1.0	0.0
Participant_8808	150	0.5	24.335673403462664	400	0.6	66.66858330578204
Participant_8809	350	0.6	28.90588175441116	200	0.7	58.146904474786965
Participant_8810	100	0.5	24.7759964481754	100	0.7	48.22447511378429
Participant_8811	350	0.6	32.39290045673589	200	0.4	62.57615360502753
Participant_8813	400	0.5	26.057628441590765	150	0.5	57.21429017299786
Participant_8814	400	0.9	12.84085277541955	400	0.8	23.973944189473706
Participant_8815	150	1.0	0.0	150	1.0	0.0
Participant_8817	400	0.4	22.309751231244153	100	0.5	50.99117570717506
Participant_8818	350	0.6	14.724129855444769	350	0.7	37.85663746293376
Participant_8819	200	0.5	18.426204166892322	200	0.5	18.426204166892322
Participant_8820	400	0.5	22.0	100	0.2	43.8300695869856
Participant_8821	200	0.7	19.10006544491406	200	0.6	35.11320976498731
Participant_8822	100	0.5	31.663859524701028	100	0.3	62.72469609332516
Participant_8823	100	0.6	32.142261899250336	200	0.6	46.855495942311826
Participant_8824	400	0.0	14.29248054048002	350	0.2	42.548061060405566
Participant_8825	200	0.9	6.278933030380241	200	0.9	6.278933030380241
Participant_8826	250	0.5	23.36851514324348	300	0.5	28.809069752423454
Participant_8827	400	0.6	23.99895831072674	250	0.5	77.02166902891679
Participant_8828	300	0.1	16.432437433320718	150	0.0	25.95019267751205
Participant_8829	250	0.0	11.980191985106082	250	0.1	31.363394267840334
Participant_8830	300	0.2	23.849266236092046	250	0.2	24.80801281844235
Participant_8831	100	1.0	0.0	100	1.0	0.0
Participant_8832	150	0.3	25.078875572880058	400	0.5	48.72371086031933
Participant_8833	200	0.5	16.07093650040345	200	0.6	32.080952292598795
Participant_8834	400	0.5	18.614510468986285	300	0.4	35.9336193556953
Participant_8835	200	0.9	10.985217339679721	200	0.9	10.985217339679721
Participant_8836	150	0.9	15.081445554057476	150	0.9	15.081445554057476
Participant_8838	150	0.6	26.576305236055667	150	0.5	43.00842940633847
Participant_8839	400	0.7	16.983079814921673	400	0.5	49.73932046178355
Participant_8840	150	0.7	29.866578310881213	250	0.6	59.164812177509695
Participant_8841	100	0.5	22.081666603768838	100	0.6	22.734885088779315
Participant_8842	200	0.8	12.240812881504235	200	0.8	12.240812881504235
Participant_8843	150	1.0	0.0	150	1.0	0.0
Participant_8844	300	0.3	17.283662806245673	350	0.3	20.71231517720798
Participant_8845	350	0.5	21.239114859146085	100	0.3	49.21267621253695
Participant_8846	200	0.5	15.63729516252731	350	0.5	27.992856231545932
Participant_8847	150	0.2	37.97235836763369	100	0.2	41.395349980402386
Participant_8848	300	0.0	10.290165207614502	350	0.0	10.982372239184027
Participant_8849	100	1.0	0.0	100	1.0	0.0
Participant_8850	250	0.6	24.98449519201859	250	0.7	38.70029069658263
Participant_8851	350	0.1	12.714656896668506	200	0.1	14.486200329969208
Participant_8852	300	1.0	7.905694150420948	300	0.8	22.119844031999865
Participant_8853	400	1.0	0.0	400	1.0	0.0
Participant_8854	350	0.9	12.635268101627286	350	0.9	12.635268101627286
Participant_8855	400	1.0	0.0	400	1.0	0.0
Participant_8856	300	0.1	14.27497810856465	350	0.0	17.229698198169345
Participant_8857	200	0.9	7.544865803975575	200	0.8	16.69094065653581
Participant_8858	400	1.0	0.0	400	1.0	0.0
Participant_8859	400	1.0	0.0	400	1.0	0.0
Participant_8860	300	1.0	0.0	300	1.0	0.0
Participant_8861	250	0.0	17.812214909999263	300	0.0	21.292897876991756
Participant_8862	250	0.0	16.986023666532436	400	0.0	93.93095868775107
Participant_8863	100	0.9	16.96245854821759	100	0.8	29.963936657255168
Participant_8864	250	0.0	18.090743489420216	200	0.0	23.07162759754933
Participant_8865	150	0.2	29.654679226051325	100	0.2	30.595342782848505
Participant_8866	400	0.1	26.633625363438604	100	0.2	71.74486044310073
Participant_8867	350	0.7	21.168963130016547	300	0.7	21.80395606306342
Participant_8868	100	0.6	23.251344047172843	100	0.6	23.251344047172843
Participant_8869	200	0.8	25.146321798624943	250	0.7	34.80606987294027
Participant_8870	350	0.1	24.40107579595621	250	0.0	34.79978448209127
Participant_8871	150	1.0	0.0	150	1.0	0.0
Participant_8872	350	0.6	16.67483133347981	350	0.6	16.67483133347981
Participant_8873	100	1.0	0.0	100	1.0	0.0
Participant_8874	350	0.6	16.861198059449986	350	0.7	44.700391497167004
Participant_8875	100	0.8	19.630015282724564	100	0.7	40.918822074932706
Participant_8876	200	0.7	14.223659866574426	200	0.8	16.350458709161646
Participant_8877	250	0.8	18.67384534583062	250	0.8	18.67384534583062
Participant_8878	250	0.4	12.574776339959291	400	0.6	53.1949245699249
Participant_8879	250	0.0	11.769664396234925	300	0.1	27.99598185454477
Participant_8880	300	0.0	16.34434152849236	150	0.1	23.7778783746574
Participant_8881	400	0.6	51.06074813396294	100	0.2	59.63283491500299
Participant_8882	100	0.6	24.86211978090364	100	0.5	35.40974442155718
Participant_8883	400	0.9	8.508084390742725	400	0.8	15.280706789936126
Participant_8884	400	0.9	17.353313804573464	400	0.7	36.08566197258961
Participant_8885	400	1.0	7.905694150420948	400	0.9	19.297344376882535
Participant_8886	250	0.0	18.835471854986803	300	0.1	37.18232106794841
Participant_8887	350	0.1	24.246907019246805	250	0.1	28.63411426952124
Participant_8888	350	0.6	20.23116407921205	350	0.7	41.13240814734775
Participant_8889	250	0.0	16.912273649630908	150	0.0	18.997697228874873
Participant_8890	100	0.3	29.40046768335497	250	0.5	75.80295178949167
Participant_8891	400	0.4	24.087860012877858	200	0.3	34.07253292609752
Participant_8892	350	0.9	14.173919711921611	350	0.8	19.79204385605489
Participant_8893	300	0.8	10.088979135670764	300	0.9	18.46956956726388
Participant_8894	300	0.7	17.07812928865454	250	0.6	26.701591712854874
Participant_8895	350	0.1	17.795013346440626	350	0.1	17.795013346440626
Participant_8896	250	0.0	13.172888825159044	100	0.0	71.42933571019682
Participant_8897	200	0.3	17.84481717474292	300	0.3	22.966823898832857
Participant_8898	100	0.1	20.029665498954294	100	0.2	40.71025669287778
Participant_8899	150	1.0	0.0	150	1.0	0.0
Participant_8900	250	0.8	19.96778655735282	250	0.9	21.0282548015759
Participant_8901	250	0.0	12.440860098883839	200	0.1	29.89314302645341
Participant_8902	350	0.7	18.85802216564611	350	0.7	18.85802216564611
Participant_8903	100	0.6	36.42629544710799	400	0.1	82.57178694929642
Participant_8904	150	0.5	29.214294446383608	150	0.5	29.214294446383608
Participant_8905	300	0.0	17.489639790458806	200	0.1	19.45764631192581
Participant_8906	150	1.0	0.0	150	1.0	0.0
Participant_8907	200	0.6	24.014318645341575	200	0.6	24.014318645341575
Participant_8908	350	1.0	0.0	350	1.0	0.0
Participant_8909	350	0.1	15.942474713795221	200	0.1	17.91926337771729
Participant_8910	250	1.0	5.5901699437494745	250	0.9	7.964766161036995
Participant_8911	250	0.5	19.521462547667888	300	0.4	55.18129211970303
Participant_8912	150	1.0	0.0	150	0.9	13.736811857195978
Participant_8913	250	0.7	13.882092781709824	250	0.6	30.870293163492956
Participant_8914	150	0.5	19.486533811840424	250	0.5	27.130932530969147
Participant_8915	400	0.6	16.91005617968196	400	0.6	16.91005617968196
Participant_8916	300	1.0	7.905694150420948	300	0.9	14.615915982243466
Participant_8917	100	0.2	30.28737360683491	350	0.5	67.84983419287036
Participant_8918	400	0.4	18.033995674835904	300	0.4	22.135378921536446
Participant_8919	150	0.8	18.862661530123475	200	0.6	48.879315666240664
Participant_8920	200	0.5	14.388363353766126	250	0.4	43.16393170229051
Participant_8921	400	0.0	32.75706030766497	100	0.2	75.43092866987652
Participant_8922	300	0.7	18.177252267600846	250	0.8	31.28438108705365
Participant_8923	100	0.1	24.848289679573522	150	0.2	64.96652984422055
Participant_8924	200	0.8	11.611955046416602	200	0.8	11.611955046416602
Participant_8925	350	0.7	23.41206953688631	350	0.6	33.080205561634585
Participant_8926	200	0.4	21.783594744669667	200	0.5	38.80431677017391
Participant_8927	100	0.1	57.35797677742826	100	0.1	57.35797677742826
Participant_8928	300	0.8	23.569843020266386	250	0.7	27.458377592275912
Participant_8929	200	0.8	21.0911711386542	200	0.6	45.06037616354306
Participant_8930	200	0.6	19.440614702215566	250	0.7	28.332181349130177
Participant_8931	150	0.9	12.142899159591172	150	0.9	12.142899159591172
Participant_8932	100	0.2	39.32016022347823	250	0.3	63.164269963326575
Participant_8933	150	0.6	22.305828834634234	150	0.6	22.305828834634234
Participant_8934	400	0.8	13.313526955694348	400	0.8	13.313526955694348
Participant_8935	400	0.5	19.467922333931785	150	0.5	36.73860367515347
Participant_8936	250	0.5	23.18054140869018	150	0.5	35.91274147151676
Participant_8937	150	0.6	35.89986072396382	300	0.7	65.47260877649524
Participant_8938	250	0.2	24.375961519497032	150	0.1	27.733328325320063
Participant_8939	100	1.0	0.0	100	1.0	0.0
Participant_8940	250	0.2	22.145823534021037	250	0.1	39.68516725427776
Participant_8941	150	0.6	27.157871787016006	150	0.6	27.157871787016006
Participant_8942	350	0.6	25.25965162071718	200	0.7	61.2867236846611
Participant_8943	300	0.4	16.430915981770465	200	0.5	40.30539666099318
Participant_8944	150	1.0	0.0	150	1.0	0.0
Participant_8945	350	0.9	7.046275611981127	350	0.9	7.046275611981127
Participant_8946	250	0.0	22.63349288112641	150	0.0	24.5389995721097
Participant_8947	200	0.2	24.2664892392781	400	0.2	36.204281514760105
Participant_8948	350	0.2	22.92024214531775	250	0.3	26.54665704001165
Participant_8949	400	0.7	16.23037276220112	400	0.7	16.23037276220112
Participant_8950	150	0.8	22.76620302114518	150	0.8	22.76620302114518
Participant_8951	400	0.1	27.465432820183263	400	0.2	32.08582241426889
Participant_8952	200	0.9	8.4808608053664	200	0.8	18.737329051921993
Participant_8953	250	0.4	24.987496873436523	300	0.4	25.27300931824305
Participant_8954	100	0.2	20.48963152426124	300	0.4	49.52246964762561
Participant_8955	250	0.4	28.295317633841822	150	0.4	32.262981883266775
Participant_8956	250	0.9	12.487493743742176	250	0.9	12.487493743742176
Participant_8957	300	0.0	13.495832690130683	350	0.0	14.251754277982764
Participant_8958	300	0.4	23.821733774014014	400	0.5	38.91015291668744
Participant_8959	200	0.3	23.09626593196398	250	0.2	54.62771732371764
Participant_8960	250	0.0	18.29685765370655	150	0.0	20.39393292133717
Participant_8961	200	0.7	13.777245733454855	200	0.7	13.777245733454855
Participant_8962	400	0.1	18.690906880084764	250	0.2	47.320053888388586
Participant_8963	150	0.2	17.7313282074412	200	0.3	55.67483722472837
Participant_8964	400	0.8	18.398369492974098	400	0.7	26.35668795581114
Participant_8965	300	0.5	15.928355219544798	300	0.5	15.928355219544798
Participant_8966	400	0.9	14.357489334838455	400	0.8	19.519221295943137
Participant_8967	300	0.9	7.8182478855559445	300	0.8	12.866137726606224
Participant_8968	100	0.4	35.323327985907554	300	0.5	49.014921197529226
Participant_8969	250	0.1	17.28185464584169	350	0.1	19.47209541882948
Participant_8970	100	0.7	15.06154042586614	100	0.6	20.63068103577776
Participant_8971	400	0.0	26.301615919939216	400	0.1	31.592720680561843
Participant_8972	400	0.4	26.48537332189222	300	0.4	34.13173010557771
Participant_8973	250	0.6	30.605963471192997	250	0.5	35.24680836614856
Participant_8974	350	0.6	16.10279478848315	350	0.7	28.471476955015874
Participant_8975	400	0.7	14.041901580626465	250	0.4	78.72023246916893
Participant_8976	300	0.0	11.495107654998277	150	0.0	13.073350756405183
Participant_8977	350	0.1	24.88297610817484	250	0.2	26.7242867070386
Participant_8978	150	0.0	21.46887281624259	300	0.0	24.30817763634288
Participant_8979	350	0.8	13.710397514295492	350	0.7	16.027320424824605
Participant_8980	100	0.6	24.09616152004298	300	0.5	41.5477135351634
Participant_8981	150	0.3	23.05319934412575	400	0.4	23.8531968507368
Participant_8982	350	0.1	34.21129199548009	350	0.2	41.416633132112516
Participant_8983	250	0.9	18.05373922488081	250	0.7	26.790156774457294
Participant_8984	150	0.1	15.584848411197331	200	0.3	71.93530079175314
Participant_8985	250	0.8	11.6710110958734	250	0.8	11.6710110958734
Participant_8986	100	0.0	33.047692809029805	400	0.2	86.2670273047588
Participant_8987	350	0.7	26.374703789805867	350	0.7	26.374703789805867
Participant_8988	200	0.7	17.315094570922792	250	0.7	20.25370336506388
Participant_8989	200	0.5	12.826729902824024	100	0.4	45.950924909080996
Participant_8990	250	1.0	0.0	250	1.0	0.0
Participant_8991	400	0.2	29.782545223670862	200	0.3	36.18960486106473
Participant_8992	350	0.6	25.43226297441893	250	0.4	55.2324632802123
Participant_8993	400	0.0	28.004910283734173	350	0.2	60.88175013910162
Participant_8994	300	0.5	20.55389257537365	350	0.4	41.73637502227523
Participant_8995	350	0.5	15.727364687066935	400	0.5	25.548972582082435
Participant_8996	100	0.4	30.02478143134434	250	0.5	51.11103109897119
Participant_8997	400	0.2	34.106451002706216	350	0.3	42.72294465506796
Participant_8998	100	1.0	11.180339887498949	100	0.9	11.246110438725026
Participant_8999	300	1.0	0.0	300	1.0	0.0
Participant_9000	200	0.6	20.073303166145823	200	0.6	20.073303166145823
Participant_9001	100	0.9	14.755507446374049	100	0.8	16.28918352772784
Participant_9002	400	0.5	17.0	400	0.5	17.0
Participant_9003	100	0.0	38.221721572948546	100	0.0	38.221721572948546
Participant_9004	350	0.0	21.751149394917043	200	0.1	28.237386564623858
Participant_9005	400	0.2	16.904141504376966	150	0.4	41.604086337762546
Participant_9006	250	0.6	13.710397514295492	250	0.6	13.710397514295492
Participant_9007	200	0.5	15.914615923735012	250	0.5	21.061517039377765
Participant_9008	100	1.0	0.0	100	1.0	0.0
Participant_9009	350	0.1	18.65241271256885	350	0.1	18.65241271256885
Participant_9010	400	1.0	5.5901699437494745	400	0.9	21.503197436660436
Participant_9011	150	0.3	16.813684902483452	100	0.6	90.21848480217344
Participant_9012	100	0.5	17.786230629337965	300	0.5	37.582742050042064
Participant_9013	250	0.7	20.59034968134344	250	0.6	25.724016016166683
Participant_9014	150	1.0	0.0	150	0.9	13.736811857195978
Participant_9015	250	0.0	17.671304422707454	250	0.0	17.671304422707454
Participant_9016	150	0.7	9.912744322335769	150	0.8	17.235138525698016
Participant_9017	300	1.0	0.0	300	1.0	0.0
Participant_9018	400	0.6	10.232301793829187	400	0.6	10.232301793829187
Participant_9019	300	0.6	27.771613204853622	300	0.6	27.771613204853622
Participant_9020	200	0.7	7.057797106746552	200	0.7	7.057797106746552
Participant_9021	300	0.2	26.740185115290434	350	0.0	51.16749456442049
Participant_9022	350	0.9	12.928650354928777	350	0.8	24.351078004885125
Participant_9023	100	1.0	9.682458365518542	100	0.8	35.36011170796834
Participant_9024	250	0.7	19.816975046661383	250	0.7	19.816975046661383
Participant_9025	400	0.4	15.499193527406515	250	0.4	21.665064043293295
Participant_9026	100	0.0	21.1163443805977	100	0.2	52.652872666170836
Participant_9027	100	0.8	67.50249995370541	400	0.0	108.57267151544167
Participant_9028	400	0.6	25.58710612789184	400	0.5	47.31807265728392
Participant_9029	350	0.6	29.56856438855292	350	0.5	34.80086205828815
Participant_9030	150	0.4	18.5310550158376	200	0.2	52.65560274082902
Participant_9031	350	0.1	23.300482827615397	150	0.1	26.22760949838929
Participant_9032	100	0.5	22.474429914905517	350	0.5	54.04720159268193
Participant_9033	200	1.0	0.0	200	1.0	0.0
Participant_9034	400	0.7	24.968480129955847	400	0.5	58.98304841223451
Participant_9035	400	0.5	19.6596032513375	400	0.3	52.03844732503075
Participant_9036	100	0.8	18.949604217502802	100	0.8	18.949604217502802
Participant_9037	100	0.5	26.07872696279479	250	0.5	64.45802898010456
Participant_9038	300	0.1	13.784955567574384	200	0.0	19.327441631007453
Participant_9039	400	0.0	18.11146046016168	400	0.0	18.11146046016168
Participant_9040	350	0.7	13.110110602126895	350	0.8	22.315353458997688
Participant_9041	250	0.0	18.05616238296499	350	0.1	38.541049544608924
Participant_9042	350	0.2	24.57819155267531	150	0.2	33.23251419919956
Participant_9043	300	1.0	0.0	300	1.0	0.0
Participant_9044	400	0.5	43.934610502427354	400	0.3	74.3925399485728
Participant_9045	250	0.6	19.084679719607557	200	0.7	35.10430885233321
Participant_9046	150	0.8	14.604793733565703	150	0.8	14.604793733565703
Participant_9047	400	0.6	21.147103820618085	400	0.5	29.77414986191881
Participant_9048	400	0.8	22.74313083108832	400	0.7	28.012050978105833
Participant_9049	300	0.0	12.879732140071857	200	0.0	15.525785004308156
Participant_9050	200	0.5	20.329166239666595	150	0.6	27.72724292099739
Participant_9051	400	0.1	19.0551830219497	300	0.3	32.44187109277145
Participant_9052	150	0.0	13.996874651149806	300	0.0	15.640891918301845
Participant_9053	300	0.2	18.338143308415933	200	0.2	18.37423467793965
Participant_9054	100	0.4	19.786043060703168	300	0.5	35.284026130814496
Participant_9055	250	0.2	12.007809958522827	150	0.1	26.723351212001837
Participant_9056	300	1.0	0.0	300	0.9	12.19118534023661
Participant_9057	100	0.5	32.99772719445992	100	0.6	39.75707484209571
Participant_9058	100	0.4	24.576157144679883	350	0.4	34.46991441822854
Participant_9059	200	0.6	22.032646232352572	200	0.5	30.01291388719196
Participant_9060	100	1.0	0.0	100	1.0	0.0
Participant_9061	100	0.2	19.807195662182973	100	0.0	44.35256475109416
Participant_9062	350	1.0	0.0	350	1.0	0.0
Participant_9063	300	0.8	16.971667566859775	300	0.8	16.971667566859775
Participant_9064	350	0.2	21.013983439605163	400	0.3	38.20013088982812
Participant_9066	400	0.2	15.992185591719476	300	0.2	44.24406739891801
Participant_9067	400	0.2	21.581241854907237	400	0.4	50.918807920060345
Participant_9068	400	0.5	21.453437952924933	100	0.1	59.92651750268824
Participant_9069	300	0.4	16.35466294363782	150	0.4	21.29319140006965
Participant_9070	250	0.8	7.6624082376234695	250	0.8	7.6624082376234695
Participant_9071	350	0.6	16.063934760823702	350	0.5	19.328735085359313
Participant_9072	350	0.5	15.964022049596398	300	0.5	22.247752695497134
Participant_9073	400	0.2	22.572106680591425	250	0.2	45.54324867639549
Participant_9074	100	0.2	26.945778890208388	100	0.4	63.03957090590005
Participant_9075	250	0.2	13.935117509371782	300	0.2	15.891428507217341
Participant_9076	150	0.5	22.549390235658258	250	0.5	25.905356588937355
Participant_9077	350	0.1	29.118937137196475	100	0.0	82.38416109908506
Participant_9078	400	0.1	20.93083849252103	250	0.2	41.16050898616294
Participant_9079	100	0.1	14.66074691139575	100	0.1	14.66074691139575
Participant_9080	400	0.4	23.269615381436797	100	0.4	33.82288426494701
Participant_9082	100	0.6	18.99012901483294	400	0.2	83.64060018914259
Participant_9083	400	0.6	27.197426348829406	400	0.5	30.004166377354995
Participant_9084	400	0.5	37.1012129181783	250	0.4	41.780677352096625
Participant_9085	400	0.5	20.316249653910045	150	0.4	41.58906106177441
Participant_9086	250	1.0	0.0	250	1.0	0.0
Participant_9087	250	0.0	15.075642606535881	400	0.0	94.40219806762975
Participant_9088	100	0.7	26.913751132088592	100	0.7	26.913751132088592
Participant_9089	150	0.5	14.524978485354117	350	0.4	31.987106777575242
Participant_9090	250	0.7	18.41093425114543	250	0.7	18.41093425114543
Participant_9091	150	0.5	27.92355636375854	350	0.4	43.6826624646438
Participant_9092	300	0.9	10.948744220229095	300	0.9	10.948744220229095
Participant_9093	100	0.0	14.173919711921611	100	0.1	29.345996319770776
Participant_9094	100	1.0	0.0	100	1.0	0.0
Participant_9095	350	0.7	19.98436889171134	250	0.4	72.75386587666665
Participant_9096	100	0.8	16.74328223497412	100	0.7	40.116704750016545
Participant_9097	350	0.1	32.50634553437221	300	0.1	36.19426750191251
Participant_9098	200	1.0	7.905694150420948	200	0.9	13.44154009033191
Participant_9099	250	0.8	12.398084529474705	250	0.8	12.398084529474705
Participant_9100	250	1.0	0.0	250	1.0	0.0
Participant_9101	150	0.2	20.109699152399074	100	0.2	43.35694869337555
Participant_9102	400	0.5	17.363755354185336	350	0.4	23.413137337828093
Participant_9103	350	0.5	22.90960497258737	350	0.4	41.28468238947709
Participant_9104	400	0.0	16.823346872724226	400	0.0	16.823346872724226
Participant_9105	250	1.0	0.0	250	1.0	0.0
Participant_9106	250	0.8	8.585598406634217	250	0.9	9.730750228014282
Participant_9107	400	0.6	22.185580902919806	100	0.2	60.527473101063784
Participant_9108	250	0.9	8.569568250501305	250	0.9	8.569568250501305
Participant_9109	250	0.0	16.65157650194119	300	0.0	20.545985009242074
Participant_9110	100	0.0	18.898412631752965	150	0.2	67.1892848600132
Participant_9111	150	0.1	16.25230752847115	200	0.0	40.3088079704672
Participant_9112	100	0.8	14.759319089985148	100	0.8	14.759319089985148
Participant_9113	100	0.8	17.651841263732234	100	0.8	17.651841263732234
Participant_9114	350	0.3	7.599342076785332	200	0.3	10.473180032826706
Participant_9115	250	0.9	19.25973779676141	250	0.8	21.212319533704935
Participant_9116	100	0.6	59.23997805536393	350	0.3	78.59866411078498
Participant_9117	100	0.3	25.944893524545442	100	0.1	59.191954689805605
Participant_9118	100	0.8	20.070812141017115	200	0.5	71.32338326243364
Participant_9119	400	0.0	16.21804550493061	400	0.0	16.21804550493061
Participant_9120	400	0.0	16.063156601365748	200	0.1	66.09538561805961
Participant_9121	300	1.0	7.905694150420948	300	0.9	8.4335638967165
Participant_9122	400	1.0	0.0	400	1.0	0.0
Participant_9123	250	0.5	22.384983806114313	300	0.6	24.005468127074714
Participant_9124	350	0.1	15.824427319811608	250	0.0	29.9962497655957
Participant_9125	250	0.0	19.615682501508836	150	0.1	35.62495614032388
Participant_9126	250	0.2	12.86225096940656	200	0.3	46.66034183329565
Participant_9127	400	0.0	59.64918272700809	150	0.3	92.18974997254304
Participant_9128	100	0.5	18.03052966498766	300	0.4	39.968425037772
Participant_9129	350	0.1	11.582853707096538	200	0.0	28.036583244040276
Participant_9130	150	0.8	10.101980003939822	150	0.8	10.101980003939822
Participant_9131	300	0.7	34.193018293213015	250	0.5	55.0098854752489
Participant_9132	150	0.3	33.22574303157117	300	0.2	44.7217788107763
Participant_9133	300	0.3	20.432204971563888	350	0.4	44.65898565798377
Participant_9134	100	0.8	21.191684689991025	100	0.7	40.811763010191065
Participant_9135	400	0.5	40.48456495999432	350	0.4	57.82019543377556
Participant_9136	250	0.9	9.60143218483576	250	0.8	18.370152421795524
Participant_9137	400	0.4	16.476498414408326	300	0.4	22.748076841790386
Participant_9138	200	0.2	21.362642626791285	200	0.3	50.61805507919087
Participant_9139	150	0.8	15.517731793016658	150	0.8	15.517731793016658
Participant_9140	150	0.9	10.95216873500404	150	0.8	19.609946455816754
Participant_9141	150	0.5	19.582517713511713	300	0.2	85.24252166612624
Participant_9142	350	0.5	24.10601584667197	350	0.6	34.72103109068047
Participant_9143	400	0.5	17.363755354185336	150	0.4	35.38573158774593
Participant_9144	350	1.0	12.5	350	0.8	37.22196931920717
Participant_9145	200	0.5	15.025811126192156	200	0.4	40.18115229806134
Participant_9146	300	0.8	17.154809821155116	300	0.7	23.593696191991622
Participant_9147	300	1.0	0.0	300	1.0	0.0
Participant_9148	100	0.9	11.190397669430698	100	0.8	28.1573702607328
Participant_9149	350	0.2	19.081077013627926	400	0.1	20.263267258761605
Participant_9150	350	0.8	19.084679719607557	350	0.6	60.98606398186392
Participant_9151	350	0.6	26.773120849090418	350	0.5	37.82988236830773
Participant_9152	150	0.6	17.819932659805424	150	0.5	28.257299941784954
Participant_9153	400	0.7	25.167935950331724	400	0.8	41.33400537088077
Participant_9154	150	0.5	20.909925872656746	300	0.3	67.0725353628443
Participant_9155	150	1.0	0.0	150	1.0	0.0
Participant_9156	300	0.9	25.809397513308983	300	0.9	25.809397513308983
Participant_9157	100	0.2	31.242199026316953	250	0.5	85.96416404525783
Participant_9158	100	0.5	26.269754471635245	200	0.3	48.563746766492386
Participant_9159	100	0.6	15.791611697353757	100	0.2	102.79141501117688
Participant_9160	150	0.6	23.31951972061174	250	0.6	41.62901632275257
Participant_9161	350	0.1	29.986038417903757	200	0.1	32.03279569441293
Participant_9162	250	0.7	19.911366100797803	250	0.7	19.911366100797803
Participant_9164	100	1.0	9.682458365518542	100	0.9	20.560277235484936
Participant_9165	150	0.0	10.649530506083355	150	0.0	10.649530506083355
Participant_9166	300	1.0	0.0	300	1.0	0.0
Participant_9167	150	0.8	21.81284025522582	150	0.6	50.62163569068072
Participant_9168	350	0.6	21.343617312911135	350	0.5	35.15821383403884
Participant_9169	250	0.0	17.529261250834274	350	0.0	22.430169415320965
Participant_9170	300	1.0	0.0	300	1.0	0.0
Participant_9171	200	0.9	13.763175505674553	200	0.8	16.728344209753693
Participant_9172	200	1.0	0.0	200	1.0	0.0
Participant_9173	350	0.5	14.953260514014994	350	0.4	30.465964616273023
Participant_9174	350	0.3	25.548972582082435	100	0.2	38.20765630079919
Participant_9175	100	1.0	5.5901699437494745	100	0.9	19.785727178954026
Participant_9176	150	0.6	18.50810633209135	150	0.6	18.50810633209135
Participant_9177	250	0.6	20.321786338803978	200	0.5	43.09321292268656
Participant_9178	150	0.6	27.134848442547085	200	0.6	33.24812024761701
Participant_9179	300	1.0	0.0	300	1.0	0.0
Participant_9180	200	0.0	14.39791651594077	150	0.0	16.871944167759683
Participant_9181	100	0.6	41.989582041263525	400	0.1	63.457466069801434
Participant_9182	350	0.2	18.78396922910597	400	0.1	28.863471724655717
Participant_9183	300	0.7	14.634291920007609	300	0.8	25.234648798824207
Participant_9184	350	0.1	20.44290830581598	300	0.1	22.33327114419202
Participant_9185	300	0.9	10.541584321154007	300	0.8	17.154809821155116
Participant_9186	100	0.8	16.096195202593684	100	0.7	33.99411713811671
Participant_9187	400	0.1	20.5085348087083	200	0.2	24.522693571465595
Participant_9188	350	0.2	20.98422026190156	400	0.3	43.191434335988426
Participant_9189	100	0.4	25.20391834616197	100	0.5	33.931548741547296
Participant_9190	350	0.8	14.114708640280181	350	0.7	19.477551180782456
Participant_9191	350	0.9	19.16115862885123	350	0.7	38.64097566056012
Participant_9192	200	1.0	7.905694150420948	200	0.9	13.394961739400378
Participant_9193	200	0.8	20.33685078865457	200	0.7	27.925123097311495
Participant_9194	350	0.9	5.779273310719955	350	0.9	5.779273310719955
Participant_9195	150	0.2	28.11849924871525	250	0.2	31.051368729896595
Participant_9196	100	0.9	14.36923797562	100	0.8	15.940122333282138
Participant_9197	150	0.1	20.319633362834082	400	0.1	67.1516939473607
Participant_9198	250	0.9	10.353139620424328	250	0.9	10.353139620424328
Participant_9199	250	0.4	14.339630399699987	150	0.4	21.20495225177364
Participant_9200	300	0.5	18.471938176596414	250	0.5	32.22712366935653
Participant_9201	250	0.0	15.034127843011047	100	0.0	73.54182483457967
Participant_9202	100	1.0	0.0	100	1.0	0.0
Participant_9203	300	0.9	6.314665470157545	300	0.9	6.314665470157545
Participant_9204	400	0.2	21.02379604162864	150	0.3	35.002857026248584
Participant_9205	100	0.2	15.963239019697726	150	0.4	41.029257853390426
Participant_9206	150	0.2	31.47459292826517	250	0.2	34.15680752061
Participant_9207	150	0.7	27.445628067143954	150	0.9	60.51817908694874
Participant_9208	100	1.0	11.180339887498949	100	0.9	11.246110438725026
Participant_9209	400	0.8	14.52583904633395	400	0.8	14.52583904633395
Participant_9210	400	1.0	0.0	400	1.0	0.0
Participant_9211	200	0.9	7.544865803975575	200	0.9	7.544865803975575
Participant_9212	200	0.9	9.587752604234216	200	0.9	9.587752604234216
Participant_9213	300	0.1	19.685654675422914	250	0.2	46.30537225851877
Participant_9214	400	0.2	21.37755832643195	200	0.2	45.00124998263937
Participant_9215	200	0.5	24.021344675100934	250	0.5	26.759811284835326
Participant_9216	200	0.5	13.258016442892202	250	0.4	43.39498818988202
Participant_9217	400	0.7	36.241205829828566	400	0.6	38.07492613256131
Participant_9218	100	0.3	16.78950565085226	350	0.3	18.78163997099295
Participant_9219	400	0.6	10.768008172359455	400	0.7	31.795046784051127
Participant_9220	250	0.0	18.3650483255558	350	0.2	77.2194114196683
Participant_9221	300	1.0	5.5901699437494745	300	0.9	9.347459547919959
Participant_9222	350	0.2	28.046167296085216	150	0.2	31.534108517603602
Participant_9223	300	0.8	15.059465461961125	300	0.8	15.059465461961125
Participant_9224	300	0.9	7.0622234459127675	300	0.9	7.0622234459127675
Participant_9225	150	0.2	14.165097952361643	300	0.2	16.920032505878943
Participant_9226	250	0.4	13.299436078270386	100	0.4	21.914321801050562
Participant_9227	350	0.8	14.763976429133175	350	0.8	14.763976429133175
Participant_9228	250	0.2	14.245613359908376	350	0.2	18.278060619223254
Participant_9229	100	0.7	18.04438970982394	100	0.6	20.263884129159443
Participant_9230	250	0.5	25.36902639046284	350	0.5	32.28544563731465
Participant_9231	400	0.9	9.076756028449813	400	0.9	9.076756028449813
Participant_9232	300	0.6	21.535145692564978	300	0.7	26.275701703284728
Participant_9233	150	0.5	18.05477776102492	400	0.3	56.79348554191757
Participant_9234	100	0.5	15.814550262337528	300	0.5	42.54365405086874
Participant_9235	250	0.7	24.80347757875899	250	0.7	24.80347757875899
Participant_9236	250	1.0	0.0	250	1.0	0.0
Participant_9237	200	0.6	18.383076456349738	250	0.5	35.79228268775268
Participant_9238	250	0.1	23.2091038172524	250	0.1	23.2091038172524
Participant_9239	350	0.2	18.750666654815234	250	0.2	26.58359456506964
Participant_9240	400	0.6	58.37122578805417	100	0.0	82.13342803024844
Participant_9241	250	0.5	22.244943245600783	350	0.5	32.01327849502453
Participant_9242	350	0.7	27.579430741043225	250	0.8	66.84842930091925
Participant_9243	400	0.0	14.807937060914327	400	0.1	18.04438970982394
Participant_9244	350	0.7	20.509144301993683	350	0.6	38.10249335673454
Participant_9245	100	0.2	32.43955918319483	200	0.5	87.14657193487302
Participant_9246	400	0.7	20.178577749682955	400	0.8	33.85262175962151
Participant_9247	100	0.9	10.792358407688283	100	0.9	10.792358407688283
Participant_9248	150	0.2	24.457105307047275	400	0.2	53.286959004994834
Participant_9249	300	0.9	15.688371489737232	300	0.8	23.006249151045896
Participant_9250	100	0.1	20.67456166403535	250	0.3	65.0651596478484
Participant_9251	100	0.5	14.87783586413024	400	0.3	46.534933114811714
Participant_9252	300	1.0	5.5901699437494745	300	0.9	13.550830232867652
Participant_9253	400	1.0	0.0	400	1.0	0.0
Participant_9254	250	0.5	21.002083230003635	350	0.4	52.076146170775736
Participant_9255	350	0.9	15.480633061990714	350	0.6	65.26331281815229
Participant_9256	350	0.2	29.984787809821167	100	0.3	48.74051189718877
Participant_9257	100	0.2	21.120487683763365	350	0.3	32.54228019054596
Participant_9258	200	0.0	19.806564568344506	150	0.0	21.67169813374116
Participant_9259	350	0.6	14.892951352905172	350	0.5	27.015736155063404
Participant_9260	250	0.1	18.094543376388366	250	0.1	18.094543376388366
Participant_9261	350	0.1	19.246103501748088	350	0.2	34.26496023636975
Participant_9262	250	0.0	24.31100573814255	400	0.1	95.06892236688076
Participant_9263	300	0.7	15.9032229437935	350	0.4	96.6601003516963
Participant_9264	250	0.9	12.93010054098575	250	0.8	19.136679440279078
Participant_9265	350	0.1	23.19294073635338	150	0.0	36.53303299754894
Participant_9266	300	0.1	15.930317008772926	150	0.0	19.161484806767977
Participant_9267	100	0.9	10.135334232278677	100	0.9	10.135334232278677
Participant_9268	400	0.0	31.373157316406648	100	0.4	64.7513513372501
Participant_9269	100	0.8	24.476264012303837	150	0.7	36.54808476514194
Participant_9270	150	0.2	28.49385898750817	200	0.2	33.20560946587187
Participant_9271	100	0.0	39.870415096911145	150	0.1	87.38070439175917
Participant_9272	400	0.3	18.282505298782223	250	0.3	25.292785532637563
Participant_9273	100	0.7	23.518078152774304	100	0.7	23.518078152774304
Participant_9274	100	0.8	13.0033649491199	100	0.8	13.0033649491199
Participant_9275	350	0.1	23.830914795701823	200	0.0	29.787581304966672
Participant_9276	100	0.6	18.557343559895635	100	0.6	18.557343559895635
Participant_9277	300	0.5	14.446885477499986	150	0.5	17.950626730005837
Participant_9278	350	0.7	11.152354011597732	350	0.7	11.152354011597732
Participant_9279	150	0.5	20.939794650378023	150	0.4	37.09312604782725
Participant_9280	400	0.9	22.414002319978465	400	0.8	35.75611835756225
Participant_9281	350	0.6	20.415680248279752	300	0.5	39.30601099068691
Participant_9282	350	0.8	15.547507838878873	350	0.9	15.561169621850409
Participant_9283	400	0.3	16.332482971061076	400	0.4	21.971003618405785
Participant_9284	400	0.6	39.54048558123686	250	0.4	66.33720675458079
Participant_9285	350	0.1	19.115765744536628	250	0.2	27.55335732719336
Participant_9286	150	0.7	15.756347927105443	150	0.8	27.537247502246842
Participant_9287	350	0.1	26.97985359485852	250	0.1	30.514955349795287
Participant_9289	400	0.1	15.830350596243912	300	0.2	24.85030180903242
Participant_9290	300	1.0	0.0	300	1.0	0.0
Participant_9291	200	1.0	0.0	200	1.0	0.0
Participant_9292	300	0.8	12.866137726606224	300	0.9	13.869931506680198
Participant_9293	100	0.7	13.531444860028806	100	0.7	13.531444860028806
Participant_9294	200	0.0	13.640014662748717	150	0.0	13.907282265058116
Participant_9295	300	0.9	9.80433577556379	300	0.9	9.80433577556379
Participant_9296	150	0.9	11.830046491878212	150	0.9	11.830046491878212
Participant_9297	100	0.7	64.43485081848176	400	0.0	102.35001221299389
Participant_9298	100	0.4	20.981837383794584	350	0.4	29.591806298365768
Participant_9299	300	0.1	11.457530274889088	200	0.0	19.86957473123167
Participant_9300	150	0.7	15.953447903196349	150	0.8	26.472627372438875
Participant_9301	200	1.0	0.0	200	1.0	0.0
Participant_9302	250	0.7	21.394216508206135	250	0.6	34.59371330169689
Participant_9303	400	1.0	0.0	400	1.0	0.0
Participant_9304	200	0.0	18.125948251057103	150	0.0	20.485665720205436
Participant_9305	400	0.9	11.774442661969186	400	0.9	11.774442661969186
Participant_9306	400	0.5	23.748684174075834	350	0.6	38.053252160623536
Participant_9307	300	0.8	15.907152479309426	300	0.9	18.77165416259313
Participant_9308	150	0.1	31.68812869198811	300	0.1	33.838218038188714
Participant_9309	400	0.1	31.314533367112467	350	0.2	51.042506795806965
Participant_9310	100	0.0	21.555741694499865	100	0.1	28.67817114113102
Participant_9311	400	0.6	13.451765683359191	400	0.6	13.451765683359191
Participant_9312	100	0.2	21.090874804047367	200	0.3	40.46217369346338
Participant_9313	200	1.0	0.0	200	1.0	0.0
Participant_9314	300	0.8	12.370832631638017	300	0.9	15.608491278787966
Participant_9315	100	0.5	29.11357071882458	200	0.4	39.26862615371208
Participant_9316	250	0.0	17.777092000661973	350	0.0	23.491753872369767
Participant_9317	400	0.7	16.983079814921673	400	0.6	37.161135612357164
Participant_9318	150	0.8	21.81284025522582	150	0.7	22.01164464550525
Participant_9319	350	1.0	0.0	350	1.0	0.0
Participant_9320	300	0.0	16.981975739000454	250	0.0	18.668824280066488
Participant_9321	400	0.6	20.148200912240277	400	0.7	23.76289123823109
Participant_9322	250	0.5	24.77069841566846	300	0.5	33.984739222186185
Participant_9323	150	1.0	0.0	150	1.0	0.0
Participant_9324	200	1.0	0.0	200	1.0	0.0
Participant_9325	350	0.6	22.92487731701088	350	0.7	29.03661481646922
Participant_9326	250	0.1	28.590426719445794	150	0.2	42.40459880720486
Participant_9327	400	0.5	29.605742686174924	150	0.5	61.73309485195117
Participant_9328	350	0.9	9.728823155962905	350	0.9	9.728823155962905
Participant_9329	300	1.0	0.0	300	1.0	0.0
Participant_9330	150	0.7	25.26385758351246	150	0.7	25.26385758351246
Participant_9331	350	0.7	31.98632520312391	350	0.7	31.98632520312391
Participant_9332	100	0.3	12.016134985926215	350	0.2	31.903565631446277
Participant_9334	250	1.0	5.5901699437494745	250	0.9	8.042853971072706
Participant_9335	100	0.4	25.154273990715772	350	0.5	60.91879841231276
Participant_9336	200	0.7	18.769989344695965	250	0.8	27.017818194665534
Participant_9337	150	0.2	18.18378398463862	200	0.2	21.825730228333715
Participant_9338	100	0.8	30.583287920038945	100	0.8	30.583287920038945
Participant_9339	200	0.9	7.118637510085761	200	0.8	19.61727554988205
Participant_9340	100	0.5	24.876695922087404	150	0.4	44.96832218351047
Participant_9341	100	0.2	15.242211125686456	100	0.2	15.242211125686456
Participant_9342	250	0.0	30.899433651767794	150	0.1	37.455139834207
Participant_9343	150	0.9	7.242237223399963	150	0.9	7.242237223399963
Participant_9344	150	0.5	20.699637677988473	100	0.5	21.21556032726923
Participant_9345	100	0.4	12.051452194652727	350	0.5	48.53967449417023
Participant_9346	150	0.0	14.30603019708822	350	0.0	15.47134447939157
Participant_9347	150	0.6	25.909457732650445	250	0.5	41.01630773241297
Participant_9348	100	0.5	14.835767590522574	150	0.5	26.82769091815395
Participant_9349	400	0.7	14.523257210419432	400	0.8	22.63294059551255
Participant_9350	350	0.1	21.486332865335584	200	0.2	36.17820476474752
Participant_9351	350	0.9	16.945500877814144	350	0.9	16.945500877814144
Participant_9352	400	0.6	18.633303518163384	250	0.4	60.34794942663752
Participant_9353	250	1.0	5.5901699437494745	250	0.9	8.042853971072706
Participant_9354	300	0.6	17.67802307951882	300	0.4	57.52151771293939
Participant_9355	150	0.0	12.880702620587124	350	0.0	14.853029993910333
Participant_9356	350	0.7	24.710827586303136	350	0.6	28.90588175441116
Participant_9357	350	0.2	13.705382154467639	150	0.2	22.263198332674484
Participant_9358	300	0.6	17.71334242880208	300	0.6	17.71334242880208
Participant_9359	350	1.0	0.0	350	1.0	0.0
Participant_9360	350	0.1	25.207389789504187	300	0.0	29.084145165364582
Participant_9361	250	0.0	14.740251015501737	300	0.0	18.864980784511815
Participant_9362	350	0.2	24.6036074590699	100	0.3	29.293984024027868
Participant_9363	200	0.0	12.886038956948719	150	0.0	13.496758870188057
Participant_9364	300	0.8	11.802012540240753	300	0.8	11.802012540240753
Participant_9365	400	0.1	26.84399374161751	200	0.2	30.147346483563027
Participant_9366	100	0.6	30.91318488929926	250	0.6	77.72853401422158
Participant_9367	100	0.2	22.93632490177971	400	0.5	34.57238782612506
Participant_9368	400	0.1	17.870366532335034	400	0.1	17.870366532335034
Participant_9369	350	0.5	21.933991884743644	350	0.5	21.933991884743644
Participant_9370	200	0.2	22.446881743351348	200	0.2	22.446881743351348
Participant_9371	300	0.0	16.45866033430425	250	0.0	20.761141587109318
Participant_9372	200	0.8	21.414656196166213	200	0.5	64.79409695334907
Participant_9373	350	0.0	15.987886039123497	350	0.0	15.987886039123497
Participant_9374	400	0.6	16.61174283451318	400	0.6	16.61174283451318
Participant_9375	100	0.9	8.816178310356477	100	0.9	8.816178310356477
Participant_9376	400	0.6	45.82248356429407	350	0.5	66.41611250291604
Participant_9377	100	0.2	31.777743783975602	100	0.4	45.155149208036065
Participant_9378	350	0.9	14.129755836531642	350	0.8	21.19492863870978
Participant_9379	400	0.9	13.734536759570743	400	0.9	13.734536759570743
Participant_9380	150	1.0	0.0	150	1.0	0.0
Participant_9381	400	1.0	0.0	400	1.0	0.0
Participant_9382	100	0.9	16.43852183135698	100	0.7	45.04830740438535
Participant_9383	100	1.0	0.0	100	1.0	0.0
Participant_9384	300	0.0	17.128558024539018	150	0.1	28.379349886845542
Participant_9385	100	0.0	14.436065946094871	100	0.0	14.436065946094871
Participant_9386	350	0.1	28.313645120330232	350	0.0	38.91481080514205
Participant_9387	400	0.8	13.45362404707371	400	0.8	13.45362404707371
Participant_9388	100	1.0	0.0	100	1.0	0.0
Participant_9389	400	0.9	11.932623349456732	400	0.8	21.383404780343096
Participant_9390	300	0.0	18.190313356289384	300	0.1	23.238437985372425
Participant_9391	100	0.1	19.967160539245434	100	0.0	24.38544647940652
Participant_9392	400	0.2	39.6642156105475	300	0.3	50.02474387740531
Participant_9393	300	0.8	11.74893612204952	300	0.9	13.271209439986997
Participant_9394	300	0.9	7.73789377027108	300	0.9	7.73789377027108
Participant_9395	300	0.4	18.907009282274128	200	0.4	19.092537809311782
Participant_9396	250	1.0	0.0	250	1.0	0.0
Participant_9397	300	0.5	20.154714088768415	350	0.4	38.86740279462985
Participant_9398	350	0.2	23.27203257130756	250	0.1	41.441675883101055
Participant_9399	100	1.0	0.0	100	1.0	0.0
Participant_9400	150	0.1	14.287669509055702	150	0.1	14.287669509055702
Participant_9401	350	0.8	14.84840058726865	350	0.9	18.832153355365392
Participant_9402	100	0.5	37.46798633500338	100	0.2	84.24562303170414
Participant_9403	300	0.0	10.937892850087717	200	0.0	11.664047325006875
Participant_9404	100	0.1	35.21274627176926	250	0.4	66.90011210752938
Participant_9405	350	0.9	11.164676439557038	350	0.9	11.164676439557038
Participant_9406	300	1.0	0.0	300	1.0	0.0
Participant_9408	150	1.0	0.0	150	1.0	0.0
Participant_9409	350	1.0	0.0	350	1.0	0.0
Participant_9410	400	0.8	11.335784048754634	400	0.8	11.335784048754634
Participant_9411	350	0.1	19.439971707798342	100	0.2	74.00895216120817
Participant_9412	200	0.8	17.81396923765167	200	0.8	17.81396923765167
Participant_9413	100	1.0	0.0	100	1.0	0.0
Participant_9414	250	0.0	25.169922526698407	250	0.0	25.169922526698407
Participant_9415	400	0.5	42.941821107167776	200	0.6	88.7013951412265
Participant_9416	350	0.1	16.48218735483856	400	0.2	69.50359702921857
Participant_9417	400	0.9	12.395059499655497	400	0.8	15.56438241627338
Participant_9418	250	0.7	25.302420832797797	200	0.7	33.4449174016023
Participant_9419	200	0.5	12.430808501461199	350	0.5	35.12264226962431
Participant_9420	250	1.0	0.0	250	1.0	0.0
Participant_9421	300	0.9	17.954804370975474	300	0.8	22.006533120871175
Participant_9422	100	0.5	25.10179276466125	400	0.3	39.66106403010388
Participant_9423	150	0.5	15.563579279844337	250	0.4	35.82073421916419
Participant_9424	400	1.0	0.0	400	0.9	23.97681171465464
Participant_9425	300	0.8	11.802012540240753	300	0.8	11.802012540240753
Participant_9426	350	0.1	25.008248639199028	250	0.2	29.86113695089321
Participant_9427	100	0.5	17.926237753639217	150	0.3	56.47078890895717
Participant_9428	400	0.7	18.59905911598756	400	0.6	35.12050683005586
Participant_9429	150	1.0	0.0	150	1.0	0.0
Participant_9430	250	0.8	12.19477347063077	250	0.6	37.3560570724481
Participant_9431	250	0.7	18.979265001574745	300	0.8	27.713489495189883
Participant_9432	250	0.4	18.957188610128878	150	0.6	55.441861440611824
Participant_9433	100	0.6	29.293770668864056	300	0.5	67.5182382767797
Participant_9434	350	0.1	17.65396556017939	200	0.2	26.05498992515637
Participant_9435	400	0.1	15.90911688309568	400	0.2	23.010866998007703
Participant_9436	400	1.0	0.0	400	0.9	23.97681171465464
Participant_9437	250	0.5	23.341754432775613	200	0.5	23.46859603811016
Participant_9438	100	0.6	34.28738835198738	350	0.3	74.13838412050805
Participant_9439	300	0.0	20.270360134935935	200	0.0	22.66164159984885
Participant_9440	250	0.0	26.898420027949598	350	0.2	79.65762675350051
Participant_9441	350	0.9	12.535948308763881	350	0.9	12.535948308763881
Participant_9442	100	0.5	30.701791478674334	100	0.3	53.938738398297744
Participant_9443	250	1.0	0.0	250	1.0	0.0
Participant_9444	400	0.1	17.010291002801804	150	0.2	40.396782050059386
Participant_9445	350	0.2	15.052823655381072	250	0.3	25.758008463388624
Participant_9446	150	0.3	10.674736530706507	150	0.2	35.890806622309285
Participant_9447	250	0.9	23.23117517475171	250	0.7	28.288027502814685
Participant_9448	300	0.1	14.53530185445077	250	0.1	16.27613283307801
Participant_9449	100	0.3	31.014311212728874	250	0.4	54.26209542581267
Participant_9450	100	1.0	7.905694150420948	100	0.9	20.62098445758592
Participant_9451	100	0.7	25.43324595878395	100	0.6	29.717419134238423
Participant_9452	300	0.4	17.283662806245673	300	0.3	43.21429161747303
Participant_9453	150	1.0	0.0	150	1.0	0.0
Participant_9454	200	0.7	15.200740113560261	200	0.7	15.200740113560261
Participant_9455	100	0.1	21.00446381129497	300	0.3	71.5627347157723
Participant_9456	100	0.5	41.32311701699183	250	0.4	67.60639762626019
Participant_9457	200	0.2	13.923451439926811	350	0.2	14.969552431519121
Participant_9458	200	0.4	15.677212762477902	100	0.5	29.897324294993357
Participant_9459	100	0.2	23.017927795524947	200	0.2	35.55084387184079
Participant_9460	350	0.1	22.86728011810762	300	0.2	28.832056811819722
Participant_9461	100	0.5	22.10995251012539	350	0.4	42.28681827709434
Participant_9462	150	0.8	9.851395840184273	150	0.8	9.851395840184273
Participant_9463	250	0.6	17.866868779951343	300	0.6	17.993401568352773
Participant_9464	400	0.9	10.601297090450771	400	0.7	40.67769659162131
Participant_9465	300	0.8	14.249122780017021	300	0.8	14.249122780017021
Participant_9466	100	0.9	10.257923766532874	100	0.9	10.257923766532874
Participant_9467	150	0.8	9.787747442593725	150	0.8	9.787747442593725
Participant_9468	400	0.2	24.072806234421446	150	0.2	55.22137267399281
Participant_9469	200	0.8	11.772319227747776	200	0.9	12.919945820319837
Participant_9470	400	0.8	13.2664991614216	400	0.8	13.2664991614216
Participant_9471	200	1.0	0.0	200	1.0	0.0
Participant_9472	150	1.0	0.0	150	1.0	0.0
Participant_9473	350	0.9	6.296824596572466	350	0.9	6.296824596572466
Participant_9474	200	0.3	16.83560215733313	100	0.2	34.111215164517375
Participant_9475	400	0.1	21.894063122225624	250	0.2	30.584922756155525
Participant_9476	400	0.0	26.420162754986958	400	0.3	56.870466852312724
Participant_9477	250	1.0	0.0	250	1.0	0.0
Participant_9478	400	0.5	24.03643068344383	400	0.6	37.362414268887925
Participant_9479	250	0.9	11.22218784373172	250	0.8	18.606786396366246
Participant_9480	300	0.3	19.556968067673477	100	0.5	53.75965029648165
Participant_9481	350	0.9	14.39270648627283	350	0.7	28.928791886285193
Participant_9482	400	0.2	41.46685423323066	150	0.4	53.917993286100696
Participant_9483	150	0.2	26.351470547200964	250	0.1	31.46287494810352
Participant_9484	200	0.9	4.546977017755863	200	0.8	18.837130885567472
Participant_9485	150	1.0	0.0	150	1.0	0.0
Participant_9486	400	0.2	31.614869919074472	200	0.4	48.95942197371207
Participant_9487	200	1.0	0.0	200	1.0	0.0
Participant_9488	350	0.5	21.150650108211806	250	0.5	26.00168263786019
Participant_9489	400	0.6	27.105350025410115	200	0.5	74.53707131354169
Participant_9490	250	0.0	23.764995266147224	150	0.0	26.49834900517389
Participant_9491	200	1.0	0.0	200	1.0	0.0
Participant_9492	400	0.0	43.45140964341663	350	0.2	66.83253324541873
Participant_9493	200	0.7	15.566390076058097	200	0.8	22.74505440749703
Participant_9494	350	0.8	25.258166996043084	350	0.8	25.258166996043084
Participant_9495	350	0.1	12.615962111547418	250	0.1	15.367579510124553
Participant_9496	250	0.0	10.654811119865053	250	0.0	10.654811119865053
Participant_9497	100	0.9	12.205531532874756	100	0.9	12.205531532874756
Participant_9498	350	0.7	19.381047443314305	350	0.8	28.75282594806987
Participant_9499	400	0.7	17.526408645241613	400	0.7	17.526408645241613
Participant_9500	150	0.1	19.978425863916307	200	0.1	21.762352813976708
Participant_9501	350	0.9	6.587867636800241	350	0.9	6.587867636800241
Participant_9502	100	0.9	12.205531532874756	100	0.9	12.205531532874756
Participant_9503	350	1.0	0.0	350	1.0	0.0
Participant_9504	250	0.9	5.562148865321747	250	0.8	17.10153501882214
Participant_9505	400	0.8	15.157506391224118	400	0.8	15.157506391224118
Participant_9506	300	0.0	21.322230183543184	150	0.1	24.091232845165894
Participant_9507	100	0.2	26.454205714781914	250	0.3	33.741295173718505
Participant_9508	300	0.5	18.130430221039983	350	0.4	31.653198890475508
Participant_9509	400	0.1	18.5903200617956	150	0.3	44.877054270528944
Participant_9510	350	0.7	19.60548392669765	300	0.6	38.79449058822657
Participant_9511	150	0.2	29.165904751953093	200	0.2	33.8948742437555
Participant_9512	300	0.8	29.056625750420505	250	0.9	37.3287757634777
Participant_9513	400	1.0	13.693063937629153	400	0.9	19.102028688073943
Participant_9514	150	0.2	24.937922928744488	350	0.4	57.440621514743384
Participant_9515	200	0.8	13.641389225441813	200	0.9	18.759664176098674
Participant_9516	200	0.8	12.034845242046115	200	0.7	13.731806144859458
Participant_9517	350	0.9	8.567379996241558	350	0.9	8.567379996241558
Participant_9518	100	0.9	20.438321848919006	100	0.8	20.653994770988007
Participant_9519	350	0.1	20.534422319607632	350	0.1	20.534422319607632
Participant_9520	350	0.6	18.3180239108917	350	0.8	45.584811066845496
Participant_9521	400	0.8	23.895606290697042	350	0.6	72.44342620279635
Participant_9522	350	0.2	19.914504764116028	350	0.3	26.67395733669828
Participant_9523	200	1.0	0.0	200	1.0	0.0
Participant_9524	250	0.9	9.270248108869579	250	0.9	9.270248108869579
Participant_9525	150	0.7	24.940178427589487	150	0.8	36.066605052319524
Participant_9526	250	0.0	17.314011666855258	400	0.0	97.04650946839871
Participant_9527	150	0.4	14.47929556297543	350	0.4	15.310943798473039
Participant_9528	250	0.1	36.278953954048895	150	0.2	52.44663954916464
Participant_9529	250	0.0	30.245247560567265	300	0.0	35.78948868033741
Participant_9530	100	0.3	16.863792574625673	200	0.4	43.339070133079694
Participant_9531	400	0.4	21.07071427360734	300	0.5	46.51572314820012
Participant_9532	400	1.0	0.0	400	1.0	0.0
Participant_9533	400	0.6	17.455658108475888	400	0.5	30.29438891940222
Participant_9534	100	0.6	29.8223909168933	250	0.5	74.53078223123651
Participant_9535	150	0.9	9.284395510748128	150	0.9	9.284395510748128
Participant_9536	350	0.1	18.752666477064004	350	0.1	18.752666477064004
Participant_9537	300	1.0	0.0	300	0.9	12.19118534023661
Participant_9538	100	0.0	28.998275810813304	100	0.1	34.204349138669485
Participant_9539	250	0.0	16.078712635033938	150	0.0	17.80905668473207
Participant_9540	400	0.7	59.24251007511414	100	0.0	98.32166597449414
Participant_9541	200	0.6	11.529852557600206	200	0.7	28.71954909116785
Participant_9542	150	0.7	23.281161912585034	150	0.6	26.81044572550035
Participant_9543	250	0.0	30.614947329695017	200	0.0	37.16248107971264
Participant_9544	400	1.0	0.0	400	1.0	0.0
Participant_9545	300	0.7	17.724629756358805	300	0.9	35.37124538378597
Participant_9546	100	0.4	19.241556589839607	100	0.5	33.374391380218455
Participant_9547	400	1.0	0.0	400	1.0	0.0
Participant_9548	250	0.5	14.784704934492268	300	0.4	44.76298694233887
Participant_9549	400	0.4	14.194188951821094	400	0.3	15.708278072405008
Participant_9550	350	0.7	14.164215474215295	350	0.7	14.164215474215295
Participant_9551	100	0.6	12.624381172952598	200	0.6	48.943206883080315
Participant_9552	150	0.2	18.45670609832643	350	0.3	42.85440467443224
Participant_9553	350	0.0	10.154432529688698	250	0.0	13.866326117613129
Participant_9554	300	0.9	7.0622234459127675	300	0.9	7.0622234459127675
Participant_9555	200	0.8	12.741173415349154	200	0.7	13.455946640797888
Participant_9556	100	0.6	25.112248007695367	100	0.6	25.112248007695367
Participant_9557	100	0.0	19.193748982416125	100	0.2	60.22727787307011
Participant_9558	200	0.9	7.544865803975575	200	0.9	7.544865803975575
Participant_9559	100	0.7	22.09298531208492	100	0.6	26.398390102428596
Participant_9560	100	0.5	18.57686733547936	300	0.4	51.28328187626061
Participant_9561	400	0.0	18.14593618417082	100	0.3	70.37853010684437
Participant_9562	250	0.5	19.901947140920658	200	0.7	43.29910507158318
Participant_9563	400	0.8	15.321553446044563	400	0.7	22.6312836578043
Participant_9564	250	0.0	25.75897901703404	300	0.1	47.06405209924024
Participant_9565	150	0.7	24.43383923987387	150	0.7	24.43383923987387
Participant_9566	350	0.9	8.040522371090077	350	0.8	28.46884261785154
Participant_9567	250	1.0	0.0	250	1.0	0.0
Participant_9568	300	0.9	14.049021318227117	300	0.8	18.7892921633573
Participant_9569	350	0.1	19.47209541882948	350	0.1	19.47209541882948
Participant_9570	400	0.8	13.820274961085254	400	0.7	21.729588123109927
Participant_9571	100	0.8	16.555588180430195	100	0.8	16.555588180430195
Participant_9572	400	0.6	22.04427363285078	400	0.5	34.77067730142742
Participant_9573	100	0.9	15.499193527406515	100	0.9	15.499193527406515
Participant_9574	350	0.0	17.120528613334344	250	0.1	21.93541656773356
Participant_9575	250	0.9	7.806247497997997	250	0.9	7.806247497997997
Participant_9576	400	0.9	15.079373329153967	400	0.9	15.079373329153967
Participant_9577	400	0.4	16.814428328075863	400	0.4	16.814428328075863
Participant_9578	400	0.4	24.626713138378822	100	0.5	46.12591462507817
Participant_9579	150	1.0	0.0	150	1.0	0.0
Participant_9580	150	0.6	17.465680633745713	350	0.5	48.745256179447864
Participant_9581	250	0.0	52.66426682296071	300	0.0	58.13464973662437
Participant_9582	200	0.5	23.574880699592097	150	0.5	25.366809022815623
Participant_9583	300	0.6	20.46368735101277	300	0.7	21.602372554883875
Participant_9584	350	0.2	20.684233125740967	150	0.2	26.017301935442884
Participant_9585	300	1.0	0.0	300	1.0	0.0
Participant_9586	100	0.6	32.94882395473319	300	0.6	68.08092611003467
Participant_9587	250	0.9	16.269219403523945	250	0.8	16.991542013601943
Participant_9588	250	0.8	27.36261135198905	250	0.8	27.36261135198905
Participant_9589	350	0.8	11.422565386111826	350	0.8	11.422565386111826
Participant_9590	300	0.1	14.362276978251046	150	0.1	17.54672334084059
Participant_9591	400	0.0	18.0076372686702	250	0.3	55.02022355461671
Participant_9592	350	0.3	20.223748416156685	350	0.3	20.223748416156685
Participant_9593	400	0.5	19.209372712298546	300	0.4	44.384400412757635
Participant_9594	400	0.9	11.341847292218318	400	0.9	11.341847292218318
Participant_9595	250	0.0	11.170273049482722	250	0.1	34.31344488680785
Participant_9596	250	0.8	15.928355219544798	250	0.7	21.97071915072422
Participant_9597	400	1.0	0.0	400	1.0	0.0
Participant_9598	200	0.4	19.641155770473386	300	0.3	47.95805458940135
Participant_9599	400	0.8	13.592277219068187	400	0.8	13.592277219068187
Participant_9600	150	0.9	13.962449641807128	150	0.9	13.962449641807128
Participant_9601	100	0.3	15.632898003889105	100	0.1	48.823022233368555
Participant_9602	350	0.0	18.010066629526943	200	0.0	18.022208521710095
Participant_9603	150	0.2	23.278745670675644	200	0.3	43.513647284501445
Participant_9604	400	0.6	18.800265955565628	400	0.4	44.75181560562655
Participant_9605	200	0.9	12.47697880097582	200	0.9	12.47697880097582
Participant_9606	100	0.5	18.099723754798028	100	0.4	22.781297153586316
Participant_9607	350	0.7	20.751505969447134	350	0.6	44.60156947911138
Participant_9608	400	0.5	20.591260281974	200	0.5	68.22407932687696
Participant_9609	100	0.8	10.622499705813128	100	0.8	10.622499705813128
Participant_9610	350	0.4	19.18788680391877	400	0.3	36.595764782280476
Participant_9611	300	1.0	0.0	300	1.0	0.0
Participant_9612	300	0.5	20.825765292060698	150	0.5	25.044460465340435
Participant_9613	350	0.6	22.456624857711812	300	0.4	44.69312027594404
Participant_9614	100	0.1	20.855155237974135	100	0.1	20.855155237974135
Participant_9615	350	1.0	0.0	350	1.0	0.0
Participant_9616	400	0.3	18.953891421024867	150	0.2	53.050918936433135
Participant_9617	100	0.9	10.073480034228488	100	0.9	10.073480034228488
Participant_9618	300	0.0	23.149244048132545	250	0.1	27.040016642006712
Participant_9619	150	1.0	11.180339887498949	150	0.9	13.0843417870369
Participant_9620	400	0.3	9.447221813845593	200	0.3	10.882899429839458
Participant_9621	200	1.0	0.0	200	0.9	10.755231285286245
Participant_9622	350	0.1	24.554276613250085	250	0.1	27.06312066262869
Participant_9623	300	0.0	12.879732140071857	150	0.0	15.154619757684452
Participant_9624	300	0.6	28.43874997252868	200	0.5	33.64557920440663
Participant_9625	350	0.2	22.115322742388365	300	0.2	22.221329843193455
Participant_9626	400	0.6	23.204525420701888	400	0.6	23.204525420701888
Participant_9627	350	0.1	19.181045331263885	300	0.0	27.697247155629025
Participant_9628	200	0.0	23.896652485233155	250	0.0	30.05869258633848
Participant_9629	400	0.4	15.173167105123438	250	0.3	36.92526235519526
Participant_9630	150	0.6	17.537103523672318	150	0.6	17.537103523672318
Participant_9631	300	0.8	10.513681562611643	300	0.8	10.513681562611643
Participant_9632	350	0.4	16.790622382746864	150	0.4	23.577531677425437
Participant_9633	350	0.0	19.316120210849796	250	0.1	22.02072887077083
Participant_9634	100	0.1	26.878197484206414	150	0.2	39.882953752198446
Participant_9635	400	0.1	19.54098257509074	150	0.3	45.62291091107625
Participant_9637	250	0.0	16.87527777549158	350	0.0	20.871332013074777
Participant_9638	100	0.1	21.90747589294577	100	0.0	24.867649667791284
Participant_9639	100	0.2	24.69463504488374	200	0.3	50.2338282435253
Participant_9640	100	0.2	24.946442632167017	200	0.2	38.14593687406301
Participant_9641	150	0.8	12.631310304160849	150	0.8	12.631310304160849
Participant_9642	100	0.1	69.04663279262792	100	0.0	74.36161644289344
Participant_9643	250	0.8	17.138042478649655	250	0.6	36.04476383609691
Participant_9644	400	0.2	18.627936010197157	400	0.1	24.12156711327023
Participant_9645	150	0.2	18.149380154705007	350	0.2	28.597858311419056
Participant_9646	200	0.9	11.098423311443838	200	0.7	26.001201895297072
Participant_9647	100	0.9	13.37815383376944	100	0.9	13.37815383376944
Participant_9648	100	0.4	28.508551348674313	400	0.4	45.08575162953369
Participant_9649	100	0.6	66.21461319074514	400	0.0	67.00205220737645
Participant_9650	400	0.1	32.70091741832329	100	0.3	56.518912763782
Participant_9651	350	0.7	24.25128862555555	250	0.4	77.93025728175161
Participant_9652	250	0.8	14.831132795575664	250	0.8	14.831132795575664
Participant_9653	250	0.0	27.789836271557988	250	0.0	27.789836271557988
Participant_9654	100	0.2	22.4126080588583	100	0.3	27.21465597798363
Participant_9655	100	0.9	10.379065468528465	100	0.9	10.379065468528465
Participant_9656	400	0.1	24.25077318355025	150	0.1	45.5289742911039
Participant_9657	250	0.5	21.81942941508783	150	0.6	31.840226129850272
Participant_9658	250	0.8	22.415675318847747	250	0.8	22.415675318847747
Participant_9659	400	0.1	22.37409216035368	150	0.1	47.661698459035215
Participant_9660	150	0.3	18.478365728602732	100	0.1	49.43366767699924
Participant_9661	250	0.4	20.961273816254582	250	0.5	40.12278031243598
Participant_9662	350	0.0	16.863051325308835	150	0.0	19.259088763490343
Participant_9663	150	0.4	28.255972819918977	300	0.6	71.5891926201155
Participant_9664	150	0.6	27.134848442547085	200	0.5	30.261774567926448
Participant_9665	250	0.9	15.801503093060482	250	0.7	34.44506495856845
Participant_9666	350	0.7	16.488632447841148	350	0.8	22.399218736375605
Participant_9667	250	0.0	31.080942714145593	200	0.0	37.34702130023223
Participant_9668	250	1.0	0.0	250	1.0	0.0
Participant_9669	300	0.8	9.043644176989716	300	0.9	17.424838593226625
Participant_9670	100	0.5	18.237324365158393	100	0.5	18.237324365158393
Participant_9671	350	0.5	25.071896617527763	100	0.3	61.89214408953692
Participant_9672	400	1.0	0.0	400	1.0	0.0
Participant_9673	350	0.1	15.505241049400038	300	0.1	16.16400321702517
Participant_9674	400	0.4	25.767712354805578	400	0.7	79.46492937139
Participant_9675	400	0.2	19.12459149890528	100	0.3	42.80055490294489
Participant_9676	100	0.4	14.150530025408942	400	0.3	26.158172719056658
Participant_9677	300	0.6	17.607171834227096	300	0.6	17.607171834227096
Participant_9678	250	0.3	19.260711305660546	200	0.4	47.29719864854577
Participant_9679	150	0.8	16.75708805252273	150	0.9	18.673510650116114
Participant_9680	250	1.0	0.0	250	1.0	0.0
Participant_9681	400	0.1	17.72991821752148	250	0.3	34.492390465144624
Participant_9682	100	1.0	0.0	100	1.0	0.0
Participant_9683	100	0.4	15.53986808180816	350	0.6	61.20089868621212
Participant_9684	250	0.1	24.15910801333526	200	0.1	26.09789263523015
Participant_9685	100	0.7	10.457055034760025	100	0.8	26.83910393437158
Participant_9686	100	0.7	63.62468074576092	400	0.1	101.03514240104776
Participant_9687	350	1.0	0.0	350	1.0	0.0
Participant_9688	350	0.5	21.819715855161817	250	0.5	24.286570363062793
Participant_9689	100	0.1	37.012666750721976	100	0.1	37.012666750721976
Participant_9690	100	0.7	24.911844572411734	100	0.5	57.446496847066314
Participant_9691	250	0.0	21.58761218847513	150	0.1	47.88410487834141
Participant_9693	100	0.1	25.762133063859444	400	0.4	53.422607573947566
Participant_9694	150	0.1	19.277901856789292	150	0.2	29.42193059607068
Participant_9695	300	0.9	21.9630371305974	300	0.7	38.23169496634958
Participant_9696	350	1.0	0.0	350	1.0	0.0
Participant_9697	300	0.2	16.808851834673302	200	0.1	42.908041204417614
Participant_9698	300	1.0	0.0	300	1.0	0.0
Participant_9699	250	0.2	21.57400055622508	150	0.2	24.354671009890485
Participant_9700	100	0.9	14.499137905406652	100	0.8	29.733608929963413
Participant_9701	200	0.6	24.78280654001883	200	0.4	77.46466936610521
Participant_9702	100	0.5	28.086473612755306	300	0.4	42.5584891649128
Participant_9703	300	0.6	17.428783663813146	300	0.5	48.669420584182014
Participant_9704	100	1.0	0.0	100	1.0	0.0
Participant_9705	300	0.0	14.777939639882144	150	0.1	19.978425863916307
Participant_9706	100	0.2	22.634597411926727	350	0.3	39.92492955535426
Participant_9707	100	0.0	16.53481176185565	100	0.0	16.53481176185565
Participant_9708	100	0.5	25.88628980754098	150	0.4	42.83281452344686
Participant_9709	100	0.8	10.504165840274991	100	0.9	15.77894166286193
Participant_9710	250	0.0	14.39704830859437	200	0.0	18.802925304324326
Participant_9711	350	0.9	23.068376622554087	350	0.6	69.2499097472336
Participant_9712	100	0.5	28.702787321094792	100	0.4	45.637018964871054
Participant_9713	100	0.3	18.52397095657408	200	0.3	22.32571387436469
Participant_9714	300	0.7	20.10379317442358	300	0.5	65.28753709552842
Participant_9715	100	0.6	54.169871700051125	400	0.3	93.15578350268973
Participant_9716	100	0.9	9.36616250125952	100	0.9	9.36616250125952
Participant_9717	250	0.5	18.737329051921993	300	0.5	20.644914628062764
Participant_9718	300	0.0	12.384970730688062	150	0.0	13.54298711510869
Participant_9719	100	0.8	15.421981065997974	100	0.8	15.421981065997974
Participant_9720	350	0.6	27.8262466028029	350	0.7	28.885550020728356
Participant_9721	350	0.7	20.263884129159443	350	0.6	33.117970952339455
Participant_9722	150	0.8	14.901342221424217	150	0.7	23.494946265101355
Participant_9723	300	1.0	0.0	300	1.0	0.0
Participant_9724	400	1.0	0.0	400	1.0	0.0
Participant_9725	150	0.2	22.817756243767704	350	0.3	36.7627528893036
Participant_9726	300	1.0	7.905694150420948	300	0.8	23.383487763804613
Participant_9727	400	0.6	17.383900597967074	400	0.6	17.383900597967074
Participant_9728	250	0.0	13.95618142616382	250	0.0	13.95618142616382
Participant_9729	100	0.2	30.059524280999526	200	0.3	57.21396245672904
Participant_9731	350	0.6	17.586926962946084	350	0.7	42.61015137264828
Participant_9732	150	0.6	23.15815191244759	150	0.8	39.2530253611107
Participant_9733	150	0.7	16.070547594901676	150	0.6	37.36709782683156
Participant_9734	100	0.7	15.308494374039531	100	0.8	22.284243312259896
Participant_9735	350	0.0	22.290412737318256	200	0.0	22.3841461753626
Participant_9736	300	0.1	17.212640703854827	200	0.2	34.894304692886486
Participant_9737	150	0.7	13.537448060842191	150	0.7	13.537448060842191
Participant_9738	400	0.4	19.24123176930209	400	0.4	19.24123176930209
Participant_9739	350	0.1	38.182620392005575	300	0.2	44.76368505831485
Participant_9740	300	0.9	25.56609082358897	300	0.7	39.48623177767157
Participant_9741	400	0.7	20.577293310831724	400	0.8	34.12843389316304
Participant_9742	350	0.5	16.540858502508268	400	0.3	53.658643292576826
Participant_9743	400	0.9	13.458733224193129	400	0.9	13.458733224193129
Participant_9744	100	0.1	20.370014727535178	300	0.2	54.245161074514286
Participant_9745	100	0.5	20.064894716892987	400	0.4	39.799183408708274
Participant_9746	200	0.9	8.332166584988565	200	0.8	15.72696728552584
Participant_9747	350	1.0	0.0	350	1.0	0.0
Participant_9748	400	0.0	12.719080155420045	400	0.0	12.719080155420045
Participant_9749	100	0.9	16.05381574579701	100	0.9	16.05381574579701
Participant_9750	300	1.0	5.5901699437494745	300	0.9	9.347459547919959
Participant_9751	150	0.9	8.136338242723197	150	0.8	20.81585933849477
Participant_9752	100	1.0	0.0	100	1.0	0.0
Participant_9753	300	0.8	20.32332403914281	300	0.6	48.3090312467555
Participant_9754	150	0.2	30.91358924486123	150	0.4	81.05337747435328
Participant_9755	400	0.6	15.998437423698602	400	0.7	34.473540578246386
Participant_9756	100	0.1	22.52637343204627	150	0.3	61.858305828724404
Participant_9757	300	0.8	16.02459047838665	300	0.7	29.734870102288998
Participant_9758	250	0.2	25.79607528287976	250	0.2	25.79607528287976
Participant_9759	400	0.0	36.47636220897035	300	0.2	68.68433227454425
Participant_9760	350	0.7	19.573579131063383	350	0.8	29.50381331285839
Participant_9761	150	0.3	16.13071604114337	200	0.3	26.11871934073338
Participant_9762	300	0.1	12.600595224036045	100	0.1	67.58281956237103
Participant_9763	300	0.7	15.505241049400038	300	0.7	15.505241049400038
Participant_9764	150	0.1	26.816739175373282	250	0.2	41.20603717903482
Participant_9765	150	1.0	0.0	150	1.0	0.0
Participant_9766	350	0.0	20.170832902981473	200	0.0	20.243517480912253
Participant_9767	400	0.9	11.774442661969186	400	0.9	11.774442661969186
Participant_9768	200	1.0	9.682458365518542	200	0.9	14.643257834238938
Participant_9769	400	0.5	26.837473800639284	350	0.5	40.27840612536698
Participant_9770	250	0.0	23.89612939369052	200	0.0	29.850460632961763
Participant_9771	150	0.5	21.557481300003488	100	0.4	38.245751398031125
Participant_9772	100	0.6	15.062370331392069	250	0.5	57.06213718395062
Participant_9773	150	0.1	22.453006480202156	150	0.1	22.453006480202156
Participant_9774	200	0.4	21.61076120824993	100	0.5	28.286038959175603
Participant_9775	200	0.7	17.315094570922792	200	0.7	17.315094570922792
Participant_9776	350	0.1	30.09007311390253	300	0.2	30.208235632025914
Participant_9777	150	1.0	7.905694150420948	150	0.9	10.72147377928986
Participant_9778	250	0.5	17.024614533081213	250	0.5	17.024614533081213
Participant_9779	200	0.0	15.685981002156034	350	0.0	16.751492470821816
Participant_9780	200	0.5	11.652253001029457	100	0.3	78.43396904403092
Participant_9781	200	1.0	0.0	200	1.0	0.0
Participant_9782	400	1.0	0.0	400	1.0	0.0
Participant_9783	150	0.2	26.161039734689446	350	0.2	30.275196118274774
Participant_9784	300	0.6	12.990862173081508	300	0.7	20.625530296212993
Participant_9785	150	0.0	14.085897202521393	250	0.0	14.39704830859437
Participant_9786	150	0.9	7.067531393633848	150	0.9	7.067531393633848
Participant_9787	150	0.1	23.935068414358042	350	0.1	24.757069697361196
Participant_9788	300	1.0	0.0	300	1.0	0.0
Participant_9789	200	0.6	18.314952907392364	250	0.7	31.960326969541473
Participant_9790	200	0.5	25.947543236306593	150	0.5	28.190867315497762
Participant_9791	300	0.6	20.73674275290119	350	0.8	41.23681607495904
Participant_9792	300	0.1	20.31071145971997	250	0.1	22.664123631854817
Participant_9793	250	0.9	5.994789404140899	250	0.8	12.245917687131495
Participant_9794	150	0.7	32.04703574435551	250	0.6	49.096588476186405
Participant_9795	400	0.6	16.07638018958248	400	0.6	16.07638018958248
Participant_9796	350	0.5	19.16637680940245	300	0.5	19.39619808106733
Participant_9797	300	0.7	18.752666477064004	300	0.8	24.172039632600306
Participant_9798	100	1.0	0.0	100	1.0	0.0
Participant_9799	400	0.1	15.389931773727913	400	0.1	15.389931773727913
Participant_9800	350	1.0	0.0	350	0.9	13.996428115772966
Participant_9801	250	0.8	7.982011024798199	250	0.7	18.444850229806693
Participant_9802	100	0.6	24.225503090751285	100	0.5	43.09988399056313
Participant_9803	100	0.4	23.026886459093856	100	0.5	24.369037732335677
Participant_9804	100	0.9	13.655584938039087	100	0.9	13.655584938039087
Participant_9805	100	0.2	24.593190114338565	200	0.4	57.81024995621451
Participant_9806	150	0.1	15.664849185357642	250	0.1	17.745774144849246
Participant_9808	350	0.1	31.747637707394862	300	0.1	33.67157554971255
Participant_9809	200	0.2	24.214923084742598	350	0.3	47.01329599166602
Participant_9810	350	0.0	17.047360499502556	100	0.0	74.25227269249069
Participant_9811	350	0.6	36.356567494745704	200	0.5	43.56919783516791
Participant_9812	250	1.0	0.0	250	1.0	0.0
Participant_9813	350	1.0	0.0	350	1.0	0.0
Participant_9814	300	0.7	17.618527180215718	300	0.7	17.618527180215718
Participant_9815	200	0.7	14.267533073380275	200	0.7	14.267533073380275
Participant_9816	200	0.5	19.38491681694817	200	0.6	23.301019291009567
Participant_9817	300	0.2	11.886441856165368	350	0.2	14.969552431519121
Participant_9818	100	1.0	0.0	100	1.0	0.0
Participant_9819	350	0.9	9.063663718386731	350	0.9	9.063663718386731
Participant_9820	100	1.0	0.0	100	1.0	0.0
Participant_9821	100	0.8	16.965774370773648	100	0.6	41.88525993711869
Participant_9822	100	0.8	15.052823655381072	100	0.8	15.052823655381072
Participant_9823	300	0.0	17.165008010484584	400	0.0	80.50947149248962
Participant_9824	350	0.1	16.098524777134084	100	0.2	76.61478316878538
Participant_9825	300	0.8	21.77814271236186	300	0.7	32.56397549440178
Participant_9826	300	0.5	15.040362362656028	300	0.5	15.040362362656028
Participant_9827	250	0.2	17.65467360219384	300	0.1	22.831447610696962
Participant_9828	100	0.2	25.096314470455617	400	0.2	50.207071215118695
Participant_9829	200	0.7	19.10006544491406	200	0.8	20.459411037466353
Participant_9830	100	0.6	23.992186228020156	100	0.6	23.992186228020156
Participant_9831	150	0.6	26.077768309424023	300	0.5	50.67013420151954
Participant_9832	300	0.8	13.154371896825785	300	0.8	13.154371896825785
Participant_9833	100	0.5	31.20656982111299	100	0.4	34.04390547513607
Participant_9834	150	0.1	22.647019671471124	250	0.1	22.801589856849894
Participant_9835	400	0.4	22.393637489251272	150	0.4	29.468627385747034
Participant_9836	150	0.3	20.284230328015898	100	0.5	60.83872122258981
Participant_9837	300	0.1	21.448193397113894	200	0.0	21.932852071721086
Participant_9838	150	0.9	8.941476388158724	150	0.9	8.941476388158724
Participant_9839	400	0.6	22.26993488989135	400	0.6	22.26993488989135
Participant_9840	400	0.6	50.37062636100528	100	0.1	77.66876785426687
Participant_9841	100	0.8	13.194222220350845	100	0.8	13.194222220350845
Participant_9842	350	0.0	12.474473936803909	350	0.1	19.97905152903911
Participant_9843	350	0.0	24.836716771747426	250	0.1	28.829889004295524
Participant_9844	350	0.2	21.542690175556068	150	0.3	27.77498874887261
Participant_9845	150	0.7	12.923331613790618	150	0.7	12.923331613790618
Participant_9846	150	0.5	18.397690072397676	350	0.5	32.70856157032895
Participant_9847	200	0.0	18.125948251057103	200	0.0	18.125948251057103
Participant_9848	350	0.4	17.802387480335327	300	0.4	20.401593075051764
Participant_9849	300	1.0	0.0	300	0.9	12.19118534023661
Participant_9850	300	0.8	11.035737401732609	300	0.8	11.035737401732609
Participant_9851	150	0.3	22.559920212624867	300	0.1	78.78784804777955
Participant_9852	300	0.2	14.57866591976097	150	0.1	25.404477951731266
Participant_9853	200	0.7	17.38713604939008	200	0.6	27.846678437472573
Participant_9854	250	0.9	9.065732182234372	250	0.8	11.289929140610228
Participant_9855	400	0.8	12.031209415515965	400	0.8	12.031209415515965
Participant_9856	100	0.5	23.50744562899168	150	0.4	30.572046055179232
Participant_9857	400	0.9	15.079373329153967	400	0.8	17.421251390184345
Participant_9858	350	0.1	32.29415581804237	100	0.0	85.53303455390788
Participant_9859	150	0.7	17.19774694545771	150	0.6	36.58961601328989
Participant_9860	250	0.0	23.152213717050902	400	0.0	100.55110640863182
Participant_9861	100	0.2	51.80323348981219	250	0.2	84.09332613233941
Participant_9862	300	0.7	24.195299130202958	300	0.7	24.195299130202958
Participant_9863	350	0.6	10.21273714534943	350	0.6	10.21273714534943
Participant_9864	150	0.9	7.067531393633848	150	0.8	22.294618184665104
Participant_9865	400	1.0	0.0	400	1.0	0.0
Participant_9867	300	0.0	15.83942865131189	350	0.0	18.079339036590913
Participant_9868	350	0.9	5.779273310719955	350	0.8	31.709225786827403
Participant_9869	300	0.1	17.924145725807968	350	0.1	19.27855025669721
Participant_9870	100	0.5	16.921879328254295	250	0.5	42.247337194194856
Participant_9871	350	0.5	15.607690412101336	250	0.3	67.12655957219914
Participant_9872	200	0.4	17.699576266114395	350	0.5	36.08808667690766
Participant_9873	400	0.5	29.37260628544903	400	0.5	29.37260628544903
Participant_9874	400	0.6	29.84878556993567	400	0.5	40.22126303337577
Participant_9875	300	0.9	6.314665470157545	300	0.9	6.314665470157545
Participant_9876	250	0.0	18.05616238296499	150	0.0	21.027660354875433
Participant_9877	200	0.5	20.99464217365945	150	0.6	28.745434420095307
Participant_9878	250	0.7	16.43814162245842	250	0.7	16.43814162245842
Participant_9879	200	0.6	19.536824204563032	200	0.5	30.81436353391061
Participant_9880	150	0.2	18.18378398463862	250	0.2	20.867139238525247
Participant_9881	200	0.3	18.699933154960743	250	0.4	36.54620363320929
Participant_9882	150	0.9	14.872793954062566	150	0.8	16.719748801940774
Participant_9883	200	0.1	19.996249648371567	200	0.1	19.996249648371567
Participant_9884	100	0.4	33.30146393178534	200	0.4	39.91584898257834
Participant_9885	200	0.9	6.178592072632728	200	0.9	6.178592072632728
Participant_9886	200	1.0	0.0	200	1.0	0.0
Participant_9887	350	0.2	24.931656583548556	300	0.3	38.60019430002911
Participant_9888	300	0.0	13.542064096732078	350	0.0	15.020402790870824
Participant_9889	400	0.5	21.18962010041709	200	0.4	39.39574850158326
Participant_9890	300	0.5	33.071324436738244	200	0.7	72.67951912334038
Participant_9891	400	0.2	36.27326839423213	250	0.4	52.42256193663183
Participant_9892	250	0.7	20.951431931970664	250	0.6	31.78796942240885
Participant_9893	300	0.7	15.30236909762668	300	0.7	15.30236909762668
Participant_9894	350	0.7	19.732587260671117	350	0.7	19.732587260671117
Participant_9895	350	1.0	0.0	350	1.0	0.0
Participant_9896	250	0.0	12.238259680199633	150	0.0	13.263200971107992
Participant_9897	400	0.0	30.7697091308969	300	0.2	40.43559694130903
Participant_9898	100	1.0	0.0	100	0.9	19.110860786474273
Participant_9899	150	0.8	16.341664541900254	150	0.7	22.34977628523382
Participant_9900	400	0.2	16.0312195418814	300	0.3	22.80296033413206
Participant_9901	250	0.9	5.562148865321747	250	0.8	17.10153501882214
Participant_9902	250	0.0	25.661741951784958	350	0.2	64.76177499111648
Participant_9903	100	0.1	16.005858302509115	100	0.2	39.176842649708256
Participant_9904	300	0.5	23.768939816491606	150	0.5	25.26806284620964
Participant_9905	400	0.5	25.401771591761076	350	0.4	41.7962318875757
Participant_9906	200	0.6	19.37620963965863	150	0.5	42.8044974272564
Participant_9907	200	0.5	22.7656539550262	300	0.3	70.89587435105092
Participant_9908	150	0.9	5.805170109479997	150	0.9	5.805170109479997
Participant_9909	100	1.0	0.0	100	1.0	0.0
Participant_9910	200	0.5	28.053965851551183	200	0.5	28.053965851551183
Participant_9911	400	1.0	0.0	400	1.0	0.0
Participant_9912	400	1.0	0.0	400	1.0	0.0
Participant_9913	200	0.0	18.194779471046083	200	0.0	18.194779471046083
Participant_9914	200	1.0	0.0	200	1.0	0.0
Participant_9915	150	0.6	16.126065856246527	150	0.7	41.40667216765917
Participant_9916	250	0.8	18.606786396366246	250	0.8	18.606786396366246
Participant_9917	350	1.0	0.0	350	1.0	0.0
Participant_9918	200	1.0	9.682458365518542	200	0.9	14.770748119171216
Participant_9919	150	0.1	20.16525477151231	250	0.1	21.992328207809194
Participant_9920	100	0.5	23.798109168587324	100	0.7	40.25667646490455
Participant_9921	200	0.3	20.96872671384698	150	0.4	29.55334160463077
Participant_9922	100	0.5	17.85637141190785	100	0.3	57.79824824335076
Participant_9923	300	0.5	28.59130112464279	300	0.4	28.852642859883737
Participant_9924	100	1.0	11.180339887498949	100	0.9	11.246110438725026
Participant_9925	250	0.5	20.82276398559999	300	0.4	48.631008626184176
Participant_9926	100	0.7	24.379294493483606	100	0.6	36.58039092191334
Participant_9927	250	0.7	20.28453844680721	250	0.7	20.28453844680721
Participant_9928	100	0.0	13.215521177766695	100	0.0	13.215521177766695
Participant_9929	300	0.6	15.28929363966825	300	0.5	43.91710942218306
Participant_9930	100	0.4	15.459220549562	250	0.4	31.074507236640134
Participant_9931	400	0.8	16.347782724271816	400	0.4	102.76903716587015
Participant_9932	250	0.0	47.550236592471336	200	0.2	95.4796444274904
Participant_9933	250	0.0	20.85125895479695	400	0.1	93.99787231634555
Participant_9934	250	1.0	0.0	250	1.0	0.0
Participant_9935	400	0.3	17.656443583009576	250	0.3	23.737628356682983
Participant_9936	300	0.0	16.113270928026996	350	0.2	60.03405283670261
Participant_9937	400	1.0	0.0	400	1.0	0.0
Participant_9938	400	0.3	16.59819267269783	200	0.3	18.05373922488081
Participant_9939	250	0.8	9.285068658873772	250	0.8	9.285068658873772
Participant_9940	350	0.1	18.81920561554074	150	0.0	33.72184010400381
Participant_9941	400	0.5	18.681541692269406	250	0.3	51.60886551746705
Participant_9942	350	0.5	29.15218688194764	100	0.2	55.7209565603463
Participant_9943	400	0.5	21.828879952943073	200	0.3	53.183056512389356
Participant_9944	400	0.7	15.278252517876513	400	0.9	38.38798640199822
Participant_9945	350	0.1	21.631285213782377	300	0.2	22.749450542815314
Participant_9946	100	0.4	22.533031309613005	200	0.3	26.733639856929322
Participant_9947	150	0.5	28.499561400133864	200	0.5	35.22463626497795
Participant_9948	350	0.6	17.6578594399208	350	0.8	47.5049997368698
Participant_9949	100	0.4	23.457141769618904	350	0.5	51.76726765051445
Participant_9950	100	1.0	0.0	100	1.0	0.0
Participant_9951	350	0.0	9.3868258745968	250	0.0	13.125357137998188
Participant_9952	400	0.1	16.601204775557708	200	0.2	30.722345288079815
Participant_9953	400	0.4	22.197409758798436	400	0.5	28.90069203323685
Participant_9954	250	0.9	14.821858857781638	250	0.7	33.970023550183186
Participant_9955	150	0.7	12.580242445994433	150	0.8	26.940675566882135
Participant_9956	250	0.9	10.940178243520533	250	0.9	10.940178243520533
Participant_9957	150	0.1	23.935068414358042	300	0.1	26.94948979108881
Participant_9958	200	1.0	0.0	200	1.0	0.0
Participant_9959	400	0.0	25.84617960163552	200	0.4	71.05121392347917
Participant_9960	300	0.2	19.46246387279884	300	0.3	38.77789318671142
Participant_9961	400	1.0	0.0	400	1.0	0.0
Participant_9962	200	0.9	14.297727092094044	200	0.9	14.297727092094044
Participant_9963	350	0.1	16.782803699024786	300	0.1	18.775649123266017
Participant_9964	100	0.0	31.458703088334712	150	0.1	32.90725603875231
Participant_9965	150	0.7	11.543937803020249	150	0.8	15.836666315863324
Participant_9966	250	0.2	18.246575021082723	200	0.1	26.049952015310893
Participant_9967	250	0.9	17.984368212422698	250	0.9	17.984368212422698
Participant_9968	400	0.6	28.47718384953119	400	0.6	28.47718384953119
Participant_9969	100	1.0	7.905694150420948	100	0.9	20.771976314255706
Participant_9970	300	1.0	0.0	300	1.0	0.0
Participant_9971	100	1.0	0.0	100	1.0	0.0
Participant_9972	350	1.0	0.0	350	1.0	0.0
Participant_9973	100	0.1	12.346558224865746	100	0.1	12.346558224865746
Participant_9974	350	0.0	14.426104810377609	350	0.0	14.426104810377609
Participant_9975	100	0.8	19.309000491998543	100	0.7	24.583531072651056
Participant_9976	350	0.3	17.291616465790582	350	0.3	17.291616465790582
Participant_9977	100	0.0	13.3566462856512	100	0.2	48.034622929716015
Participant_9978	250	0.8	17.028285292418612	250	0.6	39.36019562959513
Participant_9979	100	0.8	18.106283439734394	100	0.6	50.35498982226091
Participant_9980	350	0.0	9.1849060964171	200	0.0	9.67212489580237
Participant_9981	150	0.9	11.987493482792805	150	0.7	34.50742673686347
Participant_9982	400	0.0	22.760162565324528	250	0.1	51.9245847359418
Participant_9983	250	0.9	7.806247497997997	250	0.9	7.806247497997997
Participant_9984	250	0.2	27.48522330271304	150	0.1	37.23758182266942
Participant_9985	200	0.6	20.986602869449833	250	0.5	34.439621078054856
Participant_9986	100	1.0	12.5	100	0.8	37.00118241353917
Participant_9987	250	0.8	10.245120789917511	250	0.8	10.245120789917511
Participant_9988	200	0.6	18.17793992728549	250	0.6	37.38950387475073
Participant_9989	250	0.0	24.31100573814255	250	0.0	24.31100573814255
Participant_9990	400	0.7	18.29412473992675	400	0.6	24.742675683927153
Participant_9991	350	0.1	27.23348123174854	150	0.0	34.869936908460275
Participant_9992	250	0.8	18.70728467736566	250	0.9	25.805764859813785
Participant_9993	350	0.5	19.29637271613502	200	0.5	30.24111439745566
Participant_9994	400	0.5	24.829418035870273	400	0.6	31.320121327989774
Participant_9995	100	0.1	50.23631654490604	100	0.1	50.23631654490604
Participant_9996	200	1.0	0.0	200	1.0	0.0
Participant_9997	350	0.6	22.345021816950638	400	0.4	69.14821038898982
Participant_9998	400	0.7	19.356523448181495	400	0.5	47.41044188783732
Participant_9999	350	0.4	17.942268529926757	150	0.5	25.927302212146948
Participant_10000	150	0.2	23.035841638629137	200	0.2	26.8581924187016
